isin,instrument_name,quantity,market_value_lakhs,pct_nav,industry,scheme_name,amc_name,report_month
INE090A01021,ICICI Bank Ltd.,3390000.0,49290.6,9.2,Banks,SMEEF,SBI AMC,2026-08
INE040A01034,HDFC Bank Ltd.,5389800.0,38213.68,7.13,Banks,SMEEF,SBI AMC,2026-08
INE018A01030,Larsen & Toubro Ltd.,555709.0,22477.87,4.2,Construction,SMEEF,SBI AMC,2026-08
INE296A01032,Bajaj Finance Ltd.,2100000.0,22197.0,4.14,Finance,SMEEF,SBI AMC,2026-08
INE237A01036,Kotak Mahindra Bank Ltd.,5165000.0,21662.01,4.04,Banks,SMEEF,SBI AMC,2026-08
INE062A01020,State Bank of India,2000000.0,21200.0,3.96,Banks,SMEEF,SBI AMC,2026-08
INE585B01010,Maruti Suzuki India Ltd.,154000.0,20862.38,3.9,Automobiles,SMEEF,SBI AMC,2026-08
INE669C01036,Tech Mahindra Ltd.,1055000.0,17175.4,3.21,IT - Software,SMEEF,SBI AMC,2026-08
INE494B01023,TVS Motor Company Ltd.,389000.0,16887.66,3.15,Automobiles,SMEEF,SBI AMC,2026-08
INE019A01038,JSW Steel Ltd.,1230000.0,16084.71,3.0,Ferrous Metals,SMEEF,SBI AMC,2026-08
INE021A01026,Asian Paints Ltd.,600000.0,15921.6,2.97,Consumer Durables,SMEEF,SBI AMC,2026-08
INE481G01011,Ultratech Cement Ltd.,127000.0,14541.5,2.72,Cement & Cement Products,SMEEF,SBI AMC,2026-08
INE361B01024,Divi's Laboratories Ltd.,130000.0,12307.1,2.3,Pharmaceuticals & Biotechnology,SMEEF,SBI AMC,2026-08
INE214T01019,LTM Ltd.,270000.0,12258.0,2.29,IT - Software,SMEEF,SBI AMC,2026-08
INE318A01026,Pidilite Industries Ltd.,698725.0,11792.38,2.2,Chemicals & Petrochemicals,SMEEF,SBI AMC,2026-08
INE003A01024,Siemens Ltd.,292000.0,11767.6,2.2,Electrical Equipment,SMEEF,SBI AMC,2026-08
INE0V6F01027,Hyundai Motor India Ltd.,510334.0,11252.86,2.1,Automobiles,SMEEF,SBI AMC,2026-08
INE956O01016,Lenskart Solutions Ltd.,1679000.0,11121.7,2.08,Retailing,SMEEF,SBI AMC,2026-08
INE117A01022,ABB India Ltd.,145000.0,11075.83,2.07,Electrical Equipment,SMEEF,SBI AMC,2026-08
INE736A01011,Central Depository Services (I) Ltd.,770000.0,10799.25,2.02,Capital Markets,SMEEF,SBI AMC,2026-08
INE718I01012,JSW Cement Ltd.,7984138.0,10061.61,1.88,Cement & Cement Products,SMEEF,SBI AMC,2026-08
INE073K01018,Sona Blw Precision Forgings Ltd.,1140000.0,9268.77,1.73,Auto Components,SMEEF,SBI AMC,2026-08
INE053A01029,The Indian Hotels Company Ltd.,1204792.0,8890.16,1.66,Leisure Services,SMEEF,SBI AMC,2026-08
INE325A01013,Timken India Ltd.,276000.0,8692.9,1.62,Industrial Products,SMEEF,SBI AMC,2026-08
INE388Y01029,FSN E-Commerce Ventures Ltd.,2457530.0,8590.3,1.6,Retailing,SMEEF,SBI AMC,2026-08
INE093I01010,Oberoi Realty Ltd.,432000.0,8069.76,1.51,Realty,SMEEF,SBI AMC,2026-08
INE513A01022,Schaeffler India Ltd.,185000.0,7427.38,1.39,Auto Components,SMEEF,SBI AMC,2026-08
INE152A01029,Thermax Ltd.,184435.0,7195.92,1.34,Electrical Equipment,SMEEF,SBI AMC,2026-08
INE216A01030,Britannia Industries Ltd.,135000.0,7087.5,1.32,Food Products,SMEEF,SBI AMC,2026-08
INE726G01019,ICICI Prudential Life Insurance Company Ltd.,1350000.0,6980.18,1.3,Insurance,SMEEF,SBI AMC,2026-08
INE484J01027,Godrej Properties Ltd.,345000.0,6950.72,1.3,Realty,SMEEF,SBI AMC,2026-08
INE634S01028,Mankind Pharma Ltd.,250000.0,6048.0,1.13,Pharmaceuticals & Biotechnology,SMEEF,SBI AMC,2026-08
INE671A01010,Honeywell Automation India Ltd.,17000.0,6040.1,1.13,Industrial Manufacturing,SMEEF,SBI AMC,2026-08
INE791I01019,Brigade Enterprises Ltd.,913890.0,5993.75,1.12,Realty,SMEEF,SBI AMC,2026-08
INE591G01025,Coforge Ltd.,300000.0,5955.9,1.11,IT - Software,SMEEF,SBI AMC,2026-08
INE010V01017,L&T Technology Services Ltd.,165000.0,5953.86,1.11,IT - Services,SMEEF,SBI AMC,2026-08
INE797F01020,Jubilant Foodworks Ltd.,1136255.0,5635.82,1.05,Leisure Services,SMEEF,SBI AMC,2026-08
INE19RI01016,Tenneco Clean Air India Ltd.,1050000.0,5558.7,1.04,Auto Components,SMEEF,SBI AMC,2026-08
INE463A01038,Berger Paints India Ltd.,1100000.0,5475.25,1.02,Consumer Durables,SMEEF,SBI AMC,2026-08
INE761H01022,Page Industries Ltd.,15000.0,5370.0,1.0,Textiles & Apparels,SMEEF,SBI AMC,2026-08
INE376G01013,Biocon Ltd.,1300000.0,5356.0,1.0,Pharmaceuticals & Biotechnology,SMEEF,SBI AMC,2026-08
INE970X01018,Lemon Tree Hotels Ltd.,5000000.0,5312.5,0.99,Leisure Services,SMEEF,SBI AMC,2026-08
INE226A01021,Voltas Ltd.,420000.0,5016.48,0.94,Consumer Durables,SMEEF,SBI AMC,2026-08
INE217B01036,Kajaria Ceramics Ltd.,109133.0,1358.49,0.25,Consumer Durables,SMEEF,SBI AMC,2026-08
INE259A01022,Colgate Palmolive (India) Ltd.,65666.0,1246.08,0.23,Personal Products,SMEEF,SBI AMC,2026-08
INE703F01010,Numero Uno International Ltd.,80000.0,0.0,,IT - Services,SMEEF,SBI AMC,2026-08
IN002025Z344,364 DAY T-BILL 19.11.26,500000.0,494.37,0.09,Sovereign,SMEEF,SBI AMC,2026-08
INE040A01034,HDFC Bank Ltd.,38000000.0,269420.0,6.36,Banks,SLMF,SBI AMC,2026-08
INE090A01021,ICICI Bank Ltd.,11600000.0,168664.0,3.98,Banks,SLMF,SBI AMC,2026-08
INE238A01034,Axis Bank Ltd.,11000000.0,143000.0,3.38,Banks,SLMF,SBI AMC,2026-08
INE062A01020,State Bank of India,11500000.0,121900.0,2.88,Banks,SLMF,SBI AMC,2026-08
INE787D01026,Balkrishna Industries Ltd.,4700000.0,107122.4,2.53,Auto Components,SLMF,SBI AMC,2026-08
INE021A01026,Asian Paints Ltd.,3844000.0,102004.38,2.41,Consumer Durables,SLMF,SBI AMC,2026-08
INE1TAE01010,Tata Motors Ltd.,21332552.0,100497.65,2.37,"Agricultural, Commercial & Construction Vehicles",SLMF,SBI AMC,2026-08
INE463A01038,Berger Paints India Ltd.,20000000.0,99550.0,2.35,Consumer Durables,SLMF,SBI AMC,2026-08
INE465A01025,Bharat Forge Ltd.,4700000.0,98930.3,2.34,Auto Components,SLMF,SBI AMC,2026-08
INE208A01029,Ashok Leyland Ltd.,56000000.0,98358.4,2.32,"Agricultural, Commercial & Construction Vehicles",SLMF,SBI AMC,2026-08
INE423A01024,Adani Enterprises Ltd.,3426861.0,97977.38,2.31,Metals & Minerals Trading,SLMF,SBI AMC,2026-08
INE376G01013,Biocon Ltd.,23500000.0,96820.0,2.29,Pharmaceuticals & Biotechnology,SLMF,SBI AMC,2026-08
INE068V01023,Gland Pharma Ltd.,3186587.0,91958.53,2.17,Pharmaceuticals & Biotechnology,SLMF,SBI AMC,2026-08
INE00H001014,Swiggy Ltd.,30800000.0,86825.2,2.05,Retailing,SLMF,SBI AMC,2026-08
INE406A01037,Aurobindo Pharma Ltd.,4700000.0,80699.0,1.91,Pharmaceuticals & Biotechnology,SLMF,SBI AMC,2026-08
INE214T01019,LTM Ltd.,1760000.0,79904.0,1.89,IT - Software,SLMF,SBI AMC,2026-08
INE358A01014,Abbott India Ltd.,308000.0,79618.0,1.88,Pharmaceuticals & Biotechnology,SLMF,SBI AMC,2026-08
INE813H01021,Torrent Power Ltd.,6500000.0,78981.5,1.87,Power,SLMF,SBI AMC,2026-08
INE259A01022,Colgate Palmolive (India) Ltd.,4160742.0,78954.24,1.86,Personal Products,SLMF,SBI AMC,2026-08
INE540L01014,Alkem Laboratories Ltd.,1476712.0,78701.37,1.86,Pharmaceuticals & Biotechnology,SLMF,SBI AMC,2026-08
INE361B01024,Divi's Laboratories Ltd.,830000.0,78576.1,1.86,Pharmaceuticals & Biotechnology,SLMF,SBI AMC,2026-08
INE070A01015,Shree Cement Ltd.,335000.0,77720.0,1.84,Cement & Cement Products,SLMF,SBI AMC,2026-08
INE749A01030,Jindal Steel Ltd.,6500000.0,77538.5,1.83,Ferrous Metals,SLMF,SBI AMC,2026-08
INE686F01025,United Breweries Ltd.,5720000.0,74846.2,1.77,Beverages,SLMF,SBI AMC,2026-08
INE795G01014,HDFC Life Insurance Company Ltd.,13673204.0,74293.35,1.75,Insurance,SLMF,SBI AMC,2026-08
INE093A01041,Hexaware Technologies Ltd.,12005153.0,66598.59,1.57,IT - Software,SLMF,SBI AMC,2026-08
INE388Y01029,FSN E-Commerce Ventures Ltd.,18000000.0,62919.0,1.49,Retailing,SLMF,SBI AMC,2026-08
INE346A01027,ICICI Prudential Asset Management Company Ltd.,2000000.0,61302.0,1.45,Capital Markets,SLMF,SBI AMC,2026-08
INE030A01027,Hindustan Unilever Ltd.,2900000.0,57054.6,1.35,Diversified FMCG,SLMF,SBI AMC,2026-08
INE387A01021,Sundram Fasteners Ltd.,4700000.0,56583.3,1.34,Auto Components,SLMF,SBI AMC,2026-08
INE121J01017,Indus Towers Ltd.,14114908.0,54878.76,1.3,Telecom - Services,SLMF,SBI AMC,2026-08
INE797F01020,Jubilant Foodworks Ltd.,11000000.0,54560.0,1.29,Leisure Services,SLMF,SBI AMC,2026-08
INE212H01026,AIA Engineering Ltd.,1054511.0,44895.81,1.06,Industrial Products,SLMF,SBI AMC,2026-08
INE342J01019,ZF Commercial Vehicle Control Systems India Ltd.,1734360.0,43959.09,1.04,Auto Components,SLMF,SBI AMC,2026-08
INE761H01022,Page Industries Ltd.,121443.0,43476.59,1.03,Textiles & Apparels,SLMF,SBI AMC,2026-08
INE102D01028,Godrej Consumer Products Ltd.,4700000.0,42361.1,1.0,Personal Products,SLMF,SBI AMC,2026-08
INE148O01028,Delhivery Ltd.,9200000.0,41970.4,0.99,Transport Services,SLMF,SBI AMC,2026-08
INE918I01026,Bajaj Finserv Ltd.,2060000.0,41632.6,0.98,Finance,SLMF,SBI AMC,2026-08
INE331A01037,The Ramco Cements Ltd.,4700000.0,41338.85,0.98,Cement & Cement Products,SLMF,SBI AMC,2026-08
INE009A01021,Infosys Ltd.,3492334.0,39596.08,0.94,IT - Software,SLMF,SBI AMC,2026-08
INE121E01018,JSW Energy Ltd.,7523810.0,39153.91,0.92,Power,SLMF,SBI AMC,2026-08
INE931S01010,Adani Energy Solutions Ltd.,2720000.0,38553.28,0.91,Power,SLMF,SBI AMC,2026-08
INE775A01035,Samvardhana Motherson International Ltd.,20000000.0,34136.0,0.81,Auto Components,SLMF,SBI AMC,2026-08
INE326A01037,Lupin Ltd.,1528679.0,33453.61,0.79,Pharmaceuticals & Biotechnology,SLMF,SBI AMC,2026-08
INE006I01046,Astral Ltd.,2000000.0,30444.0,0.72,Industrial Products,SLMF,SBI AMC,2026-08
INE622W01025,Acme Solar Holdings Ltd.,7477639.0,30056.37,0.71,Power,SLMF,SBI AMC,2026-08
INE177A01018,Ingersoll Rand (India) Ltd.,616702.0,29900.8,0.71,Industrial Products,SLMF,SBI AMC,2026-08
INE860A01027,HCL Technologies Ltd.,2185000.0,28671.57,0.68,IT - Software,SLMF,SBI AMC,2026-08
INE131B01039,Relaxo Footwears Ltd.,7697000.0,27543.71,0.65,Consumer Durables,SLMF,SBI AMC,2026-08
INE913H01037,Endurance Technologies Ltd.,920000.0,26415.04,0.62,Auto Components,SLMF,SBI AMC,2026-08
INE19RI01016,Tenneco Clean Air India Ltd.,4900000.0,25940.6,0.61,Auto Components,SLMF,SBI AMC,2026-08
INE081A01020,Tata Steel Ltd.,13867373.0,25564.5,0.6,Ferrous Metals,SLMF,SBI AMC,2026-08
INE600L01024,Dr. Lal Path labs Ltd.,1300000.0,25149.8,0.59,Healthcare Services,SLMF,SBI AMC,2026-08
INE217B01036,Kajaria Ceramics Ltd.,1954741.0,24332.62,0.57,Consumer Durables,SLMF,SBI AMC,2026-08
INE548C01032,Emami Ltd.,6500000.0,23660.0,0.56,Personal Products,SLMF,SBI AMC,2026-08
INE075A01022,Wipro Ltd.,12699654.0,23430.86,0.55,IT - Software,SLMF,SBI AMC,2026-08
INE473B01035,Hatsun Agro Product Ltd.,1912000.0,22761.4,0.54,Food Products,SLMF,SBI AMC,2026-08
INE226A01021,Voltas Ltd.,1875000.0,22395.0,0.53,Consumer Durables,SLMF,SBI AMC,2026-08
INE671A01010,Honeywell Automation India Ltd.,61631.0,21897.49,0.52,Industrial Manufacturing,SLMF,SBI AMC,2026-08
INE149A01033,Cholamandalam Financial Holdings Ltd.,1432535.0,21280.31,0.5,Finance,SLMF,SBI AMC,2026-08
INE825V01034,Vedant Fashions Ltd.,3800000.0,20719.5,0.49,Retailing,SLMF,SBI AMC,2026-08
INE018E01016,SBI Cards & Payment Services Ltd.,3080000.0,19858.3,0.47,Finance,SLMF,SBI AMC,2026-08
INE201P01022,G R Infra projects Ltd.,2264279.0,19839.61,0.47,Construction,SLMF,SBI AMC,2026-08
INE823G01014,JK Cement Ltd.,380000.0,19505.4,0.46,Cement & Cement Products,SLMF,SBI AMC,2026-08
INE324D01010,LG Electronics India Ltd.,1100000.0,18675.8,0.44,Consumer Durables,SLMF,SBI AMC,2026-08
INE118D01016,Nuvoco Vistas Corporation Ltd.,5604494.0,17872.73,0.42,Cement & Cement Products,SLMF,SBI AMC,2026-08
INE325A01013,Timken India Ltd.,560000.0,17637.76,0.42,Industrial Products,SLMF,SBI AMC,2026-08
INE1CDF01017,Vedanta Aluminium Metal Ltd.,4025841.0,17518.45,0.41,Non - Ferrous Metals,SLMF,SBI AMC,2026-08
INE012A01025,ACC Ltd.,1358440.0,17340.49,0.41,Cement & Cement Products,SLMF,SBI AMC,2026-08
INE522F01014,Coal India Ltd.,4070000.0,16351.23,0.39,Consumable Fuels,SLMF,SBI AMC,2026-08
INE158A01026,Hero MotoCorp Ltd.,290000.0,15805.0,0.37,Automobiles,SLMF,SBI AMC,2026-08
INE155A01022,Tata Motors Passenger Vehicles Ltd.,3520000.0,10871.52,0.26,Automobiles,SLMF,SBI AMC,2026-08
INE0FS801015,Motherson Sumi Wiring India Ltd.,28667307.0,10546.7,0.25,Auto Components,SLMF,SBI AMC,2026-08
INE03JT01014,GO Digit General Insurance Ltd.,3800000.0,9781.2,0.23,Insurance,SLMF,SBI AMC,2026-08
INE916U01025,Sheela Foam Ltd.,1440401.0,9243.77,0.22,Consumer Durables,SLMF,SBI AMC,2026-08
INE845D01014,Ganesha Ecosphere Ltd.,857462.0,8760.69,0.21,Textiles & Apparels,SLMF,SBI AMC,2026-08
INE00FF01025,Acutaas Chemicals Ltd.,250486.0,7916.86,0.19,Pharmaceuticals & Biotechnology,SLMF,SBI AMC,2026-08
INE288B01029,Deepak Nitrite Ltd.,421880.0,7380.37,0.17,Chemicals & Petrochemicals,SLMF,SBI AMC,2026-08
INE127D01025,HDFC Asset Management Co. Ltd.,280789.0,7362.57,0.17,Capital Markets,SLMF,SBI AMC,2026-08
INE844O01030,Gujarat Energy Ltd.,2923076.0,7240.46,0.17,Gas,SLMF,SBI AMC,2026-08
INE044A01036,Sun Pharmaceutical Industries Ltd.,290000.0,5755.92,0.14,Pharmaceuticals & Biotechnology,SLMF,SBI AMC,2026-08
INE970X01018,Lemon Tree Hotels Ltd.,4210285.0,4473.43,0.11,Leisure Services,SLMF,SBI AMC,2026-08
INE136S01016,Neogen Chemicals Ltd.,91336.0,2010.49,0.05,Chemicals & Petrochemicals,SLMF,SBI AMC,2026-08
INE1TUG01013,GSPL Transmission Ltd.,974358.0,1461.54,0.03,Gas,SLMF,SBI AMC,2026-08
INE122R01018,Manpasand Beverages Ltd.,1682520.0,0.0,,Beverages,SLMF,SBI AMC,2026-08
INE703F01010,Numero Uno International Ltd.,500000.0,0.0,,IT - Services,SLMF,SBI AMC,2026-08
INE114B01019,Padmini Technologies Ltd.,250.0,0.0,,Diversified,SLMF,SBI AMC,2026-08
IN002026X099,91 DAY T-BILL 03.09.26,20000000.0,19994.3,0.47,Sovereign,SLMF,SBI AMC,2026-08
IN002025Z344,364 DAY T-BILL 19.11.26,3500000.0,3460.6,0.08,Sovereign,SLMF,SBI AMC,2026-08
INE090A01021,ICICI Bank Ltd.,17002013.0,247209.27,7.79,Banks,SLTEF,SBI AMC,2026-08
INE237A01036,Kotak Mahindra Bank Ltd.,50686609.0,212579.64,6.7,Banks,SLTEF,SBI AMC,2026-08
INE040A01034,HDFC Bank Ltd.,28086506.0,199133.33,6.27,Banks,SLTEF,SBI AMC,2026-08
INE002A01018,Reliance Industries Ltd.,9775148.0,124828.64,3.93,Petroleum Products,SLTEF,SBI AMC,2026-08
INE423A01024,Adani Enterprises Ltd.,3434305.0,98190.21,3.09,Metals & Minerals Trading,SLTEF,SBI AMC,2026-08
INE018A01030,Larsen & Toubro Ltd.,2268231.0,91747.68,2.89,Construction,SLTEF,SBI AMC,2026-08
INE296A01032,Bajaj Finance Ltd.,8638732.0,91311.4,2.88,Finance,SLTEF,SBI AMC,2026-08
INE813H01021,Torrent Power Ltd.,5610813.0,68176.99,2.15,Power,SLTEF,SBI AMC,2026-08
INE059A01026,Cipla Ltd.,4756637.0,67030.53,2.11,Pharmaceuticals & Biotechnology,SLTEF,SBI AMC,2026-08
INE388Y01029,FSN E-Commerce Ventures Ltd.,18000000.0,62919.0,1.98,Retailing,SLTEF,SBI AMC,2026-08
INE669C01036,Tech Mahindra Ltd.,3780741.0,61550.46,1.94,IT - Software,SLTEF,SBI AMC,2026-08
INE212H01026,AIA Engineering Ltd.,1403643.0,59760.1,1.88,Industrial Products,SLTEF,SBI AMC,2026-08
INE397D01024,Bharti Airtel Ltd.,3063576.0,55508.93,1.75,Telecom - Services,SLTEF,SBI AMC,2026-08
INE795G01014,HDFC Life Insurance Company Ltd.,10183940.0,55334.44,1.74,Insurance,SLTEF,SBI AMC,2026-08
INE044A01036,Sun Pharmaceutical Industries Ltd.,2721203.0,54010.44,1.7,Pharmaceuticals & Biotechnology,SLTEF,SBI AMC,2026-08
INE121A01024,Cholamandalam Investment & Finance Co. Ltd.,2600000.0,48292.4,1.52,Finance,SLTEF,SBI AMC,2026-08
INE038A01020,Hindalco Industries Ltd.,4581423.0,46522.06,1.47,Non - Ferrous Metals,SLTEF,SBI AMC,2026-08
INE238A01034,Axis Bank Ltd.,3500386.0,45505.02,1.43,Banks,SLTEF,SBI AMC,2026-08
INE021A01026,Asian Paints Ltd.,1591000.0,42218.78,1.33,Consumer Durables,SLTEF,SBI AMC,2026-08
INE585B01010,Maruti Suzuki India Ltd.,300000.0,40641.0,1.28,Automobiles,SLTEF,SBI AMC,2026-08
INE216A01030,Britannia Industries Ltd.,738579.0,38775.4,1.22,Food Products,SLTEF,SBI AMC,2026-08
INE536A01023,Grindwell Norton Ltd.,1887280.0,38179.67,1.2,Industrial Products,SLTEF,SBI AMC,2026-08
INE1TAE01010,Tata Motors Ltd.,7989722.0,37639.58,1.19,"Agricultural, Commercial & Construction Vehicles",SLTEF,SBI AMC,2026-08
INE414G01012,Muthoot Finance Ltd.,1258563.0,37481.26,1.18,Finance,SLTEF,SBI AMC,2026-08
INE726G01019,ICICI Prudential Life Insurance Company Ltd.,6904842.0,35701.49,1.13,Insurance,SLTEF,SBI AMC,2026-08
INE105A01035,TVS Holdings Ltd.,268476.0,35527.43,1.12,Finance,SLTEF,SBI AMC,2026-08
INE775A01035,Samvardhana Motherson International Ltd.,20000000.0,34136.0,1.08,Auto Components,SLTEF,SBI AMC,2026-08
INE062A01020,State Bank of India,3104168.0,32904.18,1.04,Banks,SLTEF,SBI AMC,2026-08
INE101A01026,Mahindra & Mahindra Ltd.,1000000.0,32820.0,1.03,Automobiles,SLTEF,SBI AMC,2026-08
INE813A01018,Mahindra Lifespace Developers Ltd.,8973058.0,32809.99,1.03,Realty,SLTEF,SBI AMC,2026-08
INE467B01029,Tata Consultancy Services Ltd.,1349100.0,32368.96,1.02,IT - Software,SLTEF,SBI AMC,2026-08
INE931S01010,Adani Energy Solutions Ltd.,2254796.0,31959.48,1.01,Power,SLTEF,SBI AMC,2026-08
INE465A01025,Bharat Forge Ltd.,1469271.0,30926.69,0.97,Auto Components,SLTEF,SBI AMC,2026-08
INE129A01019,GAIL (India) Ltd.,17207646.0,30543.57,0.96,Gas,SLTEF,SBI AMC,2026-08
INE009A01021,Infosys Ltd.,2670498.0,30278.11,0.95,IT - Software,SLTEF,SBI AMC,2026-08
INE522D01027,Manappuram Finance Ltd.,8752740.0,29768.07,0.94,Finance,SLTEF,SBI AMC,2026-08
INE213A01029,Oil & Natural Gas Corporation Ltd.,12000000.0,27816.0,0.88,Oil,SLTEF,SBI AMC,2026-08
INE151A01013,Tata Communications Ltd.,1601448.0,27599.35,0.87,Telecom - Services,SLTEF,SBI AMC,2026-08
INE148O01028,Delhivery Ltd.,6043971.0,27572.6,0.87,Transport Services,SLTEF,SBI AMC,2026-08
INE804L01022,Medplus Health Services Ltd.,4067968.0,27346.91,0.86,Retailing,SLTEF,SBI AMC,2026-08
INE081A01020,Tata Steel Ltd.,14812247.0,27306.38,0.86,Ferrous Metals,SLTEF,SBI AMC,2026-08
INE916U01025,Sheela Foam Ltd.,4131262.0,26512.37,0.84,Consumer Durables,SLTEF,SBI AMC,2026-08
INE982J01020,One 97 Communications Ltd.,1500000.0,25756.5,0.81,Financial Technology (Fintech),SLTEF,SBI AMC,2026-08
INE406A01037,Aurobindo Pharma Ltd.,1500000.0,25755.0,0.81,Pharmaceuticals & Biotechnology,SLTEF,SBI AMC,2026-08
INE0Q3R01026,Sundaram Clayton Ltd.,1921616.0,25088.62,0.79,Auto Components,SLTEF,SBI AMC,2026-08
INE121E01018,JSW Energy Ltd.,4476190.0,23294.09,0.73,Power,SLTEF,SBI AMC,2026-08
INE323A01026,Bosch Ltd.,44596.0,22298.0,0.7,Auto Components,SLTEF,SBI AMC,2026-08
INE01NH01023,Dhoot Transmission Ltd.,1377634.0,20314.59,0.64,Auto Components,SLTEF,SBI AMC,2026-08
INE048G01026,Navin Fluorine International Ltd.,231974.0,20124.9,0.63,Chemicals & Petrochemicals,SLTEF,SBI AMC,2026-08
INE545U01014,Bandhan Bank Ltd.,12000000.0,19620.0,0.62,Banks,SLTEF,SBI AMC,2026-08
INE298A01020,Cummins India Ltd.,383190.0,19561.85,0.62,Industrial Products,SLTEF,SBI AMC,2026-08
INE066A01021,Eicher Motors Ltd.,234844.0,18678.32,0.59,Automobiles,SLTEF,SBI AMC,2026-08
INE102D01028,Godrej Consumer Products Ltd.,2000000.0,18026.0,0.57,Personal Products,SLTEF,SBI AMC,2026-08
INE028A01039,Bank of Baroda,7447712.0,17770.24,0.56,Banks,SLTEF,SBI AMC,2026-08
INE466L01038,360 ONE WAM Ltd.,1500000.0,17625.0,0.56,Capital Markets,SLTEF,SBI AMC,2026-08
INE376G01013,Biocon Ltd.,4072215.0,16777.53,0.53,Pharmaceuticals & Biotechnology,SLTEF,SBI AMC,2026-08
INE217B01036,Kajaria Ceramics Ltd.,1331129.0,16569.89,0.52,Consumer Durables,SLTEF,SBI AMC,2026-08
INE093A01041,Hexaware Technologies Ltd.,2910141.0,16144.01,0.51,IT - Software,SLTEF,SBI AMC,2026-08
INE686F01025,United Breweries Ltd.,1219590.0,15958.34,0.5,Beverages,SLTEF,SBI AMC,2026-08
INE463A01038,Berger Paints India Ltd.,3192103.0,15888.69,0.5,Consumer Durables,SLTEF,SBI AMC,2026-08
INE061F01013,Fortis Healthcare Ltd.,1744380.0,15819.78,0.5,Healthcare Services,SLTEF,SBI AMC,2026-08
INE149A01033,Cholamandalam Financial Holdings Ltd.,1050000.0,15597.75,0.49,Finance,SLTEF,SBI AMC,2026-08
INE063P01018,Equitas Small Finance Bank Ltd.,20982070.0,15520.44,0.49,Banks,SLTEF,SBI AMC,2026-08
INE070A01015,Shree Cement Ltd.,64693.0,15008.78,0.47,Cement & Cement Products,SLTEF,SBI AMC,2026-08
INE797F01020,Jubilant Foodworks Ltd.,3000000.0,14880.0,0.47,Leisure Services,SLTEF,SBI AMC,2026-08
INE718I01012,JSW Cement Ltd.,11611984.0,14633.42,0.46,Cement & Cement Products,SLTEF,SBI AMC,2026-08
INE036D01028,Karur Vysya Bank Ltd.,4192421.0,14572.86,0.46,Banks,SLTEF,SBI AMC,2026-08
INE326A01037,Lupin Ltd.,647805.0,14176.56,0.45,Pharmaceuticals & Biotechnology,SLTEF,SBI AMC,2026-08
INE995S01015,Niva Bupa Health Insurance Company Ltd.,16098757.0,13081.85,0.41,Insurance,SLTEF,SBI AMC,2026-08
INE787D01026,Balkrishna Industries Ltd.,571087.0,13016.21,0.41,Auto Components,SLTEF,SBI AMC,2026-08
INE006I01046,Astral Ltd.,800000.0,12177.6,0.38,Industrial Products,SLTEF,SBI AMC,2026-08
INE450D01021,Pitti Engineering Ltd.,1100000.0,12169.85,0.38,Industrial Manufacturing,SLTEF,SBI AMC,2026-08
INE578A01017,HeidelbergCement India Ltd.,7655191.0,12050.04,0.38,Cement & Cement Products,SLTEF,SBI AMC,2026-08
INE967H01025,Krishna Institute of Medical Sciences Ltd.,1324503.0,10006.62,0.32,Healthcare Services,SLTEF,SBI AMC,2026-08
INE844O01030,Gujarat Energy Ltd.,3597148.0,8910.14,0.28,Gas,SLTEF,SBI AMC,2026-08
INE216P01012,Aavas Financiers Ltd.,641937.0,8096.11,0.26,Finance,SLTEF,SBI AMC,2026-08
INE683A01023,The South Indian Bank Ltd.,17059824.0,7789.52,0.25,Banks,SLTEF,SBI AMC,2026-08
INE325A01013,Timken India Ltd.,162028.0,5103.23,0.16,Industrial Products,SLTEF,SBI AMC,2026-08
INE660A01013,Sundaram Finance Ltd.,105095.0,4771.31,0.15,Finance,SLTEF,SBI AMC,2026-08
INE152A01029,Thermax Ltd.,96235.0,3754.7,0.12,Electrical Equipment,SLTEF,SBI AMC,2026-08
INE501A01019,Deepak Fertilizers and Petrochemicals Corporation Ltd.,260381.0,3663.56,0.12,Chemicals & Petrochemicals,SLTEF,SBI AMC,2026-08
INE343H01029,Solar Industries India Ltd.,12784.0,2570.61,0.08,Chemicals & Petrochemicals,SLTEF,SBI AMC,2026-08
INE417T01026,PB Fintech Ltd.,132798.0,2489.96,0.08,Financial Technology (Fintech),SLTEF,SBI AMC,2026-08
INE1TUG01013,GSPL Transmission Ltd.,1199049.0,1798.57,0.06,Gas,SLTEF,SBI AMC,2026-08
INE613A01020,Rallis India Ltd.,503602.0,1043.41,0.03,Fertilizers & Agrochemicals,SLTEF,SBI AMC,2026-08
INE976I01016,TATA Capital Ltd.,88780.0,326.62,0.01,Finance,SLTEF,SBI AMC,2026-08
INE732I01021,Angel One Ltd.,270.0,0.77,,Capital Markets,SLTEF,SBI AMC,2026-08
INE122R01018,Manpasand Beverages Ltd.,1035288.0,0.0,,Beverages,SLTEF,SBI AMC,2026-08
IN002025Z344,364 DAY T-BILL 19.11.26,4000000.0,3954.97,0.12,Sovereign,SLTEF,SBI AMC,2026-08
INE361B01024,Divi's Laboratories Ltd.,400000.0,37868.0,5.64,Pharmaceuticals & Biotechnology,SMGLF,SBI AMC,2026-08
INE298A01020,Cummins India Ltd.,600000.0,30630.0,4.56,Industrial Products,SMGLF,SBI AMC,2026-08
INE323A01026,Bosch Ltd.,54000.0,27000.0,4.02,Auto Components,SMGLF,SBI AMC,2026-08
INE1CDF01017,Vedanta Aluminium Metal Ltd.,6000000.0,26109.0,3.89,Non - Ferrous Metals,SMGLF,SBI AMC,2026-08
INE073K01018,Sona Blw Precision Forgings Ltd.,3000000.0,24391.5,3.63,Auto Components,SMGLF,SBI AMC,2026-08
INE048G01026,Navin Fluorine International Ltd.,280000.0,24291.4,3.62,Chemicals & Petrochemicals,SMGLF,SBI AMC,2026-08
INE044A01036,Sun Pharmaceutical Industries Ltd.,1200000.0,23817.6,3.55,Pharmaceuticals & Biotechnology,SMGLF,SBI AMC,2026-08
INE0BWX01014,Aether Industries Ltd.,1319872.0,22323.0,3.32,Chemicals & Petrochemicals,SMGLF,SBI AMC,2026-08
INE117A01022,ABB India Ltd.,280000.0,21387.8,3.18,Electrical Equipment,SMGLF,SBI AMC,2026-08
INE0CZ201020,Anthem Biosciences Ltd.,2320000.0,20718.76,3.08,Pharmaceuticals & Biotechnology,SMGLF,SBI AMC,2026-08
INE406A01037,Aurobindo Pharma Ltd.,1198192.0,20572.96,3.06,Pharmaceuticals & Biotechnology,SMGLF,SBI AMC,2026-08
INE003A01024,Siemens Ltd.,500000.0,20150.0,3.0,Electrical Equipment,SMGLF,SBI AMC,2026-08
INE376G01013,Biocon Ltd.,4500000.0,18540.0,2.76,Pharmaceuticals & Biotechnology,SMGLF,SBI AMC,2026-08
INE0V6F01027,Hyundai Motor India Ltd.,840000.0,18522.0,2.76,Automobiles,SMGLF,SBI AMC,2026-08
INE775A01035,Samvardhana Motherson International Ltd.,10000000.0,17068.0,2.54,Auto Components,SMGLF,SBI AMC,2026-08
INE536A01023,Grindwell Norton Ltd.,814320.0,16473.69,2.45,Industrial Products,SMGLF,SBI AMC,2026-08
INE585B01010,Maruti Suzuki India Ltd.,120000.0,16256.4,2.42,Automobiles,SMGLF,SBI AMC,2026-08
INE19RI01016,Tenneco Clean Air India Ltd.,2733651.0,14471.95,2.15,Auto Components,SMGLF,SBI AMC,2026-08
INE121R01077,Amagi Media Labs Ltd.,2548302.0,14461.61,2.15,IT - Services,SMGLF,SBI AMC,2026-08
INE059A01026,Cipla Ltd.,1000000.0,14092.0,2.1,Pharmaceuticals & Biotechnology,SMGLF,SBI AMC,2026-08
INE205A01025,Vedanta Ltd.,5000000.0,13910.0,2.07,Diversified Metals,SMGLF,SBI AMC,2026-08
INE591G01025,Coforge Ltd.,700000.0,13897.1,2.07,IT - Software,SMGLF,SBI AMC,2026-08
INE421D01022,CCL Products (India) Ltd.,1265995.0,13670.21,2.03,Agricultural Food & other Products,SMGLF,SBI AMC,2026-08
INE717A01029,Kennametal India Ltd.,300000.0,13188.3,1.96,Industrial Manufacturing,SMGLF,SBI AMC,2026-08
INE216A01030,Britannia Industries Ltd.,250000.0,13125.0,1.95,Food Products,SMGLF,SBI AMC,2026-08
INE276A01018,Garware Technical Fibres Ltd.,1600000.0,13021.6,1.94,Textiles & Apparels,SMGLF,SBI AMC,2026-08
INE465A01025,Bharat Forge Ltd.,600000.0,12629.4,1.88,Auto Components,SMGLF,SBI AMC,2026-08
INE914M01019,Aster DM Quality Care Ltd.,1600000.0,12096.0,1.8,Healthcare Services,SMGLF,SBI AMC,2026-08
INE030A01027,Hindustan Unilever Ltd.,560000.0,11017.44,1.64,Diversified FMCG,SMGLF,SBI AMC,2026-08
INE887G01027,Gokaldas Exports Ltd.,1400000.0,10932.6,1.63,Textiles & Apparels,SMGLF,SBI AMC,2026-08
INE519A01011,Foseco India Ltd.,169630.0,10910.6,1.62,Chemicals & Petrochemicals,SMGLF,SBI AMC,2026-08
INE342J01019,ZF Commercial Vehicle Control Systems India Ltd.,400000.0,10138.4,1.51,Auto Components,SMGLF,SBI AMC,2026-08
INE03QK01018,Cohance Lifesciences Ltd.,2200000.0,10030.9,1.49,Pharmaceuticals & Biotechnology,SMGLF,SBI AMC,2026-08
INE205C01021,Polymedicure Ltd.,560000.0,9853.76,1.47,Healthcare Equipment & Supplies,SMGLF,SBI AMC,2026-08
INE787D01026,Balkrishna Industries Ltd.,425000.0,9686.6,1.44,Auto Components,SMGLF,SBI AMC,2026-08
INE0QPI01025,Sudeep Pharma Ltd.,687500.0,8316.69,1.24,Chemicals & Petrochemicals,SMGLF,SBI AMC,2026-08
INE061F01013,Fortis Healthcare Ltd.,900000.0,8162.1,1.22,Healthcare Services,SMGLF,SBI AMC,2026-08
INE325A01013,Timken India Ltd.,240000.0,7559.04,1.13,Industrial Products,SMGLF,SBI AMC,2026-08
INE959A01019,Privi Speciality Chemicals Ltd.,180000.0,6253.38,0.93,Chemicals & Petrochemicals,SMGLF,SBI AMC,2026-08
INE947N01017,Aequs Ltd.,2000000.0,4886.8,0.73,Aerospace & Defense,SMGLF,SBI AMC,2026-08
INE259A01022,Colgate Palmolive (India) Ltd.,240000.0,4554.24,0.68,Personal Products,SMGLF,SBI AMC,2026-08
INE239A01024,Nestle India Ltd.,300000.0,4489.5,0.67,Food Products,SMGLF,SBI AMC,2026-08
INE084101034,INDO-MIM Ltd.,412380.0,3610.18,0.54,Industrial Manufacturing,SMGLF,SBI AMC,2026-08
INE358A01014,Abbott India Ltd.,9764.0,2523.99,0.38,Pharmaceuticals & Biotechnology,SMGLF,SBI AMC,2026-08
INE227W01023,Clean Science & Technology Ltd.,300000.0,2468.55,0.37,Chemicals & Petrochemicals,SMGLF,SBI AMC,2026-08
IN002025Z344,364 DAY T-BILL 19.11.26,2000000.0,1977.49,0.29,Sovereign,SMGLF,SBI AMC,2026-08
INE090A01021,ICICI Bank Ltd.,27000000.0,392580.0,4.43,Banks,SEHF,SBI AMC,2026-08
INE343H01029,Solar Industries India Ltd.,1790000.0,359933.2,4.06,Chemicals & Petrochemicals,SEHF,SBI AMC,2026-08
INE062A01020,State Bank of India,33000000.0,349800.0,3.95,Banks,SEHF,SBI AMC,2026-08
INE237A01036,Kotak Mahindra Bank Ltd.,70000000.0,293580.0,3.31,Banks,SEHF,SBI AMC,2026-08
INE931S01010,Adani Energy Solutions Ltd.,19000000.0,269306.0,3.04,Power,SEHF,SBI AMC,2026-08
INE814H01029,Adani Power Ltd.,130000000.0,257400.0,2.9,Power,SEHF,SBI AMC,2026-08
INE296A01032,Bajaj Finance Ltd.,23000000.0,243110.0,2.74,Finance,SEHF,SBI AMC,2026-08
INE883A01011,MRF Ltd.,170000.0,227366.5,2.56,Auto Components,SEHF,SBI AMC,2026-08
INE423A01024,Adani Enterprises Ltd.,7460874.0,213313.85,2.41,Metals & Minerals Trading,SEHF,SBI AMC,2026-08
INE646L01027,Interglobe Aviation Ltd.,4000000.0,209360.0,2.36,Transport Services,SEHF,SBI AMC,2026-08
INE0J1Y01017,Life Insurance Corporation of India,50000000.0,209000.0,2.36,Insurance,SEHF,SBI AMC,2026-08
INE414G01012,Muthoot Finance Ltd.,7000000.0,208467.0,2.35,Finance,SEHF,SBI AMC,2026-08
INE018A01030,Larsen & Toubro Ltd.,5153000.0,208433.7,2.35,Construction,SEHF,SBI AMC,2026-08
INE192R01011,Avenue Supermarts Ltd.,5250000.0,204750.0,2.31,Retailing,SEHF,SBI AMC,2026-08
INE397D01024,Bharti Airtel Ltd.,11000000.0,199309.0,2.25,Telecom - Services,SEHF,SBI AMC,2026-08
INE002A01018,Reliance Industries Ltd.,15000000.0,191550.0,2.16,Petroleum Products,SEHF,SBI AMC,2026-08
INE040A01034,HDFC Bank Ltd.,27000000.0,191430.0,2.16,Banks,SEHF,SBI AMC,2026-08
INE361B01024,Divi's Laboratories Ltd.,1900000.0,179873.0,2.03,Pharmaceuticals & Biotechnology,SEHF,SBI AMC,2026-08
INE591G01025,Coforge Ltd.,9000000.0,178677.0,2.02,IT - Software,SEHF,SBI AMC,2026-08
INE467B01029,Tata Consultancy Services Ltd.,7000000.0,167951.0,1.89,IT - Software,SEHF,SBI AMC,2026-08
INE956O01016,Lenskart Solutions Ltd.,23000000.0,152352.0,1.72,Retailing,SEHF,SBI AMC,2026-08
INE009A01021,Infosys Ltd.,13000000.0,147394.0,1.66,IT - Software,SEHF,SBI AMC,2026-08
INE021A01026,Asian Paints Ltd.,5500000.0,145948.0,1.65,Consumer Durables,SEHF,SBI AMC,2026-08
INE121E01018,JSW Energy Ltd.,25000000.0,130100.0,1.47,Power,SEHF,SBI AMC,2026-08
INE212H01026,AIA Engineering Ltd.,2900000.0,123467.5,1.39,Industrial Products,SEHF,SBI AMC,2026-08
INE761H01022,Page Industries Ltd.,317411.0,113633.14,1.28,Textiles & Apparels,SEHF,SBI AMC,2026-08
INE271C01023,DLF Ltd.,13000000.0,89836.5,1.01,Realty,SEHF,SBI AMC,2026-08
INE749A01030,Jindal Steel Ltd.,7000000.0,83503.0,0.94,Ferrous Metals,SEHF,SBI AMC,2026-08
INE070A01015,Shree Cement Ltd.,350550.0,81327.6,0.92,Cement & Cement Products,SEHF,SBI AMC,2026-08
INE006I01046,Astral Ltd.,5300000.0,80676.6,0.91,Industrial Products,SEHF,SBI AMC,2026-08
INE01EA01019,Vishal Mega Mart Ltd.,70000000.0,77448.0,0.87,Retailing,SEHF,SBI AMC,2026-08
INE522F01014,Coal India Ltd.,19000000.0,76332.5,0.86,Consumable Fuels,SEHF,SBI AMC,2026-08
INE027H01010,Max Healthcare Institute Ltd.,7000000.0,72947.0,0.82,Healthcare Services,SEHF,SBI AMC,2026-08
INE0VDM01015,Meesho Ltd.,35403347.0,72714.93,0.82,Retailing,SEHF,SBI AMC,2026-08
INE686F01025,United Breweries Ltd.,5000000.0,65425.0,0.74,Beverages,SEHF,SBI AMC,2026-08
INE044A01036,Sun Pharmaceutical Industries Ltd.,2998232.0,59508.91,0.67,Pharmaceuticals & Biotechnology,SEHF,SBI AMC,2026-08
INE154A01025,ITC Ltd.,23000000.0,58765.0,0.66,Diversified FMCG,SEHF,SBI AMC,2026-08
INE093I01010,Oberoi Realty Ltd.,2905169.0,54268.56,0.61,Realty,SEHF,SBI AMC,2026-08
INE274F01020,Westlife Foodworld Ltd.,7107314.0,40596.98,0.46,Leisure Services,SEHF,SBI AMC,2026-08
INE179A01014,Procter & Gamble Hygiene and Health Care Ltd.,430000.0,34311.85,0.39,Personal Products,SEHF,SBI AMC,2026-08
INE176B01034,Havells India Ltd.,2222375.0,27648.57,0.31,Consumer Durables,SEHF,SBI AMC,2026-08
INE200M01039,Varun Beverages Ltd.,3331748.0,13341.98,0.15,Beverages,SEHF,SBI AMC,2026-08
INE00H001014,Swiggy Ltd.,4203982.0,11851.03,0.13,Retailing,SEHF,SBI AMC,2026-08
INE775A08105,Samvardhana Motherson International Ltd.,36200.0,40547.22,0.46,Auto Components,SEHF,SBI AMC,2026-08
INE703F01010,Numero Uno International Ltd.,80000.0,0.0,,IT - Services,SEHF,SBI AMC,2026-08
INE814H07208,Adani Power Ltd.,100000.0,99383.3,1.12,CRISIL AA,SEHF,SBI AMC,2026-08
INE121A07SU3,Cholamandalam Investment & Finance Co. Ltd.,87500.0,87346.79,0.99,[ICRA]AA+,SEHF,SBI AMC,2026-08
INE0GCN07047,Adani Airport Holdings Ltd.,100690.0,61655.1,0.7,CRISIL AA-,SEHF,SBI AMC,2026-08
INE0KXY07059,Vertis Infrastructure Trust,60000.0,59105.04,0.67,CRISIL AAA,SEHF,SBI AMC,2026-08
INE776C08075,GMR Airports Ltd.,54500.0,58108.61,0.66,CRISIL A+,SEHF,SBI AMC,2026-08
INE660A07SB0,Sundaram Finance Ltd.,56000.0,54977.66,0.62,CRISIL AAA,SEHF,SBI AMC,2026-08
INE0AY207061,Renserv Global Pvt Ltd.,51500.0,51541.87,0.58,CARE A(CE),SEHF,SBI AMC,2026-08
INE414G07JZ7,Muthoot Finance Ltd.,47500.0,47214.34,0.53,CRISIL AA+,SEHF,SBI AMC,2026-08
INE105A08022,TVS Holdings Ltd.,45000.0,45152.91,0.51,CRISIL AA+,SEHF,SBI AMC,2026-08
INE582L08078,Tata Housing Development Co. Ltd.,45000.0,44353.94,0.5,CARE AA,SEHF,SBI AMC,2026-08
INE121A08PY9,Cholamandalam Investment & Finance Co. Ltd.,35000.0,34467.76,0.39,[ICRA]AA+,SEHF,SBI AMC,2026-08
INE556F08LE6,Small Industries Development Bank of India,29761.0,29644.34,0.33,CRISIL AAA,SEHF,SBI AMC,2026-08
INE787H08212,India Infrastructure Finance Company Ltd.,30000.0,29477.79,0.33,IND AAA,SEHF,SBI AMC,2026-08
INE115A07RF8,LIC Housing Finance Ltd.,29500.0,29455.46,0.33,CRISIL AAA,SEHF,SBI AMC,2026-08
INE607M08105,Tata Power Renewable Energy Ltd. (Guaranteed by Tata Power Ltd.),25000.0,25324.9,0.29,[ICRA]AA+,SEHF,SBI AMC,2026-08
INE01QP08016,Aditya Birla Renewables Ltd.,25000.0,25040.05,0.28,CRISIL AA,SEHF,SBI AMC,2026-08
INE062A08504,State Bank of India( AT1 Bond under Basel III ),250.0,24994.6,0.28,CRISIL AA+,SEHF,SBI AMC,2026-08
INE813H07325,Torrent Power Ltd.,17000.0,17127.65,0.19,CRISIL AA+,SEHF,SBI AMC,2026-08
INE055A08052,Aditya Birla Real Estate Ltd.,15500.0,15559.5,0.18,CRISIL AA,SEHF,SBI AMC,2026-08
INE414G07KC4,Muthoot Finance Ltd.,15000.0,14916.29,0.17,CRISIL AA+,SEHF,SBI AMC,2026-08
INE507T07153,Summit Digitel Infrastructure Pvt. Ltd.,15000.0,14876.19,0.17,CRISIL AAA,SEHF,SBI AMC,2026-08
INE062A08496,State Bank of India( Tier II Bond under Basel III ),150.0,14624.85,0.16,CRISIL AAA,SEHF,SBI AMC,2026-08
INE476A08167,Canara Bank( AT1 Bond under Basel III ),128.0,12821.2,0.14,CRISIL AA+,SEHF,SBI AMC,2026-08
INE403D08264,Bharti Telecom Ltd.,12500.0,12658.9,0.14,CRISIL AAA,SEHF,SBI AMC,2026-08
INE476A08266,Canara Bank( AT1 Bond under Basel III ),125.0,12217.93,0.14,[ICRA]AA+,SEHF,SBI AMC,2026-08
INE939L08013,Torrent Investments Ltd.,11500.0,11424.47,0.13,CRISIL AA+,SEHF,SBI AMC,2026-08
INE476A08241,Canara Bank( AT1 Bond under Basel III ),88.0,8826.16,0.1,[ICRA]AA+,SEHF,SBI AMC,2026-08
INE062A08439,State Bank of India,8000.0,7834.31,0.09,CRISIL AAA,SEHF,SBI AMC,2026-08
INE813H07275,Torrent Power Ltd.,7500.0,7616.02,0.09,CRISIL AA+,SEHF,SBI AMC,2026-08
INE020B08FP0,REC Ltd.,57.0,5759.26,0.06,CRISIL AAA,SEHF,SBI AMC,2026-08
INE134E08MA1,Power Finance Corporation Ltd.,5500.0,5482.49,0.06,CRISIL AAA,SEHF,SBI AMC,2026-08
INE121A07RP5,Cholamandalam Investment & Finance Co. Ltd.,5000.0,5006.36,0.06,[ICRA]AA+,SEHF,SBI AMC,2026-08
INE282H07083,Jio Credit Ltd.,5000.0,5002.96,0.06,CRISIL AAA,SEHF,SBI AMC,2026-08
INE756I07DX5,HDB Financial Services Ltd.,500.0,4998.92,0.06,CRISIL AAA,SEHF,SBI AMC,2026-08
INE296A07SV1,Bajaj Finance Ltd.,5000.0,4995.82,0.06,CRISIL AAA,SEHF,SBI AMC,2026-08
INE414G07JN3,Muthoot Finance Ltd.,5000.0,4986.8,0.06,CRISIL AA+,SEHF,SBI AMC,2026-08
INE414G07II5,Muthoot Finance Ltd.,5000.0,4975.48,0.06,CRISIL AA+,SEHF,SBI AMC,2026-08
INE062A08314,State Bank of India( AT1 Bond under Basel III ),45.0,4491.2,0.05,CRISIL AA+,SEHF,SBI AMC,2026-08
INE813H07309,Torrent Power Ltd.,4000.0,4061.88,0.05,CRISIL AA+,SEHF,SBI AMC,2026-08
INE813H07333,Torrent Power Ltd.,3000.0,3014.75,0.03,CRISIL AA+,SEHF,SBI AMC,2026-08
INE403D08256,Bharti Telecom Ltd.,2500.0,2523.98,0.03,CRISIL AAA,SEHF,SBI AMC,2026-08
INE403D08280,Bharti Telecom Ltd.,2500.0,2458.52,0.03,CRISIL AAA,SEHF,SBI AMC,2026-08
INE414G07JQ6,Muthoot Finance Ltd.,1500.0,1490.33,0.02,CRISIL AA+,SEHF,SBI AMC,2026-08
INE084A08169,Bank of India( AT1 Bond Under Basel III ),14.0,1413.08,0.02,CRISIL AA,SEHF,SBI AMC,2026-08
INE020B08EW9,REC Ltd.,1000.0,1001.99,0.01,CRISIL AAA,SEHF,SBI AMC,2026-08
INE2QI808033,JSW Kalinga Steel Ltd.,87500.0,90535.03,1.02,CRISIL AA,SEHF,SBI AMC,2026-08
INE02PE08036,JTPM Metal Traders Ltd.,65000.0,70071.69,0.79,CRISIL AA,SEHF,SBI AMC,2026-08
INE0H7R07058,National Highways Infra Trust,5000.0,2619.85,0.03,IND AAA,SEHF,SBI AMC,2026-08
INE1CBK15029,India Universal Trust AL2 (Obligor - HDFC Bank Ltd.),300.0,17036.19,0.19,CRISIL AAA(SO),SEHF,SBI AMC,2026-08
IN0020260025,6.94% CGL 2036,235500000.0,235297.94,2.65,Sovereign,SEHF,SBI AMC,2026-08
IN0020160118,6.79% CGL 2029,250000.0,252.52,,Sovereign,SEHF,SBI AMC,2026-08
IN0020210095,6.10% CGL 2031,130000.0,127.44,,Sovereign,SEHF,SBI AMC,2026-08
IN3420250489,8.06% State Government of West Bengal 2049,80000000.0,82494.4,0.93,Sovereign,SEHF,SBI AMC,2026-08
IN3120250474,7.52% State Government of Tamil Nadu 2055,25000000.0,24362.0,0.27,Sovereign,SEHF,SBI AMC,2026-08
IN3420250240,7.57% State Government of West Bengal 2046,10900000.0,10712.26,0.12,Sovereign,SEHF,SBI AMC,2026-08
IN2920260030,7.64% State Government of Rajasthan 2036,10500000.0,10473.78,0.12,Sovereign,SEHF,SBI AMC,2026-08
INE756I14GP0,HDB Financial Services Ltd.,10000.0,49673.1,0.56,CRISIL A1+,SEHF,SBI AMC,2026-08
INE261F14PT0,National Bank for Agriculture and Rural Development,500.0,2495.77,0.03,CRISIL A1+,SEHF,SBI AMC,2026-08
INE556F16BL5,Small Industries Development Bank of India,2000.0,9927.8,0.11,CRISIL A1+,SEHF,SBI AMC,2026-08
INE028A16MV2,Bank of Baroda,500.0,2367.51,0.03,IND A1+,SEHF,SBI AMC,2026-08
INE556F16CC2,Small Industries Development Bank of India,100.0,483.72,0.01,CRISIL A1+,SEHF,SBI AMC,2026-08
INE261F16AO8,National Bank for Agriculture and Rural Development,100.0,482.71,0.01,CRISIL A1+,SEHF,SBI AMC,2026-08
IN002026Z011,364 DAY T-BILL 08.04.27,50000000.0,48350.5,0.55,Sovereign,SEHF,SBI AMC,2026-08
INE0NR623014,Cube Highways Trust,4605263.0,7232.11,0.08,Transport Infrastructure,SEHF,SBI AMC,2026-08
INE0H7R23014,National Highways Infra Trust,1240.0,2.12,,Transport Infrastructure,SEHF,SBI AMC,2026-08
INE414G07JZ7,Muthoot Finance Ltd.,10000.0,9939.86,4.86,CRISIL AA+,SMIF,SBI AMC,2026-08
INE813H07283,Torrent Power Ltd.,7500.0,7613.38,3.72,CRISIL AA+,SMIF,SBI AMC,2026-08
INE814H07190,Adani Power Ltd.,7000.0,6960.03,3.4,CRISIL AA,SMIF,SBI AMC,2026-08
INE896L07AM2,Indostar Capital Finance Ltd.,7000.0,6950.16,3.4,CARE AA-,SMIF,SBI AMC,2026-08
INE154Z07011,Renew Solar Energy (Jharkhand Five) Pvt. Ltd.,7500.0,6821.25,3.33,CARE AA,SMIF,SBI AMC,2026-08
INE01WN07128,Motilal Oswal Finvest Ltd.,6000.0,6026.42,2.95,CRISIL AA+,SMIF,SBI AMC,2026-08
INE926X08015,H.G. Infra Engineering Ltd.,6000.0,5926.09,2.9,[ICRA]AA-,SMIF,SBI AMC,2026-08
INE607M08105,Tata Power Renewable Energy Ltd. (Guaranteed by Tata Power Ltd.),5000.0,5064.98,2.48,[ICRA]AA+,SMIF,SBI AMC,2026-08
INE651J07960,JM Financial Credit Solutions Ltd.,5000.0,5004.35,2.45,[ICRA]AA,SMIF,SBI AMC,2026-08
INE087P07501,Avanse Financial Services Ltd.,5000.0,4977.1,2.43,IND AA,SMIF,SBI AMC,2026-08
INE813H07440,Torrent Power Ltd.,2500.0,2504.62,1.22,CRISIL AA+,SMIF,SBI AMC,2026-08
INE316Z08022,Godrej Seeds & Genetics Ltd.,2500.0,2477.14,1.21,CRISIL AA,SMIF,SBI AMC,2026-08
INE316Z08048,Godrej Seeds & Genetics Ltd.,2500.0,2472.96,1.21,CRISIL AA,SMIF,SBI AMC,2026-08
INE245A08307,Tata Power Company Ltd.,2500.0,2467.34,1.21,CRISIL AA+,SMIF,SBI AMC,2026-08
INE316Z08030,Godrej Seeds & Genetics Ltd.,2500.0,2466.59,1.21,CRISIL AA,SMIF,SBI AMC,2026-08
INE316Z08014,Godrej Seeds & Genetics Ltd.,2500.0,2463.48,1.2,CRISIL AA,SMIF,SBI AMC,2026-08
INE403D08280,Bharti Telecom Ltd.,2500.0,2458.52,1.2,CRISIL AAA,SMIF,SBI AMC,2026-08
INE2QI808033,JSW Kalinga Steel Ltd.,7500.0,7760.15,3.79,CRISIL AA,SMIF,SBI AMC,2026-08
INE02PE08036,JTPM Metal Traders Ltd.,6000.0,6468.16,3.16,CRISIL AA,SMIF,SBI AMC,2026-08
INE0H7R07058,National Highways Infra Trust,7500.0,3929.78,1.92,IND AAA,SMIF,SBI AMC,2026-08
INE2I7F15012,Siddhivinayak Securitisation Trust (Obligor - Digital Fibre Infrastructure Trust),50.0,4884.88,2.39,CRISIL AAA(SO),SMIF,SBI AMC,2026-08
INE2I7G15010,Shivshakti Securitisation Trust (Obligor - Digital Fibre Infrastructure Trust),50.0,4858.75,2.37,CRISIL AAA(SO),SMIF,SBI AMC,2026-08
IN0020250075,7.24% CGL 2055,25000000.0,24067.45,11.76,Sovereign,SMIF,SBI AMC,2026-08
IN0020250042,6.68% CGL 2040,20000000.0,19307.44,9.44,Sovereign,SMIF,SBI AMC,2026-08
IN0020260025,6.94% CGL 2036,17500000.0,17484.99,8.55,Sovereign,SMIF,SBI AMC,2026-08
IN0020250018,6.90% CGL 2065,5000000.0,4539.03,2.22,Sovereign,SMIF,SBI AMC,2026-08
IN1320250021,6.90% State Government of Bihar 2035,10000000.0,9538.13,4.66,Sovereign,SMIF,SBI AMC,2026-08
IN2220260045,7.55% State Government of Maharashtra 2034,27000.0,27.11,0.01,Sovereign,SMIF,SBI AMC,2026-08
INF0RQ622028,Corporate Debt Market Development Fund-A2,5273.498,631.27,0.31,CDMDF,SMIF,SBI AMC,2026-08
INE2PB023011,Raajmarg Infra Investment Trust,517566.0,628.79,0.31,Transport Infrastructure,SMIF,SBI AMC,2026-08
INE101A01026,Mahindra & Mahindra Ltd.,450000.0,14769.0,5.22,Automobiles,SCOF,SBI AMC,2026-08
INE758T01015,Eternal Ltd.,4250000.0,13944.25,4.93,Retailing,SCOF,SBI AMC,2026-08
INE021A01026,Asian Paints Ltd.,525000.0,13931.4,4.93,Consumer Durables,SCOF,SBI AMC,2026-08
INE797F01020,Jubilant Foodworks Ltd.,2640600.0,13097.38,4.63,Leisure Services,SCOF,SBI AMC,2026-08
INE463A01038,Berger Paints India Ltd.,2085149.0,10378.83,3.67,Consumer Durables,SCOF,SBI AMC,2026-08
INE686F01025,United Breweries Ltd.,780000.0,10206.3,3.61,Beverages,SCOF,SBI AMC,2026-08
INE280A01028,Titan Company Ltd.,200000.0,10204.8,3.61,Consumer Durables,SCOF,SBI AMC,2026-08
INE216A01030,Britannia Industries Ltd.,183850.0,9652.13,3.41,Food Products,SCOF,SBI AMC,2026-08
INE200M01039,Varun Beverages Ltd.,2336875.0,9358.02,3.31,Beverages,SCOF,SBI AMC,2026-08
INE761H01022,Page Industries Ltd.,25809.0,9239.62,3.27,Textiles & Apparels,SCOF,SBI AMC,2026-08
INE259A01022,Colgate Palmolive (India) Ltd.,475000.0,9013.6,3.19,Personal Products,SCOF,SBI AMC,2026-08
INE585B01010,Maruti Suzuki India Ltd.,65000.0,8805.55,3.11,Automobiles,SCOF,SBI AMC,2026-08
INE066A01021,Eicher Motors Ltd.,110000.0,8748.85,3.09,Automobiles,SCOF,SBI AMC,2026-08
INE397D01024,Bharti Airtel Ltd.,475000.0,8606.53,3.04,Telecom - Services,SCOF,SBI AMC,2026-08
INE030A01027,Hindustan Unilever Ltd.,425000.0,8361.45,2.96,Diversified FMCG,SCOF,SBI AMC,2026-08
INE494B01023,TVS Motor Company Ltd.,175000.0,7597.28,2.69,Automobiles,SCOF,SBI AMC,2026-08
INE321T01012,Doms Industries Ltd.,318200.0,7103.82,2.51,Household Products,SCOF,SBI AMC,2026-08
INE226A01021,Voltas Ltd.,500750.0,5980.96,2.12,Consumer Durables,SCOF,SBI AMC,2026-08
INE230A01023,EIH Ltd.,2115751.0,5972.77,2.11,Leisure Services,SCOF,SBI AMC,2026-08
INE00H001014,Swiggy Ltd.,2000000.0,5638.0,1.99,Retailing,SCOF,SBI AMC,2026-08
INE845D01014,Ganesha Ecosphere Ltd.,550000.0,5619.35,1.99,Textiles & Apparels,SCOF,SBI AMC,2026-08
INE849A01020,Trent Ltd.,180000.0,5183.82,1.83,Retailing,SCOF,SBI AMC,2026-08
INE192R01011,Avenue Supermarts Ltd.,130000.0,5070.0,1.79,Retailing,SCOF,SBI AMC,2026-08
INE979B01015,Hawkins Cookers Ltd.,61501.0,4991.73,1.77,Consumer Durables,SCOF,SBI AMC,2026-08
INE1TAE01010,Tata Motors Ltd.,1000000.0,4711.0,1.67,"Agricultural, Commercial & Construction Vehicles",SCOF,SBI AMC,2026-08
INE102D01028,Godrej Consumer Products Ltd.,486943.0,4388.82,1.55,Personal Products,SCOF,SBI AMC,2026-08
INE158A01026,Hero MotoCorp Ltd.,75000.0,4087.5,1.45,Automobiles,SCOF,SBI AMC,2026-08
INE176B01034,Havells India Ltd.,325000.0,4043.33,1.43,Consumer Durables,SCOF,SBI AMC,2026-08
INE00Y201027,Flair Writing Industries Ltd.,1550000.0,3854.08,1.36,Household Products,SCOF,SBI AMC,2026-08
INE0CAZ01013,Urban Company Ltd.,2200000.0,3676.42,1.3,Retailing,SCOF,SBI AMC,2026-08
INE239A01024,Nestle India Ltd.,215666.0,3227.44,1.14,Food Products,SCOF,SBI AMC,2026-08
INE274F01020,Westlife Foodworld Ltd.,561453.0,3207.02,1.13,Leisure Services,SCOF,SBI AMC,2026-08
INE02RE01045,Brainbees Solutions Ltd.,1699255.0,3099.61,1.1,Retailing,SCOF,SBI AMC,2026-08
INE716A01013,Whirlpool of India Ltd.,385766.0,3098.28,1.1,Consumer Durables,SCOF,SBI AMC,2026-08
INE668F01031,Jyothy Labs Ltd.,1500000.0,3052.05,1.08,Household Products,SCOF,SBI AMC,2026-08
INE0ISX01025,Kusumgar Ltd.,500000.0,2907.25,1.03,Textiles & Apparels,SCOF,SBI AMC,2026-08
INE531A01024,Kansai Nerolac Paints Ltd.,1489205.0,2871.34,1.02,Consumer Durables,SCOF,SBI AMC,2026-08
INE951I01027,V-Guard Industries Ltd.,812502.0,2814.1,1.0,Consumer Durables,SCOF,SBI AMC,2026-08
INE01EA01019,Vishal Mega Mart Ltd.,2500000.0,2766.0,0.98,Retailing,SCOF,SBI AMC,2026-08
INE970X01018,Lemon Tree Hotels Ltd.,2500000.0,2656.25,0.94,Leisure Services,SCOF,SBI AMC,2026-08
INE782A01015,Bosch Home Comfort India Ltd.,150000.0,2598.6,0.92,Consumer Durables,SCOF,SBI AMC,2026-08
INE19RI01016,Tenneco Clean Air India Ltd.,420000.0,2223.48,0.79,Auto Components,SCOF,SBI AMC,2026-08
INE0VDM01015,Meesho Ltd.,1000000.0,2053.9,0.73,Retailing,SCOF,SBI AMC,2026-08
INE916U01025,Sheela Foam Ltd.,300000.0,1925.25,0.68,Consumer Durables,SCOF,SBI AMC,2026-08
INE278Y01022,Campus Activewear Ltd.,819651.0,1853.97,0.66,Consumer Durables,SCOF,SBI AMC,2026-08
INE142Q01026,Sula Vineyards Ltd.,807441.0,1188.55,0.42,Beverages,SCOF,SBI AMC,2026-08
INE131B01039,Relaxo Footwears Ltd.,290000.0,1037.77,0.37,Consumer Durables,SCOF,SBI AMC,2026-08
INE03NU01014,Brigade Hotel Ventures Ltd.,1001118.0,588.36,0.21,Leisure Services,SCOF,SBI AMC,2026-08
INE690A01028,TTK Prestige Ltd.,43875.0,256.14,0.09,Consumer Durables,SCOF,SBI AMC,2026-08
INE122R01018,Manpasand Beverages Ltd.,777068.0,0.0,,Beverages,SCOF,SBI AMC,2026-08
IN002025Z344,364 DAY T-BILL 19.11.26,300000.0,296.62,0.1,Sovereign,SCOF,SBI AMC,2026-08
INE397D01024,Bharti Airtel Ltd.,4000000.0,72476.0,16.15,Telecom - Services,STOF,SBI AMC,2026-08
INE009A01021,Infosys Ltd.,3500000.0,39683.0,8.84,IT - Software,STOF,SBI AMC,2026-08
INE467B01029,Tata Consultancy Services Ltd.,1420000.0,34070.06,7.59,IT - Software,STOF,SBI AMC,2026-08
INE758T01015,Eternal Ltd.,9000000.0,29529.0,6.58,Retailing,STOF,SBI AMC,2026-08
INE591G01025,Coforge Ltd.,1200000.0,23823.6,5.31,IT - Software,STOF,SBI AMC,2026-08
INE214T01019,LTM Ltd.,411229.0,18669.8,4.16,IT - Software,STOF,SBI AMC,2026-08
INE121R01077,Amagi Media Labs Ltd.,3000000.0,17025.0,3.79,IT - Services,STOF,SBI AMC,2026-08
INE684F01012,Firstsource Solutions Ltd.,6000000.0,15888.0,3.54,Commercial Services & Supplies,STOF,SBI AMC,2026-08
INE00H001014,Swiggy Ltd.,5000000.0,14095.0,3.14,Retailing,STOF,SBI AMC,2026-08
INE0UIZ01018,BlackBuck Ltd.,2200000.0,13063.6,2.91,Transport Services,STOF,SBI AMC,2026-08
INE262H01021,Persistent Systems Ltd.,220000.0,12307.9,2.74,IT - Software,STOF,SBI AMC,2026-08
INE417T01026,PB Fintech Ltd.,609031.0,11419.33,2.54,Financial Technology (Fintech),STOF,SBI AMC,2026-08
INE669C01036,Tech Mahindra Ltd.,700000.0,11396.0,2.54,IT - Software,STOF,SBI AMC,2026-08
INE860A01027,HCL Technologies Ltd.,800000.0,10497.6,2.34,IT - Software,STOF,SBI AMC,2026-08
INE093A01041,Hexaware Technologies Ltd.,1800011.0,9985.56,2.23,IT - Software,STOF,SBI AMC,2026-08
INE663F01032,Info Edge (India) Ltd.,733614.0,9632.35,2.15,Retailing,STOF,SBI AMC,2026-08
INE010V01017,L&T Technology Services Ltd.,200000.0,7216.8,1.61,IT - Services,STOF,SBI AMC,2026-08
INE388Y01029,FSN E-Commerce Ventures Ltd.,2000000.0,6991.0,1.56,Retailing,STOF,SBI AMC,2026-08
INE673O01025,TBO Tek Ltd.,328504.0,5732.72,1.28,Leisure Services,STOF,SBI AMC,2026-08
INE065X01017,Indegene Ltd.,892860.0,5461.18,1.22,Healthcare Services,STOF,SBI AMC,2026-08
INE0ILV01024,Capillary Technologies India Ltd.,800000.0,3951.2,0.88,IT - Software,STOF,SBI AMC,2026-08
INE468B01019,SIP Technologies  Ltd.,35014.0,0.0,,IT - Software,STOF,SBI AMC,2026-08
IN002025Z344,364 DAY T-BILL 19.11.26,300000.0,296.62,0.07,Sovereign,STOF,SBI AMC,2026-08
INE044A01036,Sun Pharmaceutical Industries Ltd.,3600000.0,71452.8,12.33,Pharmaceuticals & Biotechnology,SHOF,SBI AMC,2026-08
INE361B01024,Divi's Laboratories Ltd.,500000.0,47335.0,8.17,Pharmaceuticals & Biotechnology,SHOF,SBI AMC,2026-08
INE437A01024,Apollo Hospitals Enterprise Ltd.,320000.0,28475.2,4.91,Healthcare Services,SHOF,SBI AMC,2026-08
INE00FF01025,Acutaas Chemicals Ltd.,900000.0,28445.4,4.91,Pharmaceuticals & Biotechnology,SHOF,SBI AMC,2026-08
INE685A01028,Torrent Pharmaceuticals Ltd.,540000.0,27356.4,4.72,Pharmaceuticals & Biotechnology,SHOF,SBI AMC,2026-08
INE059A01026,Cipla Ltd.,1920000.0,27056.64,4.67,Pharmaceuticals & Biotechnology,SHOF,SBI AMC,2026-08
INE027H01010,Max Healthcare Institute Ltd.,2400000.0,25010.4,4.31,Healthcare Services,SHOF,SBI AMC,2026-08
INE947Q01028,Laurus Labs Ltd.,1200000.0,22980.0,3.96,Pharmaceuticals & Biotechnology,SHOF,SBI AMC,2026-08
INE406A01037,Aurobindo Pharma Ltd.,1318192.0,22633.36,3.9,Pharmaceuticals & Biotechnology,SHOF,SBI AMC,2026-08
INE914M01019,Aster DM Quality Care Ltd.,2700000.0,20412.0,3.52,Healthcare Services,SHOF,SBI AMC,2026-08
INE068V01023,Gland Pharma Ltd.,600000.0,17314.8,2.99,Pharmaceuticals & Biotechnology,SHOF,SBI AMC,2026-08
INE0CZ201020,Anthem Biosciences Ltd.,1880000.0,16789.34,2.9,Pharmaceuticals & Biotechnology,SHOF,SBI AMC,2026-08
INE0QPI01025,Sudeep Pharma Ltd.,1360000.0,16451.92,2.84,Chemicals & Petrochemicals,SHOF,SBI AMC,2026-08
INE061F01013,Fortis Healthcare Ltd.,1800000.0,16324.2,2.82,Healthcare Services,SHOF,SBI AMC,2026-08
INE376G01013,Biocon Ltd.,3750000.0,15450.0,2.67,Pharmaceuticals & Biotechnology,SHOF,SBI AMC,2026-08
INE682M01020,Jupiter Life Line Hospitals Ltd.,5000000.0,14780.0,2.55,Healthcare Services,SHOF,SBI AMC,2026-08
INE570L01029,Sai Life Sciences Ltd.,1000000.0,14597.0,2.52,Pharmaceuticals & Biotechnology,SHOF,SBI AMC,2026-08
INE338H01029,Concord Biotech Ltd.,960000.0,13882.56,2.4,Pharmaceuticals & Biotechnology,SHOF,SBI AMC,2026-08
INE0BWX01014,Aether Industries Ltd.,799674.0,13524.89,2.33,Chemicals & Petrochemicals,SHOF,SBI AMC,2026-08
INE205C01021,Polymedicure Ltd.,640000.0,11261.44,1.94,Healthcare Equipment & Supplies,SHOF,SBI AMC,2026-08
INE474Q01031,Global Health Ltd.,750000.0,11097.75,1.91,Healthcare Services,SHOF,SBI AMC,2026-08
INE031B01049,Ajanta Pharma Ltd.,299382.0,10783.44,1.86,Pharmaceuticals & Biotechnology,SHOF,SBI AMC,2026-08
INE967H01025,Krishna Institute of Medical Sciences Ltd.,1331126.0,10056.66,1.73,Healthcare Services,SHOF,SBI AMC,2026-08
INE03QK01018,Cohance Lifesciences Ltd.,2200000.0,10030.9,1.73,Pharmaceuticals & Biotechnology,SHOF,SBI AMC,2026-08
INE634S01028,Mankind Pharma Ltd.,400000.0,9676.8,1.67,Pharmaceuticals & Biotechnology,SHOF,SBI AMC,2026-08
INE600L01024,Dr. Lal Path labs Ltd.,440000.0,8512.24,1.47,Healthcare Services,SHOF,SBI AMC,2026-08
INE075I01017,Healthcare Global Enterprises Ltd.,1000000.0,7333.0,1.27,Healthcare Services,SHOF,SBI AMC,2026-08
INE398R01022,Syngene International Ltd.,1800000.0,7213.5,1.24,Healthcare Services,SHOF,SBI AMC,2026-08
INE428V01029,Nephrocare Health Service Pvt. Ltd.,1000000.0,6829.5,1.18,Healthcare Services,SHOF,SBI AMC,2026-08
INE961O01016,Rainbow Children's Medicare Ltd.,300000.0,4244.1,0.73,Healthcare Services,SHOF,SBI AMC,2026-08
INE358A01014,Abbott India Ltd.,7764.0,2006.99,0.35,Pharmaceuticals & Biotechnology,SHOF,SBI AMC,2026-08
INE742B01025,Gufic Biosciences Ltd.,400000.0,1665.4,0.29,Pharmaceuticals & Biotechnology,SHOF,SBI AMC,2026-08
IN002025Z344,364 DAY T-BILL 19.11.26,300000.0,296.62,0.05,Sovereign,SHOF,SBI AMC,2026-08
INE002A01018,Reliance Industries Ltd.,17717567.0,226253.33,4.75,Petroleum Products,SCF,SBI AMC,2026-08
INE090A01021,ICICI Bank Ltd.,14881550.0,216377.74,4.55,Banks,SCF,SBI AMC,2026-08
INE040A01034,HDFC Bank Ltd.,30449258.0,215885.24,4.54,Banks,SCF,SBI AMC,2026-08
INE376G01013,Biocon Ltd.,40073925.0,165104.57,3.47,Pharmaceuticals & Biotechnology,SCF,SBI AMC,2026-08
INE237A01036,Kotak Mahindra Bank Ltd.,32585889.0,136665.22,2.87,Banks,SCF,SBI AMC,2026-08
INE160A01022,Punjab National Bank,115846832.0,132331.84,2.78,Banks,SCF,SBI AMC,2026-08
INE121J01017,Indus Towers Ltd.,32126692.0,124908.58,2.62,Telecom - Services,SCF,SBI AMC,2026-08
INE129A01019,GAIL (India) Ltd.,61513788.0,109186.97,2.29,Gas,SCF,SBI AMC,2026-08
INE813H01021,Torrent Power Ltd.,8982410.0,109145.26,2.29,Power,SCF,SBI AMC,2026-08
INE774D01024,Mahindra & Mahindra Financial Services Ltd.,27007230.0,100736.97,2.12,Finance,SCF,SBI AMC,2026-08
INE081A01020,Tata Steel Ltd.,52067300.0,95986.07,2.02,Ferrous Metals,SCF,SBI AMC,2026-08
INE669C01036,Tech Mahindra Ltd.,5295681.0,86213.69,1.81,IT - Software,SCF,SBI AMC,2026-08
INE062A01020,State Bank of India,7500519.0,79505.5,1.67,Banks,SCF,SBI AMC,2026-08
INE154A01025,ITC Ltd.,31014741.0,79242.66,1.67,Diversified FMCG,SCF,SBI AMC,2026-08
INE388Y01029,FSN E-Commerce Ventures Ltd.,22188917.0,77561.36,1.63,Retailing,SCF,SBI AMC,2026-08
INE016A01026,Dabur India Ltd.,18846663.0,71805.79,1.51,Personal Products,SCF,SBI AMC,2026-08
INE914M01019,Aster DM Quality Care Ltd.,9199605.0,69549.01,1.46,Healthcare Services,SCF,SBI AMC,2026-08
INE880J01026,JSW Infrastructure Ltd.,20000000.0,68000.0,1.43,Transport Infrastructure,SCF,SBI AMC,2026-08
INE917I01010,Bajaj Auto Ltd.,557588.0,67635.42,1.42,Automobiles,SCF,SBI AMC,2026-08
INE238A01034,Axis Bank Ltd.,4904255.0,63755.32,1.34,Banks,SCF,SBI AMC,2026-08
INE148O01028,Delhivery Ltd.,13884606.0,63341.57,1.33,Transport Services,SCF,SBI AMC,2026-08
INE545U01014,Bandhan Bank Ltd.,38278980.0,62586.13,1.32,Banks,SCF,SBI AMC,2026-08
INE1TAE01010,Tata Motors Ltd.,12394339.0,58389.73,1.23,"Agricultural, Commercial & Construction Vehicles",SCF,SBI AMC,2026-08
INE038A01020,Hindalco Industries Ltd.,5640000.0,57271.38,1.2,Non - Ferrous Metals,SCF,SBI AMC,2026-08
INE397D01024,Bharti Airtel Ltd.,3152051.0,57112.01,1.2,Telecom - Services,SCF,SBI AMC,2026-08
INE775A01035,Samvardhana Motherson International Ltd.,33270766.0,56786.54,1.19,Auto Components,SCF,SBI AMC,2026-08
INE726G01019,ICICI Prudential Life Insurance Company Ltd.,10936099.0,56545.1,1.19,Insurance,SCF,SBI AMC,2026-08
INE213A01029,Oil & Natural Gas Corporation Ltd.,23896662.0,55392.46,1.16,Oil,SCF,SBI AMC,2026-08
INE059A01026,Cipla Ltd.,3836985.0,54070.79,1.14,Pharmaceuticals & Biotechnology,SCF,SBI AMC,2026-08
INE585B01010,Maruti Suzuki India Ltd.,393463.0,53302.43,1.12,Automobiles,SCF,SBI AMC,2026-08
INE848E01016,NHPC Ltd.,67000000.0,51402.4,1.08,Power,SCF,SBI AMC,2026-08
INE155A01022,Tata Motors Passenger Vehicles Ltd.,16394339.0,50633.92,1.06,Automobiles,SCF,SBI AMC,2026-08
INE242A01010,Indian Oil Corporation Ltd.,36049578.0,50155.78,1.05,Petroleum Products,SCF,SBI AMC,2026-08
INE628A01036,UPL Ltd.,8755000.0,49224.99,1.03,Fertilizers & Agrochemicals,SCF,SBI AMC,2026-08
INE982J01020,One 97 Communications Ltd.,2749563.0,47212.75,0.99,Financial Technology (Fintech),SCF,SBI AMC,2026-08
INE854D01024,United Spirits Ltd.,2937085.0,43762.57,0.92,Beverages,SCF,SBI AMC,2026-08
INE018A01030,Larsen & Toubro Ltd.,1005000.0,40651.25,0.85,Construction,SCF,SBI AMC,2026-08
INE121E01018,JSW Energy Ltd.,7523810.0,39153.91,0.82,Power,SCF,SBI AMC,2026-08
INE019A01038,JSW Steel Ltd.,2900000.0,37923.3,0.8,Ferrous Metals,SCF,SBI AMC,2026-08
INE047A01021,Grasim Industries Ltd.,1115585.0,37606.37,0.79,Cement & Cement Products,SCF,SBI AMC,2026-08
INE347G01014,Petronet LNG Ltd.,10827622.0,32547.83,0.68,Gas,SCF,SBI AMC,2026-08
INE716A01013,Whirlpool of India Ltd.,4040000.0,32447.26,0.68,Consumer Durables,SCF,SBI AMC,2026-08
INE634S01028,Mankind Pharma Ltd.,1328039.0,32127.92,0.68,Pharmaceuticals & Biotechnology,SCF,SBI AMC,2026-08
INE068V01023,Gland Pharma Ltd.,1113026.0,32119.7,0.67,Pharmaceuticals & Biotechnology,SCF,SBI AMC,2026-08
INE486A01021,CESC Ltd.,21853430.0,31940.97,0.67,Power,SCF,SBI AMC,2026-08
INE009A01021,Infosys Ltd.,2767311.0,31375.77,0.66,IT - Software,SCF,SBI AMC,2026-08
INE010A01011,Prism Johnson Ltd.,28111012.0,31265.07,0.66,Cement & Cement Products,SCF,SBI AMC,2026-08
INE536A01023,Grindwell Norton Ltd.,1496647.0,30277.17,0.64,Industrial Products,SCF,SBI AMC,2026-08
INE372A01015,Apar Industries Ltd.,168864.0,29892.31,0.63,Electrical Equipment,SCF,SBI AMC,2026-08
INE136S01016,Neogen Chemicals Ltd.,1248272.0,27476.96,0.58,Chemicals & Petrochemicals,SCF,SBI AMC,2026-08
INE406A01037,Aurobindo Pharma Ltd.,1564966.0,26870.47,0.56,Pharmaceuticals & Biotechnology,SCF,SBI AMC,2026-08
INE118D01016,Nuvoco Vistas Corporation Ltd.,8370435.0,26693.32,0.56,Cement & Cement Products,SCF,SBI AMC,2026-08
INE365D01021,Ashiana Housing Ltd.,7189147.0,26376.98,0.55,Realty,SCF,SBI AMC,2026-08
INE0J1Y01017,Life Insurance Corporation of India,6202440.0,25926.2,0.54,Insurance,SCF,SBI AMC,2026-08
INE584A01023,NMDC Ltd.,28539000.0,25171.4,0.53,Minerals & Mining,SCF,SBI AMC,2026-08
INE063P01018,Equitas Small Finance Bank Ltd.,33102195.0,24485.69,0.51,Banks,SCF,SBI AMC,2026-08
INE158A01026,Hero MotoCorp Ltd.,448770.0,24457.97,0.51,Automobiles,SCF,SBI AMC,2026-08
INE467B01029,Tata Consultancy Services Ltd.,932400.0,22371.07,0.47,IT - Software,SCF,SBI AMC,2026-08
INE930H01031,K.P.R. Mill Ltd.,1886132.0,22211.09,0.47,Textiles & Apparels,SCF,SBI AMC,2026-08
INE326A01037,Lupin Ltd.,995000.0,21774.58,0.46,Pharmaceuticals & Biotechnology,SCF,SBI AMC,2026-08
INE120A01034,Carborundum Universal Ltd.,1813724.0,20070.67,0.42,Industrial Products,SCF,SBI AMC,2026-08
INE613A01020,Rallis India Ltd.,9179514.0,19019.04,0.4,Fertilizers & Agrochemicals,SCF,SBI AMC,2026-08
INE331A01037,The Ramco Cements Ltd.,2106875.0,18531.02,0.39,Cement & Cement Products,SCF,SBI AMC,2026-08
INE012A01025,ACC Ltd.,1443171.0,18422.08,0.39,Cement & Cement Products,SCF,SBI AMC,2026-08
INE127D01025,HDFC Asset Management Co. Ltd.,648536.0,17005.26,0.36,Capital Markets,SCF,SBI AMC,2026-08
INE126A01031,E.I.D-Parry (India) Ltd.,2018414.0,16135.2,0.34,Food Products,SCF,SBI AMC,2026-08
INE201P01022,G R Infra projects Ltd.,1805754.0,15822.02,0.33,Construction,SCF,SBI AMC,2026-08
INE131C01011,Disa India Ltd.,114711.0,13861.68,0.29,Industrial Manufacturing,SCF,SBI AMC,2026-08
INE274C01019,WENDT (India) Ltd.,166363.0,13592.69,0.29,Industrial Products,SCF,SBI AMC,2026-08
INE022Q01020,Indian Energy Exchange Ltd.,11172975.0,13463.43,0.28,Capital Markets,SCF,SBI AMC,2026-08
INE398R01022,Syngene International Ltd.,2852228.0,11430.3,0.24,Healthcare Services,SCF,SBI AMC,2026-08
INE325A01013,Timken India Ltd.,362333.0,11412.04,0.24,Industrial Products,SCF,SBI AMC,2026-08
INE177A01018,Ingersoll Rand (India) Ltd.,229555.0,11129.97,0.23,Industrial Products,SCF,SBI AMC,2026-08
INE860A01027,HCL Technologies Ltd.,766100.0,10052.76,0.21,IT - Software,SCF,SBI AMC,2026-08
INE951I01027,V-Guard Industries Ltd.,2706470.0,9373.86,0.2,Consumer Durables,SCF,SBI AMC,2026-08
INE058A01010,Sanofi India Ltd.,251576.0,7859.23,0.17,Pharmaceuticals & Biotechnology,SCF,SBI AMC,2026-08
INE079J01017,Gateway Distriparks Ltd.,9934596.0,5343.82,0.11,Transport Services,SCF,SBI AMC,2026-08
INE084A01016,Bank of India,3286400.0,4653.21,0.1,Banks,SCF,SBI AMC,2026-08
INE461C01038,Greenply Industries Ltd.,1350179.0,3918.22,0.08,Consumer Durables,SCF,SBI AMC,2026-08
INE0FS801015,Motherson Sumi Wiring India Ltd.,10586727.0,3894.86,0.08,Auto Components,SCF,SBI AMC,2026-08
INE449A01011,Automotive Axles Ltd.,200000.0,3457.2,0.07,Auto Components,SCF,SBI AMC,2026-08
INE142Q01026,Sula Vineyards Ltd.,2036417.0,2997.61,0.06,Beverages,SCF,SBI AMC,2026-08
INE0NNS01018,NMDC Steel Ltd.,2606407.0,1203.9,0.03,Ferrous Metals,SCF,SBI AMC,2026-08
INE041025011,Embassy Office Parks Reit,10516950.0,46114.72,0.97,Realty,SCF,SBI AMC,2026-08
IN002026X099,91 DAY T-BILL 03.09.26,50000000.0,49985.75,1.05,Sovereign,SCF,SBI AMC,2026-08
IN002025Z328,364 DAY T-BILL 06.11.26,42500000.0,42100.63,0.88,Sovereign,SCF,SBI AMC,2026-08
IN002026X206,91 DAY T-BILL 19.11.26,30000000.0,29662.29,0.62,Sovereign,SCF,SBI AMC,2026-08
IN002026Y055,182 DAY T-BILL 05.11.26,7500000.0,7430.59,0.16,Sovereign,SCF,SBI AMC,2026-08
IN002025Z344,364 DAY T-BILL 19.11.26,1500000.0,1483.11,0.03,Sovereign,SCF,SBI AMC,2026-08
INE040A01034,HDFC Bank Ltd.,19357662.0,137245.82,9.85,Banks,SNIF,SBI AMC,2026-08
INE090A01021,ICICI Bank Ltd.,9055715.0,131670.1,9.45,Banks,SNIF,SBI AMC,2026-08
INE002A01018,Reliance Industries Ltd.,8539895.0,109054.46,7.83,Petroleum Products,SNIF,SBI AMC,2026-08
INE397D01024,Bharti Airtel Ltd.,3843997.0,69649.38,5.0,Telecom - Services,SNIF,SBI AMC,2026-08
INE018A01030,Larsen & Toubro Ltd.,1479567.0,59847.01,4.3,Construction,SNIF,SBI AMC,2026-08
INE062A01020,State Bank of India,5225148.0,55386.57,3.98,Banks,SNIF,SBI AMC,2026-08
INE009A01021,Infosys Ltd.,4433881.0,50271.34,3.61,IT - Software,SNIF,SBI AMC,2026-08
INE238A01034,Axis Bank Ltd.,3630420.0,47195.46,3.39,Banks,SNIF,SBI AMC,2026-08
INE237A01036,Kotak Mahindra Bank Ltd.,9307060.0,39033.81,2.8,Banks,SNIF,SBI AMC,2026-08
INE101A01026,Mahindra & Mahindra Ltd.,1128575.0,37039.83,2.66,Automobiles,SNIF,SBI AMC,2026-08
INE296A01032,Bajaj Finance Ltd.,3388109.0,35812.31,2.57,Finance,SNIF,SBI AMC,2026-08
INE154A01025,ITC Ltd.,12185640.0,31134.31,2.24,Diversified FMCG,SNIF,SBI AMC,2026-08
INE467B01029,Tata Consultancy Services Ltd.,1290630.0,30966.09,2.22,IT - Software,SNIF,SBI AMC,2026-08
INE758T01015,Eternal Ltd.,9138944.0,29984.88,2.15,Retailing,SNIF,SBI AMC,2026-08
INE280A01028,Titan Company Ltd.,521908.0,26629.83,1.91,Consumer Durables,SNIF,SBI AMC,2026-08
INE044A01036,Sun Pharmaceutical Industries Ltd.,1338542.0,26567.38,1.91,Pharmaceuticals & Biotechnology,SNIF,SBI AMC,2026-08
INE585B01010,Maruti Suzuki India Ltd.,164910.0,22340.36,1.6,Automobiles,SNIF,SBI AMC,2026-08
INE030A01027,Hindustan Unilever Ltd.,1121504.0,22064.47,1.58,Diversified FMCG,SNIF,SBI AMC,2026-08
INE721A01047,Shriram Finance Ltd.,1770370.0,19649.34,1.41,Finance,SNIF,SBI AMC,2026-08
INE733E01010,NTPC Ltd.,5992960.0,19620.95,1.41,Power,SNIF,SBI AMC,2026-08
INE081A01020,Tata Steel Ltd.,10449264.0,19263.22,1.38,Ferrous Metals,SNIF,SBI AMC,2026-08
INE263A01024,Bharat Electronics Ltd.,4527676.0,18764.95,1.35,Aerospace & Defense,SNIF,SBI AMC,2026-08
INE038A01020,Hindalco Industries Ltd.,1830310.0,18585.88,1.33,Non - Ferrous Metals,SNIF,SBI AMC,2026-08
INE860A01027,HCL Technologies Ltd.,1332736.0,17488.16,1.26,IT - Software,SNIF,SBI AMC,2026-08
INE481G01011,Ultratech Cement Ltd.,149590.0,17128.06,1.23,Cement & Cement Products,SNIF,SBI AMC,2026-08
INE917I01010,Bajaj Auto Ltd.,140003.0,16982.36,1.22,Automobiles,SNIF,SBI AMC,2026-08
INE047A01021,Grasim Industries Ltd.,476958.0,16078.25,1.15,Cement & Cement Products,SNIF,SBI AMC,2026-08
INE019A01038,JSW Steel Ltd.,1185669.0,15504.99,1.11,Ferrous Metals,SNIF,SBI AMC,2026-08
INE021A01026,Asian Paints Ltd.,571541.0,15166.41,1.09,Consumer Durables,SNIF,SBI AMC,2026-08
INE752E01010,Power Grid Corporation of India Ltd.,5724610.0,15087.21,1.08,Power,SNIF,SBI AMC,2026-08
INE646L01027,Interglobe Aviation Ltd.,286135.0,14976.31,1.08,Transport Services,SNIF,SBI AMC,2026-08
INE742F01042,Adani Ports and Special Economic Zone Ltd.,932585.0,14857.01,1.07,Transport Infrastructure,SNIF,SBI AMC,2026-08
INE918I01026,Bajaj Finserv Ltd.,731821.0,14790.1,1.06,Finance,SNIF,SBI AMC,2026-08
INE066A01021,Eicher Motors Ltd.,174213.0,13856.03,0.99,Automobiles,SNIF,SBI AMC,2026-08
INE239A01024,Nestle India Ltd.,906187.0,13561.09,0.97,Food Products,SNIF,SBI AMC,2026-08
INE669C01036,Tech Mahindra Ltd.,802823.0,13069.96,0.94,IT - Software,SNIF,SBI AMC,2026-08
INE522F01014,Coal India Ltd.,3027934.0,12164.72,0.87,Consumable Fuels,SNIF,SBI AMC,2026-08
INE849A01020,Trent Ltd.,420640.0,12114.01,0.87,Retailing,SNIF,SBI AMC,2026-08
INE437A01024,Apollo Hospitals Enterprise Ltd.,130089.0,11575.97,0.83,Healthcare Services,SNIF,SBI AMC,2026-08
INE213A01029,Oil & Natural Gas Corporation Ltd.,4910442.0,11382.4,0.82,Oil,SNIF,SBI AMC,2026-08
INE423A01024,Adani Enterprises Ltd.,364784.0,10429.54,0.75,Metals & Minerals Trading,SNIF,SBI AMC,2026-08
INE059A01026,Cipla Ltd.,711297.0,10023.6,0.72,Pharmaceuticals & Biotechnology,SNIF,SBI AMC,2026-08
INE758E01017,Jio Financial Services Ltd.,4147675.0,10010.41,0.72,Finance,SNIF,SBI AMC,2026-08
INE123W01016,SBI Life Insurance Co. Ltd.,567990.0,9885.87,0.71,Insurance,SNIF,SBI AMC,2026-08
INE027H01010,Max Healthcare Institute Ltd.,940798.0,9804.06,0.7,Healthcare Services,SNIF,SBI AMC,2026-08
INE089A01031,Dr. Reddy's Laboratories Ltd.,770579.0,8895.56,0.64,Pharmaceuticals & Biotechnology,SNIF,SBI AMC,2026-08
INE192A01025,Tata Consumer Products Ltd.,823221.0,8540.92,0.61,Agricultural Food & other Products,SNIF,SBI AMC,2026-08
INE155A01022,Tata Motors Passenger Vehicles Ltd.,2641913.0,8159.55,0.59,Automobiles,SNIF,SBI AMC,2026-08
INE795G01014,HDFC Life Insurance Company Ltd.,1359871.0,7388.86,0.53,Insurance,SNIF,SBI AMC,2026-08
INE075A01022,Wipro Ltd.,3423495.0,6316.35,0.45,IT - Software,SNIF,SBI AMC,2026-08
INE084101034,INDO-MIM Ltd.,41250.0,361.12,2.43,Industrial Manufacturing,SMCBF-SP,SBI AMC,2026-08
INE921L01032,Powerica Ltd.,63289.0,328.47,2.21,Electrical Equipment,SMCBF-SP,SBI AMC,2026-08
INE473B01035,Hatsun Agro Product Ltd.,20000.0,238.09,1.6,Food Products,SMCBF-SP,SBI AMC,2026-08
INE414G01012,Muthoot Finance Ltd.,7000.0,208.47,1.4,Finance,SMCBF-SP,SBI AMC,2026-08
INE622W01025,Acme Solar Holdings Ltd.,50000.0,200.98,1.35,Power,SMCBF-SP,SBI AMC,2026-08
INE979B01015,Hawkins Cookers Ltd.,2300.0,186.68,1.26,Consumer Durables,SMCBF-SP,SBI AMC,2026-08
INE085J01014,Thangamayil Jewellery Ltd.,3300.0,178.6,1.2,Consumer Durables,SMCBF-SP,SBI AMC,2026-08
INE073K01018,Sona Blw Precision Forgings Ltd.,21000.0,170.74,1.15,Auto Components,SMCBF-SP,SBI AMC,2026-08
INE0JPD01013,Sanathan Textiles Ltd.,37000.0,167.33,1.12,Textiles & Apparels,SMCBF-SP,SBI AMC,2026-08
INE930H01031,K.P.R. Mill Ltd.,14000.0,164.86,1.11,Textiles & Apparels,SMCBF-SP,SBI AMC,2026-08
INE931S01010,Adani Energy Solutions Ltd.,11000.0,155.91,1.05,Power,SMCBF-SP,SBI AMC,2026-08
INE126A01031,E.I.D-Parry (India) Ltd.,19000.0,151.89,1.02,Food Products,SMCBF-SP,SBI AMC,2026-08
INE450D01021,Pitti Engineering Ltd.,13000.0,143.83,0.97,Industrial Manufacturing,SMCBF-SP,SBI AMC,2026-08
INE423A01024,Adani Enterprises Ltd.,5000.0,142.96,0.96,Metals & Minerals Trading,SMCBF-SP,SBI AMC,2026-08
INE321T01012,Doms Industries Ltd.,5500.0,122.79,0.83,Household Products,SMCBF-SP,SBI AMC,2026-08
INE276A01018,Garware Technical Fibres Ltd.,15049.0,122.48,0.82,Textiles & Apparels,SMCBF-SP,SBI AMC,2026-08
INE880J01026,JSW Infrastructure Ltd.,33000.0,112.2,0.75,Transport Infrastructure,SMCBF-SP,SBI AMC,2026-08
INE230A01023,EIH Ltd.,33000.0,93.16,0.63,Leisure Services,SMCBF-SP,SBI AMC,2026-08
INE845D01014,Ganesha Ecosphere Ltd.,7000.0,71.52,0.48,Textiles & Apparels,SMCBF-SP,SBI AMC,2026-08
INE066O01014,Wonderla Holidays Ltd.,13000.0,69.84,0.47,Leisure Services,SMCBF-SP,SBI AMC,2026-08
INE131B01039,Relaxo Footwears Ltd.,14495.0,51.87,0.35,Consumer Durables,SMCBF-SP,SBI AMC,2026-08
INE122R01018,Manpasand Beverages Ltd.,103000.0,0.0,,Beverages,SMCBF-SP,SBI AMC,2026-08
INE020B08EW9,REC Ltd.,500.0,500.99,3.37,CRISIL AAA,SMCBF-SP,SBI AMC,2026-08
INE670K07315,Lodha Developers Ltd.,500.0,500.13,3.36,CRISIL AA,SMCBF-SP,SBI AMC,2026-08
INE115A07RF8,LIC Housing Finance Ltd.,500.0,499.25,3.36,CRISIL AAA,SMCBF-SP,SBI AMC,2026-08
INE261F08EO7,National Bank for Agriculture and Rural Development,500.0,498.58,3.35,CRISIL AAA,SMCBF-SP,SBI AMC,2026-08
INE556F08KX8,Small Industries Development Bank of India,500.0,497.57,3.35,CRISIL AAA,SMCBF-SP,SBI AMC,2026-08
INE787H08220,India Infrastructure Finance Company Ltd.,500.0,493.9,3.32,[ICRA]AAA,SMCBF-SP,SBI AMC,2026-08
INE414G07IS4,Muthoot Finance Ltd.,300.0,300.9,2.02,CRISIL AA+,SMCBF-SP,SBI AMC,2026-08
INE752E07OF7,Power Grid Corporation of India Ltd.,2.0,20.0,0.13,CRISIL AAA,SMCBF-SP,SBI AMC,2026-08
INE752E07OG5,Power Grid Corporation of India Ltd.,1.0,9.99,0.07,CRISIL AAA,SMCBF-SP,SBI AMC,2026-08
INE2QI808033,JSW Kalinga Steel Ltd.,500.0,517.34,3.48,CRISIL AA,SMCBF-SP,SBI AMC,2026-08
IN0020250042,6.68% CGL 2040,1500000.0,1448.06,9.74,Sovereign,SMCBF-SP,SBI AMC,2026-08
IN0020230085,7.18% CGL 2033,1000000.0,1021.53,6.87,Sovereign,SMCBF-SP,SBI AMC,2026-08
IN0020250091,6.48% CGL 2035,500000.0,485.51,3.26,Sovereign,SMCBF-SP,SBI AMC,2026-08
IN3120260028,7.73% State Government of Tamil Nadu 2036,500000.0,503.25,3.38,Sovereign,SMCBF-SP,SBI AMC,2026-08
IN2920250395,7.44% State Government of Rajasthan 2033,500000.0,499.79,3.36,Sovereign,SMCBF-SP,SBI AMC,2026-08
IN2920260030,7.64% State Government of Rajasthan 2036,500000.0,498.75,3.35,Sovereign,SMCBF-SP,SBI AMC,2026-08
IN1320260053,7.66% State Government of Bihar 2041,500000.0,498.02,3.35,Sovereign,SMCBF-SP,SBI AMC,2026-08
IN1920250256,7.47% State Government of Karnataka 2036,500000.0,494.47,3.32,Sovereign,SMCBF-SP,SBI AMC,2026-08
IN3120250854,7.57% State Government of Tamil Nadu 2038,419500.0,416.61,2.8,Sovereign,SMCBF-SP,SBI AMC,2026-08
INE160A16UH5,Punjab National Bank,100.0,485.54,3.26,CRISIL A1+,SMCBF-SP,SBI AMC,2026-08
IN001226C074,GOI 16.12.2026 GOV,375000.0,369.09,2.48,Sovereign,SMCBF-SP,SBI AMC,2026-08
INE2PB023011,Raajmarg Infra Investment Trust,25876.0,31.44,0.21,Transport Infrastructure,SMCBF-SP,SBI AMC,2026-08
INE916D147F0,Kotak Mahindra Prime Ltd.,4000.0,20000.0,0.85,CRISIL A1+,SOF,SBI AMC,2026-08
INE498L14FW1,L&T Finance Ltd.,1000.0,5000.0,0.21,CRISIL A1+,SOF,SBI AMC,2026-08
INE028E14WS4,Kotak Securities Ltd.,500.0,2500.0,0.11,CRISIL A1+,SOF,SBI AMC,2026-08
INE476A16J41,Canara Bank,34500.0,172500.0,7.37,CRISIL A1+,SOF,SBI AMC,2026-08
INE028A16MM1,Bank of Baroda,26500.0,132500.0,5.66,IND A1+,SOF,SBI AMC,2026-08
INE562A16RC9,Indian Bank,2500.0,12500.0,0.53,CRISIL A1+,SOF,SBI AMC,2026-08
INE160A16VE0,Punjab National Bank,2000.0,10000.0,0.43,CRISIL A1+,SOF,SBI AMC,2026-08
IN002025Y495,182 DAY T-BILL 10.09.26,25000000.0,24968.13,1.07,Sovereign,SOF,SBI AMC,2026-08
IN002025Y503,182 DAY T-BILL 18.09.26,21500000.0,21450.06,0.92,Sovereign,SOF,SBI AMC,2026-08
IN002025Z237,364 DAY T-BILL 03.09.26,20000000.0,19994.36,0.85,Sovereign,SOF,SBI AMC,2026-08
INE041025011,Embassy Office Parks Reit,1700000.0,7454.16,1.15,Realty,SMMDF,SBI AMC,2026-08
INE0CCU25019,Mindspace Business Parks Reit,1145004.0,5677.5,0.87,Realty,SMMDF,SBI AMC,2026-08
INE0FDU25010,Brookfield India Real Estate Trust,700000.0,2391.97,0.37,Realty,SMMDF,SBI AMC,2026-08
INE484J08055,Godrej Properties Ltd.,30000.0,30105.63,4.64,[ICRA]AA+,SMMDF,SBI AMC,2026-08
INE528G08345,Yes Bank Ltd.,2250.0,22495.07,3.47,[ICRA]AA,SMMDF,SBI AMC,2026-08
INE055A08052,Aditya Birla Real Estate Ltd.,22000.0,22084.46,3.4,CRISIL AA,SMMDF,SBI AMC,2026-08
INE154Z07011,Renew Solar Energy (Jharkhand Five) Pvt. Ltd.,24000.0,21828.0,3.36,CARE AA,SMMDF,SBI AMC,2026-08
INE0AY207061,Renserv Global Pvt Ltd.,20500.0,20516.67,3.16,CARE A(CE),SMMDF,SBI AMC,2026-08
INE01WN07128,Motilal Oswal Finvest Ltd.,20000.0,20088.08,3.1,CRISIL AA+,SMMDF,SBI AMC,2026-08
INE776C08075,GMR Airports Ltd.,18000.0,19191.83,2.96,CRISIL A+,SMMDF,SBI AMC,2026-08
INE192U07384,Kogta Financial (India) Ltd.,18500.0,18356.2,2.83,CARE AA-,SMMDF,SBI AMC,2026-08
INE1BEC07011,Gaursons India Pvt. Ltd.,18000.0,17959.66,2.77,[ICRA]A-,SMMDF,SBI AMC,2026-08
INE926X08015,H.G. Infra Engineering Ltd.,18000.0,17778.28,2.74,[ICRA]AA-,SMMDF,SBI AMC,2026-08
INE403D08264,Bharti Telecom Ltd.,15000.0,15190.68,2.34,CRISIL AAA,SMMDF,SBI AMC,2026-08
INE607M08105,Tata Power Renewable Energy Ltd. (Guaranteed by Tata Power Ltd.),14000.0,14181.94,2.19,[ICRA]AA+,SMMDF,SBI AMC,2026-08
INE916DA7TM9,Kotak Mahindra Prime Ltd.,9000.0,9004.03,1.39,CRISIL AAA,SMMDF,SBI AMC,2026-08
INE427F07021,Chalet Hotels Ltd.,7500.0,7481.19,1.15,CRISIL AA-,SMMDF,SBI AMC,2026-08
INE414G07JZ7,Muthoot Finance Ltd.,7500.0,7454.9,1.15,CRISIL AA+,SMMDF,SBI AMC,2026-08
INE115A07QK0,LIC Housing Finance Ltd.,750.0,7412.03,1.14,CRISIL AAA,SMMDF,SBI AMC,2026-08
INE245A08307,Tata Power Company Ltd.,7500.0,7402.01,1.14,CRISIL AA+,SMMDF,SBI AMC,2026-08
INE316Z08022,Godrej Seeds & Genetics Ltd.,6500.0,6440.57,0.99,CRISIL AA,SMMDF,SBI AMC,2026-08
INE316Z08048,Godrej Seeds & Genetics Ltd.,6500.0,6429.7,0.99,CRISIL AA,SMMDF,SBI AMC,2026-08
INE316Z08030,Godrej Seeds & Genetics Ltd.,6500.0,6413.13,0.99,CRISIL AA,SMMDF,SBI AMC,2026-08
INE316Z08014,Godrej Seeds & Genetics Ltd.,6500.0,6405.04,0.99,CRISIL AA,SMMDF,SBI AMC,2026-08
INE813H07234,Torrent Power Ltd.,500.0,5027.79,0.77,CRISIL AA+,SMMDF,SBI AMC,2026-08
INE896L07AP5,Indostar Capital Finance Ltd.,5000.0,5003.58,0.77,CARE AA-,SMMDF,SBI AMC,2026-08
INE0MT207015,NJ Capital Pvt. Ltd.,5000.0,4956.67,0.76,[ICRA]AA-,SMMDF,SBI AMC,2026-08
INE261F08EQ2,National Bank for Agriculture and Rural Development,5000.0,4909.11,0.76,[ICRA]AAA,SMMDF,SBI AMC,2026-08
INE563J08023,Astec Lifesciences Ltd.,4900.0,4898.77,0.75,[ICRA]AA-,SMMDF,SBI AMC,2026-08
INE813H07242,Torrent Power Ltd.,430.0,4372.94,0.67,CRISIL AA+,SMMDF,SBI AMC,2026-08
INE087P07501,Avanse Financial Services Ltd.,4000.0,3981.68,0.61,IND AA,SMMDF,SBI AMC,2026-08
INE752E08783,Power Grid Corporation of India Ltd.,3000.0,2885.05,0.44,CRISIL AAA,SMMDF,SBI AMC,2026-08
INE813H07283,Torrent Power Ltd.,2500.0,2537.79,0.39,CRISIL AA+,SMMDF,SBI AMC,2026-08
INE403D08256,Bharti Telecom Ltd.,2500.0,2523.98,0.39,CRISIL AAA,SMMDF,SBI AMC,2026-08
INE406M08011,Eris Lifesciences Ltd.,2500.0,2506.14,0.39,IND AA,SMMDF,SBI AMC,2026-08
INE658R07448,Motilal Oswal Home Finance Ltd.,2500.0,2502.8,0.39,[ICRA]AA+,SMMDF,SBI AMC,2026-08
INE556F08LD8,Small Industries Development Bank of India,2500.0,2494.52,0.38,CRISIL AAA,SMMDF,SBI AMC,2026-08
INE670K07315,Lodha Developers Ltd.,2000.0,2000.54,0.31,CRISIL AA,SMMDF,SBI AMC,2026-08
INE556F08KX8,Small Industries Development Bank of India,1500.0,1492.71,0.23,CRISIL AAA,SMMDF,SBI AMC,2026-08
INE2QI808033,JSW Kalinga Steel Ltd.,27000.0,27936.52,4.31,CRISIL AA,SMMDF,SBI AMC,2026-08
INE02PE08036,JTPM Metal Traders Ltd.,20000.0,21560.52,3.32,CRISIL AA,SMMDF,SBI AMC,2026-08
INE2I7F15012,Siddhivinayak Securitisation Trust (Obligor - Digital Fibre Infrastructure Trust),125.0,12212.2,1.88,CRISIL AAA(SO),SMMDF,SBI AMC,2026-08
INE2I7G15010,Shivshakti Securitisation Trust (Obligor - Digital Fibre Infrastructure Trust),125.0,12146.86,1.87,CRISIL AAA(SO),SMMDF,SBI AMC,2026-08
IN0020200120,6.75% CGL 2033,4500000.0,4693.2,0.72,Sovereign,SMMDF,SBI AMC,2026-08
IN0020260025,6.94% CGL 2036,45000000.0,44961.39,6.93,Sovereign,SMMDF,SBI AMC,2026-08
IN0020250042,6.68% CGL 2040,37500000.0,36201.45,5.58,Sovereign,SMMDF,SBI AMC,2026-08
IN0020250091,6.48% CGL 2035,14500000.0,14079.69,2.17,Sovereign,SMMDF,SBI AMC,2026-08
IN0020250075,7.24% CGL 2055,3500000.0,3369.44,0.52,Sovereign,SMMDF,SBI AMC,2026-08
IN0020250018,6.90% CGL 2065,2500000.0,2269.51,0.35,Sovereign,SMMDF,SBI AMC,2026-08
IN2920260030,7.64% State Government of Rajasthan 2036,11500000.0,11471.28,1.77,Sovereign,SMMDF,SBI AMC,2026-08
IN3120260051,7.74% State Government of Tamil Nadu 2036,7500000.0,7550.96,1.16,Sovereign,SMMDF,SBI AMC,2026-08
IN1520260101,7.61% State Government of Gujarat 2039,5000000.0,4986.77,0.77,Sovereign,SMMDF,SBI AMC,2026-08
IN3120260028,7.73% State Government of Tamil Nadu 2036,4500000.0,4529.26,0.7,Sovereign,SMMDF,SBI AMC,2026-08
IN3320260042,7.82% State Government of Uttar Pradesh 2046,2500000.0,2523.79,0.39,Sovereign,SMMDF,SBI AMC,2026-08
IN1320260053,7.66% State Government of Bihar 2041,2500000.0,2490.12,0.38,Sovereign,SMMDF,SBI AMC,2026-08
IN2920250163,7.49% State Government of Rajasthan 2035,2500000.0,2478.52,0.38,Sovereign,SMMDF,SBI AMC,2026-08
INE556F16CE8,Small Industries Development Bank of India,1500.0,7097.98,1.09,CRISIL A1+,SMMDF,SBI AMC,2026-08
INF0RQ622028,Corporate Debt Market Development Fund-A2,17860.507,2138.01,0.33,CDMDF,SMMDF,SBI AMC,2026-08
INE0NR623014,Cube Highways Trust,9400000.0,14761.76,2.28,Transport Infrastructure,SMMDF,SBI AMC,2026-08
INE2PB023011,Raajmarg Infra Investment Trust,4700000.0,5710.03,0.88,Transport Infrastructure,SMMDF,SBI AMC,2026-08
INE0KXY23015,Vertis Infrastructure Trust,4500000.0,5197.5,0.8,Transport Infrastructure,SMMDF,SBI AMC,2026-08
INE0Z8Z23013,Capital Infra Trust,700000.0,538.65,0.08,Construction,SMMDF,SBI AMC,2026-08
INE0H7R23014,National Highways Infra Trust,272701.0,466.32,0.07,Transport Infrastructure,SMMDF,SBI AMC,2026-08
INE033L07IC6,Tata Capital Housing Finance Ltd.,22500.0,22510.53,0.24,CRISIL AAA,SLF,SBI AMC,2026-08
INE692Q07449,Toyota Financial Services India Ltd.,20000.0,20002.94,0.22,[ICRA]AAA,SLF,SBI AMC,2026-08
INE261F08EB4,National Bank for Agriculture and Rural Development,15000.0,15008.94,0.16,CRISIL AAA,SLF,SBI AMC,2026-08
INE936D07174,Jamnagar Utilities & Power Pvt. Ltd.,1000.0,9993.88,0.11,CRISIL AAA,SLF,SBI AMC,2026-08
INE020B08FH7,REC Ltd.,5000.0,5004.39,0.05,CRISIL AAA,SLF,SBI AMC,2026-08
IN0020160035,6.97% CGL 2026,3000000.0,3000.67,0.03,Sovereign,SLF,SBI AMC,2026-08
IN1520210130,6.04% State Government of Gujarat 2026,10000000.0,10006.75,0.11,Sovereign,SLF,SBI AMC,2026-08
INE261F14PY0,National Bank for Agriculture and Rural Development,49000.0,242184.22,2.63,CRISIL A1+,SLF,SBI AMC,2026-08
INE556F14MO1,Small Industries Development Bank of India,40000.0,198040.8,2.15,CRISIL A1+,SLF,SBI AMC,2026-08
INE261F14PN3,National Bank for Agriculture and Rural Development,31500.0,157447.24,1.71,CRISIL A1+,SLF,SBI AMC,2026-08
INE790Z14059,Interise Trust,30000.0,149973.15,1.63,[ICRA]A1+,SLF,SBI AMC,2026-08
INE128M14BJ8,L&T Metro Rail (Hyderabad) Ltd.,26300.0,131003.98,1.42,CRISIL A1+,SLF,SBI AMC,2026-08
INE081A14HL7,Tata Steel Ltd.,24000.0,119184.72,1.29,[ICRA]A1+,SLF,SBI AMC,2026-08
INE280A14609,Titan Company Ltd.,20000.0,98840.5,1.07,[ICRA]A1+,SLF,SBI AMC,2026-08
INE763G14K53,ICICI Securities Ltd.,15000.0,74876.78,0.81,CRISIL A1+,SLF,SBI AMC,2026-08
INE700G14VA3,HDFC Securities Ltd.,15000.0,74367.98,0.81,CRISIL A1+,SLF,SBI AMC,2026-08
INE929O14FH0,Reliance Retail Ventures Ltd.,15000.0,74145.75,0.8,CRISIL A1+,SLF,SBI AMC,2026-08
INE674K14CV8,Aditya Birla Capital Ltd.,15000.0,74015.03,0.8,CRISIL A1+,SLF,SBI AMC,2026-08
INE763G14L11,ICICI Securities Ltd.,14500.0,72274.16,0.78,CRISIL A1+,SLF,SBI AMC,2026-08
INE572E14KL1,PNB Housing Finance Ltd.,14000.0,69831.02,0.76,CRISIL A1+,SLF,SBI AMC,2026-08
INE556F14MN3,Small Industries Development Bank of India,14000.0,69677.93,0.76,CRISIL A1+,SLF,SBI AMC,2026-08
INE018A14LX6,Larsen & Toubro Ltd.,12000.0,59970.24,0.65,CRISIL A1+,SLF,SBI AMC,2026-08
INE128M14BK6,L&T Metro Rail (Hyderabad) Ltd.,12000.0,59184.96,0.64,CRISIL A1+,SLF,SBI AMC,2026-08
INE282H14121,Jio Credit Ltd.,11000.0,54830.05,0.59,CRISIL A1+,SLF,SBI AMC,2026-08
INE115A14FW4,LIC Housing Finance Ltd.,10000.0,49932.55,0.54,CRISIL A1+,SLF,SBI AMC,2026-08
INE081A14HC6,Tata Steel Ltd.,10000.0,49931.55,0.54,[ICRA]A1+,SLF,SBI AMC,2026-08
INE700G14UG2,HDFC Securities Ltd.,10000.0,49927.0,0.54,CRISIL A1+,SLF,SBI AMC,2026-08
INE511C14ZP2,Poonawalla Fincorp Ltd.,10000.0,49926.7,0.54,CRISIL A1+,SLF,SBI AMC,2026-08
INE338I14MW1,Motilal Oswal Financial Services Ltd.,10000.0,49925.5,0.54,CRISIL A1+,SLF,SBI AMC,2026-08
INE763G14K61,ICICI Securities Ltd.,10000.0,49908.75,0.54,CRISIL A1+,SLF,SBI AMC,2026-08
INE763G14I81,ICICI Securities Ltd.,10000.0,49872.15,0.54,CRISIL A1+,SLF,SBI AMC,2026-08
INE028E14XC6,Kotak Securities Ltd.,10000.0,49862.7,0.54,CRISIL A1+,SLF,SBI AMC,2026-08
INE257A14AJ2,Bharat Heavy Electricals Ltd.,10000.0,49787.55,0.54,CRISIL A1+,SLF,SBI AMC,2026-08
INE733E14CE1,NTPC Ltd.,10000.0,49707.85,0.54,CRISIL A1+,SLF,SBI AMC,2026-08
INE733E14CF8,NTPC Ltd.,10000.0,49673.7,0.54,CRISIL A1+,SLF,SBI AMC,2026-08
INE756I14GP0,HDB Financial Services Ltd.,10000.0,49673.1,0.54,CRISIL A1+,SLF,SBI AMC,2026-08
INE700G14VD7,HDFC Securities Ltd.,10000.0,49464.95,0.54,CRISIL A1+,SLF,SBI AMC,2026-08
INE831R14GM9,Aditya Birla Housing Finance Ltd.,10000.0,49396.7,0.54,CRISIL A1+,SLF,SBI AMC,2026-08
INE296A14D13,Bajaj Finance Ltd.,10000.0,49394.6,0.54,CRISIL A1+,SLF,SBI AMC,2026-08
INE700G14VH8,HDFC Securities Ltd.,10000.0,49375.7,0.54,CRISIL A1+,SLF,SBI AMC,2026-08
INE261F14QB6,National Bank for Agriculture and Rural Development,10000.0,49365.15,0.54,CRISIL A1+,SLF,SBI AMC,2026-08
INE110O14JJ5,Axis Securities Ltd.,10000.0,49318.4,0.53,CRISIL A1+,SLF,SBI AMC,2026-08
INE572E14KM9,PNB Housing Finance Ltd.,8000.0,39853.72,0.43,CRISIL A1+,SLF,SBI AMC,2026-08
INE071G14IF5,ICICI Home Finance Co. Ltd.,8000.0,39538.72,0.43,[ICRA]A1+,SLF,SBI AMC,2026-08
INE121A14YW3,Cholamandalam Investment & Finance Co. Ltd.,8000.0,39492.96,0.43,CRISIL A1+,SLF,SBI AMC,2026-08
INE041014114,Embassy Office Parks Reit,8000.0,39485.04,0.43,CRISIL A1+,SLF,SBI AMC,2026-08
INE01C314GT2,Bajaj Financial Securities Ltd.,8000.0,39439.2,0.43,CRISIL A1+,SLF,SBI AMC,2026-08
INE028E14XB8,Kotak Securities Ltd.,7000.0,34910.65,0.38,CRISIL A1+,SLF,SBI AMC,2026-08
INE02KN14739,Godrej Finance Ltd.,7000.0,34908.72,0.38,CRISIL A1+,SLF,SBI AMC,2026-08
INE094A14KD1,Hindustan Petroleum Corporation Ltd.,7000.0,34905.36,0.38,CRISIL A1+,SLF,SBI AMC,2026-08
INE09OL14JO3,Birla Group Holding Pvt. Ltd.,7000.0,34888.95,0.38,CRISIL A1+,SLF,SBI AMC,2026-08
INE128M14BI0,L&T Metro Rail (Hyderabad) Ltd.,6900.0,34442.11,0.37,CRISIL A1+,SLF,SBI AMC,2026-08
INE02FN14929,IGH Holdings Pvt Ltd.,6000.0,30000.0,0.33,CRISIL A1+,SLF,SBI AMC,2026-08
INE028E14WU0,Kotak Securities Ltd.,6000.0,29989.38,0.33,CRISIL A1+,SLF,SBI AMC,2026-08
INE01C314GA2,Bajaj Financial Securities Ltd.,6000.0,29956.35,0.32,CRISIL A1+,SLF,SBI AMC,2026-08
INE338I14MY7,Motilal Oswal Financial Services Ltd.,6000.0,29921.55,0.32,CRISIL A1+,SLF,SBI AMC,2026-08
INE535H14JT6,SMFG India Credit Company Ltd.,6000.0,29907.39,0.32,CRISIL A1+,SLF,SBI AMC,2026-08
INE028E14XE2,Kotak Securities Ltd.,6000.0,29906.67,0.32,CRISIL A1+,SLF,SBI AMC,2026-08
INE09OL14JP0,Birla Group Holding Pvt. Ltd.,6000.0,29888.07,0.32,CRISIL A1+,SLF,SBI AMC,2026-08
INE028E14XM5,Kotak Securities Ltd.,6000.0,29632.41,0.32,CRISIL A1+,SLF,SBI AMC,2026-08
INE01C314FZ1,Bajaj Financial Securities Ltd.,5500.0,27470.44,0.3,CRISIL A1+,SLF,SBI AMC,2026-08
INE338I14NC1,Motilal Oswal Financial Services Ltd.,5500.0,27143.27,0.29,CRISIL A1+,SLF,SBI AMC,2026-08
INE929O14FA5,Reliance Retail Ventures Ltd.,5000.0,24995.85,0.27,CRISIL A1+,SLF,SBI AMC,2026-08
INE556F14MI3,Small Industries Development Bank of India,5000.0,24991.78,0.27,CRISIL A1+,SLF,SBI AMC,2026-08
INE929O14FB3,Reliance Retail Ventures Ltd.,5000.0,24970.68,0.27,CRISIL A1+,SLF,SBI AMC,2026-08
INE763G14K38,ICICI Securities Ltd.,5000.0,24968.05,0.27,CRISIL A1+,SLF,SBI AMC,2026-08
INE01C314GB0,Bajaj Financial Securities Ltd.,5000.0,24959.08,0.27,CRISIL A1+,SLF,SBI AMC,2026-08
INE028E14XA0,Kotak Securities Ltd.,5000.0,24954.53,0.27,CRISIL A1+,SLF,SBI AMC,2026-08
INE02KN14721,Godrej Finance Ltd.,5000.0,24953.58,0.27,CRISIL A1+,SLF,SBI AMC,2026-08
INE556F14ML7,Small Industries Development Bank of India,5000.0,24940.33,0.27,CRISIL A1+,SLF,SBI AMC,2026-08
INE522D14OT3,Manappuram Finance Ltd.,5000.0,24927.93,0.27,CRISIL A1+,SLF,SBI AMC,2026-08
INE338I14NA5,Motilal Oswal Financial Services Ltd.,5000.0,24925.05,0.27,CRISIL A1+,SLF,SBI AMC,2026-08
INE891K14QA2,Axis Finance Ltd.,5000.0,24923.1,0.27,CRISIL A1+,SLF,SBI AMC,2026-08
INE729N14IR9,TVS Credit Services Ltd.,5000.0,24921.4,0.27,CRISIL A1+,SLF,SBI AMC,2026-08
INE020B14706,REC Ltd.,5000.0,24915.35,0.27,CRISIL A1+,SLF,SBI AMC,2026-08
INE422H14529,DSP Finance Pvt. Ltd.,5000.0,24893.7,0.27,CRISIL A1+,SLF,SBI AMC,2026-08
INE511C14ZT4,Poonawalla Fincorp Ltd.,5000.0,24801.25,0.27,CRISIL A1+,SLF,SBI AMC,2026-08
INE763G14M51,ICICI Securities Ltd.,5000.0,24688.93,0.27,CRISIL A1+,SLF,SBI AMC,2026-08
INE824H14UV7,Julius Baer Capital (India) Pvt. Ltd.,5000.0,24675.63,0.27,CRISIL A1+,SLF,SBI AMC,2026-08
INE02FN14937,IGH Holdings Pvt Ltd.,4000.0,19992.74,0.22,CRISIL A1+,SLF,SBI AMC,2026-08
INE976I14QM0,TATA Capital Ltd.,4000.0,19945.9,0.22,CRISIL A1+,SLF,SBI AMC,2026-08
INE486A14GD7,CESC Ltd.,4000.0,19940.96,0.22,[ICRA]A1+,SLF,SBI AMC,2026-08
INE725H14EE6,Tata Projects Ltd.,4000.0,19929.46,0.22,CRISIL A1+,SLF,SBI AMC,2026-08
INE081A14HK9,Tata Steel Ltd.,4000.0,19916.84,0.22,[ICRA]A1+,SLF,SBI AMC,2026-08
INE572E14KQ0,PNB Housing Finance Ltd.,4000.0,19802.22,0.21,CRISIL A1+,SLF,SBI AMC,2026-08
INE02KN14770,Godrej Finance Ltd.,4000.0,19745.42,0.21,CRISIL A1+,SLF,SBI AMC,2026-08
INE725H14EI7,Tata Projects Ltd.,4000.0,19743.36,0.21,CRISIL A1+,SLF,SBI AMC,2026-08
INE486A14GG0,CESC Ltd.,4000.0,19739.9,0.21,[ICRA]A1+,SLF,SBI AMC,2026-08
INE725H14EJ5,Tata Projects Ltd.,4000.0,19729.3,0.21,CRISIL A1+,SLF,SBI AMC,2026-08
INE522D14PU8,Manappuram Finance Ltd.,4000.0,19708.72,0.21,CRISIL A1+,SLF,SBI AMC,2026-08
INE110O14IQ2,Axis Securities Ltd.,3000.0,14992.02,0.16,CRISIL A1+,SLF,SBI AMC,2026-08
INE957N14KN1,Hero FinCorp Ltd.,3000.0,14976.9,0.16,CRISIL A1+,SLF,SBI AMC,2026-08
INE957N14KO9,Hero FinCorp Ltd.,3000.0,14974.02,0.16,CRISIL A1+,SLF,SBI AMC,2026-08
INE484J14D57,Godrej Properties Ltd.,3000.0,14957.61,0.16,[ICRA]A1+,SLF,SBI AMC,2026-08
INE484J14D65,Godrej Properties Ltd.,3000.0,14954.97,0.16,[ICRA]A1+,SLF,SBI AMC,2026-08
INE422H14495,DSP Finance Pvt. Ltd.,3000.0,14953.56,0.16,CRISIL A1+,SLF,SBI AMC,2026-08
INE134E14AZ1,Power Finance Corporation Ltd.,3000.0,14798.21,0.16,CRISIL A1+,SLF,SBI AMC,2026-08
INE976I14RP1,TATA Capital Ltd.,2500.0,12484.26,0.14,CRISIL A1+,SLF,SBI AMC,2026-08
INE02FN14945,IGH Holdings Pvt Ltd.,2500.0,12483.73,0.14,CRISIL A1+,SLF,SBI AMC,2026-08
INE484J14F30,Godrej Properties Ltd.,2500.0,12351.64,0.13,[ICRA]A1+,SLF,SBI AMC,2026-08
INE09OL14JM7,Birla Group Holding Pvt. Ltd.,2000.0,9983.3,0.11,CRISIL A1+,SLF,SBI AMC,2026-08
INE484J14D40,Godrej Properties Ltd.,2000.0,9973.5,0.11,[ICRA]A1+,SLF,SBI AMC,2026-08
INE484J14F48,Godrej Properties Ltd.,2000.0,9879.51,0.11,[ICRA]A1+,SLF,SBI AMC,2026-08
INE582L14JT0,Tata Housing Development Co. Ltd.,2000.0,9876.01,0.11,IND A1+,SLF,SBI AMC,2026-08
INE484J14F55,Godrej Properties Ltd.,2000.0,9870.5,0.11,[ICRA]A1+,SLF,SBI AMC,2026-08
INE484J14F63,Godrej Properties Ltd.,2000.0,9868.7,0.11,[ICRA]A1+,SLF,SBI AMC,2026-08
INE261F14QA8,National Bank for Agriculture and Rural Development,1000.0,4938.24,0.05,CRISIL A1+,SLF,SBI AMC,2026-08
INE563J14DP5,Astec Lifesciences Ltd.,500.0,2492.26,0.03,[ICRA]A1+,SLF,SBI AMC,2026-08
INE563J14DO8,Astec Lifesciences Ltd.,500.0,2490.33,0.03,[ICRA]A1+,SLF,SBI AMC,2026-08
INE040A16KA5,HDFC Bank Ltd.,50000.0,246907.25,2.68,CRISIL A1+,SLF,SBI AMC,2026-08
INE160A16VS0,Punjab National Bank,50000.0,246847.75,2.68,CRISIL A1+,SLF,SBI AMC,2026-08
INE476A16K55,Canara Bank,44000.0,218309.74,2.37,CRISIL A1+,SLF,SBI AMC,2026-08
INE040A16JO8,HDFC Bank Ltd.,36000.0,179821.98,1.95,CRISIL A1+,SLF,SBI AMC,2026-08
INE028A16MS8,Bank of Baroda,30000.0,149653.65,1.62,IND A1+,SLF,SBI AMC,2026-08
INE692A16MX1,Union Bank of India,30000.0,148847.55,1.61,[ICRA]A1+,SLF,SBI AMC,2026-08
INE028A16KH5,Bank of Baroda,30000.0,148314.9,1.61,IND A1+,SLF,SBI AMC,2026-08
INE040A16JY7,HDFC Bank Ltd.,28000.0,138444.04,1.5,CRISIL A1+,SLF,SBI AMC,2026-08
INE692A16MS1,Union Bank of India,25000.0,124125.13,1.35,[ICRA]A1+,SLF,SBI AMC,2026-08
INE160A16VJ9,Punjab National Bank,20000.0,99733.8,1.08,CRISIL A1+,SLF,SBI AMC,2026-08
INE040A16JT7,HDFC Bank Ltd.,20000.0,99227.6,1.08,CRISIL A1+,SLF,SBI AMC,2026-08
INE483A16KZ4,Central Bank of India,20000.0,98784.3,1.07,CRISIL A1+,SLF,SBI AMC,2026-08
INE608A16TN3,Punjab & Sind Bank,20000.0,98497.3,1.07,[ICRA]A1+,SLF,SBI AMC,2026-08
INE092T16ZP2,IDFC First Bank Ltd.,18500.0,92359.03,1.0,CRISIL A1+,SLF,SBI AMC,2026-08
INE040A16JQ3,HDFC Bank Ltd.,15500.0,77303.85,0.84,CRISIL A1+,SLF,SBI AMC,2026-08
INE040A16HL8,HDFC Bank Ltd.,15000.0,74887.35,0.81,CRISIL A1+,SLF,SBI AMC,2026-08
INE092T16ZQ0,IDFC First Bank Ltd.,15000.0,74873.03,0.81,CRISIL A1+,SLF,SBI AMC,2026-08
INE160A16VR2,Punjab National Bank,15000.0,74618.25,0.81,CRISIL A1+,SLF,SBI AMC,2026-08
INE160A16VE0,Punjab National Bank,14000.0,70000.0,0.76,CRISIL A1+,SLF,SBI AMC,2026-08
INE028A16MR0,Bank of Baroda,14000.0,69885.34,0.76,IND A1+,SLF,SBI AMC,2026-08
INE608A16TK9,Punjab & Sind Bank,12000.0,59859.84,0.65,[ICRA]A1+,SLF,SBI AMC,2026-08
INE608A16TL7,Punjab & Sind Bank,10000.0,49874.05,0.54,[ICRA]A1+,SLF,SBI AMC,2026-08
INE036D16KL4,Karur Vysya Bank Ltd.,10000.0,49391.25,0.54,CRISIL A1+,SLF,SBI AMC,2026-08
INE168A16NQ4,The Jammu & Kashmir Bank Ltd.,10000.0,49273.7,0.53,CRISIL A1+,SLF,SBI AMC,2026-08
INE692A16ML6,Union Bank of India,9000.0,44873.06,0.49,[ICRA]A1+,SLF,SBI AMC,2026-08
INE483A16KV3,Central Bank of India,8000.0,39940.24,0.43,CRISIL A1+,SLF,SBI AMC,2026-08
INE008A161B2,IDBI Bank Ltd.,6000.0,29949.42,0.32,CRISIL A1+,SLF,SBI AMC,2026-08
INE01GA16301,DBS Bank Ltd.,6000.0,29898.03,0.32,CRISIL A1+,SLF,SBI AMC,2026-08
INE028A16MO7,Bank of Baroda,5000.0,24987.98,0.27,IND A1+,SLF,SBI AMC,2026-08
INE028A16MP4,Bank of Baroda,5000.0,24975.5,0.27,IND A1+,SLF,SBI AMC,2026-08
INE168A16NG5,The Jammu & Kashmir Bank Ltd.,5000.0,24937.93,0.27,CRISIL A1+,SLF,SBI AMC,2026-08
INE028A16MW0,Bank of Baroda,4500.0,22224.2,0.24,IND A1+,SLF,SBI AMC,2026-08
INE476A16J41,Canara Bank,4000.0,20000.0,0.22,CRISIL A1+,SLF,SBI AMC,2026-08
INE238AD6CQ9,Axis Bank Ltd.,3500.0,17455.88,0.19,CRISIL A1+,SLF,SBI AMC,2026-08
INE028A16MM1,Bank of Baroda,2500.0,12500.0,0.14,IND A1+,SLF,SBI AMC,2026-08
IN002026X107,91 DAY T-BILL 10.09.26,650000000.0,649171.25,7.04,Sovereign,SLF,SBI AMC,2026-08
IN002026X123,91 DAY T-BILL 24.09.26,175000000.0,174450.33,1.89,Sovereign,SLF,SBI AMC,2026-08
IN002026X156,91 DAY T-BILL 15.10.26,175000000.0,173928.13,1.89,Sovereign,SLF,SBI AMC,2026-08
IN002026X180,91 DAY T-BILL 05.11.26,170000000.0,168426.65,1.83,Sovereign,SLF,SBI AMC,2026-08
IN002025Y495,182 DAY T-BILL 10.09.26,100000000.0,99872.5,1.08,Sovereign,SLF,SBI AMC,2026-08
IN002025Z286,364 DAY T-BILL 08.10.26,92500000.0,92022.42,1.0,Sovereign,SLF,SBI AMC,2026-08
IN002026X115,91 DAY T-BILL 17.09.26,75000000.0,74835.98,0.81,Sovereign,SLF,SBI AMC,2026-08
IN002025Z252,364 DAY T-BILL 17.09.26,48000000.0,47895.02,0.52,Sovereign,SLF,SBI AMC,2026-08
IN002025Z278,364 DAY T-BILL 02.10.26,33000000.0,32858.33,0.36,Sovereign,SLF,SBI AMC,2026-08
IN002026Y063,182 DAY T-BILL 12.11.26,10000000.0,9897.58,0.11,Sovereign,SLF,SBI AMC,2026-08
INF0RQ622028,Corporate Debt Market Development Fund-A2,169786.288,20324.48,0.22,CDMDF,SLF,SBI AMC,2026-08
INE261F08EV2,National Bank for Agriculture and Rural Development,22500.0,22159.1,6.24,[ICRA]AAA,SDBF,SBI AMC,2026-08
INE296A07SV1,Bajaj Finance Ltd.,20000.0,19983.28,5.62,CRISIL AAA,SDBF,SBI AMC,2026-08
INE507T07104,Summit Digitel Infrastructure Pvt. Ltd.,1500.0,15473.52,4.36,CRISIL AAA,SDBF,SBI AMC,2026-08
INE020B08EW9,REC Ltd.,12500.0,12524.81,3.53,CRISIL AAA,SDBF,SBI AMC,2026-08
INE115A07RF8,LIC Housing Finance Ltd.,10000.0,9984.9,2.81,CRISIL AAA,SDBF,SBI AMC,2026-08
INE0MIZ07038,Anzen India Energy Yield Plus Trust,10000.0,9944.05,2.8,CRISIL AAA,SDBF,SBI AMC,2026-08
INE0H7R07058,National Highways Infra Trust,22500.0,11789.33,3.32,IND AAA,SDBF,SBI AMC,2026-08
INE2I7F15012,Siddhivinayak Securitisation Trust (Obligor - Digital Fibre Infrastructure Trust),100.0,9769.76,2.75,CRISIL AAA(SO),SDBF,SBI AMC,2026-08
INE1CBK15029,India Universal Trust AL2 (Obligor - HDFC Bank Ltd.),147.0,8347.73,2.35,CRISIL AAA(SO),SDBF,SBI AMC,2026-08
INE2I7G15010,Shivshakti Securitisation Trust (Obligor - Digital Fibre Infrastructure Trust),75.0,7288.12,2.05,CRISIL AAA(SO),SDBF,SBI AMC,2026-08
IN1020260072,7.28% State Government of Andhra Pradesh 2032,25000000.0,24830.6,6.99,Sovereign,SDBF,SBI AMC,2026-08
IN1320250278,7.86% State Government of Bihar 2039,5000000.0,5055.35,1.42,Sovereign,SDBF,SBI AMC,2026-08
INE976I14RM8,TATA Capital Ltd.,2000.0,9998.25,2.81,CRISIL A1+,SDBF,SBI AMC,2026-08
INE238AD6CP1,Axis Bank Ltd.,5000.0,24201.0,6.81,CRISIL A1+,SDBF,SBI AMC,2026-08
INE556F16CB4,Small Industries Development Bank of India,200.0,968.86,0.27,CRISIL A1+,SDBF,SBI AMC,2026-08
IN002026X115,91 DAY T-BILL 17.09.26,12500000.0,12472.66,3.51,Sovereign,SDBF,SBI AMC,2026-08
INF0RQ622028,Corporate Debt Market Development Fund-A2,10712.037,1282.3,0.36,CDMDF,SDBF,SBI AMC,2026-08
IN3320170043,7.52% State Government of Uttar Pradesh 2027,32500000.0,32839.07,1.02,Sovereign,SSF,SBI AMC,2026-08
IN3720160024,7.40% State Government of Jharkhand 2026,6476000.0,6496.02,0.2,Sovereign,SSF,SBI AMC,2026-08
IN1520210130,6.04% State Government of Gujarat 2026,5000000.0,5003.38,0.16,Sovereign,SSF,SBI AMC,2026-08
IN4520160115,7.40% State Government of Telangana 2026,4533200.0,4547.15,0.14,Sovereign,SSF,SBI AMC,2026-08
IN1720160028,7.39% State Government of Himachal Pradesh 2026,4274100.0,4287.32,0.13,Sovereign,SSF,SBI AMC,2026-08
IN1220160023,7.42% State Government of Assam 2026,3885600.0,3897.33,0.12,Sovereign,SSF,SBI AMC,2026-08
IN1020160413,7.25% State Government of Andhra Pradesh 2026,2611300.0,2624.2,0.08,Sovereign,SSF,SBI AMC,2026-08
IN3420160084,7.25% State Government of West Bengal 2026,2590400.0,2596.82,0.08,Sovereign,SSF,SBI AMC,2026-08
IN3320160226,7.39% State Government of Uttar Pradesh 2026,90400.0,90.46,,Sovereign,SSF,SBI AMC,2026-08
INE115A14FS2,LIC Housing Finance Ltd.,27000.0,130978.76,4.07,CRISIL A1+,SSF,SBI AMC,2026-08
INE282H14097,Jio Credit Ltd.,20000.0,96190.0,2.99,CRISIL A1+,SSF,SBI AMC,2026-08
INE525R14957,JM Financial Properties & Holdings Ltd.,9900.0,48718.89,1.51,CRISIL A1+,SSF,SBI AMC,2026-08
INE121A14YM4,Cholamandalam Investment & Finance Co. Ltd.,10000.0,48247.1,1.5,CRISIL A1+,SSF,SBI AMC,2026-08
INE282H14105,Jio Credit Ltd.,10000.0,48159.55,1.5,CRISIL A1+,SSF,SBI AMC,2026-08
INE498L14FQ3,L&T Finance Ltd.,10000.0,48092.5,1.49,CRISIL A1+,SSF,SBI AMC,2026-08
INE549K14CH1,Muthoot Fincorp Ltd.,7000.0,34184.96,1.06,CRISIL A1+,SSF,SBI AMC,2026-08
INE414G14VO2,Muthoot Finance Ltd.,7000.0,33661.81,1.05,CRISIL A1+,SSF,SBI AMC,2026-08
INE087P14846,Avanse Financial Services Ltd.,6000.0,29981.4,0.93,CRISIL A1+,SSF,SBI AMC,2026-08
INE660A14ZF2,Sundaram Finance Ltd.,6000.0,29225.28,0.91,CRISIL A1+,SSF,SBI AMC,2026-08
INE549K14CQ2,Muthoot Fincorp Ltd.,5000.0,24444.68,0.76,CRISIL A1+,SSF,SBI AMC,2026-08
INE417C14AP5,Pilani Investment & Industries Corporation Ltd.,5000.0,24052.05,0.75,CRISIL A1+,SSF,SBI AMC,2026-08
INE685A14187,Torrent Pharmaceuticals Ltd.,4500.0,22041.11,0.68,[ICRA]A1+,SSF,SBI AMC,2026-08
INE549K14CP4,Muthoot Fincorp Ltd.,4000.0,19932.06,0.62,CRISIL A1+,SSF,SBI AMC,2026-08
INE957N14KR2,Hero FinCorp Ltd.,4000.0,19625.92,0.61,CRISIL A1+,SSF,SBI AMC,2026-08
INE957N14KS0,Hero FinCorp Ltd.,4000.0,19621.9,0.61,CRISIL A1+,SSF,SBI AMC,2026-08
INE087P14887,Avanse Financial Services Ltd.,4000.0,19620.22,0.61,CRISIL A1+,SSF,SBI AMC,2026-08
INE414G14VM6,Muthoot Finance Ltd.,4000.0,19282.12,0.6,CRISIL A1+,SSF,SBI AMC,2026-08
INE692Q14BV9,Toyota Financial Services India Ltd.,4000.0,19256.72,0.6,CRISIL A1+,SSF,SBI AMC,2026-08
INE763G14L37,ICICI Securities Ltd.,4000.0,19206.08,0.6,CRISIL A1+,SSF,SBI AMC,2026-08
INE535H14JS8,SMFG India Credit Company Ltd.,3500.0,17414.34,0.54,CRISIL A1+,SSF,SBI AMC,2026-08
INE012I14SZ2,JM Financial Services Ltd.,3000.0,14669.6,0.46,CRISIL A1+,SSF,SBI AMC,2026-08
INE976I14RR7,TATA Capital Ltd.,3000.0,14448.96,0.45,CRISIL A1+,SSF,SBI AMC,2026-08
INE338I14ME9,Motilal Oswal Financial Services Ltd.,3000.0,14434.47,0.45,CRISIL A1+,SSF,SBI AMC,2026-08
INE02JD14815,Godrej Housing Finance Ltd.,3000.0,14419.77,0.45,CRISIL A1+,SSF,SBI AMC,2026-08
INE0CCU14138,Mindspace Business Parks Reit,2000.0,9975.44,0.31,[ICRA]A1+,SSF,SBI AMC,2026-08
INE422H14545,Dsp Investment Manager Pvt. Ltd.,2000.0,9883.7,0.31,CRISIL A1+,SSF,SBI AMC,2026-08
INE414G14VP9,Muthoot Finance Ltd.,2000.0,9627.39,0.3,CRISIL A1+,SSF,SBI AMC,2026-08
INE091A14EY6,Nirma Ltd.,1500.0,7469.29,0.23,CRISIL A1+,SSF,SBI AMC,2026-08
INE090AD6303,ICICI Bank Ltd.,30000.0,144698.55,4.49,[ICRA]A1+,SSF,SBI AMC,2026-08
INE0KUG16020,National Bank for Financing Infrastructure and Development,29000.0,140149.9,4.35,IND A1+,SSF,SBI AMC,2026-08
INE692A16KQ9,Union Bank of India,20000.0,98253.0,3.05,[ICRA]A1+,SSF,SBI AMC,2026-08
INE160A16UQ6,Punjab National Bank,20000.0,96622.8,3.0,CRISIL A1+,SSF,SBI AMC,2026-08
INE692A16KU1,Union Bank of India,19500.0,95035.88,2.95,[ICRA]A1+,SSF,SBI AMC,2026-08
INE160A16UD4,Punjab National Bank,17500.0,85045.19,2.64,CRISIL A1+,SSF,SBI AMC,2026-08
INE556F16CA6,Small Industries Development Bank of India,17000.0,82489.44,2.56,CRISIL A1+,SSF,SBI AMC,2026-08
INE476A16H43,Canara Bank,16900.0,81719.27,2.54,CRISIL A1+,SSF,SBI AMC,2026-08
INE028A16LR2,Bank of Baroda,16200.0,78320.52,2.43,IND A1+,SSF,SBI AMC,2026-08
INE008A168A9,IDBI Bank Ltd.,12000.0,57894.48,1.8,CRISIL A1+,SSF,SBI AMC,2026-08
INE562A16QH0,Indian Bank,10000.0,48606.7,1.51,CRISIL A1+,SSF,SBI AMC,2026-08
INE237AD6174,Kotak Mahindra Bank Ltd.,10000.0,48330.75,1.5,CRISIL A1+,SSF,SBI AMC,2026-08
INE476A16H92,Canara Bank,10000.0,48285.55,1.5,CRISIL A1+,SSF,SBI AMC,2026-08
INE261F16AO8,National Bank for Agriculture and Rural Development,10000.0,48270.65,1.5,CRISIL A1+,SSF,SBI AMC,2026-08
INE028A16LI1,Bank of Baroda,9000.0,43674.44,1.36,IND A1+,SSF,SBI AMC,2026-08
INE040A16IQ5,HDFC Bank Ltd.,9000.0,43526.34,1.35,CRISIL A1+,SSF,SBI AMC,2026-08
INE261F16AQ3,National Bank for Agriculture and Rural Development,7600.0,36635.34,1.14,CRISIL A1+,SSF,SBI AMC,2026-08
INE028A16LD2,Bank of Baroda,7400.0,36029.38,1.12,IND A1+,SSF,SBI AMC,2026-08
INE476A16G02,Canara Bank,7000.0,34165.88,1.06,CRISIL A1+,SSF,SBI AMC,2026-08
INE476A16G44,Canara Bank,7000.0,34032.22,1.06,CRISIL A1+,SSF,SBI AMC,2026-08
INE556F16CB4,Small Industries Development Bank of India,7000.0,33910.24,1.05,CRISIL A1+,SSF,SBI AMC,2026-08
INE261F16AG4,National Bank for Agriculture and Rural Development,6000.0,29189.25,0.91,CRISIL A1+,SSF,SBI AMC,2026-08
INE238AD6CP1,Axis Bank Ltd.,6000.0,29041.2,0.9,CRISIL A1+,SSF,SBI AMC,2026-08
INE565A16BT0,Indian Overseas Bank,6000.0,29014.41,0.9,CARE A1+,SSF,SBI AMC,2026-08
INE063P16BO5,Equitas Small Finance Bank Ltd.,5000.0,24497.43,0.76,CRISIL A1+,SSF,SBI AMC,2026-08
INE063P16BP2,Equitas Small Finance Bank Ltd.,5000.0,24492.7,0.76,CRISIL A1+,SSF,SBI AMC,2026-08
INE168A16NM3,The Jammu & Kashmir Bank Ltd.,5000.0,24144.3,0.75,CRISIL A1+,SSF,SBI AMC,2026-08
INE028A16KZ7,Bank of Baroda,4000.0,19524.46,0.61,IND A1+,SSF,SBI AMC,2026-08
INE238AD6BV1,Axis Bank Ltd.,4000.0,19514.98,0.61,CRISIL A1+,SSF,SBI AMC,2026-08
INE090AD6279,ICICI Bank Ltd.,4000.0,19469.5,0.6,[ICRA]A1+,SSF,SBI AMC,2026-08
INE556F16BY8,Small Industries Development Bank of India,4000.0,19427.1,0.6,CRISIL A1+,SSF,SBI AMC,2026-08
INE040A16IZ6,HDFC Bank Ltd.,3100.0,14965.47,0.46,CRISIL A1+,SSF,SBI AMC,2026-08
INE028A16LW2,Bank of Baroda,3000.0,14488.26,0.45,IND A1+,SSF,SBI AMC,2026-08
INE261F16AD1,National Bank for Agriculture and Rural Development,2500.0,12191.13,0.38,CRISIL A1+,SSF,SBI AMC,2026-08
INE040A16IO0,HDFC Bank Ltd.,2500.0,12103.71,0.38,CRISIL A1+,SSF,SBI AMC,2026-08
INE556F16BT8,Small Industries Development Bank of India,2400.0,11776.67,0.37,CRISIL A1+,SSF,SBI AMC,2026-08
INE160A16UH5,Punjab National Bank,2400.0,11652.85,0.36,CRISIL A1+,SSF,SBI AMC,2026-08
INE028A16KK9,Bank of Baroda,2000.0,9853.6,0.31,IND A1+,SSF,SBI AMC,2026-08
INE160A16TZ9,Punjab National Bank,2000.0,9816.45,0.3,CRISIL A1+,SSF,SBI AMC,2026-08
INE476A16H35,Canara Bank,2000.0,9674.38,0.3,CRISIL A1+,SSF,SBI AMC,2026-08
INE040A16IU7,HDFC Bank Ltd.,2000.0,9667.3,0.3,CRISIL A1+,SSF,SBI AMC,2026-08
INE476A16H84,Canara Bank,2000.0,9658.83,0.3,CRISIL A1+,SSF,SBI AMC,2026-08
INE028A16KI3,Bank of Baroda,1000.0,4942.98,0.15,IND A1+,SSF,SBI AMC,2026-08
INE028A16KO1,Bank of Baroda,1000.0,4917.68,0.15,IND A1+,SSF,SBI AMC,2026-08
INE261F16AF6,National Bank for Agriculture and Rural Development,1000.0,4869.32,0.15,CRISIL A1+,SSF,SBI AMC,2026-08
INE556F16BW2,Small Industries Development Bank of India,1000.0,4863.03,0.15,CRISIL A1+,SSF,SBI AMC,2026-08
INE261F16AM2,National Bank for Agriculture and Rural Development,1000.0,4834.11,0.15,CRISIL A1+,SSF,SBI AMC,2026-08
INE556F16BQ4,Small Industries Development Bank of India,500.0,2471.2,0.08,CRISIL A1+,SSF,SBI AMC,2026-08
INE556F16CC2,Small Industries Development Bank of India,500.0,2418.62,0.08,CRISIL A1+,SSF,SBI AMC,2026-08
INE692A16LM6,Union Bank of India,500.0,2418.36,0.08,[ICRA]A1+,SSF,SBI AMC,2026-08
IN002026Y121,182 DAY T-BILL 24.12.26,130000000.0,127883.08,3.97,Sovereign,SSF,SBI AMC,2026-08
IN002025Z484,364 DAY T-BILL 04.03.27,127500000.0,123966.85,3.85,Sovereign,SSF,SBI AMC,2026-08
IN002025Z476,364 DAY T-BILL 25.02.27,74500000.0,72527.91,2.25,Sovereign,SSF,SBI AMC,2026-08
IN002026Y063,182 DAY T-BILL 12.11.26,40000000.0,39590.32,1.23,Sovereign,SSF,SBI AMC,2026-08
IN002026X123,91 DAY T-BILL 24.09.26,25000000.0,24921.48,0.77,Sovereign,SSF,SBI AMC,2026-08
INF0RQ622028,Corporate Debt Market Development Fund-A2,81864.61,9799.71,0.3,CDMDF,SSF,SBI AMC,2026-08
INE154Z07011,Renew Solar Energy (Jharkhand Five) Pvt. Ltd.,11000.0,10004.5,4.58,CARE AA,SCRF,SBI AMC,2026-08
INE670K07315,Lodha Developers Ltd.,10000.0,10002.68,4.58,CRISIL AA,SCRF,SBI AMC,2026-08
INE725H08287,Tata Projects Ltd.,10000.0,9918.24,4.54,IND AA,SCRF,SBI AMC,2026-08
INE0MT207015,NJ Capital Pvt. Ltd.,10000.0,9913.34,4.54,[ICRA]AA-,SCRF,SBI AMC,2026-08
INE926X08015,H.G. Infra Engineering Ltd.,10000.0,9876.82,4.52,[ICRA]AA-,SCRF,SBI AMC,2026-08
INE0AY207061,Renserv Global Pvt Ltd.,8000.0,8006.5,3.66,CARE A(CE),SCRF,SBI AMC,2026-08
INE01QP08016,Aditya Birla Renewables Ltd.,7500.0,7512.02,3.44,CRISIL AA,SCRF,SBI AMC,2026-08
INE658R07448,Motilal Oswal Home Finance Ltd.,7500.0,7508.4,3.44,[ICRA]AA+,SCRF,SBI AMC,2026-08
INE192U07384,Kogta Financial (India) Ltd.,6500.0,6449.48,2.95,CARE AA-,SCRF,SBI AMC,2026-08
INE776C08075,GMR Airports Ltd.,6000.0,6397.28,2.93,CRISIL A+,SCRF,SBI AMC,2026-08
INE1BEC07011,Gaursons India Pvt. Ltd.,6000.0,5986.55,2.74,[ICRA]A-,SCRF,SBI AMC,2026-08
INE087P07501,Avanse Financial Services Ltd.,6000.0,5972.52,2.73,IND AA,SCRF,SBI AMC,2026-08
INE055A08052,Aditya Birla Real Estate Ltd.,5000.0,5019.2,2.3,CRISIL AA,SCRF,SBI AMC,2026-08
INE556F08LF3,Small Industries Development Bank of India,5000.0,4933.69,2.26,CRISIL AAA,SCRF,SBI AMC,2026-08
INE406M08029,Eris Lifesciences Ltd.,4500.0,4507.89,2.06,IND AA,SCRF,SBI AMC,2026-08
INE406M08011,Eris Lifesciences Ltd.,4000.0,4009.83,1.83,IND AA,SCRF,SBI AMC,2026-08
INE896L07AP5,Indostar Capital Finance Ltd.,2500.0,2501.79,1.14,CARE AA-,SCRF,SBI AMC,2026-08
INE916DA7TM9,Kotak Mahindra Prime Ltd.,2500.0,2501.12,1.14,CRISIL AAA,SCRF,SBI AMC,2026-08
INE316Z08022,Godrej Seeds & Genetics Ltd.,2500.0,2477.14,1.13,CRISIL AA,SCRF,SBI AMC,2026-08
INE316Z08048,Godrej Seeds & Genetics Ltd.,2500.0,2472.96,1.13,CRISIL AA,SCRF,SBI AMC,2026-08
INE316Z08030,Godrej Seeds & Genetics Ltd.,2500.0,2466.59,1.13,CRISIL AA,SCRF,SBI AMC,2026-08
INE316Z08014,Godrej Seeds & Genetics Ltd.,2500.0,2463.48,1.13,CRISIL AA,SCRF,SBI AMC,2026-08
INE528G08345,Yes Bank Ltd.,200.0,1999.56,0.91,[ICRA]AA,SCRF,SBI AMC,2026-08
INE787H08220,India Infrastructure Finance Company Ltd.,2000.0,1975.59,0.9,[ICRA]AAA,SCRF,SBI AMC,2026-08
INE916U08012,Sheela Foam Ltd.,1875.0,1875.85,0.86,IND AA,SCRF,SBI AMC,2026-08
INE153A08113,Mahanagar Telephone Nigam Ltd.,150.0,1483.15,0.68,IND AAA(CE),SCRF,SBI AMC,2026-08
INE556F08KX8,Small Industries Development Bank of India,500.0,497.57,0.23,CRISIL AAA,SCRF,SBI AMC,2026-08
INE02PE08036,JTPM Metal Traders Ltd.,9000.0,9702.23,4.44,CRISIL AA,SCRF,SBI AMC,2026-08
INE2QI808033,JSW Kalinga Steel Ltd.,7500.0,7760.15,3.55,CRISIL AA,SCRF,SBI AMC,2026-08
IN0020250042,6.68% CGL 2040,3000000.0,2896.12,1.33,Sovereign,SCRF,SBI AMC,2026-08
IN1920250256,7.47% State Government of Karnataka 2036,5000000.0,4944.66,2.26,Sovereign,SCRF,SBI AMC,2026-08
IN1320260053,7.66% State Government of Bihar 2041,4500000.0,4482.22,2.05,Sovereign,SCRF,SBI AMC,2026-08
IN3120260051,7.74% State Government of Tamil Nadu 2036,2500000.0,2516.99,1.15,Sovereign,SCRF,SBI AMC,2026-08
IN3320260026,7.72% State Government of Uttar Pradesh 2036,2205600.0,2211.88,1.01,Sovereign,SCRF,SBI AMC,2026-08
IN2220260045,7.55% State Government of Maharashtra 2034,514800.0,516.82,0.24,Sovereign,SCRF,SBI AMC,2026-08
IN2920260030,7.64% State Government of Rajasthan 2036,500000.0,498.75,0.23,Sovereign,SCRF,SBI AMC,2026-08
INE087P14846,Avanse Financial Services Ltd.,1000.0,4996.9,2.29,CRISIL A1+,SCRF,SBI AMC,2026-08
IN002025Z435,364 DAY T-BILL 28.01.27,5000000.0,4888.85,2.24,Sovereign,SCRF,SBI AMC,2026-08
INF0RQ622028,Corporate Debt Market Development Fund-A2,7082.646,847.84,0.39,CDMDF,SCRF,SBI AMC,2026-08
INE2PB023011,Raajmarg Infra Investment Trust,5814694.0,7064.27,3.23,Transport Infrastructure,SCRF,SBI AMC,2026-08
INE0NHL23019,Indus Infra Trust,4191522.0,5594.42,2.56,Transport Infrastructure,SCRF,SBI AMC,2026-08
INE0NR623014,Cube Highways Trust,3400000.0,5339.36,2.44,Transport Infrastructure,SCRF,SBI AMC,2026-08
INE0KXY23015,Vertis Infrastructure Trust,1900000.0,2194.5,1.0,Transport Infrastructure,SCRF,SBI AMC,2026-08
INE0Z8Z23013,Capital Infra Trust,1870610.0,1439.43,0.66,Construction,SCRF,SBI AMC,2026-08
INE296A01032,Bajaj Finance Ltd.,41000000.0,433370.0,8.46,Finance,SFEF,SBI AMC,2026-08
INE090A01021,ICICI Bank Ltd.,27000000.0,392580.0,7.66,Banks,SFEF,SBI AMC,2026-08
INE237A01036,Kotak Mahindra Bank Ltd.,70000000.0,293580.0,5.73,Banks,SFEF,SBI AMC,2026-08
INE062A01020,State Bank of India,27000000.0,286200.0,5.58,Banks,SFEF,SBI AMC,2026-08
INE397D01024,Bharti Airtel Ltd.,14000000.0,253666.0,4.95,Telecom - Services,SFEF,SBI AMC,2026-08
INE414G01012,Muthoot Finance Ltd.,8189269.0,243884.62,4.76,Finance,SFEF,SBI AMC,2026-08
INE343H01029,Solar Industries India Ltd.,1100000.0,221188.0,4.32,Chemicals & Petrochemicals,SFEF,SBI AMC,2026-08
INE814H01029,Adani Power Ltd.,110000000.0,217800.0,4.25,Power,SFEF,SBI AMC,2026-08
INE931S01010,Adani Energy Solutions Ltd.,15000000.0,212610.0,4.15,Power,SFEF,SBI AMC,2026-08
INE0J1Y01017,Life Insurance Corporation of India,42000000.0,175560.0,3.43,Insurance,SFEF,SBI AMC,2026-08
INE073K01018,Sona Blw Precision Forgings Ltd.,19000000.0,154479.5,3.01,Auto Components,SFEF,SBI AMC,2026-08
INE361B01024,Divi's Laboratories Ltd.,1570000.0,148631.9,2.9,Pharmaceuticals & Biotechnology,SFEF,SBI AMC,2026-08
INE423A01024,Adani Enterprises Ltd.,4900000.0,140095.9,2.73,Metals & Minerals Trading,SFEF,SBI AMC,2026-08
INE797F01020,Jubilant Foodworks Ltd.,25000000.0,124000.0,2.42,Leisure Services,SFEF,SBI AMC,2026-08
INE271C01023,DLF Ltd.,17312675.0,119639.24,2.33,Realty,SFEF,SBI AMC,2026-08
INE0VDM01015,Meesho Ltd.,58049785.0,119228.45,2.33,Retailing,SFEF,SBI AMC,2026-08
INE956O01016,Lenskart Solutions Ltd.,17734337.0,117472.25,2.29,Retailing,SFEF,SBI AMC,2026-08
INE066A01021,Eicher Motors Ltd.,1400000.0,111349.0,2.17,Automobiles,SFEF,SBI AMC,2026-08
INE473B01035,Hatsun Agro Product Ltd.,9200000.0,109521.4,2.14,Food Products,SFEF,SBI AMC,2026-08
INE152A01029,Thermax Ltd.,2300000.0,89736.8,1.75,Electrical Equipment,SFEF,SBI AMC,2026-08
INE813H01021,Torrent Power Ltd.,7000000.0,85057.0,1.66,Power,SFEF,SBI AMC,2026-08
INE01EA01019,Vishal Mega Mart Ltd.,70000000.0,77448.0,1.51,Retailing,SFEF,SBI AMC,2026-08
INE179A01014,Procter & Gamble Hygiene and Health Care Ltd.,900000.0,71815.5,1.4,Personal Products,SFEF,SBI AMC,2026-08
INE918I01026,Bajaj Finserv Ltd.,1232033.0,24899.39,0.49,Finance,SFEF,SBI AMC,2026-08
INE775A08105,Samvardhana Motherson International Ltd.,36300.0,40659.23,0.79,Auto Components,SFEF,SBI AMC,2026-08
IN002025Z344,364 DAY T-BILL 19.11.26,7500000.0,7415.57,0.14,Sovereign,SFEF,SBI AMC,2026-08
INE473D01015,Kingfa Science & Technology India Ltd.,289910.0,17541.0,1.72,Industrial Products,SCHF,SBI AMC,2026-08
INE376G01013,Biocon Ltd.,3800000.0,15656.0,1.53,Pharmaceuticals & Biotechnology,SCHF,SBI AMC,2026-08
INE021A01026,Asian Paints Ltd.,560000.0,14860.16,1.45,Consumer Durables,SCHF,SBI AMC,2026-08
INE090A01021,ICICI Bank Ltd.,920000.0,13376.8,1.31,Banks,SCHF,SBI AMC,2026-08
INE918I01026,Bajaj Finserv Ltd.,650000.0,13136.5,1.28,Finance,SCHF,SBI AMC,2026-08
INE238A01034,Axis Bank Ltd.,1010000.0,13130.0,1.28,Banks,SCHF,SBI AMC,2026-08
INE002A01018,Reliance Industries Ltd.,920000.0,11748.4,1.15,Petroleum Products,SCHF,SBI AMC,2026-08
INE536A01023,Grindwell Norton Ltd.,481630.0,9743.37,0.95,Industrial Products,SCHF,SBI AMC,2026-08
INE473B01035,Hatsun Agro Product Ltd.,768243.0,9145.55,0.89,Food Products,SCHF,SBI AMC,2026-08
INE795G01014,HDFC Life Insurance Company Ltd.,1650000.0,8965.28,0.88,Insurance,SCHF,SBI AMC,2026-08
INE068V01023,Gland Pharma Ltd.,308000.0,8888.26,0.87,Pharmaceuticals & Biotechnology,SCHF,SBI AMC,2026-08
INE040A01034,HDFC Bank Ltd.,1100000.0,7799.0,0.76,Banks,SCHF,SBI AMC,2026-08
INE059A01026,Cipla Ltd.,470000.0,6623.24,0.65,Pharmaceuticals & Biotechnology,SCHF,SBI AMC,2026-08
INE180A01020,Max Financial Services Ltd.,400000.0,6292.4,0.62,Insurance,SCHF,SBI AMC,2026-08
INE066O01014,Wonderla Holidays Ltd.,1125384.0,6046.13,0.59,Leisure Services,SCHF,SBI AMC,2026-08
INE120A01034,Carborundum Universal Ltd.,470000.0,5201.02,0.51,Industrial Products,SCHF,SBI AMC,2026-08
INE201P01022,G R Infra projects Ltd.,550000.0,4819.1,0.47,Construction,SCHF,SBI AMC,2026-08
INE710A01016,VST Industries Ltd.,2230896.0,4679.08,0.46,Cigarettes & Tobacco Products,SCHF,SBI AMC,2026-08
INE070A01015,Shree Cement Ltd.,20000.0,4640.0,0.45,Cement & Cement Products,SCHF,SBI AMC,2026-08
INE797F01020,Jubilant Foodworks Ltd.,830000.0,4116.8,0.4,Leisure Services,SCHF,SBI AMC,2026-08
INE371A01025,Graphite India Ltd.,560000.0,3934.28,0.38,Industrial Products,SCHF,SBI AMC,2026-08
INE183A01024,Finolex Industries Ltd.,2476176.0,3905.42,0.38,Industrial Products,SCHF,SBI AMC,2026-08
INE435A01051,Andhra Paper Ltd.,6400000.0,3884.16,0.38,"Paper, Forest & Jute Products",SCHF,SBI AMC,2026-08
INE871C01038,Avanti Feeds Ltd.,470000.0,3876.09,0.38,Food Products,SCHF,SBI AMC,2026-08
INE288B01029,Deepak Nitrite Ltd.,220000.0,3848.68,0.38,Chemicals & Petrochemicals,SCHF,SBI AMC,2026-08
INE195J01029,PNC Infratech Ltd.,2000000.0,3763.0,0.37,Construction,SCHF,SBI AMC,2026-08
INE102D01028,Godrej Consumer Products Ltd.,398000.0,3587.17,0.35,Personal Products,SCHF,SBI AMC,2026-08
INE976A01021,West Coast Paper Mills Ltd.,580841.0,3553.59,0.35,"Paper, Forest & Jute Products",SCHF,SBI AMC,2026-08
INE852O01025,Aptus Value Housing Finance India Ltd.,1371296.0,3412.47,0.33,Finance,SCHF,SBI AMC,2026-08
INE321T01012,Doms Industries Ltd.,148750.0,3320.84,0.32,Household Products,SCHF,SBI AMC,2026-08
INE088F01024,Paradeep Phosphates Ltd.,1799831.0,2880.45,0.28,Fertilizers & Agrochemicals,SCHF,SBI AMC,2026-08
INE782A01015,Bosch Home Comfort India Ltd.,155000.0,2685.22,0.26,Consumer Durables,SCHF,SBI AMC,2026-08
INE0BWX01014,Aether Industries Ltd.,155000.0,2621.52,0.26,Chemicals & Petrochemicals,SCHF,SBI AMC,2026-08
INE603J01030,PI Industries Ltd.,110000.0,2607.0,0.25,Fertilizers & Agrochemicals,SCHF,SBI AMC,2026-08
INE387A01021,Sundram Fasteners Ltd.,200000.0,2407.8,0.24,Auto Components,SCHF,SBI AMC,2026-08
INE189B01011,Styrenix Performance Materials Ltd.,110000.0,2202.42,0.22,Chemicals & Petrochemicals,SCHF,SBI AMC,2026-08
INE101I01011,Afcons Infrastructure Ltd.,754823.0,2156.15,0.21,Construction,SCHF,SBI AMC,2026-08
INE916U01025,Sheela Foam Ltd.,318337.0,2042.93,0.2,Consumer Durables,SCHF,SBI AMC,2026-08
INE276A01018,Garware Technical Fibres Ltd.,208297.0,1695.23,0.17,Textiles & Apparels,SCHF,SBI AMC,2026-08
INE845D01014,Ganesha Ecosphere Ltd.,159858.0,1633.27,0.16,Textiles & Apparels,SCHF,SBI AMC,2026-08
INE531A01024,Kansai Nerolac Paints Ltd.,757445.0,1460.43,0.14,Consumer Durables,SCHF,SBI AMC,2026-08
INE596I01020,Computer Age Management Services Ltd.,146000.0,1141.72,0.11,Capital Markets,SCHF,SBI AMC,2026-08
INE118D01016,Nuvoco Vistas Corporation Ltd.,48264.0,153.91,0.02,Cement & Cement Products,SCHF,SBI AMC,2026-08
INE261F08EV2,National Bank for Agriculture and Rural Development,32500.0,32007.59,3.13,[ICRA]AAA,SCHF,SBI AMC,2026-08
INE814H07190,Adani Power Ltd.,30000.0,29828.7,2.92,CRISIL AA,SCHF,SBI AMC,2026-08
INE813H07440,Torrent Power Ltd.,25000.0,25046.15,2.45,CRISIL AA+,SCHF,SBI AMC,2026-08
INE660A07RN7,Sundaram Finance Ltd.,25000.0,24913.33,2.44,CRISIL AAA,SCHF,SBI AMC,2026-08
INE245A08307,Tata Power Company Ltd.,25000.0,24673.35,2.41,CRISIL AA+,SCHF,SBI AMC,2026-08
INE01QP08016,Aditya Birla Renewables Ltd.,22500.0,22536.05,2.2,CRISIL AA,SCHF,SBI AMC,2026-08
INE115A07RF8,LIC Housing Finance Ltd.,22500.0,22466.03,2.2,CRISIL AAA,SCHF,SBI AMC,2026-08
INE115A07RJ0,LIC Housing Finance Ltd.,22500.0,22350.35,2.19,CRISIL AAA,SCHF,SBI AMC,2026-08
INE020B08GG7,REC Ltd.,22500.0,22154.29,2.17,CRISIL AAA,SCHF,SBI AMC,2026-08
INE121A08PT9,Cholamandalam Investment & Finance Co. Ltd.,20000.0,20141.04,1.97,[ICRA]AA+,SCHF,SBI AMC,2026-08
INE776C08075,GMR Airports Ltd.,17500.0,18658.73,1.82,CRISIL A+,SCHF,SBI AMC,2026-08
INE403D08256,Bharti Telecom Ltd.,18000.0,18172.66,1.78,CRISIL AAA,SCHF,SBI AMC,2026-08
INE233A08170,Godrej Industries Ltd.,17500.0,17181.4,1.68,CRISIL AA+,SCHF,SBI AMC,2026-08
INE01WN07128,Motilal Oswal Finvest Ltd.,17000.0,17074.87,1.67,CRISIL AA+,SCHF,SBI AMC,2026-08
INE403D08264,Bharti Telecom Ltd.,15000.0,15190.68,1.49,CRISIL AAA,SCHF,SBI AMC,2026-08
INE261F08EM1,National Bank for Agriculture and Rural Development,15000.0,14968.49,1.46,[ICRA]AAA,SCHF,SBI AMC,2026-08
INE414G07JX2,Muthoot Finance Ltd.,15000.0,14888.63,1.46,CRISIL AA+,SCHF,SBI AMC,2026-08
INE377Y07672,Bajaj Housing Finance Ltd.,15000.0,14837.84,1.45,CRISIL AAA,SCHF,SBI AMC,2026-08
INE121A08PU7,Cholamandalam Investment & Finance Co. Ltd.,12000.0,11932.98,1.17,[ICRA]AA+,SCHF,SBI AMC,2026-08
INE725H08287,Tata Projects Ltd.,10500.0,10414.15,1.02,IND AA,SCHF,SBI AMC,2026-08
INE219X07447,IndiGrid Infrastructure Trust,10000.0,10052.91,0.98,CRISIL AAA,SCHF,SBI AMC,2026-08
INE556F08LE6,Small Industries Development Bank of India,10000.0,9960.8,0.97,CRISIL AAA,SCHF,SBI AMC,2026-08
INE507T07153,Summit Digitel Infrastructure Pvt. Ltd.,10000.0,9917.46,0.97,CRISIL AAA,SCHF,SBI AMC,2026-08
INE153A08113,Mahanagar Telephone Nigam Ltd.,1000.0,9887.66,0.97,IND AAA(CE),SCHF,SBI AMC,2026-08
INE316Z08014,Godrej Seeds & Genetics Ltd.,10000.0,9853.91,0.96,CRISIL AA,SCHF,SBI AMC,2026-08
INE756I07FH3,HDB Financial Services Ltd.,10000.0,9844.52,0.96,CRISIL AAA,SCHF,SBI AMC,2026-08
INE936D07190,Jamnagar Utilities & Power Pvt. Ltd.,10000.0,9747.8,0.95,CRISIL AAA,SCHF,SBI AMC,2026-08
INE414G07JG7,Muthoot Finance Ltd.,7500.0,7561.64,0.74,CRISIL AA+,SCHF,SBI AMC,2026-08
INE296A07SV1,Bajaj Finance Ltd.,7500.0,7493.73,0.73,CRISIL AAA,SCHF,SBI AMC,2026-08
INE261F08EU4,National Bank for Agriculture and Rural Development,7500.0,7448.19,0.73,CRISIL AAA,SCHF,SBI AMC,2026-08
INE414G07IS4,Muthoot Finance Ltd.,7000.0,7021.01,0.69,CRISIL AA+,SCHF,SBI AMC,2026-08
INE406M08011,Eris Lifesciences Ltd.,6550.0,6566.09,0.64,IND AA,SCHF,SBI AMC,2026-08
INE219X07439,IndiGrid Infrastructure Trust,5000.0,5026.54,0.49,CRISIL AAA,SCHF,SBI AMC,2026-08
INE414G07IR6,Muthoot Finance Ltd.,5000.0,5006.43,0.49,CRISIL AA+,SCHF,SBI AMC,2026-08
INE916DA7TM9,Kotak Mahindra Prime Ltd.,5000.0,5002.24,0.49,CRISIL AAA,SCHF,SBI AMC,2026-08
INE115A07QW5,LIC Housing Finance Ltd.,5000.0,4999.1,0.49,CRISIL AAA,SCHF,SBI AMC,2026-08
INE261F08EO7,National Bank for Agriculture and Rural Development,5000.0,4985.81,0.49,CRISIL AAA,SCHF,SBI AMC,2026-08
INE774D07VP7,Mahindra & Mahindra Financial Services Ltd.,5000.0,4983.92,0.49,CRISIL AAA,SCHF,SBI AMC,2026-08
INE774D07VQ5,Mahindra & Mahindra Financial Services Ltd.,5000.0,4976.68,0.49,CRISIL AAA,SCHF,SBI AMC,2026-08
INE020B08GD4,REC Ltd.,5000.0,4974.29,0.49,CRISIL AAA,SCHF,SBI AMC,2026-08
INE316Z08022,Godrej Seeds & Genetics Ltd.,5000.0,4954.29,0.48,CRISIL AA,SCHF,SBI AMC,2026-08
INE316Z08048,Godrej Seeds & Genetics Ltd.,5000.0,4945.92,0.48,CRISIL AA,SCHF,SBI AMC,2026-08
INE316Z08030,Godrej Seeds & Genetics Ltd.,5000.0,4933.18,0.48,CRISIL AA,SCHF,SBI AMC,2026-08
INE033L07IP8,Tata Capital Housing Finance Ltd.,5000.0,4875.43,0.48,CRISIL AAA,SCHF,SBI AMC,2026-08
INE160A08282,Punjab National Bank( AT1 Bond under Basel III ),47.0,4749.18,0.46,IND AA+,SCHF,SBI AMC,2026-08
INE233A08204,Godrej Industries Ltd.,3125.0,3107.87,0.3,CRISIL AA+,SCHF,SBI AMC,2026-08
INE233A08212,Godrej Industries Ltd.,3125.0,3107.6,0.3,CRISIL AA+,SCHF,SBI AMC,2026-08
INE692A08193,Union Bank of India( AT1 Bond under Basel III ),30.0,3007.37,0.29,CRISIL AA+,SCHF,SBI AMC,2026-08
INE153A08105,Mahanagar Telephone Nigam Ltd.,100.0,995.07,0.1,IND AAA(CE),SCHF,SBI AMC,2026-08
INE02PE08036,JTPM Metal Traders Ltd.,27500.0,29645.72,2.9,CRISIL AA,SCHF,SBI AMC,2026-08
INE2QI808033,JSW Kalinga Steel Ltd.,22500.0,23280.44,2.28,CRISIL AA,SCHF,SBI AMC,2026-08
INE2I7F15012,Siddhivinayak Securitisation Trust (Obligor - Digital Fibre Infrastructure Trust),125.0,12212.2,1.19,CRISIL AAA(SO),SCHF,SBI AMC,2026-08
INE2I7G15010,Shivshakti Securitisation Trust (Obligor - Digital Fibre Infrastructure Trust),125.0,12146.86,1.19,CRISIL AAA(SO),SCHF,SBI AMC,2026-08
IN0020260025,6.94% CGL 2036,10000000.0,9991.42,0.98,Sovereign,SCHF,SBI AMC,2026-08
IN0020240191,6.79% CGL 2031,7500000.0,7549.16,0.74,Sovereign,SCHF,SBI AMC,2026-08
IN0020250141,6.36% CGL 2031,3000000.0,2973.56,0.29,Sovereign,SCHF,SBI AMC,2026-08
IN3120250474,7.52% State Government of Tamil Nadu 2055,10500000.0,10232.04,1.0,Sovereign,SCHF,SBI AMC,2026-08
IN2920230355,7.74% State Government of Rajasthan 2033,307200.0,311.84,0.03,Sovereign,SCHF,SBI AMC,2026-08
INE028A16LE0,Bank of Baroda,1000.0,4860.57,0.48,IND A1+,SCHF,SBI AMC,2026-08
INE476A16H92,Canara Bank,1000.0,4828.56,0.47,CRISIL A1+,SCHF,SBI AMC,2026-08
INE028A16LS0,Bank of Baroda,500.0,2416.0,0.24,IND A1+,SCHF,SBI AMC,2026-08
INE261F16AP5,National Bank for Agriculture and Rural Development,500.0,2409.87,0.24,CRISIL A1+,SCHF,SBI AMC,2026-08
INE160A16UE2,Punjab National Bank,300.0,1457.63,0.14,CRISIL A1+,SCHF,SBI AMC,2026-08
IN002026X214,91 DAY T-BILL 27.11.26,5000000.0,4937.98,0.48,Sovereign,SCHF,SBI AMC,2026-08
INF0RQ622028,Corporate Debt Market Development Fund-A2,25187.649,3015.12,0.29,CDMDF,SCHF,SBI AMC,2026-08
INE414G07JQ6,Muthoot Finance Ltd.,32500.0,32290.54,2.72,CRISIL AA+,SMUSD,SBI AMC,2026-08
INE814H07190,Adani Power Ltd.,30000.0,29828.7,2.51,CRISIL AA,SMUSD,SBI AMC,2026-08
INE087P07501,Avanse Financial Services Ltd.,25000.0,24885.5,2.09,IND AA,SMUSD,SBI AMC,2026-08
INE414G07JZ7,Muthoot Finance Ltd.,20000.0,19879.72,1.67,CRISIL AA+,SMUSD,SBI AMC,2026-08
INE406M08011,Eris Lifesciences Ltd.,15000.0,15036.86,1.27,IND AA,SMUSD,SBI AMC,2026-08
INE1TAE08049,Tata Motors Ltd.,1500.0,15022.58,1.26,CRISIL AA+,SMUSD,SBI AMC,2026-08
INE896L07AN0,Indostar Capital Finance Ltd.,15000.0,14893.25,1.25,CARE AA-,SMUSD,SBI AMC,2026-08
INE115A07RA9,LIC Housing Finance Ltd.,12500.0,12517.38,1.05,CRISIL AAA,SMUSD,SBI AMC,2026-08
INE093I07074,Oberoi Realty Ltd.,20000.0,11195.82,0.94,CARE AA+,SMUSD,SBI AMC,2026-08
INE634S07025,Mankind Pharma Ltd.,10000.0,10009.89,0.84,CRISIL AA+,SMUSD,SBI AMC,2026-08
INE658R07430,Motilal Oswal Home Finance Ltd.,10000.0,10007.22,0.84,[ICRA]AA+,SMUSD,SBI AMC,2026-08
INE725H08196,Tata Projects Ltd.,10000.0,9997.15,0.84,CRISIL AA,SMUSD,SBI AMC,2026-08
INE012I07116,JM Financial Services Ltd.,7500.0,7461.82,0.63,CRISIL AA,SMUSD,SBI AMC,2026-08
INE725H08204,Tata Projects Ltd.,5500.0,5495.08,0.46,IND AA,SMUSD,SBI AMC,2026-08
INE414G07JB8,Muthoot Finance Ltd.,5000.0,5011.27,0.42,CRISIL AA+,SMUSD,SBI AMC,2026-08
INE163K07139,Phoenix Arc Pvt. Ltd.,5000.0,4978.01,0.42,CRISIL AA,SMUSD,SBI AMC,2026-08
INE163K07147,Phoenix Arc Pvt. Ltd.,5000.0,4973.2,0.42,CRISIL AA,SMUSD,SBI AMC,2026-08
INE163K07154,Phoenix Arc Pvt. Ltd.,5000.0,4970.0,0.42,CRISIL AA,SMUSD,SBI AMC,2026-08
INE916U08012,Sheela Foam Ltd.,3500.0,3501.58,0.29,IND AA,SMUSD,SBI AMC,2026-08
INE813H07382,Torrent Power Ltd.,3100.0,3108.91,0.26,CRISIL AA+,SMUSD,SBI AMC,2026-08
INE721A07RQ0,Shriram Finance Ltd.,2500.0,2502.52,0.21,CRISIL AAA,SMUSD,SBI AMC,2026-08
INE651J07960,JM Financial Credit Solutions Ltd.,2500.0,2502.18,0.21,[ICRA]AA,SMUSD,SBI AMC,2026-08
INE523H07CB9,JM Financial Products Ltd.,5000.0,1668.43,0.14,CRISIL AA,SMUSD,SBI AMC,2026-08
INE2I7H15018,Radhakrishna Securitisation Trust (Obligor - Digital Fibre Infrastructure Trust),255.0,24742.7,2.08,CRISIL AAA(SO),SMUSD,SBI AMC,2026-08
IN1520210130,6.04% State Government of Gujarat 2026,11500000.0,11507.76,0.97,Sovereign,SMUSD,SBI AMC,2026-08
IN2220160088,7.15% State Government of Maharashtra 2026,4000000.0,4007.28,0.34,Sovereign,SMUSD,SBI AMC,2026-08
IN1020160371,7.42% State Government of Andhra Pradesh 2026,3500000.0,3510.79,0.3,Sovereign,SMUSD,SBI AMC,2026-08
IN1920160117,7.86% State Government of Karnataka 2027,2500000.0,2525.61,0.21,Sovereign,SMUSD,SBI AMC,2026-08
INE549K14CO7,Muthoot Fincorp Ltd.,8000.0,38261.08,3.22,CRISIL A1+,SMUSD,SBI AMC,2026-08
INE012I14SA5,JM Financial Services Ltd.,5000.0,24955.7,2.1,CRISIL A1+,SMUSD,SBI AMC,2026-08
INE549K14CC2,Muthoot Fincorp Ltd.,4000.0,19898.28,1.67,CRISIL A1+,SMUSD,SBI AMC,2026-08
INE976I14RM8,TATA Capital Ltd.,3000.0,14997.38,1.26,CRISIL A1+,SMUSD,SBI AMC,2026-08
INE261F16AM2,National Bank for Agriculture and Rural Development,17000.0,82179.79,6.92,CRISIL A1+,SMUSD,SBI AMC,2026-08
INE237AD6166,Kotak Mahindra Bank Ltd.,16000.0,77378.24,6.51,CRISIL A1+,SMUSD,SBI AMC,2026-08
INE040A16IZ6,HDFC Bank Ltd.,13000.0,62758.41,5.28,CRISIL A1+,SMUSD,SBI AMC,2026-08
INE160A16UD4,Punjab National Bank,11000.0,53456.98,4.5,CRISIL A1+,SMUSD,SBI AMC,2026-08
INE556F16CB4,Small Industries Development Bank of India,7800.0,37785.7,3.18,CRISIL A1+,SMUSD,SBI AMC,2026-08
INE238AD6CB1,Axis Bank Ltd.,5000.0,24531.13,2.06,CRISIL A1+,SMUSD,SBI AMC,2026-08
INE028A16LS0,Bank of Baroda,5000.0,24160.03,2.03,IND A1+,SMUSD,SBI AMC,2026-08
INE028A16LE0,Bank of Baroda,4000.0,19442.28,1.64,IND A1+,SMUSD,SBI AMC,2026-08
INE160A16UE2,Punjab National Bank,4000.0,19435.04,1.64,CRISIL A1+,SMUSD,SBI AMC,2026-08
INE028A16LI1,Bank of Baroda,4000.0,19410.86,1.63,IND A1+,SMUSD,SBI AMC,2026-08
INE040A16IQ5,HDFC Bank Ltd.,4000.0,19345.04,1.63,CRISIL A1+,SMUSD,SBI AMC,2026-08
INE476A16H43,Canara Bank,4000.0,19341.84,1.63,CRISIL A1+,SMUSD,SBI AMC,2026-08
INE160A16UM5,Punjab National Bank,4000.0,19341.84,1.63,CRISIL A1+,SMUSD,SBI AMC,2026-08
INE261F16AQ3,National Bank for Agriculture and Rural Development,3000.0,14461.32,1.22,CRISIL A1+,SMUSD,SBI AMC,2026-08
INE476A16I26,Canara Bank,3000.0,14452.11,1.22,CRISIL A1+,SMUSD,SBI AMC,2026-08
INE476A16I42,Canara Bank,2000.0,9978.55,0.84,CRISIL A1+,SMUSD,SBI AMC,2026-08
INE556F16BY8,Small Industries Development Bank of India,2000.0,9713.55,0.82,CRISIL A1+,SMUSD,SBI AMC,2026-08
INE476A16H01,Canara Bank,2000.0,9706.07,0.82,CRISIL A1+,SMUSD,SBI AMC,2026-08
INE476A16H35,Canara Bank,2000.0,9674.38,0.81,CRISIL A1+,SMUSD,SBI AMC,2026-08
INE028A16KW4,Bank of Baroda,1000.0,4908.69,0.41,IND A1+,SMUSD,SBI AMC,2026-08
INE238AD6CA3,Axis Bank Ltd.,1000.0,4907.23,0.41,CRISIL A1+,SMUSD,SBI AMC,2026-08
INE476A16G44,Canara Bank,1000.0,4861.75,0.41,CRISIL A1+,SMUSD,SBI AMC,2026-08
INE160A16UI3,Punjab National Bank,1000.0,4854.77,0.41,CRISIL A1+,SMUSD,SBI AMC,2026-08
INE692A16LU9,Union Bank of India,1000.0,4828.25,0.41,[ICRA]A1+,SMUSD,SBI AMC,2026-08
INE692A16LP9,Union Bank of India,1000.0,4825.66,0.41,[ICRA]A1+,SMUSD,SBI AMC,2026-08
INE476A16I00,Canara Bank,500.0,2420.44,0.2,CRISIL A1+,SMUSD,SBI AMC,2026-08
IN002026X164,91 DAY T-BILL 22.10.26,80000000.0,79433.92,6.69,Sovereign,SMUSD,SBI AMC,2026-08
IN002025Y495,182 DAY T-BILL 10.09.26,20000000.0,19974.5,1.68,Sovereign,SMUSD,SBI AMC,2026-08
IN001226C074,GOI 16.12.2026 GOV,4500000.0,4429.04,0.37,Sovereign,SMUSD,SBI AMC,2026-08
INF0RQ622028,Corporate Debt Market Development Fund-A2,41089.532,4918.67,0.41,CDMDF,SMUSD,SBI AMC,2026-08
INE007A01025,CRISIL Ltd.,1700000.0,81970.6,3.34,Finance,SMIDCAP,SBI AMC,2026-08
INE745G01043,Multi Commodity Exchange of India Ltd.,2200000.0,74800.0,3.05,Capital Markets,SMIDCAP,SBI AMC,2026-08
INE813H01021,Torrent Power Ltd.,6000000.0,72906.0,2.97,Power,SMIDCAP,SBI AMC,2026-08
INE195A01028,Supreme Industries Ltd.,2000000.0,71180.0,2.9,Industrial Products,SMIDCAP,SBI AMC,2026-08
INE257A01026,Bharat Heavy Electricals Ltd.,15000000.0,66397.5,2.71,Electrical Equipment,SMIDCAP,SBI AMC,2026-08
INE376G01013,Biocon Ltd.,15598584.0,64266.17,2.62,Pharmaceuticals & Biotechnology,SMIDCAP,SBI AMC,2026-08
INE171A01029,The Federal Bank Ltd.,18000000.0,64206.0,2.62,Banks,SMIDCAP,SBI AMC,2026-08
INE660A01013,Sundaram Finance Ltd.,1393043.0,63244.15,2.58,Finance,SMIDCAP,SBI AMC,2026-08
INE388Y01029,FSN E-Commerce Ventures Ltd.,18000000.0,62919.0,2.57,Retailing,SMIDCAP,SBI AMC,2026-08
INE765G01017,ICICI Lombard General Insurance Company Ltd.,3999975.0,62675.61,2.56,Insurance,SMIDCAP,SBI AMC,2026-08
INE070A01015,Shree Cement Ltd.,250000.0,58000.0,2.37,Cement & Cement Products,SMIDCAP,SBI AMC,2026-08
INE0CAZ01013,Urban Company Ltd.,34697403.0,57982.83,2.36,Retailing,SMIDCAP,SBI AMC,2026-08
INE465A01025,Bharat Forge Ltd.,2700000.0,56832.3,2.32,Auto Components,SMIDCAP,SBI AMC,2026-08
INE003A01024,Siemens Ltd.,1403118.0,56545.66,2.31,Electrical Equipment,SMIDCAP,SBI AMC,2026-08
INE647A01010,SRF Ltd.,2100000.0,53768.4,2.19,Chemicals & Petrochemicals,SMIDCAP,SBI AMC,2026-08
INE406A01037,Aurobindo Pharma Ltd.,3038512.0,52171.25,2.13,Pharmaceuticals & Biotechnology,SMIDCAP,SBI AMC,2026-08
INE726G01019,ICICI Prudential Life Insurance Company Ltd.,10000000.0,51705.0,2.11,Insurance,SMIDCAP,SBI AMC,2026-08
INE463A01038,Berger Paints India Ltd.,10260000.0,51069.15,2.08,Consumer Durables,SMIDCAP,SBI AMC,2026-08
INE536A01023,Grindwell Norton Ltd.,2500000.0,50575.0,2.06,Industrial Products,SMIDCAP,SBI AMC,2026-08
INE093I01010,Oberoi Realty Ltd.,2700000.0,50436.0,2.06,Realty,SMIDCAP,SBI AMC,2026-08
INE387A01021,Sundram Fasteners Ltd.,4000000.0,48156.0,1.96,Auto Components,SMIDCAP,SBI AMC,2026-08
INE756I01012,HDB Financial Services Ltd.,7000000.0,47764.5,1.95,Finance,SMIDCAP,SBI AMC,2026-08
INE326A01037,Lupin Ltd.,2100000.0,45956.4,1.87,Pharmaceuticals & Biotechnology,SMIDCAP,SBI AMC,2026-08
INE0FS801015,Motherson Sumi Wiring India Ltd.,120000000.0,44148.0,1.8,Auto Components,SMIDCAP,SBI AMC,2026-08
INE00R701025,Dalmia Bharat Ltd.,2300000.0,42692.6,1.74,Cement & Cement Products,SMIDCAP,SBI AMC,2026-08
INE212H01026,AIA Engineering Ltd.,1000000.0,42575.0,1.74,Industrial Products,SMIDCAP,SBI AMC,2026-08
INE931S01010,Adani Energy Solutions Ltd.,3000000.0,42522.0,1.73,Power,SMIDCAP,SBI AMC,2026-08
INE466L01038,360 ONE WAM Ltd.,3600000.0,42300.0,1.73,Capital Markets,SMIDCAP,SBI AMC,2026-08
INE019A01038,JSW Steel Ltd.,3000000.0,39231.0,1.6,Ferrous Metals,SMIDCAP,SBI AMC,2026-08
INE0CZ201020,Anthem Biosciences Ltd.,4318200.0,38563.69,1.57,Pharmaceuticals & Biotechnology,SMIDCAP,SBI AMC,2026-08
INE211B01039,The Phoenix Mills Ltd.,2000000.0,38000.0,1.55,Realty,SMIDCAP,SBI AMC,2026-08
INE761H01022,Page Industries Ltd.,105709.0,37843.82,1.54,Textiles & Apparels,SMIDCAP,SBI AMC,2026-08
INE121J01017,Indus Towers Ltd.,9393514.0,36521.98,1.49,Telecom - Services,SMIDCAP,SBI AMC,2026-08
INE343H01029,Solar Industries India Ltd.,180000.0,36194.4,1.48,Chemicals & Petrochemicals,SMIDCAP,SBI AMC,2026-08
INE513A01022,Schaeffler India Ltd.,900000.0,36133.2,1.47,Auto Components,SMIDCAP,SBI AMC,2026-08
INE159A01016,Glaxosmithkline Pharmaceuticals Ltd.,1180000.0,35991.18,1.47,Pharmaceuticals & Biotechnology,SMIDCAP,SBI AMC,2026-08
INE575P01011,Star Health & Allied Insurance Co. Ltd.,6315774.0,35857.81,1.46,Insurance,SMIDCAP,SBI AMC,2026-08
INE473B01035,Hatsun Agro Product Ltd.,3000000.0,35713.5,1.46,Food Products,SMIDCAP,SBI AMC,2026-08
INE603J01030,PI Industries Ltd.,1500000.0,35550.0,1.45,Fertilizers & Agrochemicals,SMIDCAP,SBI AMC,2026-08
INE259A01022,Colgate Palmolive (India) Ltd.,1800000.0,34156.8,1.39,Personal Products,SMIDCAP,SBI AMC,2026-08
INE120A01034,Carborundum Universal Ltd.,3000000.0,33198.0,1.35,Industrial Products,SMIDCAP,SBI AMC,2026-08
INE121E01018,JSW Energy Ltd.,6300373.0,32787.14,1.34,Power,SMIDCAP,SBI AMC,2026-08
INE880J01026,JSW Infrastructure Ltd.,8700000.0,29580.0,1.21,Transport Infrastructure,SMIDCAP,SBI AMC,2026-08
INE774D01024,Mahindra & Mahindra Financial Services Ltd.,7855388.0,29300.6,1.2,Finance,SMIDCAP,SBI AMC,2026-08
INE00H001014,Swiggy Ltd.,9999900.0,28189.72,1.15,Retailing,SMIDCAP,SBI AMC,2026-08
INE0HOQ01053,Billionbrains Garage Ventures Ltd.,13900000.0,26696.34,1.09,Capital Markets,SMIDCAP,SBI AMC,2026-08
INE823G01014,JK Cement Ltd.,500000.0,25665.0,1.05,Cement & Cement Products,SMIDCAP,SBI AMC,2026-08
INE179A01014,Procter & Gamble Hygiene and Health Care Ltd.,311000.0,24816.25,1.01,Personal Products,SMIDCAP,SBI AMC,2026-08
INE982J01020,One 97 Communications Ltd.,1375050.0,23610.98,0.96,Financial Technology (Fintech),SMIDCAP,SBI AMC,2026-08
INE0J1Y01017,Life Insurance Corporation of India,4943797.0,20665.07,0.84,Insurance,SMIDCAP,SBI AMC,2026-08
INE152A01029,Thermax Ltd.,493950.0,19271.95,0.79,Electrical Equipment,SMIDCAP,SBI AMC,2026-08
INE010V01017,L&T Technology Services Ltd.,500000.0,18042.0,0.74,IT - Services,SMIDCAP,SBI AMC,2026-08
INE061F01013,Fortis Healthcare Ltd.,1676579.0,15204.89,0.62,Healthcare Services,SMIDCAP,SBI AMC,2026-08
INE152M01016,Triveni Turbine Ltd.,1532160.0,8858.18,0.36,Electrical Equipment,SMIDCAP,SBI AMC,2026-08
INE383A01012,The India Cements Ltd.,2173922.0,8057.64,0.33,Cement & Cement Products,SMIDCAP,SBI AMC,2026-08
INE084101034,INDO-MIM Ltd.,317839.0,2782.52,0.11,Industrial Manufacturing,SMIDCAP,SBI AMC,2026-08
INE552Z01027,Allied Blenders And Distillers Ltd.,8336.0,51.55,,Beverages,SMIDCAP,SBI AMC,2026-08
INE122R01018,Manpasand Beverages Ltd.,2562406.0,0.0,,Beverages,SMIDCAP,SBI AMC,2026-08
IN002026X099,91 DAY T-BILL 03.09.26,15000000.0,14995.73,0.61,Sovereign,SMIDCAP,SBI AMC,2026-08
IN002026X214,91 DAY T-BILL 27.11.26,15000000.0,14813.94,0.6,Sovereign,SMIDCAP,SBI AMC,2026-08
IN002025Z344,364 DAY T-BILL 19.11.26,3000000.0,2966.23,0.12,Sovereign,SMIDCAP,SBI AMC,2026-08
IN0020260025,6.94% CGL 2036,82000000.0,81929.64,51.04,Sovereign,SMCMF,SBI AMC,2026-08
IN0020250091,6.48% CGL 2035,41000000.0,39811.53,24.8,Sovereign,SMCMF,SBI AMC,2026-08
IN0020230077,7.18% CGL 2037,23999500.0,24335.42,15.16,Sovereign,SMCMF,SBI AMC,2026-08
IN0020240126,6.79% CGL 2034,10500000.0,10440.0,6.5,Sovereign,SMCMF,SBI AMC,2026-08
INE0QPI01025,Sudeep Pharma Ltd.,687500.0,8316.69,6.73,Chemicals & Petrochemicals,SMCOMMA,SBI AMC,2026-08
INE081A01020,Tata Steel Ltd.,4276000.0,7882.81,6.38,Ferrous Metals,SMCOMMA,SBI AMC,2026-08
INE019A01038,JSW Steel Ltd.,500000.0,6538.5,5.29,Ferrous Metals,SMCOMMA,SBI AMC,2026-08
INE213A01029,Oil & Natural Gas Corporation Ltd.,2266750.0,5254.33,4.25,Oil,SMCOMMA,SBI AMC,2026-08
INE486A01021,CESC Ltd.,3170000.0,4633.27,3.75,Power,SMCOMMA,SBI AMC,2026-08
INE887G01027,Gokaldas Exports Ltd.,583507.0,4556.61,3.69,Textiles & Apparels,SMCOMMA,SBI AMC,2026-08
INE034A01011,Arvind Ltd.,760000.0,4222.94,3.42,Textiles & Apparels,SMCOMMA,SBI AMC,2026-08
INE481G01011,Ultratech Cement Ltd.,34000.0,3893.0,3.15,Cement & Cement Products,SMCOMMA,SBI AMC,2026-08
INE274J01014,Oil India Ltd.,785000.0,3792.73,3.07,Oil,SMCOMMA,SBI AMC,2026-08
INE584A01023,NMDC Ltd.,4127919.0,3640.82,2.94,Minerals & Mining,SMCOMMA,SBI AMC,2026-08
INE227W01023,Clean Science & Technology Ltd.,394423.0,3245.51,2.62,Chemicals & Petrochemicals,SMCOMMA,SBI AMC,2026-08
INE628A01036,UPL Ltd.,540000.0,3036.15,2.46,Fertilizers & Agrochemicals,SMCOMMA,SBI AMC,2026-08
INE136S01016,Neogen Chemicals Ltd.,134685.0,2964.69,2.4,Chemicals & Petrochemicals,SMCOMMA,SBI AMC,2026-08
INE718I01012,JSW Cement Ltd.,2224816.0,2803.71,2.27,Cement & Cement Products,SMCOMMA,SBI AMC,2026-08
INE088F01024,Paradeep Phosphates Ltd.,1700000.0,2720.68,2.2,Fertilizers & Agrochemicals,SMCOMMA,SBI AMC,2026-08
INE114A01011,Steel Authority of India Ltd.,1350000.0,2632.5,2.13,Ferrous Metals,SMCOMMA,SBI AMC,2026-08
INE288B01029,Deepak Nitrite Ltd.,150000.0,2624.1,2.12,Chemicals & Petrochemicals,SMCOMMA,SBI AMC,2026-08
INE522F01014,Coal India Ltd.,650000.0,2611.38,2.11,Consumable Fuels,SMCOMMA,SBI AMC,2026-08
INE810G01011,Shyam Metalics and Energy Ltd.,228093.0,2494.2,2.02,Industrial Products,SMCOMMA,SBI AMC,2026-08
INE1CDF01017,Vedanta Aluminium Metal Ltd.,565000.0,2458.6,1.99,Non - Ferrous Metals,SMCOMMA,SBI AMC,2026-08
INE752E01010,Power Grid Corporation of India Ltd.,930000.0,2451.02,1.98,Power,SMCOMMA,SBI AMC,2026-08
INE119A01028,Balrampur Chini Mills Ltd.,350000.0,2427.25,1.96,Agricultural Food & other Products,SMCOMMA,SBI AMC,2026-08
INE00WV01027,CMR Green Technologies Ltd.,1041690.0,2404.01,1.94,Industrial Products,SMCOMMA,SBI AMC,2026-08
INE002A01018,Reliance Industries Ltd.,182732.0,2333.49,1.89,Petroleum Products,SMCOMMA,SBI AMC,2026-08
INE220G01021,Jindal Stainless Ltd.,316744.0,2224.02,1.8,Ferrous Metals,SMCOMMA,SBI AMC,2026-08
INE038A01020,Hindalco Industries Ltd.,217600.0,2209.62,1.79,Non - Ferrous Metals,SMCOMMA,SBI AMC,2026-08
INE267A01025,Hindustan Zinc Ltd.,370000.0,2203.17,1.78,Non - Ferrous Metals,SMCOMMA,SBI AMC,2026-08
INE094A01015,Hindustan Petroleum Corporation Ltd.,600000.0,2194.5,1.77,Petroleum Products,SMCOMMA,SBI AMC,2026-08
INE242A01010,Indian Oil Corporation Ltd.,1500000.0,2086.95,1.69,Petroleum Products,SMCOMMA,SBI AMC,2026-08
INE848E01016,NHPC Ltd.,2700000.0,2071.44,1.68,Power,SMCOMMA,SBI AMC,2026-08
INE022Q01020,Indian Energy Exchange Ltd.,1650000.0,1988.25,1.61,Capital Markets,SMCOMMA,SBI AMC,2026-08
INE129A01019,GAIL (India) Ltd.,1100000.0,1952.5,1.58,Gas,SMCOMMA,SBI AMC,2026-08
INE118D01016,Nuvoco Vistas Corporation Ltd.,600000.0,1913.4,1.55,Cement & Cement Products,SMCOMMA,SBI AMC,2026-08
INE169A01031,Coromandel International Ltd.,85000.0,1620.02,1.31,Fertilizers & Agrochemicals,SMCOMMA,SBI AMC,2026-08
INE0ISX01025,Kusumgar Ltd.,274628.0,1596.82,1.29,Textiles & Apparels,SMCOMMA,SBI AMC,2026-08
INE813H01021,Torrent Power Ltd.,130000.0,1579.63,1.28,Power,SMCOMMA,SBI AMC,2026-08
INE421D01022,CCL Products (India) Ltd.,135000.0,1457.73,1.18,Agricultural Food & other Products,SMCOMMA,SBI AMC,2026-08
INE079A01024,Ambuja Cements Ltd.,325000.0,1303.74,1.05,Cement & Cement Products,SMCOMMA,SBI AMC,2026-08
INE0NNS01018,NMDC Steel Ltd.,2300000.0,1062.37,0.86,Ferrous Metals,SMCOMMA,SBI AMC,2026-08
INE205A01025,Vedanta Ltd.,325000.0,904.15,0.73,Diversified Metals,SMCOMMA,SBI AMC,2026-08
INE229C01021,Sagar Cements Ltd.,366286.0,584.67,0.47,Cement & Cement Products,SMCOMMA,SBI AMC,2026-08
INE694L01019,Vedanta Power Ltd.,325000.0,114.34,0.09,Power,SMCOMMA,SBI AMC,2026-08
IN002025Z344,364 DAY T-BILL 19.11.26,300000.0,296.62,0.24,Sovereign,SMCOMMA,SBI AMC,2026-08
IN0020260033,7.71% CGL 2066,188500000.0,190226.28,23.16,Sovereign,SMGF,SBI AMC,2026-08
IN0020250117,7.43% CGL 2076,32000000.0,31172.03,3.79,Sovereign,SMGF,SBI AMC,2026-08
IN0020260025,6.94% CGL 2036,674900.0,674.32,0.08,Sovereign,SMGF,SBI AMC,2026-08
IN2220260045,7.55% State Government of Maharashtra 2034,70500000.0,70776.08,8.62,Sovereign,SMGF,SBI AMC,2026-08
IN1020260072,7.28% State Government of Andhra Pradesh 2032,54249400.0,53881.81,6.56,Sovereign,SMGF,SBI AMC,2026-08
IN3420250430,7.79% State Government of West Bengal 2045,33916800.0,34146.82,4.16,Sovereign,SMGF,SBI AMC,2026-08
IN2020250253,7.66% State Government of Kerala 2039,16500000.0,16434.79,2.0,Sovereign,SMGF,SBI AMC,2026-08
IN1320250278,7.86% State Government of Bihar 2039,15000000.0,15166.05,1.85,Sovereign,SMGF,SBI AMC,2026-08
IN3420250232,7.58% State Government of West Bengal 2042,2000000.0,1973.03,0.24,Sovereign,SMGF,SBI AMC,2026-08
IN2520250092,7.85% State Government of Mizoram 2042,1000000.0,1008.42,0.12,Sovereign,SMGF,SBI AMC,2026-08
IN3520260016,7.37% State Government of Chhattisgarh 2031,809200.0,813.04,0.1,Sovereign,SMGF,SBI AMC,2026-08
IN002026X180,91 DAY T-BILL 05.11.26,100000000.0,99074.5,12.06,Sovereign,SMGF,SBI AMC,2026-08
IN002026X198,91 DAY T-BILL 12.11.26,98000000.0,96996.28,11.81,Sovereign,SMGF,SBI AMC,2026-08
IN002026X206,91 DAY T-BILL 19.11.26,50000000.0,49437.15,6.02,Sovereign,SMGF,SBI AMC,2026-08
IN002025Y495,182 DAY T-BILL 10.09.26,14000000.0,13982.15,1.7,Sovereign,SMGF,SBI AMC,2026-08
INE090A01021,ICICI Bank Ltd.,11535955.0,167732.79,7.22,Banks,SFLEXI,SBI AMC,2026-08
INE040A01034,HDFC Bank Ltd.,18179960.0,128895.92,5.55,Banks,SFLEXI,SBI AMC,2026-08
INE018A01030,Larsen & Toubro Ltd.,2219697.0,89784.52,3.86,Construction,SFLEXI,SBI AMC,2026-08
INE917I01010,Bajaj Auto Ltd.,737963.0,89514.91,3.85,Automobiles,SFLEXI,SBI AMC,2026-08
INE591G01025,Coforge Ltd.,3474000.0,68969.32,2.97,IT - Software,SFLEXI,SBI AMC,2026-08
INE406A01037,Aurobindo Pharma Ltd.,4007877.0,68815.25,2.96,Pharmaceuticals & Biotechnology,SFLEXI,SBI AMC,2026-08
INE066A01021,Eicher Motors Ltd.,761000.0,60526.14,2.6,Automobiles,SFLEXI,SBI AMC,2026-08
INE880J01026,JSW Infrastructure Ltd.,17405937.0,59180.19,2.55,Transport Infrastructure,SFLEXI,SBI AMC,2026-08
INE062A01020,State Bank of India,4992425.0,52919.71,2.28,Banks,SFLEXI,SBI AMC,2026-08
INE0J1Y01017,Life Insurance Corporation of India,12300000.0,51414.0,2.21,Insurance,SFLEXI,SBI AMC,2026-08
INE280A01028,Titan Company Ltd.,1007000.0,51381.17,2.21,Consumer Durables,SFLEXI,SBI AMC,2026-08
INE044A01036,Sun Pharmaceutical Industries Ltd.,2551650.0,50645.15,2.18,Pharmaceuticals & Biotechnology,SFLEXI,SBI AMC,2026-08
INE437A01024,Apollo Hospitals Enterprise Ltd.,565751.0,50343.35,2.17,Healthcare Services,SFLEXI,SBI AMC,2026-08
INE0CAZ01013,Urban Company Ltd.,29300022.0,48963.27,2.11,Retailing,SFLEXI,SBI AMC,2026-08
INE388Y01029,FSN E-Commerce Ventures Ltd.,13972214.0,48839.87,2.1,Retailing,SFLEXI,SBI AMC,2026-08
INE1CDF01017,Vedanta Aluminium Metal Ltd.,10268959.0,44685.38,1.92,Non - Ferrous Metals,SFLEXI,SBI AMC,2026-08
INE397D01024,Bharti Airtel Ltd.,2444500.0,44291.9,1.91,Telecom - Services,SFLEXI,SBI AMC,2026-08
INE238A01034,Axis Bank Ltd.,3316500.0,43114.5,1.86,Banks,SFLEXI,SBI AMC,2026-08
INE949L01017,AU Small Finance Bank Ltd.,3848000.0,41796.98,1.8,Banks,SFLEXI,SBI AMC,2026-08
INE200M01039,Varun Beverages Ltd.,10354404.0,41464.21,1.78,Beverages,SFLEXI,SBI AMC,2026-08
INE361B01024,Divi's Laboratories Ltd.,391000.0,37015.97,1.59,Pharmaceuticals & Biotechnology,SFLEXI,SBI AMC,2026-08
INE940H01022,Pearl Global Industries Ltd.,1415125.0,34865.85,1.5,Textiles & Apparels,SFLEXI,SBI AMC,2026-08
INE118H01025,BSE Ltd.,1032600.0,33889.93,1.46,Capital Markets,SFLEXI,SBI AMC,2026-08
INE721A01047,Shriram Finance Ltd.,2956600.0,32815.3,1.41,Finance,SFLEXI,SBI AMC,2026-08
INE745G01043,Multi Commodity Exchange of India Ltd.,959038.0,32607.29,1.4,Capital Markets,SFLEXI,SBI AMC,2026-08
INE376G01013,Biocon Ltd.,6986253.0,28783.36,1.24,Pharmaceuticals & Biotechnology,SFLEXI,SBI AMC,2026-08
INE562A01011,Indian Bank,3200000.0,28760.0,1.24,Banks,SFLEXI,SBI AMC,2026-08
INE171A01029,The Federal Bank Ltd.,7817267.0,27884.19,1.2,Banks,SFLEXI,SBI AMC,2026-08
INE584A01023,NMDC Ltd.,31300000.0,27606.6,1.19,Minerals & Mining,SFLEXI,SBI AMC,2026-08
INE298A01020,Cummins India Ltd.,514244.0,26252.16,1.13,Industrial Products,SFLEXI,SBI AMC,2026-08
INE073K01018,Sona Blw Precision Forgings Ltd.,3161371.0,25703.53,1.11,Auto Components,SFLEXI,SBI AMC,2026-08
INE271C01023,DLF Ltd.,3674491.0,25392.57,1.09,Realty,SFLEXI,SBI AMC,2026-08
INE127D01025,HDFC Asset Management Co. Ltd.,960400.0,25182.65,1.08,Capital Markets,SFLEXI,SBI AMC,2026-08
INE118D01016,Nuvoco Vistas Corporation Ltd.,7829028.0,24966.77,1.07,Cement & Cement Products,SFLEXI,SBI AMC,2026-08
INE00H001014,Swiggy Ltd.,8800000.0,24807.2,1.07,Retailing,SFLEXI,SBI AMC,2026-08
INE029A01011,Bharat Petroleum Corporation Ltd.,7512500.0,24344.26,1.05,Petroleum Products,SFLEXI,SBI AMC,2026-08
INE237A01036,Kotak Mahindra Bank Ltd.,5786500.0,24268.58,1.04,Banks,SFLEXI,SBI AMC,2026-08
INE742F01042,Adani Ports and Special Economic Zone Ltd.,1482300.0,23614.52,1.02,Transport Infrastructure,SFLEXI,SBI AMC,2026-08
INE002A01018,Reliance Industries Ltd.,1835667.0,23441.47,1.01,Petroleum Products,SFLEXI,SBI AMC,2026-08
INE208A01029,Ashok Leyland Ltd.,13210000.0,23202.04,1.0,"Agricultural, Commercial & Construction Vehicles",SFLEXI,SBI AMC,2026-08
INE212H01026,AIA Engineering Ltd.,544951.0,23201.29,1.0,Industrial Products,SFLEXI,SBI AMC,2026-08
INE775A01035,Samvardhana Motherson International Ltd.,13529561.0,23092.25,0.99,Auto Components,SFLEXI,SBI AMC,2026-08
INE976G01028,RBL Bank Ltd.,6048644.0,23006.02,0.99,Banks,SFLEXI,SBI AMC,2026-08
INE168P01015,Emcure Pharmaceuticals Ltd.,1128993.0,20946.21,0.9,Pharmaceuticals & Biotechnology,SFLEXI,SBI AMC,2026-08
INE473D01015,Kingfa Science & Technology India Ltd.,345821.0,20923.9,0.9,Industrial Products,SFLEXI,SBI AMC,2026-08
INE545U01014,Bandhan Bank Ltd.,12739859.0,20829.67,0.9,Banks,SFLEXI,SBI AMC,2026-08
INE121E01018,JSW Energy Ltd.,3873667.0,20158.56,0.87,Power,SFLEXI,SBI AMC,2026-08
INE120A01034,Carborundum Universal Ltd.,1772819.0,19618.02,0.84,Industrial Products,SFLEXI,SBI AMC,2026-08
INE15B701018,Pine Labs Ltd.,11207829.0,18384.2,0.79,Financial Technology (Fintech),SFLEXI,SBI AMC,2026-08
INE211R01019,Power Mech Projects Ltd.,709729.0,17893.69,0.77,Construction,SFLEXI,SBI AMC,2026-08
INE852O01025,Aptus Value Housing Finance India Ltd.,7066720.0,17585.53,0.76,Finance,SFLEXI,SBI AMC,2026-08
INE460H01021,Star Cement Ltd.,8441136.0,15595.84,0.67,Cement & Cement Products,SFLEXI,SBI AMC,2026-08
INE031B01049,Ajanta Pharma Ltd.,430000.0,15488.17,0.67,Pharmaceuticals & Biotechnology,SFLEXI,SBI AMC,2026-08
INE758T01015,Eternal Ltd.,4105000.0,13468.51,0.58,Retailing,SFLEXI,SBI AMC,2026-08
INE421D01022,CCL Products (India) Ltd.,1126846.0,12167.68,0.52,Agricultural Food & other Products,SFLEXI,SBI AMC,2026-08
INE205A01025,Vedanta Ltd.,4200000.0,11684.4,0.5,Diversified Metals,SFLEXI,SBI AMC,2026-08
INE718I01012,JSW Cement Ltd.,8522555.0,10740.12,0.46,Cement & Cement Products,SFLEXI,SBI AMC,2026-08
INE054A01027,VIP Industries Ltd.,3231978.0,9906.01,0.43,Consumer Durables,SFLEXI,SBI AMC,2026-08
INE536A01023,Grindwell Norton Ltd.,400000.0,8092.0,0.35,Industrial Products,SFLEXI,SBI AMC,2026-08
INE463A01038,Berger Paints India Ltd.,1205245.0,5999.11,0.26,Consumer Durables,SFLEXI,SBI AMC,2026-08
INE414G01012,Muthoot Finance Ltd.,152274.0,4534.87,0.2,Finance,SFLEXI,SBI AMC,2026-08
INE585B01010,Maruti Suzuki India Ltd.,23374.0,3166.48,0.14,Automobiles,SFLEXI,SBI AMC,2026-08
INE134E01011,Power Finance Corporation Ltd.,700584.0,2356.06,0.1,Finance,SFLEXI,SBI AMC,2026-08
INE048G01026,Navin Fluorine International Ltd.,14747.0,1279.38,0.06,Chemicals & Petrochemicals,SFLEXI,SBI AMC,2026-08
INE813H01021,Torrent Power Ltd.,87041.0,1057.64,0.05,Power,SFLEXI,SBI AMC,2026-08
IN002025Z344,364 DAY T-BILL 19.11.26,3000000.0,2966.23,0.13,Sovereign,SFLEXI,SBI AMC,2026-08
INE129A01019,GAIL (India) Ltd.,23350297.0,41446.78,1.98,Gas,SMAAF,SBI AMC,2026-08
INE148O01028,Delhivery Ltd.,8638573.0,39409.17,1.88,Transport Services,SMAAF,SBI AMC,2026-08
INE040A01034,HDFC Bank Ltd.,5262000.0,37307.58,1.78,Banks,SMAAF,SBI AMC,2026-08
INE774D01024,Mahindra & Mahindra Financial Services Ltd.,9232926.0,34438.81,1.65,Finance,SMAAF,SBI AMC,2026-08
INE090A01021,ICICI Bank Ltd.,2320000.0,33732.8,1.61,Banks,SMAAF,SBI AMC,2026-08
INE545U01014,Bandhan Bank Ltd.,20500000.0,33517.5,1.6,Banks,SMAAF,SBI AMC,2026-08
INE376G01013,Biocon Ltd.,7920476.0,32632.36,1.56,Pharmaceuticals & Biotechnology,SMAAF,SBI AMC,2026-08
INE121J01017,Indus Towers Ltd.,8200000.0,31881.6,1.52,Telecom - Services,SMAAF,SBI AMC,2026-08
INE237A01036,Kotak Mahindra Bank Ltd.,6696701.0,28085.96,1.34,Banks,SMAAF,SBI AMC,2026-08
INE398R01022,Syngene International Ltd.,7000000.0,28052.5,1.34,Healthcare Services,SMAAF,SBI AMC,2026-08
INE775A01035,Samvardhana Motherson International Ltd.,16255579.0,27745.02,1.33,Auto Components,SMAAF,SBI AMC,2026-08
INE486A01021,CESC Ltd.,18544608.0,27104.8,1.29,Power,SMAAF,SBI AMC,2026-08
INE213A01029,Oil & Natural Gas Corporation Ltd.,11500000.0,26657.0,1.27,Oil,SMAAF,SBI AMC,2026-08
INE160A01022,Punjab National Bank,21000000.0,23988.3,1.15,Banks,SMAAF,SBI AMC,2026-08
INE03QK01018,Cohance Lifesciences Ltd.,5200000.0,23709.4,1.13,Pharmaceuticals & Biotechnology,SMAAF,SBI AMC,2026-08
INE238A01034,Axis Bank Ltd.,1800000.0,23400.0,1.12,Banks,SMAAF,SBI AMC,2026-08
INE918I01026,Bajaj Finserv Ltd.,1120650.0,22648.34,1.08,Finance,SMAAF,SBI AMC,2026-08
INE388Y01029,FSN E-Commerce Ventures Ltd.,6346875.0,22185.5,1.06,Retailing,SMAAF,SBI AMC,2026-08
INE002A01018,Reliance Industries Ltd.,1720000.0,21964.4,1.05,Petroleum Products,SMAAF,SBI AMC,2026-08
INE628A01036,UPL Ltd.,3260348.0,18331.31,0.88,Fertilizers & Agrochemicals,SMAAF,SBI AMC,2026-08
INE848E01016,NHPC Ltd.,22800000.0,17492.16,0.84,Power,SMAAF,SBI AMC,2026-08
INE887G01027,Gokaldas Exports Ltd.,2180000.0,17023.62,0.81,Textiles & Apparels,SMAAF,SBI AMC,2026-08
INE404A01024,Aditya Birla Sun Life Amc Ltd.,1600000.0,16828.8,0.8,Capital Markets,SMAAF,SBI AMC,2026-08
INE406A01037,Aurobindo Pharma Ltd.,967117.0,16605.4,0.79,Pharmaceuticals & Biotechnology,SMAAF,SBI AMC,2026-08
INE813A01018,Mahindra Lifespace Developers Ltd.,4276508.0,15637.05,0.75,Realty,SMAAF,SBI AMC,2026-08
INE200M01039,Varun Beverages Ltd.,3820000.0,15297.19,0.73,Beverages,SMAAF,SBI AMC,2026-08
INE366I01010,VRL Logistics Ltd.,4740000.0,14369.31,0.69,Transport Services,SMAAF,SBI AMC,2026-08
INE242A01010,Indian Oil Corporation Ltd.,10000000.0,13913.0,0.66,Petroleum Products,SMAAF,SBI AMC,2026-08
INE119A01028,Balrampur Chini Mills Ltd.,2000000.0,13870.0,0.66,Agricultural Food & other Products,SMAAF,SBI AMC,2026-08
INE15B701018,Pine Labs Ltd.,8272795.0,13569.87,0.65,Financial Technology (Fintech),SMAAF,SBI AMC,2026-08
INE073K01018,Sona Blw Precision Forgings Ltd.,1531250.0,12449.83,0.59,Auto Components,SMAAF,SBI AMC,2026-08
INE959A01019,Privi Speciality Chemicals Ltd.,352515.0,12246.72,0.58,Chemicals & Petrochemicals,SMAAF,SBI AMC,2026-08
INE114A01011,Steel Authority of India Ltd.,6173203.0,12037.75,0.58,Ferrous Metals,SMAAF,SBI AMC,2026-08
INE274J01014,Oil India Ltd.,2471200.0,11939.6,0.57,Oil,SMAAF,SBI AMC,2026-08
INE169A01031,Coromandel International Ltd.,600000.0,11435.4,0.55,Fertilizers & Agrochemicals,SMAAF,SBI AMC,2026-08
INE054A01027,VIP Industries Ltd.,3374277.0,10342.16,0.49,Consumer Durables,SMAAF,SBI AMC,2026-08
INE022Q01020,Indian Energy Exchange Ltd.,8500000.0,10242.5,0.49,Capital Markets,SMAAF,SBI AMC,2026-08
INE860A01027,HCL Technologies Ltd.,780000.0,10235.16,0.49,IT - Software,SMAAF,SBI AMC,2026-08
INE062A01020,State Bank of India,950000.0,10070.0,0.48,Banks,SMAAF,SBI AMC,2026-08
INE154A01025,ITC Ltd.,3800000.0,9709.0,0.46,Diversified FMCG,SMAAF,SBI AMC,2026-08
INE342J01019,ZF Commercial Vehicle Control Systems India Ltd.,381300.0,9664.43,0.46,Auto Components,SMAAF,SBI AMC,2026-08
INE066F01020,Hindustan Aeronautics Ltd.,200000.0,9603.2,0.46,Aerospace & Defense,SMAAF,SBI AMC,2026-08
INE028A01039,Bank of Baroda,3900000.0,9305.4,0.44,Banks,SMAAF,SBI AMC,2026-08
INE016A01026,Dabur India Ltd.,2400000.0,9144.0,0.44,Personal Products,SMAAF,SBI AMC,2026-08
INE288B01029,Deepak Nitrite Ltd.,500000.0,8747.0,0.42,Chemicals & Petrochemicals,SMAAF,SBI AMC,2026-08
INE1CDF01017,Vedanta Aluminium Metal Ltd.,2000000.0,8703.0,0.42,Non - Ferrous Metals,SMAAF,SBI AMC,2026-08
INE220B01022,Kalpataru Projects International Ltd.,561076.0,7860.11,0.38,Construction,SMAAF,SBI AMC,2026-08
INE214T01019,LTM Ltd.,135247.0,6140.21,0.29,IT - Software,SMAAF,SBI AMC,2026-08
INE259A01022,Colgate Palmolive (India) Ltd.,300000.0,5692.8,0.27,Personal Products,SMAAF,SBI AMC,2026-08
INE034A01011,Arvind Ltd.,1009900.0,5611.51,0.27,Textiles & Apparels,SMAAF,SBI AMC,2026-08
INE075A01022,Wipro Ltd.,3000000.0,5535.0,0.26,IT - Software,SMAAF,SBI AMC,2026-08
INE01EA01019,Vishal Mega Mart Ltd.,5000000.0,5532.0,0.26,Retailing,SMAAF,SBI AMC,2026-08
INE229C01021,Sagar Cements Ltd.,3338867.0,5329.5,0.25,Cement & Cement Products,SMAAF,SBI AMC,2026-08
INE726G01019,ICICI Prudential Life Insurance Company Ltd.,1012032.0,5232.71,0.25,Insurance,SMAAF,SBI AMC,2026-08
INE578A01017,HeidelbergCement India Ltd.,3044266.0,4791.98,0.23,Cement & Cement Products,SMAAF,SBI AMC,2026-08
INE0J1Y01017,Life Insurance Corporation of India,1000000.0,4180.0,0.2,Insurance,SMAAF,SBI AMC,2026-08
INE009A01021,Infosys Ltd.,349234.0,3959.62,0.19,IT - Software,SMAAF,SBI AMC,2026-08
INE442H01029,Ashoka Buildcon Ltd.,3080630.0,3705.69,0.18,Construction,SMAAF,SBI AMC,2026-08
INE548C01032,Emami Ltd.,1000000.0,3640.0,0.17,Personal Products,SMAAF,SBI AMC,2026-08
INE081A01020,Tata Steel Ltd.,1935803.0,3568.65,0.17,Ferrous Metals,SMAAF,SBI AMC,2026-08
INE797F01020,Jubilant Foodworks Ltd.,639295.0,3170.9,0.15,Leisure Services,SMAAF,SBI AMC,2026-08
INE365D01021,Ashiana Housing Ltd.,829665.0,3044.04,0.15,Realty,SMAAF,SBI AMC,2026-08
INE397D01024,Bharti Airtel Ltd.,160000.0,2899.04,0.14,Telecom - Services,SMAAF,SBI AMC,2026-08
INE665J01013,V-Mart Retail Ltd.,282904.0,2397.47,0.11,Retailing,SMAAF,SBI AMC,2026-08
INE101I01011,Afcons Infrastructure Ltd.,800000.0,2285.2,0.11,Construction,SMAAF,SBI AMC,2026-08
INE063P01018,Equitas Small Finance Bank Ltd.,2063798.0,1526.59,0.07,Banks,SMAAF,SBI AMC,2026-08
INE613A01020,Rallis India Ltd.,500000.0,1035.95,0.05,Fertilizers & Agrochemicals,SMAAF,SBI AMC,2026-08
INE191H01014,PVR Inox Ltd.,75000.0,905.78,0.04,Entertainment,SMAAF,SBI AMC,2026-08
INE0FOO01011,Shiprocket Ltd.,624345.0,867.15,0.04,Transport Services,SMAAF,SBI AMC,2026-08
INE050401020,Elin Electronics Ltd.,658724.0,659.58,0.03,Consumer Durables,SMAAF,SBI AMC,2026-08
INE0ISX01025,Kusumgar Ltd.,28096.0,163.36,0.01,Textiles & Apparels,SMAAF,SBI AMC,2026-08
INE00WV01027,CMR Green Technologies Ltd.,28981.0,66.88,,Industrial Products,SMAAF,SBI AMC,2026-08
INE0FDU25010,Brookfield India Real Estate Trust,15164234.0,51817.7,2.48,Realty,SMAAF,SBI AMC,2026-08
INE041025011,Embassy Office Parks Reit,9520000.0,41743.3,1.99,Realty,SMAAF,SBI AMC,2026-08
INE261F08EV2,National Bank for Agriculture and Rural Development,40000.0,39393.96,1.88,[ICRA]AAA,SMAAF,SBI AMC,2026-08
INE814H07190,Adani Power Ltd.,27500.0,27342.98,1.31,CRISIL AA,SMAAF,SBI AMC,2026-08
INE414G07JZ7,Muthoot Finance Ltd.,25000.0,24849.65,1.19,CRISIL AA+,SMAAF,SBI AMC,2026-08
INE121A08PT9,Cholamandalam Investment & Finance Co. Ltd.,20000.0,20141.04,0.96,[ICRA]AA+,SMAAF,SBI AMC,2026-08
INE01QP08016,Aditya Birla Renewables Ltd.,20000.0,20032.04,0.96,CRISIL AA,SMAAF,SBI AMC,2026-08
INE556F08LC0,Small Industries Development Bank of India,20000.0,19781.22,0.94,CRISIL AAA,SMAAF,SBI AMC,2026-08
INE756I07FH3,HDB Financial Services Ltd.,20000.0,19689.04,0.94,CRISIL AAA,SMAAF,SBI AMC,2026-08
INE776C08075,GMR Airports Ltd.,17500.0,18658.73,0.89,CRISIL A+,SMAAF,SBI AMC,2026-08
INE403D08264,Bharti Telecom Ltd.,17500.0,17722.46,0.85,CRISIL AAA,SMAAF,SBI AMC,2026-08
INE756I07FQ4,HDB Financial Services Ltd.,17500.0,17553.76,0.84,CRISIL AAA,SMAAF,SBI AMC,2026-08
INE813H07440,Torrent Power Ltd.,17500.0,17532.31,0.84,CRISIL AA+,SMAAF,SBI AMC,2026-08
INE660A07RN7,Sundaram Finance Ltd.,15000.0,14948.0,0.71,CRISIL AAA,SMAAF,SBI AMC,2026-08
INE414G07II5,Muthoot Finance Ltd.,15000.0,14926.44,0.71,CRISIL AA+,SMAAF,SBI AMC,2026-08
INE414G07JX2,Muthoot Finance Ltd.,15000.0,14888.63,0.71,CRISIL AA+,SMAAF,SBI AMC,2026-08
INE192U07392,Kogta Financial (India) Ltd.,15000.0,14882.13,0.71,CARE AA-,SMAAF,SBI AMC,2026-08
INE403D08280,Bharti Telecom Ltd.,15000.0,14751.12,0.7,CRISIL AAA,SMAAF,SBI AMC,2026-08
INE121A07SB3,Cholamandalam Investment & Finance Co. Ltd.,12500.0,12531.86,0.6,[ICRA]AA+,SMAAF,SBI AMC,2026-08
INE896L07AP5,Indostar Capital Finance Ltd.,12500.0,12508.94,0.6,CARE AA-,SMAAF,SBI AMC,2026-08
INE121A08PZ6,Cholamandalam Investment & Finance Co. Ltd.,12500.0,12443.45,0.59,[ICRA]AA+,SMAAF,SBI AMC,2026-08
INE01WN07128,Motilal Oswal Finvest Ltd.,12000.0,12052.85,0.58,CRISIL AA+,SMAAF,SBI AMC,2026-08
INE896L07AK6,Indostar Capital Finance Ltd.,10000.0,10023.45,0.48,CARE AA-,SMAAF,SBI AMC,2026-08
INE233A08154,Godrej Industries Ltd.,10000.0,9972.72,0.48,CRISIL AA+,SMAAF,SBI AMC,2026-08
INE261F08EO7,National Bank for Agriculture and Rural Development,10000.0,9971.61,0.48,CRISIL AAA,SMAAF,SBI AMC,2026-08
INE774D07VP7,Mahindra & Mahindra Financial Services Ltd.,10000.0,9967.84,0.48,CRISIL AAA,SMAAF,SBI AMC,2026-08
INE087P07501,Avanse Financial Services Ltd.,10000.0,9954.2,0.48,IND AA,SMAAF,SBI AMC,2026-08
INE414G07KC4,Muthoot Finance Ltd.,10000.0,9944.19,0.48,CRISIL AA+,SMAAF,SBI AMC,2026-08
INE134E08OC3,Power Finance Corporation Ltd.,10000.0,9912.91,0.47,CRISIL AAA,SMAAF,SBI AMC,2026-08
INE245A08307,Tata Power Company Ltd.,10000.0,9869.34,0.47,CRISIL AA+,SMAAF,SBI AMC,2026-08
INE896L07AM2,Indostar Capital Finance Ltd.,8000.0,7943.04,0.38,CARE AA-,SMAAF,SBI AMC,2026-08
INE414G07IR6,Muthoot Finance Ltd.,7500.0,7509.64,0.36,CRISIL AA+,SMAAF,SBI AMC,2026-08
INE316Z08014,Godrej Seeds & Genetics Ltd.,6500.0,6405.04,0.31,CRISIL AA,SMAAF,SBI AMC,2026-08
INE316Z08022,Godrej Seeds & Genetics Ltd.,6000.0,5945.14,0.28,CRISIL AA,SMAAF,SBI AMC,2026-08
INE316Z08030,Godrej Seeds & Genetics Ltd.,6000.0,5919.82,0.28,CRISIL AA,SMAAF,SBI AMC,2026-08
INE377Y07656,Bajaj Housing Finance Ltd.,5000.0,5029.27,0.24,CRISIL AAA,SMAAF,SBI AMC,2026-08
INE729N08055,TVS Credit Services Ltd.,50.0,5023.95,0.24,CRISIL AA+,SMAAF,SBI AMC,2026-08
INE213W07277,SMFG India Home Finance Co. Ltd.,5000.0,5006.92,0.24,CRISIL AAA,SMAAF,SBI AMC,2026-08
INE556F08KT6,Small Industries Development Bank of India,5000.0,4982.5,0.24,CRISIL AAA,SMAAF,SBI AMC,2026-08
INE756I07FR2,HDB Financial Services Ltd.,5000.0,4975.04,0.24,CRISIL AAA,SMAAF,SBI AMC,2026-08
INE316Z08048,Godrej Seeds & Genetics Ltd.,4500.0,4451.33,0.21,CRISIL AA,SMAAF,SBI AMC,2026-08
INE950O07446,Mahindra Rural Housing Finance Ltd.,2500.0,2515.43,0.12,CRISIL AAA,SMAAF,SBI AMC,2026-08
INE02PE08036,JTPM Metal Traders Ltd.,25000.0,26950.65,1.29,CRISIL AA,SMAAF,SBI AMC,2026-08
INE2QI808033,JSW Kalinga Steel Ltd.,25000.0,25867.15,1.24,CRISIL AA,SMAAF,SBI AMC,2026-08
IN0020260025,6.94% CGL 2036,22500000.0,22480.7,1.07,Sovereign,SMAAF,SBI AMC,2026-08
IN0020260041,7.06% CGL 2041,10000000.0,9957.66,0.48,Sovereign,SMAAF,SBI AMC,2026-08
IN0020250067,6.01% CGL 2030,10000000.0,9840.91,0.47,Sovereign,SMAAF,SBI AMC,2026-08
IN2120250450,7.56% State Government of Madhya Pradesh 2039,14500000.0,14355.01,0.69,Sovereign,SMAAF,SBI AMC,2026-08
INE012I14SG2,JM Financial Services Ltd.,2000.0,9689.29,0.46,CRISIL A1+,SMAAF,SBI AMC,2026-08
INE556F16CB4,Small Industries Development Bank of India,1000.0,4844.32,0.23,CRISIL A1+,SMAAF,SBI AMC,2026-08
IN002026X214,91 DAY T-BILL 27.11.26,15000000.0,14813.94,0.71,Sovereign,SMAAF,SBI AMC,2026-08
INF200KA16D8,SBI Gold ETF,107591000.0,141428.37,6.76,Mutual Fund/ETF,SMAAF,SBI AMC,2026-08
INF200KB1217,SBI Silver ETF,34896178.0,79727.3,3.81,Mutual Fund/ETF,SMAAF,SBI AMC,2026-08
INE090A01021,ICICI Bank Ltd.,32850000.0,477639.0,8.66,Banks,SBLUECHIP,SBI AMC,2026-08
INE040A01034,HDFC Bank Ltd.,60500000.0,428945.0,7.78,Banks,SBLUECHIP,SBI AMC,2026-08
INE018A01030,Larsen & Toubro Ltd.,7400000.0,299322.6,5.43,Construction,SBLUECHIP,SBI AMC,2026-08
INE775A01035,Samvardhana Motherson International Ltd.,121700000.0,207717.56,3.77,Auto Components,SBLUECHIP,SBI AMC,2026-08
INE062A01020,State Bank of India,19106000.0,202523.6,3.67,Banks,SBLUECHIP,SBI AMC,2026-08
INE009A01021,Infosys Ltd.,17817914.0,202019.51,3.66,IT - Software,SBLUECHIP,SBI AMC,2026-08
INE237A01036,Kotak Mahindra Bank Ltd.,48000000.0,201312.0,3.65,Banks,SBLUECHIP,SBI AMC,2026-08
INE002A01018,Reliance Industries Ltd.,15500000.0,197935.0,3.59,Petroleum Products,SBLUECHIP,SBI AMC,2026-08
INE021A01026,Asian Paints Ltd.,7400000.0,196366.4,3.56,Consumer Durables,SBLUECHIP,SBI AMC,2026-08
INE361B01024,Divi's Laboratories Ltd.,2032024.0,192371.71,3.49,Pharmaceuticals & Biotechnology,SBLUECHIP,SBI AMC,2026-08
INE1TAE01010,Tata Motors Ltd.,38000000.0,179018.0,3.25,"Agricultural, Commercial & Construction Vehicles",SBLUECHIP,SBI AMC,2026-08
INE238A01034,Axis Bank Ltd.,13750000.0,178750.0,3.24,Banks,SBLUECHIP,SBI AMC,2026-08
INE795G01014,HDFC Life Insurance Company Ltd.,29000000.0,157571.5,2.86,Insurance,SBLUECHIP,SBI AMC,2026-08
INE121A01024,Cholamandalam Investment & Finance Co. Ltd.,6600000.0,122588.4,2.22,Finance,SBLUECHIP,SBI AMC,2026-08
INE192R01011,Avenue Supermarts Ltd.,3080000.0,120120.0,2.18,Retailing,SBLUECHIP,SBI AMC,2026-08
INE397D01024,Bharti Airtel Ltd.,6400000.0,115961.6,2.1,Telecom - Services,SBLUECHIP,SBI AMC,2026-08
INE761H01022,Page Industries Ltd.,317000.0,113486.0,2.06,Textiles & Apparels,SBLUECHIP,SBI AMC,2026-08
INE070A01015,Shree Cement Ltd.,474600.0,110107.2,2.0,Cement & Cement Products,SBLUECHIP,SBI AMC,2026-08
INE044A01036,Sun Pharmaceutical Industries Ltd.,5488994.0,108945.55,1.98,Pharmaceuticals & Biotechnology,SBLUECHIP,SBI AMC,2026-08
INE669C01036,Tech Mahindra Ltd.,6500000.0,105820.0,1.92,IT - Software,SBLUECHIP,SBI AMC,2026-08
INE634S01028,Mankind Pharma Ltd.,4072930.0,98532.32,1.79,Pharmaceuticals & Biotechnology,SBLUECHIP,SBI AMC,2026-08
INE200M01039,Varun Beverages Ltd.,24500000.0,98110.25,1.78,Beverages,SBLUECHIP,SBI AMC,2026-08
INE758T01015,Eternal Ltd.,29000000.0,95149.0,1.73,Retailing,SBLUECHIP,SBI AMC,2026-08
INE152A01029,Thermax Ltd.,2343447.0,91431.93,1.66,Electrical Equipment,SBLUECHIP,SBI AMC,2026-08
INE423A01024,Adani Enterprises Ltd.,2909998.0,83199.75,1.51,Metals & Minerals Trading,SBLUECHIP,SBI AMC,2026-08
INE073K01018,Sona Blw Precision Forgings Ltd.,10000000.0,81305.0,1.47,Auto Components,SBLUECHIP,SBI AMC,2026-08
INE030A01027,Hindustan Unilever Ltd.,4100000.0,80663.4,1.46,Diversified FMCG,SBLUECHIP,SBI AMC,2026-08
INE1CDF01017,Vedanta Aluminium Metal Ltd.,17300000.0,75280.95,1.37,Non - Ferrous Metals,SBLUECHIP,SBI AMC,2026-08
INE346A01027,ICICI Prudential Asset Management Company Ltd.,2025472.0,62082.74,1.13,Capital Markets,SBLUECHIP,SBI AMC,2026-08
INE646L01027,Interglobe Aviation Ltd.,1100000.0,57574.0,1.04,Transport Services,SBLUECHIP,SBI AMC,2026-08
INE603J01030,PI Industries Ltd.,2270000.0,53799.0,0.98,Fertilizers & Agrochemicals,SBLUECHIP,SBI AMC,2026-08
INE0J1Y01017,Life Insurance Corporation of India,12800000.0,53504.0,0.97,Insurance,SBLUECHIP,SBI AMC,2026-08
INE513A01022,Schaeffler India Ltd.,1314870.0,52789.4,0.96,Auto Components,SBLUECHIP,SBI AMC,2026-08
INE726G01019,ICICI Prudential Life Insurance Company Ltd.,10121950.0,52335.54,0.95,Insurance,SBLUECHIP,SBI AMC,2026-08
INE216A01030,Britannia Industries Ltd.,869125.0,45629.06,0.83,Food Products,SBLUECHIP,SBI AMC,2026-08
INE019A01038,JSW Steel Ltd.,3100000.0,40538.7,0.74,Ferrous Metals,SBLUECHIP,SBI AMC,2026-08
INE765G01017,ICICI Lombard General Insurance Company Ltd.,2554097.0,40020.15,0.73,Insurance,SBLUECHIP,SBI AMC,2026-08
INE481G01011,Ultratech Cement Ltd.,345000.0,39502.5,0.72,Cement & Cement Products,SBLUECHIP,SBI AMC,2026-08
INE02RE01045,Brainbees Solutions Ltd.,20300000.0,37029.23,0.67,Retailing,SBLUECHIP,SBI AMC,2026-08
INE931S01010,Adani Energy Solutions Ltd.,2494551.0,35357.77,0.64,Power,SBLUECHIP,SBI AMC,2026-08
INE081A01020,Tata Steel Ltd.,18635614.0,34354.75,0.62,Ferrous Metals,SBLUECHIP,SBI AMC,2026-08
INE742F01042,Adani Ports and Special Economic Zone Ltd.,2000000.0,31862.0,0.58,Transport Infrastructure,SBLUECHIP,SBI AMC,2026-08
INE205A01025,Vedanta Ltd.,9200000.0,25594.4,0.46,Diversified Metals,SBLUECHIP,SBI AMC,2026-08
INE121J01017,Indus Towers Ltd.,6441100.0,25043.0,0.45,Telecom - Services,SBLUECHIP,SBI AMC,2026-08
INE0FS801015,Motherson Sumi Wiring India Ltd.,66096342.0,24316.84,0.44,Auto Components,SBLUECHIP,SBI AMC,2026-08
INE2J8701016,SKF India (Industrial) Ltd.,791489.0,23612.49,0.43,Industrial Products,SBLUECHIP,SBI AMC,2026-08
INE813H01021,Torrent Power Ltd.,1119425.0,13602.13,0.25,Power,SBLUECHIP,SBI AMC,2026-08
INE640A01023,SKF India Ltd.,791489.0,12298.95,0.22,Auto Components,SBLUECHIP,SBI AMC,2026-08
INE059A01026,Cipla Ltd.,729000.0,10273.07,0.19,Pharmaceuticals & Biotechnology,SBLUECHIP,SBI AMC,2026-08
INE694L01019,Vedanta Power Ltd.,10511424.0,3697.92,0.07,Power,SBLUECHIP,SBI AMC,2026-08
INE704J01044,Vedanta Oil and Gas Ltd.,3190769.0,1235.15,0.02,Oil,SBLUECHIP,SBI AMC,2026-08
INE1CLE01013,Vedanta Iron and Steel Ltd.,3193292.0,1176.09,0.02,Ferrous Metals,SBLUECHIP,SBI AMC,2026-08
IN002026X099,91 DAY T-BILL 03.09.26,35000000.0,34990.03,0.63,Sovereign,SBLUECHIP,SBI AMC,2026-08
IN002025Z344,364 DAY T-BILL 19.11.26,7000000.0,6921.2,0.13,Sovereign,SBLUECHIP,SBI AMC,2026-08
INE040A01034,HDFC Bank Ltd.,34266050.0,242946.29,5.14,Banks,SAOF,SBI AMC,2026-08
INE002A01018,Reliance Industries Ltd.,15937500.0,203521.88,4.3,Petroleum Products,SAOF,SBI AMC,2026-08
INE062A01020,State Bank of India,16722000.0,177253.2,3.75,Banks,SAOF,SBI AMC,2026-08
INE090A01021,ICICI Bank Ltd.,8011500.0,116487.21,2.46,Banks,SAOF,SBI AMC,2026-08
INE238A01034,Axis Bank Ltd.,8751250.0,113766.25,2.41,Banks,SAOF,SBI AMC,2026-08
INE397D01024,Bharti Airtel Ltd.,6177850.0,111936.46,2.37,Telecom - Services,SAOF,SBI AMC,2026-08
INE263A01024,Bharat Electronics Ltd.,19109250.0,79198.29,1.67,Aerospace & Defense,SAOF,SBI AMC,2026-08
INE019A01038,JSW Steel Ltd.,5746275.0,75144.04,1.59,Ferrous Metals,SAOF,SBI AMC,2026-08
INE423A01024,Adani Enterprises Ltd.,2271150.0,64934.45,1.37,Metals & Minerals Trading,SAOF,SBI AMC,2026-08
INE066F01020,Hindustan Aeronautics Ltd.,1299450.0,62394.39,1.32,Aerospace & Defense,SAOF,SBI AMC,2026-08
INE296A01032,Bajaj Finance Ltd.,5859000.0,61929.63,1.31,Finance,SAOF,SBI AMC,2026-08
INE669E01016,Vodafone Idea Ltd.,415198275.0,59497.91,1.26,Telecom - Services,SAOF,SBI AMC,2026-08
INE018A01030,Larsen & Toubro Ltd.,1273475.0,51510.79,1.09,Construction,SAOF,SBI AMC,2026-08
INE081A01020,Tata Steel Ltd.,26870250.0,49535.31,1.05,Ferrous Metals,SAOF,SBI AMC,2026-08
INE154A01025,ITC Ltd.,18126300.0,46312.7,0.98,Diversified FMCG,SAOF,SBI AMC,2026-08
INE237A01036,Kotak Mahindra Bank Ltd.,10994000.0,46108.84,0.98,Banks,SAOF,SBI AMC,2026-08
INE364U01010,Adani Green Energy Ltd.,3741000.0,45449.41,0.96,Power,SAOF,SBI AMC,2026-08
INE476A01022,Canara Bank,33453000.0,42451.86,0.9,Banks,SAOF,SBI AMC,2026-08
INE134E01011,Power Finance Corporation Ltd.,12307100.0,41388.78,0.88,Finance,SAOF,SBI AMC,2026-08
INE522F01014,Coal India Ltd.,9558000.0,38399.27,0.81,Consumable Fuels,SAOF,SBI AMC,2026-08
INE361B01024,Divi's Laboratories Ltd.,400700.0,37934.27,0.8,Pharmaceuticals & Biotechnology,SAOF,SBI AMC,2026-08
INE160A01022,Punjab National Bank,33120000.0,37832.98,0.8,Banks,SAOF,SBI AMC,2026-08
INE257A01026,Bharat Heavy Electricals Ltd.,8463000.0,37461.47,0.79,Electrical Equipment,SAOF,SBI AMC,2026-08
INE758E01017,Jio Financial Services Ltd.,15263250.0,36837.85,0.78,Finance,SAOF,SBI AMC,2026-08
INE814H01029,Adani Power Ltd.,18545200.0,36719.5,0.78,Power,SAOF,SBI AMC,2026-08
INE192A01025,Tata Consumer Products Ltd.,3223550.0,33444.33,0.71,Agricultural Food & other Products,SAOF,SBI AMC,2026-08
INE733E01010,NTPC Ltd.,9850500.0,32250.54,0.68,Power,SAOF,SBI AMC,2026-08
INE931S01010,Adani Energy Solutions Ltd.,2266650.0,32127.5,0.68,Power,SAOF,SBI AMC,2026-08
INE121J01017,Indus Towers Ltd.,8212700.0,31930.98,0.68,Telecom - Services,SAOF,SBI AMC,2026-08
INE171A01029,The Federal Bank Ltd.,8815000.0,31443.11,0.67,Banks,SAOF,SBI AMC,2026-08
INE092T01019,IDFC First Bank Ltd.,35996275.0,30946.0,0.65,Banks,SAOF,SBI AMC,2026-08
INE053A01029,The Indian Hotels Company Ltd.,4165000.0,30733.54,0.65,Leisure Services,SAOF,SBI AMC,2026-08
INE242A01010,Indian Oil Corporation Ltd.,21459750.0,29856.95,0.63,Petroleum Products,SAOF,SBI AMC,2026-08
INE245A01021,Tata Power Company Ltd.,8494100.0,29474.53,0.62,Power,SAOF,SBI AMC,2026-08
INE935A01035,Glenmark Pharmaceuticals Ltd.,1176000.0,29164.8,0.62,Pharmaceuticals & Biotechnology,SAOF,SBI AMC,2026-08
INE121A01024,Cholamandalam Investment & Finance Co. Ltd.,1544375.0,28685.22,0.61,Finance,SAOF,SBI AMC,2026-08
INE028A01039,Bank of Baroda,12012975.0,28662.96,0.61,Banks,SAOF,SBI AMC,2026-08
INE079A01024,Ambuja Cements Ltd.,7116000.0,28545.83,0.6,Cement & Cement Products,SAOF,SBI AMC,2026-08
INE030A01027,Hindustan Unilever Ltd.,1395000.0,27445.23,0.58,Diversified FMCG,SAOF,SBI AMC,2026-08
INE585B01010,Maruti Suzuki India Ltd.,202250.0,27398.81,0.58,Automobiles,SAOF,SBI AMC,2026-08
INE200M01039,Varun Beverages Ltd.,6771525.0,27116.57,0.57,Beverages,SAOF,SBI AMC,2026-08
INE303R01014,Kalyan Jewellers India Ltd.,4085100.0,24551.45,0.52,Consumer Durables,SAOF,SBI AMC,2026-08
INE038A01020,Hindalco Industries Ltd.,2352000.0,23883.38,0.51,Non - Ferrous Metals,SAOF,SBI AMC,2026-08
INE742F01042,Adani Ports and Special Economic Zone Ltd.,1498625.0,23874.59,0.5,Transport Infrastructure,SAOF,SBI AMC,2026-08
INE114A01011,Steel Authority of India Ltd.,12210600.0,23810.67,0.5,Ferrous Metals,SAOF,SBI AMC,2026-08
INE776C01039,GMR Airports Ltd.,25103025.0,23503.96,0.5,Transport Infrastructure,SAOF,SBI AMC,2026-08
INE009A01021,Infosys Ltd.,2046800.0,23206.62,0.49,IT - Software,SAOF,SBI AMC,2026-08
INE066A01021,Eicher Motors Ltd.,288300.0,22929.94,0.48,Automobiles,SAOF,SBI AMC,2026-08
INE155A01022,Tata Motors Passenger Vehicles Ltd.,7393600.0,22835.13,0.48,Automobiles,SAOF,SBI AMC,2026-08
INE522D01027,Manappuram Finance Ltd.,6666000.0,22671.07,0.48,Finance,SAOF,SBI AMC,2026-08
INE584A01023,NMDC Ltd.,25555500.0,22539.95,0.48,Minerals & Mining,SAOF,SBI AMC,2026-08
INE481G01011,Ultratech Cement Ltd.,174750.0,20008.88,0.42,Cement & Cement Products,SAOF,SBI AMC,2026-08
INE127D01025,HDFC Asset Management Co. Ltd.,760500.0,19941.07,0.42,Capital Markets,SAOF,SBI AMC,2026-08
INE721A01047,Shriram Finance Ltd.,1794375.0,19915.77,0.42,Finance,SAOF,SBI AMC,2026-08
INE280A01028,Titan Company Ltd.,374150.0,19090.63,0.4,Consumer Durables,SAOF,SBI AMC,2026-08
INE494B01023,TVS Motor Company Ltd.,438375.0,19031.17,0.4,Automobiles,SAOF,SBI AMC,2026-08
INE663F01032,Info Edge (India) Ltd.,1417900.0,18617.03,0.39,Retailing,SAOF,SBI AMC,2026-08
INE376G01013,Biocon Ltd.,4510000.0,18581.2,0.39,Pharmaceuticals & Biotechnology,SAOF,SBI AMC,2026-08
INE692A01016,Union Bank of India,9805800.0,18496.68,0.39,Banks,SAOF,SBI AMC,2026-08
INE437A01024,Apollo Hospitals Enterprise Ltd.,206125.0,18342.03,0.39,Healthcare Services,SAOF,SBI AMC,2026-08
INE669C01036,Tech Mahindra Ltd.,1123200.0,18285.7,0.39,IT - Software,SAOF,SBI AMC,2026-08
INE343H01029,Solar Industries India Ltd.,89650.0,18026.82,0.38,Chemicals & Petrochemicals,SAOF,SBI AMC,2026-08
INE101A01026,Mahindra & Mahindra Ltd.,546400.0,17932.85,0.38,Automobiles,SAOF,SBI AMC,2026-08
INE0J1Y01017,Life Insurance Corporation of India,4186000.0,17497.48,0.37,Insurance,SAOF,SBI AMC,2026-08
INE271C01023,DLF Ltd.,2500400.0,17279.01,0.37,Realty,SAOF,SBI AMC,2026-08
INE299U01018,Crompton Greaves Consumer Electricals Ltd.,7161650.0,16894.33,0.36,Consumer Durables,SAOF,SBI AMC,2026-08
INE180A01020,Max Financial Services Ltd.,1025600.0,16133.71,0.34,Insurance,SAOF,SBI AMC,2026-08
INE775A01035,Samvardhana Motherson International Ltd.,9218850.0,15734.73,0.33,Auto Components,SAOF,SBI AMC,2026-08
INE674K01013,Aditya Birla Capital Ltd.,3819200.0,15635.8,0.33,Finance,SAOF,SBI AMC,2026-08
INE102D01028,Godrej Consumer Products Ltd.,1708500.0,15398.71,0.33,Personal Products,SAOF,SBI AMC,2026-08
INE298A01020,Cummins India Ltd.,297400.0,15182.27,0.32,Industrial Products,SAOF,SBI AMC,2026-08
INE406A01037,Aurobindo Pharma Ltd.,865700.0,14864.07,0.31,Pharmaceuticals & Biotechnology,SAOF,SBI AMC,2026-08
INE947Q01028,Laurus Labs Ltd.,749700.0,14356.76,0.3,Pharmaceuticals & Biotechnology,SAOF,SBI AMC,2026-08
INE795G01014,HDFC Life Insurance Company Ltd.,2636700.0,14326.51,0.3,Insurance,SAOF,SBI AMC,2026-08
INE646L01027,Interglobe Aviation Ltd.,267600.0,14006.18,0.3,Transport Services,SAOF,SBI AMC,2026-08
INE752E01010,Power Grid Corporation of India Ltd.,5304800.0,13980.8,0.3,Power,SAOF,SBI AMC,2026-08
INE118H01025,BSE Ltd.,423200.0,13889.42,0.29,Capital Markets,SAOF,SBI AMC,2026-08
INE07Y701011,Hitachi Energy India Ltd.,40850.0,13790.96,0.29,Electrical Equipment,SAOF,SBI AMC,2026-08
INE545U01014,Bandhan Bank Ltd.,8013600.0,13102.24,0.28,Banks,SAOF,SBI AMC,2026-08
INE213A01029,Oil & Natural Gas Corporation Ltd.,5559750.0,12887.5,0.27,Oil,SAOF,SBI AMC,2026-08
INE084A01016,Bank of India,9084400.0,12862.6,0.27,Banks,SAOF,SBI AMC,2026-08
INE016A01026,Dabur India Ltd.,3303750.0,12587.29,0.27,Personal Products,SAOF,SBI AMC,2026-08
INE192R01011,Avenue Supermarts Ltd.,300000.0,11700.0,0.25,Retailing,SAOF,SBI AMC,2026-08
INE745G01043,Multi Commodity Exchange of India Ltd.,339525.0,11543.85,0.24,Capital Markets,SAOF,SBI AMC,2026-08
INE467B01029,Tata Consultancy Services Ltd.,480150.0,11520.24,0.24,IT - Software,SAOF,SBI AMC,2026-08
INE976G01028,RBL Bank Ltd.,2987675.0,11363.62,0.24,Banks,SAOF,SBI AMC,2026-08
INE200A01026,GE Vernova T&D India Ltd.,250375.0,11129.67,0.24,Electrical Equipment,SAOF,SBI AMC,2026-08
INE047A01021,Grasim Industries Ltd.,324750.0,10947.32,0.23,Cement & Cement Products,SAOF,SBI AMC,2026-08
INE982J01020,One 97 Communications Ltd.,634375.0,10892.85,0.23,Financial Technology (Fintech),SAOF,SBI AMC,2026-08
INE208A01029,Ashok Leyland Ltd.,6175000.0,10845.77,0.23,"Agricultural, Commercial & Construction Vehicles",SAOF,SBI AMC,2026-08
INE949L01017,AU Small Finance Bank Ltd.,955000.0,10373.21,0.22,Banks,SAOF,SBI AMC,2026-08
INE111A01025,Container Corporation of India Ltd.,2008750.0,10282.79,0.22,Transport Services,SAOF,SBI AMC,2026-08
INE685A01028,Torrent Pharmaceuticals Ltd.,195125.0,9885.03,0.21,Pharmaceuticals & Biotechnology,SAOF,SBI AMC,2026-08
INE267A01025,Hindustan Zinc Ltd.,1637825.0,9752.43,0.21,Non - Ferrous Metals,SAOF,SBI AMC,2026-08
INE027H01010,Max Healthcare Institute Ltd.,909825.0,9481.29,0.2,Healthcare Services,SAOF,SBI AMC,2026-08
INE414G01012,Muthoot Finance Ltd.,314325.0,9360.91,0.2,Finance,SAOF,SBI AMC,2026-08
INE158A01026,Hero MotoCorp Ltd.,169950.0,9262.28,0.2,Automobiles,SAOF,SBI AMC,2026-08
INE095N01031,NBCC (India) Ltd.,10679500.0,9205.73,0.19,Construction,SAOF,SBI AMC,2026-08
INE020B01018,REC Ltd.,2745225.0,8875.31,0.19,Finance,SAOF,SBI AMC,2026-08
INE061F01013,Fortis Healthcare Ltd.,928450.0,8420.11,0.18,Healthcare Services,SAOF,SBI AMC,2026-08
INE123W01016,SBI Life Insurance Co. Ltd.,480375.0,8360.93,0.18,Insurance,SAOF,SBI AMC,2026-08
INE405E01023,UNO Minda Ltd.,650650.0,8302.29,0.18,Auto Components,SAOF,SBI AMC,2026-08
INE484J01027,Godrej Properties Ltd.,401700.0,8093.05,0.17,Realty,SAOF,SBI AMC,2026-08
INE749A01030,Jindal Steel Ltd.,678125.0,8089.35,0.17,Ferrous Metals,SAOF,SBI AMC,2026-08
INE044A01036,Sun Pharmaceutical Industries Ltd.,406700.0,8072.18,0.17,Pharmaceuticals & Biotechnology,SAOF,SBI AMC,2026-08
INE917I01010,Bajaj Auto Ltd.,65550.0,7951.22,0.17,Automobiles,SAOF,SBI AMC,2026-08
INE647A01010,SRF Ltd.,305800.0,7829.7,0.17,Chemicals & Petrochemicals,SAOF,SBI AMC,2026-08
INE139A01034,National Aluminium Company Ltd.,2043750.0,7796.91,0.16,Non - Ferrous Metals,SAOF,SBI AMC,2026-08
INE702C01027,APL Apollo Tubes Ltd.,347900.0,7735.21,0.16,Industrial Products,SAOF,SBI AMC,2026-08
INE021A01026,Asian Paints Ltd.,278500.0,7390.28,0.16,Consumer Durables,SAOF,SBI AMC,2026-08
INE205A01025,Vedanta Ltd.,2640400.0,7345.59,0.16,Diversified Metals,SAOF,SBI AMC,2026-08
INE326A01037,Lupin Ltd.,325975.0,7133.64,0.15,Pharmaceuticals & Biotechnology,SAOF,SBI AMC,2026-08
INE040H01021,Suzlon Energy Ltd.,14732000.0,7000.65,0.15,Electrical Equipment,SAOF,SBI AMC,2026-08
INE455K01017,Polycab India Ltd.,72500.0,6847.63,0.14,Industrial Products,SAOF,SBI AMC,2026-08
INE619A01035,Patanjali Foods Ltd.,1950050.0,6727.67,0.14,Agricultural Food & other Products,SAOF,SBI AMC,2026-08
INE211B01039,The Phoenix Mills Ltd.,353150.0,6709.85,0.14,Realty,SAOF,SBI AMC,2026-08
INE849A01020,Trent Ltd.,232425.0,6693.61,0.14,Retailing,SAOF,SBI AMC,2026-08
INE226A01021,Voltas Ltd.,547500.0,6539.34,0.14,Consumer Durables,SAOF,SBI AMC,2026-08
INE323A01026,Bosch Ltd.,13000.0,6500.0,0.14,Auto Components,SAOF,SBI AMC,2026-08
INE094A01015,Hindustan Petroleum Corporation Ltd.,1763775.0,6451.01,0.14,Petroleum Products,SAOF,SBI AMC,2026-08
INE121E01018,JSW Energy Ltd.,1236250.0,6433.45,0.14,Power,SAOF,SBI AMC,2026-08
INE417T01026,PB Fintech Ltd.,335650.0,6293.44,0.13,Financial Technology (Fintech),SAOF,SBI AMC,2026-08
INE765G01017,ICICI Lombard General Insurance Company Ltd.,384475.0,6024.34,0.13,Insurance,SAOF,SBI AMC,2026-08
INE758T01015,Eternal Ltd.,1799350.0,5903.67,0.12,Retailing,SAOF,SBI AMC,2026-08
INE059A01026,Cipla Ltd.,417350.0,5881.3,0.12,Pharmaceuticals & Biotechnology,SAOF,SBI AMC,2026-08
INE115A01026,LIC Housing Finance Ltd.,1025000.0,5518.6,0.12,Finance,SAOF,SBI AMC,2026-08
INE465A01025,Bharat Forge Ltd.,244500.0,5146.48,0.11,Auto Components,SAOF,SBI AMC,2026-08
INE066P01011,Inox Wind Ltd.,7238400.0,5093.66,0.11,Electrical Equipment,SAOF,SBI AMC,2026-08
INE860A01027,HCL Technologies Ltd.,383600.0,5033.6,0.11,IT - Software,SAOF,SBI AMC,2026-08
INE628A01036,UPL Ltd.,888880.0,4997.73,0.11,Fertilizers & Agrochemicals,SAOF,SBI AMC,2026-08
INE148O01028,Delhivery Ltd.,1049950.0,4789.87,0.1,Transport Services,SAOF,SBI AMC,2026-08
INE029A01011,Bharat Petroleum Corporation Ltd.,1477300.0,4787.19,0.1,Petroleum Products,SAOF,SBI AMC,2026-08
INE371P01015,Amber Enterprises India Ltd.,58800.0,4480.56,0.09,Consumer Durables,SAOF,SBI AMC,2026-08
INE249Z01020,Mazagon Dock Shipbuilders Ltd.,172350.0,4274.28,0.09,Industrial Manufacturing,SAOF,SBI AMC,2026-08
INE388Y01029,FSN E-Commerce Ventures Ltd.,1200000.0,4194.6,0.09,Retailing,SAOF,SBI AMC,2026-08
INE067A01029,CG Power and Industrial Solutions Ltd.,449650.0,4118.79,0.09,Electrical Equipment,SAOF,SBI AMC,2026-08
INE591G01025,Coforge Ltd.,202825.0,4026.68,0.09,IT - Software,SAOF,SBI AMC,2026-08
INE196A01026,Marico Ltd.,484800.0,3975.36,0.08,Agricultural Food & other Products,SAOF,SBI AMC,2026-08
INE704P01025,Cochin Shipyard Ltd.,259600.0,3919.96,0.08,Industrial Manufacturing,SAOF,SBI AMC,2026-08
INE572E01012,PNB Housing Finance Ltd.,336050.0,3860.21,0.08,Finance,SAOF,SBI AMC,2026-08
INE562A01011,Indian Bank,422000.0,3792.73,0.08,Banks,SAOF,SBI AMC,2026-08
INE540L01014,Alkem Laboratories Ltd.,62625.0,3337.6,0.07,Pharmaceuticals & Biotechnology,SAOF,SBI AMC,2026-08
INE262H01021,Persistent Systems Ltd.,59625.0,3335.72,0.07,IT - Software,SAOF,SBI AMC,2026-08
INE129A01019,GAIL (India) Ltd.,1860200.0,3301.86,0.07,Gas,SAOF,SBI AMC,2026-08
INE195A01028,Supreme Industries Ltd.,91700.0,3263.6,0.07,Industrial Products,SAOF,SBI AMC,2026-08
INE726G01019,ICICI Prudential Life Insurance Company Ltd.,629000.0,3252.24,0.07,Insurance,SAOF,SBI AMC,2026-08
INE118A01012,Bajaj Holdings & Investment Ltd.,27375.0,3187.55,0.07,Finance,SAOF,SBI AMC,2026-08
INE918I01026,Bajaj Finserv Ltd.,152100.0,3073.94,0.07,Finance,SAOF,SBI AMC,2026-08
INE736A01011,Central Depository Services (I) Ltd.,209475.0,2937.89,0.06,Capital Markets,SAOF,SBI AMC,2026-08
INE093I01010,Oberoi Realty Ltd.,156800.0,2929.02,0.06,Realty,SAOF,SBI AMC,2026-08
INE095A01012,IndusInd Bank Ltd.,287700.0,2924.76,0.06,Banks,SAOF,SBI AMC,2026-08
INE022Q01020,Indian Energy Exchange Ltd.,2414250.0,2909.17,0.06,Capital Markets,SAOF,SBI AMC,2026-08
INE259A01022,Colgate Palmolive (India) Ltd.,152900.0,2901.43,0.06,Personal Products,SAOF,SBI AMC,2026-08
INE415G01027,Rail Vikas Nigam Ltd.,1372525.0,2882.3,0.06,Construction,SAOF,SBI AMC,2026-08
INE854D01024,United Spirits Ltd.,192800.0,2872.72,0.06,Beverages,SAOF,SBI AMC,2026-08
INE0BS701011,Premier Energies Ltd,241150.0,2499.04,0.05,Electrical Equipment,SAOF,SBI AMC,2026-08
INE634S01028,Mankind Pharma Ltd.,96750.0,2340.58,0.05,Pharmaceuticals & Biotechnology,SAOF,SBI AMC,2026-08
INE04I401011,KPIT Technologies Ltd.,366575.0,2144.46,0.05,IT - Software,SAOF,SBI AMC,2026-08
INE457L01029,PG Electroplast Ltd.,280250.0,1628.25,0.03,Consumer Durables,SAOF,SBI AMC,2026-08
INE356A01018,Mphasis Ltd.,66275.0,1608.76,0.03,IT - Software,SAOF,SBI AMC,2026-08
INE451A01017,Force Motors Ltd.,8925.0,1564.2,0.03,Automobiles,SAOF,SBI AMC,2026-08
INE117A01022,ABB India Ltd.,20125.0,1537.25,0.03,Electrical Equipment,SAOF,SBI AMC,2026-08
INE732I01021,Angel One Ltd.,500000.0,1434.5,0.03,Capital Markets,SAOF,SBI AMC,2026-08
INE944F01028,Radico Khaitan Ltd.,28500.0,1278.23,0.03,Beverages,SAOF,SBI AMC,2026-08
INE171Z01026,Bharat Dynamics Ltd.,98175.0,1251.73,0.03,Aerospace & Defense,SAOF,SBI AMC,2026-08
INE596I01020,Computer Age Management Services Ltd.,160050.0,1251.59,0.03,Capital Markets,SAOF,SBI AMC,2026-08
INE239A01024,Nestle India Ltd.,82500.0,1234.61,0.03,Food Products,SAOF,SBI AMC,2026-08
INE010B01027,Zydus Lifesciences Ltd.,103500.0,1201.95,0.03,Pharmaceuticals & Biotechnology,SAOF,SBI AMC,2026-08
INE974X01010,Tube Investments of India Ltd.,39800.0,1106.44,0.02,Auto Components,SAOF,SBI AMC,2026-08
INE811K01011,Prestige Estates Projects Ltd.,67050.0,1094.93,0.02,Realty,SAOF,SBI AMC,2026-08
INE298J01013,Nippon Life India Asset Management Ltd.,92500.0,1084.38,0.02,Capital Markets,SAOF,SBI AMC,2026-08
INE338I01027,Motilal Oswal Financial Services Ltd.,102300.0,1066.89,0.02,Capital Markets,SAOF,SBI AMC,2026-08
INE318A01026,Pidilite Industries Ltd.,59000.0,995.74,0.02,Chemicals & Petrochemicals,SAOF,SBI AMC,2026-08
INE670A01012,Tata Elxsi Ltd.,26500.0,948.33,0.02,IT - Software,SAOF,SBI AMC,2026-08
INE070A01015,Shree Cement Ltd.,3750.0,870.0,0.02,Cement & Cement Products,SAOF,SBI AMC,2026-08
INE138Y01010,Kfin Technologies Ltd.,79350.0,769.7,0.02,Capital Markets,SAOF,SBI AMC,2026-08
INE073K01018,Sona Blw Precision Forgings Ltd.,75950.0,617.51,0.01,Auto Components,SAOF,SBI AMC,2026-08
INE274J01014,Oil India Ltd.,120400.0,581.71,0.01,Oil,SAOF,SBI AMC,2026-08
INE006I01046,Astral Ltd.,37825.0,575.77,0.01,Industrial Products,SAOF,SBI AMC,2026-08
INE498L01015,L&T Finance Ltd.,173250.0,556.13,0.01,Finance,SAOF,SBI AMC,2026-08
INE01EA01019,Vishal Mega Mart Ltd.,426800.0,472.21,0.01,Retailing,SAOF,SBI AMC,2026-08
INE176B01034,Havells India Ltd.,32000.0,398.11,0.01,Consumer Durables,SAOF,SBI AMC,2026-08
INE018E01016,SBI Cards & Payment Services Ltd.,59200.0,381.69,0.01,Finance,SAOF,SBI AMC,2026-08
INE466L01038,360 ONE WAM Ltd.,29500.0,346.63,0.01,Capital Markets,SAOF,SBI AMC,2026-08
INE347G01014,Petronet LNG Ltd.,106400.0,319.84,0.01,Gas,SAOF,SBI AMC,2026-08
INE0W2G01015,Sagility Ltd.,672000.0,316.18,0.01,IT - Services,SAOF,SBI AMC,2026-08
INE003A01024,Siemens Ltd.,7525.0,303.26,0.01,Electrical Equipment,SAOF,SBI AMC,2026-08
INE216A01030,Britannia Industries Ltd.,5250.0,275.63,0.01,Food Products,SAOF,SBI AMC,2026-08
INE260B01028,Godfrey Phillips India Ltd.,6600.0,138.92,,Cigarettes & Tobacco Products,SAOF,SBI AMC,2026-08
INE457A01014,Bank of Maharashtra,26000.0,21.34,,Banks,SAOF,SBI AMC,2026-08
INE0LEZ01016,Ather Energy Ltd.,750.0,12.88,,Automobiles,SAOF,SBI AMC,2026-08
INE028A16LG5,Bank of Baroda,10000.0,48614.45,1.03,IND A1+,SAOF,SBI AMC,2026-08
INE028A16MQ2,Bank of Baroda,9000.0,44241.03,0.94,IND A1+,SAOF,SBI AMC,2026-08
INE160A16UE2,Punjab National Bank,4500.0,21864.42,0.46,CRISIL A1+,SAOF,SBI AMC,2026-08
INE692A16LP9,Union Bank of India,4000.0,19302.64,0.41,[ICRA]A1+,SAOF,SBI AMC,2026-08
INE556F16CD0,Small Industries Development Bank of India,3000.0,14440.38,0.31,CRISIL A1+,SAOF,SBI AMC,2026-08
INE556F16BS0,Small Industries Development Bank of India,2000.0,9834.61,0.21,CRISIL A1+,SAOF,SBI AMC,2026-08
INE160A16UD4,Punjab National Bank,2000.0,9719.45,0.21,CRISIL A1+,SAOF,SBI AMC,2026-08
INE090AD6337,ICICI Bank Ltd.,2000.0,9636.3,0.2,[ICRA]A1+,SAOF,SBI AMC,2026-08
INE040A16IZ6,HDFC Bank Ltd.,1000.0,4827.57,0.1,CRISIL A1+,SAOF,SBI AMC,2026-08
INE028A16KT0,Bank of Baroda,500.0,2456.06,0.05,IND A1+,SAOF,SBI AMC,2026-08
IN002025Z344,364 DAY T-BILL 19.11.26,2300000.0,2274.11,0.05,Sovereign,SAOF,SBI AMC,2026-08
INF200K01SZ5,SBI Money Market Fund - Direct Plan - Growth Option,1024206835.485,490701.59,10.38,Mutual Fund/ETF,SAOF,SBI AMC,2026-08
INF200K01UT4,SBI Liquid Fund - DIRECT PLAN -Growth Option  ,5846349.216,259092.85,5.48,Mutual Fund/ETF,SAOF,SBI AMC,2026-08
INF200K01VM7,SBI Ultra Short to Short Term Fund - Direct Plan - Growth Option,424031.995,16531.39,0.35,Mutual Fund/ETF,SAOF,SBI AMC,2026-08
INE002A01018,Reliance Industries Ltd.,4350000.0,55549.5,11.55,Petroleum Products,SIF,SBI AMC,2026-08
INE397D01024,Bharti Airtel Ltd.,1600000.0,28990.4,6.03,Telecom - Services,SIF,SBI AMC,2026-08
INE018A01030,Larsen & Toubro Ltd.,600000.0,24269.4,5.05,Construction,SIF,SBI AMC,2026-08
INE070A01015,Shree Cement Ltd.,100000.0,23200.0,4.82,Cement & Cement Products,SIF,SBI AMC,2026-08
INE003A01024,Siemens Ltd.,500000.0,20150.0,4.19,Electrical Equipment,SIF,SBI AMC,2026-08
INE742F01042,Adani Ports and Special Economic Zone Ltd.,1200000.0,19117.2,3.97,Transport Infrastructure,SIF,SBI AMC,2026-08
INE257A01026,Bharat Heavy Electricals Ltd.,4000000.0,17706.0,3.68,Electrical Equipment,SIF,SBI AMC,2026-08
INE423A01024,Adani Enterprises Ltd.,550000.0,15725.05,3.27,Metals & Minerals Trading,SIF,SBI AMC,2026-08
INE813H01021,Torrent Power Ltd.,1200000.0,14581.2,3.03,Power,SIF,SBI AMC,2026-08
INE536A01023,Grindwell Norton Ltd.,700000.0,14161.0,2.94,Industrial Products,SIF,SBI AMC,2026-08
INE481G01011,Ultratech Cement Ltd.,120000.0,13740.0,2.86,Cement & Cement Products,SIF,SBI AMC,2026-08
INE921L01032,Powerica Ltd.,2500000.0,12975.0,2.7,Electrical Equipment,SIF,SBI AMC,2026-08
INE213A01029,Oil & Natural Gas Corporation Ltd.,5000000.0,11590.0,2.41,Oil,SIF,SBI AMC,2026-08
INE931S01010,Adani Energy Solutions Ltd.,800000.0,11339.2,2.36,Power,SIF,SBI AMC,2026-08
INE019A01038,JSW Steel Ltd.,800000.0,10461.6,2.17,Ferrous Metals,SIF,SBI AMC,2026-08
INE271C01023,DLF Ltd.,1500000.0,10365.75,2.15,Realty,SIF,SBI AMC,2026-08
INE343H01029,Solar Industries India Ltd.,50000.0,10054.0,2.09,Chemicals & Petrochemicals,SIF,SBI AMC,2026-08
INE121E01018,JSW Energy Ltd.,1904762.0,9912.38,2.06,Power,SIF,SBI AMC,2026-08
INE066F01020,Hindustan Aeronautics Ltd.,202500.0,9723.24,2.02,Aerospace & Defense,SIF,SBI AMC,2026-08
INE121J01017,Indus Towers Ltd.,2500000.0,9720.0,2.02,Telecom - Services,SIF,SBI AMC,2026-08
INE450D01021,Pitti Engineering Ltd.,800000.0,8850.8,1.84,Industrial Manufacturing,SIF,SBI AMC,2026-08
INE522F01014,Coal India Ltd.,2100000.0,8436.75,1.75,Consumable Fuels,SIF,SBI AMC,2026-08
INE08U801020,Samhi Hotels Ltd.,5000000.0,7818.0,1.63,Leisure Services,SIF,SBI AMC,2026-08
INE120A01034,Carborundum Universal Ltd.,673021.0,7447.65,1.55,Industrial Products,SIF,SBI AMC,2026-08
INE758C01029,Ahluwalia Contracts (India) Ltd.,1200000.0,7430.4,1.54,Construction,SIF,SBI AMC,2026-08
INE129A01019,GAIL (India) Ltd.,4000000.0,7100.0,1.48,Gas,SIF,SBI AMC,2026-08
INE227J01012,Kalpataru Ltd.,2500000.0,6940.0,1.44,Realty,SIF,SBI AMC,2026-08
INE134E01011,Power Finance Corporation Ltd.,2000000.0,6726.0,1.4,Finance,SIF,SBI AMC,2026-08
INE05C901015,Juniper Green Energy Ltd.,2517207.0,6665.06,1.39,Power,SIF,SBI AMC,2026-08
INE718I01012,JSW Cement Ltd.,5000000.0,6301.0,1.31,Cement & Cement Products,SIF,SBI AMC,2026-08
INE285A01027,Elgi Equipments Ltd.,1000000.0,6273.5,1.3,Industrial Products,SIF,SBI AMC,2026-08
INE274Y01021,Ajax Engineering Ltd.,1022512.0,5874.33,1.22,"Agricultural, Commercial & Construction Vehicles",SIF,SBI AMC,2026-08
INE442H01029,Ashoka Buildcon Ltd.,4273550.0,5140.65,1.07,Construction,SIF,SBI AMC,2026-08
INE061F01013,Fortis Healthcare Ltd.,542500.0,4919.93,1.02,Healthcare Services,SIF,SBI AMC,2026-08
INE383A01012,The India Cements Ltd.,1250000.0,4633.13,0.96,Cement & Cement Products,SIF,SBI AMC,2026-08
INE201P01022,G R Infra projects Ltd.,500000.0,4381.0,0.91,Construction,SIF,SBI AMC,2026-08
INE519A01011,Foseco India Ltd.,67852.0,4364.24,0.91,Chemicals & Petrochemicals,SIF,SBI AMC,2026-08
INE152M01016,Triveni Turbine Ltd.,706552.0,4084.93,0.85,Electrical Equipment,SIF,SBI AMC,2026-08
INE084101034,INDO-MIM Ltd.,400000.0,3501.8,0.73,Industrial Manufacturing,SIF,SBI AMC,2026-08
INE195J01029,PNC Infratech Ltd.,1500000.0,2822.25,0.59,Construction,SIF,SBI AMC,2026-08
INE813A01018,Mahindra Lifespace Developers Ltd.,715703.0,2616.97,0.54,Realty,SIF,SBI AMC,2026-08
IN002026X198,91 DAY T-BILL 12.11.26,5000000.0,4948.79,1.03,Sovereign,SIF,SBI AMC,2026-08
IN002025Z344,364 DAY T-BILL 19.11.26,500000.0,494.37,0.1,Sovereign,SIF,SBI AMC,2026-08
INE0H7R23014,National Highways Infra Trust,2380.0,4.07,,Transport Infrastructure,SIF,SBI AMC,2026-08
INE403D08314,Bharti Telecom Ltd.,50000.0,49648.5,4.27,CRISIL AAA,SMLDF,SBI AMC,2026-08
INE296A07SV1,Bajaj Finance Ltd.,36500.0,36469.49,3.14,CRISIL AAA,SMLDF,SBI AMC,2026-08
INE556F08LF3,Small Industries Development Bank of India,32500.0,32068.95,2.76,CRISIL AAA,SMLDF,SBI AMC,2026-08
INE1TAE08056,Tata Motors Ltd.,2500.0,25008.83,2.15,CRISIL AA+,SMLDF,SBI AMC,2026-08
INE660A07SE4,Sundaram Finance Ltd.,25000.0,24958.38,2.15,CRISIL AAA,SMLDF,SBI AMC,2026-08
INE031A08AC8,Housing and Urban Development Corporation Ltd.,25000.0,24866.0,2.14,[ICRA]AAA,SMLDF,SBI AMC,2026-08
INE115A07RA9,LIC Housing Finance Ltd.,22500.0,22531.28,1.94,CRISIL AAA,SMLDF,SBI AMC,2026-08
INE0KUG08142,National Bank for Financing Infrastructure and Development,21000.0,20844.43,1.79,CRISIL AAA,SMLDF,SBI AMC,2026-08
INE414G07JZ7,Muthoot Finance Ltd.,20000.0,19879.72,1.71,CRISIL AA+,SMLDF,SBI AMC,2026-08
INE414G07JQ6,Muthoot Finance Ltd.,17500.0,17387.21,1.5,CRISIL AA+,SMLDF,SBI AMC,2026-08
INE725H08188,Tata Projects Ltd.,15500.0,15507.36,1.33,IND AA,SMLDF,SBI AMC,2026-08
INE414G07JW4,Muthoot Finance Ltd.,15000.0,15298.76,1.32,[ICRA]AA+,SMLDF,SBI AMC,2026-08
INE134E08IX1,Power Finance Corporation Ltd.,1500.0,15062.4,1.3,CRISIL AAA,SMLDF,SBI AMC,2026-08
INE020B08EW9,REC Ltd.,15000.0,15029.78,1.29,CRISIL AAA,SMLDF,SBI AMC,2026-08
INE831R07540,Aditya Birla Housing Finance Ltd.,15000.0,14971.47,1.29,CRISIL AAA,SMLDF,SBI AMC,2026-08
INE403D08280,Bharti Telecom Ltd.,15000.0,14751.12,1.27,CRISIL AAA,SMLDF,SBI AMC,2026-08
INE403D08298,Bharti Telecom Ltd.,15000.0,14721.15,1.27,CRISIL AAA,SMLDF,SBI AMC,2026-08
INE261F08EP4,National Bank for Agriculture and Rural Development,15000.0,14709.41,1.27,[ICRA]AAA,SMLDF,SBI AMC,2026-08
INE685A07132,Torrent Pharmaceuticals Ltd.,12500.0,12428.43,1.07,[ICRA]AA+,SMLDF,SBI AMC,2026-08
INE582L08078,Tata Housing Development Co. Ltd.,12500.0,12320.54,1.06,CARE AA,SMLDF,SBI AMC,2026-08
INE092A08071,Tata Chemicals Ltd.,10000.0,9999.33,0.86,CRISIL AA+,SMLDF,SBI AMC,2026-08
INE403D08207,Bharti Telecom Ltd.,5500.0,5515.6,0.47,CRISIL AAA,SMLDF,SBI AMC,2026-08
INE634S07033,Mankind Pharma Ltd.,5000.0,5011.64,0.43,CRISIL AA+,SMLDF,SBI AMC,2026-08
INE020B08FX4,REC Ltd.,5000.0,4974.44,0.43,[ICRA]AAA,SMLDF,SBI AMC,2026-08
INE020B08GD4,REC Ltd.,281.0,279.56,0.02,CRISIL AAA,SMLDF,SBI AMC,2026-08
INE2QI808033,JSW Kalinga Steel Ltd.,25000.0,25867.15,2.23,CRISIL AA,SMLDF,SBI AMC,2026-08
INE2I7H15018,Radhakrishna Securitisation Trust (Obligor - Digital Fibre Infrastructure Trust),525.0,50940.86,4.38,CRISIL AAA(SO),SMLDF,SBI AMC,2026-08
INE16J715027,India Universal Trust AL1 (Obligor - HDFC Bank Ltd.),99.0,4737.39,0.41,IND AAA(SO),SMLDF,SBI AMC,2026-08
IN0020200120,6.75% CGL 2033,15000000.0,15644.01,1.35,Sovereign,SMLDF,SBI AMC,2026-08
IN0020220037,7.38% CGL 2027,5000000.0,5061.25,0.44,Sovereign,SMLDF,SBI AMC,2026-08
IN0020070069,8.28% CGL 2027,100000.0,102.47,0.01,Sovereign,SMLDF,SBI AMC,2026-08
INE115A14FS2,LIC Housing Finance Ltd.,8000.0,38808.52,3.34,CRISIL A1+,SMLDF,SBI AMC,2026-08
INE040A16IQ5,HDFC Bank Ltd.,13000.0,62871.38,5.41,CRISIL A1+,SMLDF,SBI AMC,2026-08
INE562A16QH0,Indian Bank,10000.0,48606.7,4.18,CRISIL A1+,SMLDF,SBI AMC,2026-08
INE476A16H01,Canara Bank,10000.0,48530.35,4.18,CRISIL A1+,SMLDF,SBI AMC,2026-08
INE237AD6166,Kotak Mahindra Bank Ltd.,10000.0,48361.4,4.16,CRISIL A1+,SMLDF,SBI AMC,2026-08
INE090AD6303,ICICI Bank Ltd.,10000.0,48232.85,4.15,[ICRA]A1+,SMLDF,SBI AMC,2026-08
INE556F16CB4,Small Industries Development Bank of India,7000.0,33910.24,2.92,CRISIL A1+,SMLDF,SBI AMC,2026-08
INE261F16AM2,National Bank for Agriculture and Rural Development,5500.0,26587.58,2.29,CRISIL A1+,SMLDF,SBI AMC,2026-08
INE238AD6CP1,Axis Bank Ltd.,3000.0,14520.6,1.25,CRISIL A1+,SMLDF,SBI AMC,2026-08
INE028A16LR2,Bank of Baroda,2000.0,9669.2,0.83,IND A1+,SMLDF,SBI AMC,2026-08
INE562A16QI8,Indian Bank,1000.0,4858.93,0.42,CRISIL A1+,SMLDF,SBI AMC,2026-08
INE028A16LH3,Bank of Baroda,500.0,2429.41,0.21,IND A1+,SMLDF,SBI AMC,2026-08
IN002025Y495,182 DAY T-BILL 10.09.26,70000000.0,69910.75,6.02,Sovereign,SMLDF,SBI AMC,2026-08
IN002026X164,91 DAY T-BILL 22.10.26,39718000.0,39436.96,3.39,Sovereign,SMLDF,SBI AMC,2026-08
IN002025Z278,364 DAY T-BILL 02.10.26,10000000.0,9957.07,0.86,Sovereign,SMLDF,SBI AMC,2026-08
IN002026X107,91 DAY T-BILL 10.09.26,5000000.0,4993.63,0.43,Sovereign,SMLDF,SBI AMC,2026-08
INF0RQ622028,Corporate Debt Market Development Fund-A2,38698.89,4632.5,0.4,CDMDF,SMLDF,SBI AMC,2026-08
INE261F08EU4,National Bank for Agriculture and Rural Development,50000.0,49654.6,3.7,CRISIL AAA,SSTDF,SBI AMC,2026-08
INE020B08GD4,REC Ltd.,32500.0,32332.89,2.41,CRISIL AAA,SSTDF,SBI AMC,2026-08
INE261F08EV2,National Bank for Agriculture and Rural Development,30000.0,29545.47,2.2,[ICRA]AAA,SSTDF,SBI AMC,2026-08
INE556F08LF3,Small Industries Development Bank of India,29500.0,29108.74,2.17,CRISIL AAA,SSTDF,SBI AMC,2026-08
INE950O07495,Mahindra Rural Housing Finance Ltd.,25000.0,24966.38,1.86,CRISIL AAA,SSTDF,SBI AMC,2026-08
INE18UV07020,Bajaj Auto Credit Ltd.,25000.0,24922.38,1.86,[ICRA]AAA,SSTDF,SBI AMC,2026-08
INE936D07182,Jamnagar Utilities & Power Pvt. Ltd.,22500.0,22551.12,1.68,CRISIL AAA,SSTDF,SBI AMC,2026-08
INE692Q07563,Toyota Financial Services India Ltd.,22500.0,22336.13,1.66,[ICRA]AAA,SSTDF,SBI AMC,2026-08
INE121A08PU7,Cholamandalam Investment & Finance Co. Ltd.,21500.0,21379.92,1.59,[ICRA]AA+,SSTDF,SBI AMC,2026-08
INE0NR607058,Cube Highways Trust,21040.0,20928.19,1.56,[ICRA]AAA,SSTDF,SBI AMC,2026-08
INE976I07DF6,TATA Capital Ltd.,20000.0,20037.12,1.49,CRISIL AAA,SSTDF,SBI AMC,2026-08
INE0CCU07132,Mindspace Business Parks Reit,20000.0,19975.04,1.49,[ICRA]AAA,SSTDF,SBI AMC,2026-08
INE261F08EM1,National Bank for Agriculture and Rural Development,20000.0,19957.98,1.49,[ICRA]AAA,SSTDF,SBI AMC,2026-08
INE0MIZ07038,Anzen India Energy Yield Plus Trust,20000.0,19888.1,1.48,CRISIL AAA,SSTDF,SBI AMC,2026-08
INE020B08GG7,REC Ltd.,20000.0,19692.7,1.47,CRISIL AAA,SSTDF,SBI AMC,2026-08
INE134E08JX9,Power Finance Corporation Ltd.,1739.0,17866.09,1.33,CRISIL AAA,SSTDF,SBI AMC,2026-08
INE033L07IT0,Tata Capital Housing Finance Ltd.,17500.0,17594.87,1.31,CRISIL AAA,SSTDF,SBI AMC,2026-08
INE494B08051,TVS Motor Company Ltd.,17500.0,17421.65,1.3,CARE AAA,SSTDF,SBI AMC,2026-08
INE233A08170,Godrej Industries Ltd.,17500.0,17181.4,1.28,CRISIL AA+,SSTDF,SBI AMC,2026-08
INE790Z07061,Interise Trust,17500.0,16963.5,1.26,[ICRA]AAA,SSTDF,SBI AMC,2026-08
INE414G07II5,Muthoot Finance Ltd.,17000.0,16916.63,1.26,CRISIL AA+,SSTDF,SBI AMC,2026-08
INE725H08295,Tata Projects Ltd.,15500.0,15391.87,1.15,IND AA,SSTDF,SBI AMC,2026-08
INE660A07SE4,Sundaram Finance Ltd.,15000.0,14975.03,1.11,CRISIL AAA,SSTDF,SBI AMC,2026-08
INE831R07540,Aditya Birla Housing Finance Ltd.,15000.0,14971.47,1.11,CRISIL AAA,SSTDF,SBI AMC,2026-08
INE556F08LE6,Small Industries Development Bank of India,15000.0,14941.2,1.11,CRISIL AAA,SSTDF,SBI AMC,2026-08
INE414G07KC4,Muthoot Finance Ltd.,15000.0,14916.29,1.11,CRISIL AA+,SSTDF,SBI AMC,2026-08
INE296A07UA1,Bajaj Finance Ltd.,15000.0,14894.16,1.11,CRISIL AAA,SSTDF,SBI AMC,2026-08
INE0KUG08142,National Bank for Financing Infrastructure and Development,15000.0,14888.88,1.11,CRISIL AAA,SSTDF,SBI AMC,2026-08
INE0R8O07036,Sustainable Energy Infra Trust,15000.0,14520.23,1.08,CRISIL AAA,SSTDF,SBI AMC,2026-08
INE883F07405,Aadhar Housing Finance Ltd.,12500.0,12337.33,0.92,[ICRA]AA,SSTDF,SBI AMC,2026-08
INE950O07529,Mahindra Rural Housing Finance Ltd.,11500.0,11341.61,0.84,CRISIL AAA,SSTDF,SBI AMC,2026-08
INE813H07440,Torrent Power Ltd.,10000.0,10018.46,0.75,CRISIL AA+,SSTDF,SBI AMC,2026-08
INE020B08FF1,REC Ltd.,10000.0,10009.61,0.75,[ICRA]AAA,SSTDF,SBI AMC,2026-08
INE377Y07532,Bajaj Housing Finance Ltd.,10000.0,9974.6,0.74,CRISIL AAA,SSTDF,SBI AMC,2026-08
INE414G07JO1,Muthoot Finance Ltd.,10000.0,9973.78,0.74,CRISIL AA+,SSTDF,SBI AMC,2026-08
INE556F08LC0,Small Industries Development Bank of India,10000.0,9890.61,0.74,CRISIL AAA,SSTDF,SBI AMC,2026-08
INE261F08EQ2,National Bank for Agriculture and Rural Development,10000.0,9818.21,0.73,[ICRA]AAA,SSTDF,SBI AMC,2026-08
INE18UV07012,Bajaj Auto Credit Ltd.,10000.0,9817.67,0.73,[ICRA]AAA,SSTDF,SBI AMC,2026-08
INE582L08078,Tata Housing Development Co. Ltd.,8500.0,8377.97,0.62,CARE AA,SSTDF,SBI AMC,2026-08
INE831R07573,Aditya Birla Housing Finance Ltd.,7500.0,7485.72,0.56,CRISIL AAA,SSTDF,SBI AMC,2026-08
INE403D08272,Bharti Telecom Ltd.,7500.0,7435.04,0.55,CRISIL AAA,SSTDF,SBI AMC,2026-08
INE950O07537,Mahindra Rural Housing Finance Ltd.,7500.0,7326.44,0.55,CRISIL AAA,SSTDF,SBI AMC,2026-08
INE033L07IP8,Tata Capital Housing Finance Ltd.,7500.0,7313.14,0.54,CRISIL AAA,SSTDF,SBI AMC,2026-08
INE316Z08022,Godrej Seeds & Genetics Ltd.,6500.0,6440.57,0.48,CRISIL AA,SSTDF,SBI AMC,2026-08
INE316Z08048,Godrej Seeds & Genetics Ltd.,6500.0,6429.7,0.48,CRISIL AA,SSTDF,SBI AMC,2026-08
INE316Z08030,Godrej Seeds & Genetics Ltd.,6500.0,6413.13,0.48,CRISIL AA,SSTDF,SBI AMC,2026-08
INE316Z08014,Godrej Seeds & Genetics Ltd.,6500.0,6405.04,0.48,CRISIL AA,SSTDF,SBI AMC,2026-08
INE403D08231,Bharti Telecom Ltd.,5000.0,5024.01,0.37,CRISIL AAA,SSTDF,SBI AMC,2026-08
INE0NDH07027,Nexus Select Trust,5000.0,5019.43,0.37,CRISIL AAA,SSTDF,SBI AMC,2026-08
INE261F08EF5,National Bank for Agriculture and Rural Development,5000.0,5011.11,0.37,[ICRA]AAA,SSTDF,SBI AMC,2026-08
INE660A07RN7,Sundaram Finance Ltd.,5000.0,4982.67,0.37,CRISIL AAA,SSTDF,SBI AMC,2026-08
INE163K07162,Phoenix Arc Pvt. Ltd.,5000.0,4954.4,0.37,CRISIL AA,SSTDF,SBI AMC,2026-08
INE316Z08055,Godrej Seeds & Genetics Ltd.,5000.0,4948.81,0.37,CRISIL AA,SSTDF,SBI AMC,2026-08
INE316Z08063,Godrej Seeds & Genetics Ltd.,5000.0,4940.49,0.37,CRISIL AA,SSTDF,SBI AMC,2026-08
INE233A08204,Godrej Industries Ltd.,2500.0,2486.29,0.19,CRISIL AA+,SSTDF,SBI AMC,2026-08
INE233A08212,Godrej Industries Ltd.,2500.0,2486.08,0.19,CRISIL AA+,SSTDF,SBI AMC,2026-08
INE2QI808033,JSW Kalinga Steel Ltd.,26500.0,27419.18,2.04,CRISIL AA,SSTDF,SBI AMC,2026-08
INE2I7G15010,Shivshakti Securitisation Trust (Obligor - Digital Fibre Infrastructure Trust),600.0,58304.94,4.34,CRISIL AAA(SO),SSTDF,SBI AMC,2026-08
INE2I7F15012,Siddhivinayak Securitisation Trust (Obligor - Digital Fibre Infrastructure Trust),375.0,36636.6,2.73,CRISIL AAA(SO),SSTDF,SBI AMC,2026-08
INE2I7H15018,Radhakrishna Securitisation Trust (Obligor - Digital Fibre Infrastructure Trust),275.0,26683.31,1.99,CRISIL AAA(SO),SSTDF,SBI AMC,2026-08
INE16J715035,India Universal Trust AL1 (Obligor - HDFC Bank Ltd.),208.0,17714.23,1.32,IND AAA(SO),SSTDF,SBI AMC,2026-08
INE1CBK15029,India Universal Trust AL2 (Obligor - HDFC Bank Ltd.),200.0,11357.46,0.85,CRISIL AAA(SO),SSTDF,SBI AMC,2026-08
IN0020260025,6.94% CGL 2036,37500000.0,37467.83,2.79,Sovereign,SSTDF,SBI AMC,2026-08
IN0020230036,7.17% CGL 2030,15000000.0,15313.89,1.14,Sovereign,SSTDF,SBI AMC,2026-08
IN0020260041,7.06% CGL 2041,10000000.0,9957.66,0.74,Sovereign,SSTDF,SBI AMC,2026-08
IN1920250264,7.31% State Government of Karnataka 2033,35000000.0,34806.35,2.59,Sovereign,SSTDF,SBI AMC,2026-08
IN1520260093,7.43% State Government of Gujarat 2035,35000000.0,34704.57,2.58,Sovereign,SSTDF,SBI AMC,2026-08
IN3120240699,7.02% State Government of Tamil Nadu 2029,10000000.0,9996.75,0.74,Sovereign,SSTDF,SBI AMC,2026-08
IN3120250227,6.84% State Government of Tamil Nadu 2029,7497000.0,7461.08,0.56,Sovereign,SSTDF,SBI AMC,2026-08
IN3120230302,7.68% State Government of Tamil Nadu 2030,5274700.0,5377.87,0.4,Sovereign,SSTDF,SBI AMC,2026-08
IN1920200293,6.86% State Government of Karnataka 2030,5000000.0,4954.87,0.37,Sovereign,SSTDF,SBI AMC,2026-08
IN3420260041,7.58% State Government of West Bengal 2035,4000000.0,3987.94,0.3,Sovereign,SSTDF,SBI AMC,2026-08
IN3520230019,7.29% State Government of Chhattisgarh 2030,3356700.0,3366.96,0.25,Sovereign,SSTDF,SBI AMC,2026-08
IN1520190159,7.26% State Government of Gujarat 2029,650000.0,654.12,0.05,Sovereign,SSTDF,SBI AMC,2026-08
IN3120230344,7.66% State Government of Tamil Nadu 2033,195100.0,197.76,0.01,Sovereign,SSTDF,SBI AMC,2026-08
IN3120240574,7.17% State Government of Tamil Nadu 2033,19700.0,19.47,,Sovereign,SSTDF,SBI AMC,2026-08
INE692A16NB5,Union Bank of India,3000.0,14856.86,1.11,[ICRA]A1+,SSTDF,SBI AMC,2026-08
INE476A16J90,Canara Bank,2500.0,12285.59,0.91,CRISIL A1+,SSTDF,SBI AMC,2026-08
INE692A16LS3,Union Bank of India,2000.0,9649.59,0.72,[ICRA]A1+,SSTDF,SBI AMC,2026-08
INE562A16QN8,Indian Bank,1000.0,4908.37,0.37,CRISIL A1+,SSTDF,SBI AMC,2026-08
INE556F16CE8,Small Industries Development Bank of India,1000.0,4731.99,0.35,CRISIL A1+,SSTDF,SBI AMC,2026-08
IN002026X214,91 DAY T-BILL 27.11.26,5000000.0,4937.98,0.37,Sovereign,SSTDF,SBI AMC,2026-08
IN000627C058,GOI 15.06.2027 GOV,140000.0,133.8,0.01,Sovereign,SSTDF,SBI AMC,2026-08
INF0RQ622028,Corporate Debt Market Development Fund-A2,42506.372,5088.28,0.38,CDMDF,SSTDF,SBI AMC,2026-08
INE062A01020,State Bank of India,10367500.0,109895.5,16.39,Banks,SPSU,SBI AMC,2026-08
INE733E01010,NTPC Ltd.,16943244.0,55472.18,8.28,Power,SPSU,SBI AMC,2026-08
INE263A01024,Bharat Electronics Ltd.,12885000.0,53401.88,7.97,Aerospace & Defense,SPSU,SBI AMC,2026-08
INE752E01010,Power Grid Corporation of India Ltd.,18085554.0,47664.48,7.11,Power,SPSU,SBI AMC,2026-08
INE129A01019,GAIL (India) Ltd.,25590000.0,45422.25,6.78,Gas,SPSU,SBI AMC,2026-08
INE028A01039,Bank of Baroda,14350000.0,34239.1,5.11,Banks,SPSU,SBI AMC,2026-08
INE213A01029,Oil & Natural Gas Corporation Ltd.,14655000.0,33970.29,5.07,Oil,SPSU,SBI AMC,2026-08
INE029A01011,Bharat Petroleum Corporation Ltd.,9700000.0,31432.85,4.69,Petroleum Products,SPSU,SBI AMC,2026-08
INE257A01026,Bharat Heavy Electricals Ltd.,6500000.0,28772.25,4.29,Electrical Equipment,SPSU,SBI AMC,2026-08
INE111A01025,Container Corporation of India Ltd.,5200000.0,26618.8,3.97,Transport Services,SPSU,SBI AMC,2026-08
INE562A01011,Indian Bank,2827235.0,25409.77,3.79,Banks,SPSU,SBI AMC,2026-08
INE572E01012,PNB Housing Finance Ltd.,1775439.0,20394.47,3.04,Finance,SPSU,SBI AMC,2026-08
INE584A01023,NMDC Ltd.,19900000.0,17551.8,2.62,Minerals & Mining,SPSU,SBI AMC,2026-08
INE139A01034,National Aluminium Company Ltd.,4550000.0,17358.25,2.59,Non - Ferrous Metals,SPSU,SBI AMC,2026-08
INE018E01016,SBI Cards & Payment Services Ltd.,2538331.0,16365.89,2.44,Finance,SPSU,SBI AMC,2026-08
INE481Y01014,General Insurance Corporation of India,4150000.0,14722.13,2.2,Insurance,SPSU,SBI AMC,2026-08
INE0J1Y01017,Life Insurance Corporation of India,3420000.0,14295.6,2.13,Insurance,SPSU,SBI AMC,2026-08
INE347G01014,Petronet LNG Ltd.,4100000.0,12324.6,1.84,Gas,SPSU,SBI AMC,2026-08
INE203G01027,Indraprastha Gas Ltd.,7100000.0,10684.79,1.59,Gas,SPSU,SBI AMC,2026-08
INE510A01028,Engineers India Ltd.,3917504.0,10258.77,1.53,Construction,SPSU,SBI AMC,2026-08
INE848E01016,NHPC Ltd.,12969379.0,9950.11,1.48,Power,SPSU,SBI AMC,2026-08
INE218I01013,Canara Robeco Asset Management Company Ltd.,3565849.0,9246.25,1.38,Capital Markets,SPSU,SBI AMC,2026-08
INE844O01030,Gujarat Energy Ltd.,3503294.0,8677.66,1.29,Gas,SPSU,SBI AMC,2026-08
INE1TUG01013,GSPL Transmission Ltd.,1167764.0,1751.65,0.26,Gas,SPSU,SBI AMC,2026-08
IN002025Z344,364 DAY T-BILL 19.11.26,500000.0,494.37,0.07,Sovereign,SPSU,SBI AMC,2026-08
INF200KA16D8,SBI Gold ETF,1344259063.0,1767028.54,100.13,Mutual Fund/ETF,SGF,SBI AMC,2026-08
INE040A01034,HDFC Bank Ltd.,203781167.0,1444808.47,11.85,Banks,SBISENSEX,SBI AMC,2026-08
INE090A01021,ICICI Bank Ltd.,95856554.0,1389920.03,11.4,Banks,SBISENSEX,SBI AMC,2026-08
INE002A01018,Reliance Industries Ltd.,90465586.0,1162482.78,9.53,Petroleum Products,SBISENSEX,SBI AMC,2026-08
INE397D01024,Bharti Airtel Ltd.,40733815.0,745428.81,6.11,Telecom - Services,SBISENSEX,SBI AMC,2026-08
INE018A01030,Larsen & Toubro Ltd.,15633869.0,630044.92,5.17,Construction,SBISENSEX,SBI AMC,2026-08
INE062A01020,State Bank of India,55536302.0,588684.8,4.83,Banks,SBISENSEX,SBI AMC,2026-08
INE009A01021,Infosys Ltd.,46632608.0,525339.65,4.31,IT - Software,SBISENSEX,SBI AMC,2026-08
INE238A01034,Axis Bank Ltd.,38246474.0,490702.26,4.02,Banks,SBISENSEX,SBI AMC,2026-08
INE237A01036,Kotak Mahindra Bank Ltd.,98408899.0,411595.22,3.37,Banks,SBISENSEX,SBI AMC,2026-08
INE101A01026,Mahindra & Mahindra Ltd.,11970809.0,397550.57,3.26,Automobiles,SBISENSEX,SBI AMC,2026-08
INE296A01032,Bajaj Finance Ltd.,35793879.0,381097.43,3.12,Finance,SBISENSEX,SBI AMC,2026-08
INE154A01025,ITC Ltd.,128990389.0,330537.87,2.71,Diversified FMCG,SBISENSEX,SBI AMC,2026-08
INE467B01029,Tata Consultancy Services Ltd.,13544743.0,320197.72,2.63,IT - Software,SBISENSEX,SBI AMC,2026-08
INE758T01015,Eternal Ltd.,96769537.0,317113.77,2.6,Retailing,SBISENSEX,SBI AMC,2026-08
INE044A01036,Sun Pharmaceutical Industries Ltd.,14435380.0,282356.03,2.32,Pharmaceuticals & Biotechnology,SBISENSEX,SBI AMC,2026-08
INE280A01028,Titan Company Ltd.,5460058.0,279325.65,2.29,Consumer Durables,SBISENSEX,SBI AMC,2026-08
INE030A01027,Hindustan Unilever Ltd.,11937441.0,238151.95,1.95,Diversified FMCG,SBISENSEX,SBI AMC,2026-08
INE585B01010,Maruti Suzuki India Ltd.,1723488.0,232326.18,1.9,Automobiles,SBISENSEX,SBI AMC,2026-08
INE733E01010,NTPC Ltd.,63526161.0,208175.23,1.71,Power,SBISENSEX,SBI AMC,2026-08
INE081A01020,Tata Steel Ltd.,110157006.0,202688.89,1.66,Ferrous Metals,SBISENSEX,SBI AMC,2026-08
INE263A01024,Bharat Electronics Ltd.,47888863.0,198259.89,1.63,Aerospace & Defense,SBISENSEX,SBI AMC,2026-08
INE860A01027,HCL Technologies Ltd.,14149962.0,185223.0,1.52,IT - Software,SBISENSEX,SBI AMC,2026-08
INE481G01011,Ultratech Cement Ltd.,1575910.0,181229.65,1.49,Cement & Cement Products,SBISENSEX,SBI AMC,2026-08
INE742F01042,Adani Ports and Special Economic Zone Ltd.,9857341.0,161167.53,1.32,Transport Infrastructure,SBISENSEX,SBI AMC,2026-08
INE752E01010,Power Grid Corporation of India Ltd.,60931443.0,160950.41,1.32,Power,SBISENSEX,SBI AMC,2026-08
INE646L01027,Interglobe Aviation Ltd.,2998337.0,155433.79,1.27,Transport Services,SBISENSEX,SBI AMC,2026-08
INE021A01026,Asian Paints Ltd.,6027541.0,155323.7,1.27,Consumer Durables,SBISENSEX,SBI AMC,2026-08
INE918I01026,Bajaj Finserv Ltd.,7489807.0,151178.01,1.24,Finance,SBISENSEX,SBI AMC,2026-08
INE669C01036,Tech Mahindra Ltd.,8516346.0,138407.66,1.13,IT - Software,SBISENSEX,SBI AMC,2026-08
INE849A01020,Trent Ltd.,4420142.0,127300.09,1.04,Retailing,SBISENSEX,SBI AMC,2026-08
INE0LEZ01016,Ather Energy Ltd.,11700000.0,200970.9,4.71,Automobiles,SSCF,SBI AMC,2026-08
INE048G01026,Navin Fluorine International Ltd.,1631795.0,141566.38,3.32,Chemicals & Petrochemicals,SSCF,SBI AMC,2026-08
INE387A01021,Sundram Fasteners Ltd.,10000000.0,120390.0,2.82,Auto Components,SSCF,SBI AMC,2026-08
INE491A01021,City Union Bank Ltd.,52419485.0,120140.22,2.82,Banks,SSCF,SBI AMC,2026-08
INE220B01022,Kalpataru Projects International Ltd.,7900000.0,110671.1,2.6,Construction,SSCF,SBI AMC,2026-08
INE342J01019,ZF Commercial Vehicle Control Systems India Ltd.,4200000.0,106453.2,2.5,Auto Components,SSCF,SBI AMC,2026-08
INE671A01010,Honeywell Automation India Ltd.,298145.0,105930.92,2.48,Industrial Manufacturing,SSCF,SBI AMC,2026-08
INE15B701018,Pine Labs Ltd.,62607250.0,102694.67,2.41,Financial Technology (Fintech),SSCF,SBI AMC,2026-08
INE894V01022,Belrise Industries Ltd.,43542092.0,101165.7,2.37,Auto Components,SSCF,SBI AMC,2026-08
INE463V01026,AnandRathi Wealth Ltd.,4200000.0,92576.4,2.17,Capital Markets,SSCF,SBI AMC,2026-08
INE930H01031,K.P.R. Mill Ltd.,7700000.0,90675.2,2.13,Textiles & Apparels,SSCF,SBI AMC,2026-08
INE0CAZ01013,Urban Company Ltd.,53674648.0,89695.7,2.1,Retailing,SSCF,SBI AMC,2026-08
INE330T01021,Happy Forgings Ltd.,3700000.0,89244.0,2.09,Industrial Products,SSCF,SBI AMC,2026-08
INE423Y01016,SBFC Finance Ltd.,89318180.0,88264.23,2.07,Finance,SSCF,SBI AMC,2026-08
INE217B01036,Kajaria Ceramics Ltd.,6841594.0,85164.16,2.0,Consumer Durables,SSCF,SBI AMC,2026-08
INE848E01016,NHPC Ltd.,110000000.0,84392.0,1.98,Power,SSCF,SBI AMC,2026-08
INE967H01025,Krishna Institute of Medical Sciences Ltd.,11000000.0,83105.0,1.95,Healthcare Services,SSCF,SBI AMC,2026-08
INE427F01016,Chalet Hotels Ltd.,9000000.0,81355.5,1.91,Leisure Services,SSCF,SBI AMC,2026-08
INE126A01031,E.I.D-Parry (India) Ltd.,9913142.0,79245.66,1.86,Food Products,SSCF,SBI AMC,2026-08
INE119A01028,Balrampur Chini Mills Ltd.,11000000.0,76285.0,1.79,Agricultural Food & other Products,SSCF,SBI AMC,2026-08
INE501A01019,Deepak Fertilizers and Petrochemicals Corporation Ltd.,5261203.0,74025.13,1.74,Chemicals & Petrochemicals,SSCF,SBI AMC,2026-08
INE321T01012,Doms Industries Ltd.,3300000.0,73672.5,1.73,Household Products,SSCF,SBI AMC,2026-08
INE953O01021,Sansera Engineering Ltd.,1769628.0,71103.65,1.67,Auto Components,SSCF,SBI AMC,2026-08
INE085J01014,Thangamayil Jewellery Ltd.,1292000.0,69923.04,1.64,Consumer Durables,SSCF,SBI AMC,2026-08
INE959A01019,Privi Speciality Chemicals Ltd.,1900000.0,66007.9,1.55,Chemicals & Petrochemicals,SSCF,SBI AMC,2026-08
INE285A01027,Elgi Equipments Ltd.,10000000.0,62735.0,1.47,Industrial Products,SSCF,SBI AMC,2026-08
INE951I01027,V-Guard Industries Ltd.,17000000.0,58879.5,1.38,Consumer Durables,SSCF,SBI AMC,2026-08
INE149A01033,Cholamandalam Financial Holdings Ltd.,3928227.0,58353.81,1.37,Finance,SSCF,SBI AMC,2026-08
INE19RI01016,Tenneco Clean Air India Ltd.,11000000.0,58234.0,1.37,Auto Components,SSCF,SBI AMC,2026-08
INE703B01027,Ratnamani Metals & Tubes Ltd.,2132686.0,56509.78,1.33,Industrial Products,SSCF,SBI AMC,2026-08
INE284A01012,ESAB India Ltd.,900000.0,55075.5,1.29,Industrial Products,SSCF,SBI AMC,2026-08
INE575P01011,Star Health & Allied Insurance Co. Ltd.,9700000.0,55071.75,1.29,Insurance,SSCF,SBI AMC,2026-08
INE120A01034,Carborundum Universal Ltd.,4939842.0,54664.29,1.28,Industrial Products,SSCF,SBI AMC,2026-08
INE183A01024,Finolex Industries Ltd.,34595699.0,54564.34,1.28,Industrial Products,SSCF,SBI AMC,2026-08
INE852O01025,Aptus Value Housing Finance India Ltd.,19532794.0,48607.36,1.14,Finance,SSCF,SBI AMC,2026-08
INE131B01039,Relaxo Footwears Ltd.,13400000.0,47951.9,1.12,Consumer Durables,SSCF,SBI AMC,2026-08
INE101I01011,Afcons Infrastructure Ltd.,15945314.0,45547.79,1.07,Construction,SSCF,SBI AMC,2026-08
INE274F01020,Westlife Foodworld Ltd.,7000000.0,39984.0,0.94,Leisure Services,SSCF,SBI AMC,2026-08
INE021O01019,Dodla Dairy Ltd.,3672376.0,39683.7,0.93,Food Products,SSCF,SBI AMC,2026-08
INE212S01015,Fractal Analytics Ltd.,4609455.0,39279.47,0.92,IT - Software,SSCF,SBI AMC,2026-08
INE791I01019,Brigade Enterprises Ltd.,5913217.0,38781.83,0.91,Realty,SSCF,SBI AMC,2026-08
INE414G01012,Muthoot Finance Ltd.,1300000.0,38715.3,0.91,Finance,SSCF,SBI AMC,2026-08
INE679A01013,CSB Bank Ltd.,11000000.0,37790.5,0.89,Banks,SSCF,SBI AMC,2026-08
INE02YR01019,Electronics Mart India Ltd.,20100000.0,36302.61,0.85,Retailing,SSCF,SBI AMC,2026-08
INE925R01014,CMS Info Systems Ltd.,14583534.0,35525.49,0.83,Commercial Services & Supplies,SSCF,SBI AMC,2026-08
INE473B01035,Hatsun Agro Product Ltd.,2941554.0,35017.73,0.82,Food Products,SSCF,SBI AMC,2026-08
INE690A01028,TTK Prestige Ltd.,5838491.0,34085.11,0.8,Consumer Durables,SSCF,SBI AMC,2026-08
INE979B01015,Hawkins Cookers Ltd.,370000.0,30031.05,0.7,Consumer Durables,SSCF,SBI AMC,2026-08
INE121R01077,Amagi Media Labs Ltd.,5159815.0,29281.95,0.69,IT - Services,SSCF,SBI AMC,2026-08
INE0VDM01015,Meesho Ltd.,14118614.0,28998.22,0.68,Retailing,SSCF,SBI AMC,2026-08
INE758C01029,Ahluwalia Contracts (India) Ltd.,4500000.0,27864.0,0.65,Construction,SSCF,SBI AMC,2026-08
INE128X01021,Archean Chemical Industries Ltd.,4400000.0,21359.8,0.5,Chemicals & Petrochemicals,SSCF,SBI AMC,2026-08
INE916U01025,Sheela Foam Ltd.,3140000.0,20150.95,0.47,Consumer Durables,SSCF,SBI AMC,2026-08
INE488A01050,Chemplast Sanmar Ltd.,11000000.0,19417.2,0.46,Chemicals & Petrochemicals,SSCF,SBI AMC,2026-08
INE825V01034,Vedant Fashions Ltd.,3500000.0,19083.75,0.45,Retailing,SSCF,SBI AMC,2026-08
INE451D01029,Rajratan Global Wire Ltd.,3753760.0,18661.82,0.44,Auto Components,SSCF,SBI AMC,2026-08
INE191H01014,PVR Inox Ltd.,1417238.0,17115.98,0.4,Entertainment,SSCF,SBI AMC,2026-08
INE970X01018,Lemon Tree Hotels Ltd.,13083269.0,13900.97,0.33,Leisure Services,SSCF,SBI AMC,2026-08
INE01NH01023,Dhoot Transmission Ltd.,919275.0,13555.63,0.32,Auto Components,SSCF,SBI AMC,2026-08
INE00FF01025,Acutaas Chemicals Ltd.,371566.0,11743.71,0.28,Pharmaceuticals & Biotechnology,SSCF,SBI AMC,2026-08
INE522D01027,Manappuram Finance Ltd.,3201690.0,10888.95,0.26,Finance,SSCF,SBI AMC,2026-08
INE0BJS01011,Go Fashion (India) Ltd.,3280880.0,10756.37,0.25,Retailing,SSCF,SBI AMC,2026-08
INE274Y01021,Ajax Engineering Ltd.,1203548.0,6914.38,0.16,"Agricultural, Commercial & Construction Vehicles",SSCF,SBI AMC,2026-08
INE0LP301011,Physicswallah Ltd.,5056894.0,5881.17,0.14,Other Consumer Services,SSCF,SBI AMC,2026-08
INE288B01029,Deepak Nitrite Ltd.,322070.0,5634.29,0.13,Chemicals & Petrochemicals,SSCF,SBI AMC,2026-08
INE745G01043,Multi Commodity Exchange of India Ltd.,150000.0,5100.0,0.12,Capital Markets,SSCF,SBI AMC,2026-08
INE686Y01026,Fine Organic Industries Ltd.,87830.0,4639.88,0.11,Chemicals & Petrochemicals,SSCF,SBI AMC,2026-08
INE05C901015,Juniper Green Energy Ltd.,1671215.0,4425.04,0.1,Power,SSCF,SBI AMC,2026-08
INE084101034,INDO-MIM Ltd.,27733.0,242.79,0.01,Industrial Manufacturing,SSCF,SBI AMC,2026-08
IN002025Z344,364 DAY T-BILL 19.11.26,6500000.0,6426.83,0.15,Sovereign,SSCF,SBI AMC,2026-08
INE752E08726,Power Grid Corporation of India Ltd.,23000.0,18430.94,4.76,CRISIL AAA,SBPF,SBI AMC,2026-08
INE163N08289,ONGC Petro Additions Ltd.,17500.0,17541.34,4.53,CRISIL AA+,SBPF,SBI AMC,2026-08
INE129A08014,GAIL (India) Ltd.,1750.0,17486.16,4.52,IND AAA,SBPF,SBI AMC,2026-08
INE031A08AC8,Housing and Urban Development Corporation Ltd.,17500.0,17406.2,4.5,[ICRA]AAA,SBPF,SBI AMC,2026-08
INE261F08EV2,National Bank for Agriculture and Rural Development,17000.0,16742.43,4.33,[ICRA]AAA,SBPF,SBI AMC,2026-08
INE787H08212,India Infrastructure Finance Company Ltd.,15000.0,14738.9,3.81,IND AAA,SBPF,SBI AMC,2026-08
INE115A07RJ0,LIC Housing Finance Ltd.,11886.0,11806.95,3.05,CRISIL AAA,SBPF,SBI AMC,2026-08
INE261F08EO7,National Bank for Agriculture and Rural Development,10000.0,9971.61,2.58,CRISIL AAA,SBPF,SBI AMC,2026-08
INE160A08191,Punjab National Bank( Tier II Bond under Basel III ),95.0,9485.54,2.45,CRISIL AAA,SBPF,SBI AMC,2026-08
INE020B08EH0,REC Ltd.,7500.0,7526.17,1.94,CRISIL AAA,SBPF,SBI AMC,2026-08
INE556F08LF3,Small Industries Development Bank of India,6167.0,6085.21,1.57,CRISIL AAA,SBPF,SBI AMC,2026-08
INE556F08KM1,Small Industries Development Bank of India,5000.0,5011.02,1.29,CRISIL AAA,SBPF,SBI AMC,2026-08
INE0KUG08142,National Bank for Financing Infrastructure and Development,5000.0,4962.96,1.28,CRISIL AAA,SBPF,SBI AMC,2026-08
INE528G08345,Yes Bank Ltd.,450.0,4499.01,1.16,[ICRA]AA,SBPF,SBI AMC,2026-08
INE572E07308,PNB Housing Finance Ltd.,4500.0,4478.7,1.16,IND AAA,SBPF,SBI AMC,2026-08
INE848E07AV9,NHPC Ltd.,2150.0,4296.92,1.11,[ICRA]AAA,SBPF,SBI AMC,2026-08
INE261F08ES8,National Bank for Agriculture and Rural Development,4000.0,3937.26,1.02,CRISIL AAA,SBPF,SBI AMC,2026-08
INE556F08KN9,Small Industries Development Bank of India,3500.0,3506.59,0.91,CRISIL AAA,SBPF,SBI AMC,2026-08
INE752E08742,Power Grid Corporation of India Ltd.,3500.0,2798.32,0.72,CRISIL AAA,SBPF,SBI AMC,2026-08
INE062A08405,State Bank of India( Tier II Bond under Basel III ),25.0,2516.68,0.65,CRISIL AAA,SBPF,SBI AMC,2026-08
INE020B08AH8,REC Ltd.,250.0,2507.74,0.65,CRISIL AAA,SBPF,SBI AMC,2026-08
INE848E07AQ9,NHPC Ltd.,1250.0,2503.74,0.65,[ICRA]AAA,SBPF,SBI AMC,2026-08
INE020B08EA5,REC Ltd.,250.0,2500.86,0.65,CRISIL AAA,SBPF,SBI AMC,2026-08
INE206D08428,Nuclear Power Corporation of India Ltd.,250.0,2494.86,0.64,CRISIL AAA,SBPF,SBI AMC,2026-08
INE020B08GB8,REC Ltd.,2500.0,2480.7,0.64,CRISIL AAA,SBPF,SBI AMC,2026-08
INE020B08FW6,REC Ltd.,2500.0,2467.41,0.64,[ICRA]AAA,SBPF,SBI AMC,2026-08
INE476A08225,Canara Bank( AT1 Bond Under Basel III ),10.0,1004.62,0.26,CRISIL AA+,SBPF,SBI AMC,2026-08
INE752E07KA6,Power Grid Corporation of India Ltd.,40.0,507.67,0.13,CRISIL AAA,SBPF,SBI AMC,2026-08
INE848E07AW7,NHPC Ltd.,100.0,199.61,0.05,[ICRA]AAA,SBPF,SBI AMC,2026-08
INE0H7R07058,National Highways Infra Trust,25000.0,13099.25,3.38,IND AAA,SBPF,SBI AMC,2026-08
IN0020260025,6.94% CGL 2036,24000000.0,23979.41,6.2,Sovereign,SBPF,SBI AMC,2026-08
IN3120260051,7.74% State Government of Tamil Nadu 2036,18000000.0,18122.31,4.68,Sovereign,SBPF,SBI AMC,2026-08
IN1220190186,7.11% State Government of Assam 2030,10000000.0,9980.16,2.58,Sovereign,SBPF,SBI AMC,2026-08
IN4520220141,7.45% State Government of Telangana 2030,3500000.0,3533.89,0.91,Sovereign,SBPF,SBI AMC,2026-08
INE556F16CE8,Small Industries Development Bank of India,4000.0,18927.94,4.89,CRISIL A1+,SBPF,SBI AMC,2026-08
INE476A16K14,Canara Bank,4000.0,18882.56,4.88,CRISIL A1+,SBPF,SBI AMC,2026-08
INE692A16LS3,Union Bank of India,2500.0,12061.99,3.12,[ICRA]A1+,SBPF,SBI AMC,2026-08
INE476A16G28,Canara Bank,2000.0,9732.75,2.52,CRISIL A1+,SBPF,SBI AMC,2026-08
INE692A16LU9,Union Bank of India,2000.0,9656.5,2.5,[ICRA]A1+,SBPF,SBI AMC,2026-08
INE562A16QM0,Indian Bank,1000.0,4917.68,1.27,CRISIL A1+,SBPF,SBI AMC,2026-08
INE028A16LH3,Bank of Baroda,1000.0,4858.83,1.26,IND A1+,SBPF,SBI AMC,2026-08
INE160A16UE2,Punjab National Bank,1000.0,4858.76,1.26,CRISIL A1+,SBPF,SBI AMC,2026-08
INE238AD6BO6,Axis Bank Ltd.,500.0,2462.86,0.64,CRISIL A1+,SBPF,SBI AMC,2026-08
INE160A16UV6,Punjab National Bank,500.0,2414.28,0.62,CRISIL A1+,SBPF,SBI AMC,2026-08
INF0RQ622028,Corporate Debt Market Development Fund-A2,12638.668,1512.93,0.39,CDMDF,SBPF,SBI AMC,2026-08
INE040A01034,HDFC Bank Ltd.,20666796.0,146527.58,13.48,Banks,SBFS,SBI AMC,2026-08
INE090A01021,ICICI Bank Ltd.,8069214.0,117326.37,10.79,Banks,SBFS,SBI AMC,2026-08
INE237A01036,Kotak Mahindra Bank Ltd.,25457770.0,106769.89,9.82,Banks,SBFS,SBI AMC,2026-08
INE296A01032,Bajaj Finance Ltd.,7737213.0,81782.34,7.52,Finance,SBFS,SBI AMC,2026-08
INE062A01020,State Bank of India,5000000.0,53000.0,4.87,Banks,SBFS,SBI AMC,2026-08
INE795G01014,HDFC Life Insurance Company Ltd.,8235164.0,44745.76,4.12,Insurance,SBFS,SBI AMC,2026-08
INE414G01012,Muthoot Finance Ltd.,1492305.0,44442.34,4.09,Finance,SBFS,SBI AMC,2026-08
INE982J01020,One 97 Communications Ltd.,2150020.0,36917.99,3.4,Financial Technology (Fintech),SBFS,SBI AMC,2026-08
INE028A01039,Bank of Baroda,13378955.0,31922.19,2.94,Banks,SBFS,SBI AMC,2026-08
INE121A01024,Cholamandalam Investment & Finance Co. Ltd.,1400000.0,26003.6,2.39,Finance,SBFS,SBI AMC,2026-08
INE726G01019,ICICI Prudential Life Insurance Company Ltd.,4536806.0,23457.56,2.16,Insurance,SBFS,SBI AMC,2026-08
INE149A01033,Cholamandalam Financial Holdings Ltd.,1483637.0,22039.43,2.03,Finance,SBFS,SBI AMC,2026-08
INE683A01023,The South Indian Bank Ltd.,48000000.0,21916.8,2.02,Banks,SBFS,SBI AMC,2026-08
INE575P01011,Star Health & Allied Insurance Co. Ltd.,3324592.0,18875.37,1.74,Insurance,SBFS,SBI AMC,2026-08
INE852O01025,Aptus Value Housing Finance India Ltd.,7435950.0,18504.36,1.7,Finance,SBFS,SBI AMC,2026-08
INE466L01038,360 ONE WAM Ltd.,1400000.0,16450.0,1.51,Capital Markets,SBFS,SBI AMC,2026-08
INE0J1Y01017,Life Insurance Corporation of India,3900000.0,16302.0,1.5,Insurance,SBFS,SBI AMC,2026-08
INE084A01016,Bank of India,11065303.0,15667.36,1.44,Banks,SBFS,SBI AMC,2026-08
INE545U01014,Bandhan Bank Ltd.,9000000.0,14715.0,1.35,Banks,SBFS,SBI AMC,2026-08
INE522D01027,Manappuram Finance Ltd.,4090979.0,13913.42,1.28,Finance,SBFS,SBI AMC,2026-08
INE036D01028,Karur Vysya Bank Ltd.,3578700.0,12439.56,1.14,Banks,SBFS,SBI AMC,2026-08
INE756I01012,HDB Financial Services Ltd.,1790333.0,12216.34,1.12,Finance,SBFS,SBI AMC,2026-08
INE572E01012,PNB Housing Finance Ltd.,1000000.0,11487.0,1.06,Finance,SBFS,SBI AMC,2026-08
INE216P01012,Aavas Financiers Ltd.,887147.0,11188.7,1.03,Finance,SBFS,SBI AMC,2026-08
INE674K01013,Aditya Birla Capital Ltd.,2706995.0,11082.44,1.02,Finance,SBFS,SBI AMC,2026-08
INE476A01022,Canara Bank,8000000.0,10152.0,0.93,Banks,SBFS,SBI AMC,2026-08
INE752H01013,CARE Ratings Ltd.,561424.0,9707.02,0.89,Capital Markets,SBFS,SBI AMC,2026-08
INE417T01026,PB Fintech Ltd.,419274.0,7861.39,0.72,Financial Technology (Fintech),SBFS,SBI AMC,2026-08
INE995S01015,Niva Bupa Health Insurance Company Ltd.,9100000.0,7394.66,0.68,Insurance,SBFS,SBI AMC,2026-08
INE15B701018,Pine Labs Ltd.,3914907.0,6421.62,0.59,Financial Technology (Fintech),SBFS,SBI AMC,2026-08
INE007A01025,CRISIL Ltd.,82223.0,3964.63,0.36,Finance,SBFS,SBI AMC,2026-08
INE660A01013,Sundaram Finance Ltd.,80835.0,3669.91,0.34,Finance,SBFS,SBI AMC,2026-08
INE562A01011,Indian Bank,387143.0,3479.45,0.32,Banks,SBFS,SBI AMC,2026-08
INE018E01016,SBI Cards & Payment Services Ltd.,58311.0,375.96,0.03,Finance,SBFS,SBI AMC,2026-08
INE976I01016,TATA Capital Ltd.,88763.0,326.56,0.03,Finance,SBFS,SBI AMC,2026-08
IN002025Z344,364 DAY T-BILL 19.11.26,500000.0,494.37,0.05,Sovereign,SBFS,SBI AMC,2026-08
INE361B01024,Divi's Laboratories Ltd.,152982.0,14482.81,4.74,Pharmaceuticals & Biotechnology,SETFNN50,SBI AMC,2026-08
INE494B01023,TVS Motor Company Ltd.,282770.0,12275.89,4.01,Automobiles,SETFNN50,SBI AMC,2026-08
INE1TAE01010,Tata Motors Ltd.,2514061.0,11843.74,3.87,"Agricultural, Commercial & Construction Vehicles",SETFNN50,SBI AMC,2026-08
INE066F01020,Hindustan Aeronautics Ltd.,228359.0,10964.89,3.59,Aerospace & Defense,SETFNN50,SBI AMC,2026-08
INE814H01029,Adani Power Ltd.,4994751.0,9889.61,3.23,Power,SETFNN50,SBI AMC,2026-08
INE121A01024,Cholamandalam Investment & Finance Co. Ltd.,520759.0,9672.58,3.16,Finance,SETFNN50,SBI AMC,2026-08
INE775A01035,Samvardhana Motherson International Ltd.,5317287.0,9075.55,2.97,Auto Components,SETFNN50,SBI AMC,2026-08
INE685A01028,Torrent Pharmaceuticals Ltd.,176555.0,8944.28,2.92,Pharmaceuticals & Biotechnology,SETFNN50,SBI AMC,2026-08
INE298A01020,Cummins India Ltd.,162603.0,8300.88,2.71,Industrial Products,SETFNN50,SBI AMC,2026-08
INE029A01011,Bharat Petroleum Corporation Ltd.,2439594.0,7905.5,2.58,Petroleum Products,SETFNN50,SBI AMC,2026-08
INE053A01029,The Indian Hotels Company Ltd.,1056922.0,7799.03,2.55,Leisure Services,SETFNN50,SBI AMC,2026-08
INE192R01011,Avenue Supermarts Ltd.,193974.0,7564.99,2.47,Retailing,SETFNN50,SBI AMC,2026-08
INE067A01029,CG Power and Industrial Solutions Ltd.,825387.0,7560.54,2.47,Electrical Equipment,SETFNN50,SBI AMC,2026-08
INE216A01030,Britannia Industries Ltd.,141791.0,7444.03,2.43,Food Products,SETFNN50,SBI AMC,2026-08
INE245A01021,Tata Power Company Ltd.,2007740.0,6966.86,2.28,Power,SETFNN50,SBI AMC,2026-08
INE200M01039,Varun Beverages Ltd.,1645844.0,6590.78,2.15,Beverages,SETFNN50,SBI AMC,2026-08
INE127D01025,HDFC Asset Management Co. Ltd.,245421.0,6435.18,2.1,Capital Markets,SETFNN50,SBI AMC,2026-08
INE318A01026,Pidilite Industries Ltd.,372955.0,6294.36,2.06,Chemicals & Petrochemicals,SETFNN50,SBI AMC,2026-08
INE242A01010,Indian Oil Corporation Ltd.,4497503.0,6257.38,2.05,Petroleum Products,SETFNN50,SBI AMC,2026-08
INE118A01012,Bajaj Holdings & Investment Ltd.,52113.0,6068.04,1.98,Finance,SETFNN50,SBI AMC,2026-08
INE343H01029,Solar Industries India Ltd.,29323.0,5896.27,1.93,Chemicals & Petrochemicals,SETFNN50,SBI AMC,2026-08
INE134E01011,Power Finance Corporation Ltd.,1752753.0,5894.51,1.93,Finance,SETFNN50,SBI AMC,2026-08
INE129A01019,GAIL (India) Ltd.,3246949.0,5763.33,1.88,Gas,SETFNN50,SBI AMC,2026-08
INE205A01025,Vedanta Ltd.,2041257.0,5678.78,1.86,Diversified Metals,SETFNN50,SBI AMC,2026-08
INE931S01010,Adani Energy Solutions Ltd.,395318.0,5603.24,1.83,Power,SETFNN50,SBI AMC,2026-08
INE271C01023,DLF Ltd.,772214.0,5336.38,1.74,Realty,SETFNN50,SBI AMC,2026-08
INE028A01039,Bank of Baroda,2233209.0,5328.44,1.74,Banks,SETFNN50,SBI AMC,2026-08
INE749A01030,Jindal Steel Ltd.,445848.0,5318.52,1.74,Ferrous Metals,SETFNN50,SBI AMC,2026-08
INE854D01024,United Spirits Ltd.,355584.0,5298.2,1.73,Beverages,SETFNN50,SBI AMC,2026-08
INE323A01026,Bosch Ltd.,10440.0,5220.0,1.71,Auto Components,SETFNN50,SBI AMC,2026-08
INE476A01022,Canara Bank,4045651.0,5133.93,1.68,Banks,SETFNN50,SBI AMC,2026-08
INE214T01019,LTM Ltd.,111793.0,5075.4,1.66,IT - Software,SETFNN50,SBI AMC,2026-08
INE364U01010,Adani Green Energy Ltd.,403563.0,4902.89,1.6,Power,SETFNN50,SBI AMC,2026-08
INE020B01018,REC Ltd.,1503543.0,4860.95,1.59,Finance,SETFNN50,SBI AMC,2026-08
INE117A01022,ABB India Ltd.,63161.0,4824.55,1.58,Electrical Equipment,SETFNN50,SBI AMC,2026-08
INE160A01022,Punjab National Bank,4145696.0,4735.63,1.55,Banks,SETFNN50,SBI AMC,2026-08
INE692A01016,Union Bank of India,2325964.0,4387.47,1.43,Banks,SETFNN50,SBI AMC,2026-08
INE102D01028,Godrej Consumer Products Ltd.,483763.0,4360.16,1.43,Personal Products,SETFNN50,SBI AMC,2026-08
INE003A01024,Siemens Ltd.,106408.0,4288.24,1.4,Electrical Equipment,SETFNN50,SBI AMC,2026-08
INE670K01029,Lodha Developers Ltd.,333942.0,4002.63,1.31,Realty,SETFNN50,SBI AMC,2026-08
INE414G01012,Muthoot Finance Ltd.,129091.0,3844.46,1.26,Finance,SETFNN50,SBI AMC,2026-08
INE0V6F01027,Hyundai Motor India Ltd.,171636.0,3784.57,1.24,Automobiles,SETFNN50,SBI AMC,2026-08
INE070A01015,Shree Cement Ltd.,16099.0,3734.97,1.22,Cement & Cement Products,SETFNN50,SBI AMC,2026-08
INE010B01027,Zydus Lifesciences Ltd.,301159.0,3497.36,1.14,Pharmaceuticals & Biotechnology,SETFNN50,SBI AMC,2026-08
INE267A01025,Hindustan Zinc Ltd.,578883.0,3446.96,1.13,Non - Ferrous Metals,SETFNN50,SBI AMC,2026-08
INE1NPP01017,Siemens Energy India Ltd.,106460.0,3438.23,1.12,Electrical Equipment,SETFNN50,SBI AMC,2026-08
INE079A01024,Ambuja Cements Ltd.,750478.0,3010.54,0.98,Cement & Cement Products,SETFNN50,SBI AMC,2026-08
INE249Z01020,Mazagon Dock Shipbuilders Ltd.,91450.0,2267.96,0.74,Industrial Manufacturing,SETFNN50,SBI AMC,2026-08
INE976I01016,TATA Capital Ltd.,605923.0,2229.19,0.73,Finance,SETFNN50,SBI AMC,2026-08
INE053F01010,Indian Railway Finance Corporation Ltd.,2421289.0,2017.9,0.66,Finance,SETFNN50,SBI AMC,2026-08
INE040A01034,HDFC Bank Ltd.,8990629.0,63743.56,17.02,Banks,SETFNIFBK,SBI AMC,2026-08
INE090A01021,ICICI Bank Ltd.,3825486.0,55622.57,14.85,Banks,SETFNIFBK,SBI AMC,2026-08
INE062A01020,State Bank of India,3627830.0,38455.0,10.27,Banks,SETFNIFBK,SBI AMC,2026-08
INE237A01036,Kotak Mahindra Bank Ltd.,8820532.0,36993.31,9.88,Banks,SETFNIFBK,SBI AMC,2026-08
INE238A01034,Axis Bank Ltd.,2648628.0,34432.16,9.19,Banks,SETFNIFBK,SBI AMC,2026-08
INE171A01029,The Federal Bank Ltd.,7505041.0,26770.48,7.15,Banks,SETFNIFBK,SBI AMC,2026-08
INE095A01012,IndusInd Bank Ltd.,2005585.0,20388.78,5.44,Banks,SETFNIFBK,SBI AMC,2026-08
INE949L01017,AU Small Finance Bank Ltd.,1662353.0,18056.48,4.82,Banks,SETFNIFBK,SBI AMC,2026-08
INE092T01019,IDFC First Bank Ltd.,20369267.0,17511.46,4.68,Banks,SETFNIFBK,SBI AMC,2026-08
INE028A01039,Bank of Baroda,5455224.0,13016.16,3.48,Banks,SETFNIFBK,SBI AMC,2026-08
INE160A01022,Punjab National Bank,11056159.0,12629.45,3.37,Banks,SETFNIFBK,SBI AMC,2026-08
INE528G01035,Yes Bank Ltd.,54671761.0,12481.56,3.33,Banks,SETFNIFBK,SBI AMC,2026-08
INE476A01022,Canara Bank,9813184.0,12452.93,3.32,Banks,SETFNIFBK,SBI AMC,2026-08
INE692A01016,Union Bank of India,6289426.0,11863.74,3.17,Banks,SETFNIFBK,SBI AMC,2026-08
INE040A01034,HDFC Bank Ltd.,10503.0,74.47,7.74,Banks,SETFBSE100,SBI AMC,2026-08
INE090A01021,ICICI Bank Ltd.,4940.0,71.63,7.45,Banks,SETFBSE100,SBI AMC,2026-08
INE002A01018,Reliance Industries Ltd.,4662.0,59.91,6.23,Petroleum Products,SETFBSE100,SBI AMC,2026-08
INE397D01024,Bharti Airtel Ltd.,2099.0,38.41,3.99,Telecom - Services,SETFBSE100,SBI AMC,2026-08
INE018A01030,Larsen & Toubro Ltd.,806.0,32.48,3.38,Construction,SETFBSE100,SBI AMC,2026-08
INE062A01020,State Bank of India,2862.0,30.34,3.15,Banks,SETFBSE100,SBI AMC,2026-08
INE009A01021,Infosys Ltd.,2403.0,27.07,2.81,IT - Software,SETFBSE100,SBI AMC,2026-08
INE238A01034,Axis Bank Ltd.,1971.0,25.29,2.63,Banks,SETFBSE100,SBI AMC,2026-08
INE237A01036,Kotak Mahindra Bank Ltd.,5072.0,21.21,2.21,Banks,SETFBSE100,SBI AMC,2026-08
INE101A01026,Mahindra & Mahindra Ltd.,617.0,20.49,2.13,Automobiles,SETFBSE100,SBI AMC,2026-08
INE296A01032,Bajaj Finance Ltd.,1845.0,19.64,2.04,Finance,SETFBSE100,SBI AMC,2026-08
INE154A01025,ITC Ltd.,6648.0,17.04,1.77,Diversified FMCG,SETFBSE100,SBI AMC,2026-08
INE467B01029,Tata Consultancy Services Ltd.,698.0,16.5,1.72,IT - Software,SETFBSE100,SBI AMC,2026-08
INE758T01015,Eternal Ltd.,4987.0,16.34,1.7,Retailing,SETFBSE100,SBI AMC,2026-08
INE044A01036,Sun Pharmaceutical Industries Ltd.,744.0,14.55,1.51,Pharmaceuticals & Biotechnology,SETFBSE100,SBI AMC,2026-08
INE280A01028,Titan Company Ltd.,281.0,14.38,1.49,Consumer Durables,SETFBSE100,SBI AMC,2026-08
INE721A01047,Shriram Finance Ltd.,1200.0,13.13,1.36,Finance,SETFBSE100,SBI AMC,2026-08
INE030A01027,Hindustan Unilever Ltd.,615.0,12.27,1.28,Diversified FMCG,SETFBSE100,SBI AMC,2026-08
INE585B01010,Maruti Suzuki India Ltd.,89.0,12.0,1.25,Automobiles,SETFBSE100,SBI AMC,2026-08
INE733E01010,NTPC Ltd.,3274.0,10.73,1.12,Power,SETFBSE100,SBI AMC,2026-08
INE081A01020,Tata Steel Ltd.,5677.0,10.45,1.09,Ferrous Metals,SETFBSE100,SBI AMC,2026-08
INE263A01024,Bharat Electronics Ltd.,2468.0,10.22,1.06,Aerospace & Defense,SETFBSE100,SBI AMC,2026-08
INE038A01020,Hindalco Industries Ltd.,991.0,10.07,1.05,Non - Ferrous Metals,SETFBSE100,SBI AMC,2026-08
INE860A01027,HCL Technologies Ltd.,729.0,9.54,0.99,IT - Software,SETFBSE100,SBI AMC,2026-08
INE481G01011,Ultratech Cement Ltd.,81.0,9.32,0.97,Cement & Cement Products,SETFBSE100,SBI AMC,2026-08
INE917I01010,Bajaj Auto Ltd.,73.0,8.83,0.92,Automobiles,SETFBSE100,SBI AMC,2026-08
INE047A01021,Grasim Industries Ltd.,258.0,8.56,0.89,Cement & Cement Products,SETFBSE100,SBI AMC,2026-08
INE019A01038,JSW Steel Ltd.,640.0,8.4,0.87,Ferrous Metals,SETFBSE100,SBI AMC,2026-08
INE742F01042,Adani Ports and Special Economic Zone Ltd.,508.0,8.31,0.86,Transport Infrastructure,SETFBSE100,SBI AMC,2026-08
INE752E01010,Power Grid Corporation of India Ltd.,3140.0,8.29,0.86,Power,SETFBSE100,SBI AMC,2026-08
INE361B01024,Divi's Laboratories Ltd.,88.0,8.14,0.85,Pharmaceuticals & Biotechnology,SETFBSE100,SBI AMC,2026-08
INE646L01027,Interglobe Aviation Ltd.,155.0,8.04,0.84,Transport Services,SETFBSE100,SBI AMC,2026-08
INE021A01026,Asian Paints Ltd.,311.0,8.01,0.83,Consumer Durables,SETFBSE100,SBI AMC,2026-08
INE918I01026,Bajaj Finserv Ltd.,386.0,7.79,0.81,Finance,SETFBSE100,SBI AMC,2026-08
INE066A01021,Eicher Motors Ltd.,95.0,7.56,0.79,Automobiles,SETFBSE100,SBI AMC,2026-08
INE239A01024,Nestle India Ltd.,492.0,7.25,0.75,Food Products,SETFBSE100,SBI AMC,2026-08
INE669C01036,Tech Mahindra Ltd.,439.0,7.13,0.74,IT - Software,SETFBSE100,SBI AMC,2026-08
INE494B01023,TVS Motor Company Ltd.,160.0,6.93,0.72,Automobiles,SETFBSE100,SBI AMC,2026-08
INE1TAE01010,Tata Motors Ltd.,1446.0,6.81,0.71,"Agricultural, Commercial & Construction Vehicles",SETFBSE100,SBI AMC,2026-08
INE423A01024,Adani Enterprises Ltd.,232.0,6.78,0.7,Metals & Minerals Trading,SETFBSE100,SBI AMC,2026-08
INE849A01020,Trent Ltd.,228.0,6.57,0.68,Retailing,SETFBSE100,SBI AMC,2026-08
INE522F01014,Coal India Ltd.,1571.0,6.32,0.66,Consumable Fuels,SETFBSE100,SBI AMC,2026-08
INE213A01029,Oil & Natural Gas Corporation Ltd.,2687.0,6.23,0.65,Oil,SETFBSE100,SBI AMC,2026-08
INE437A01024,Apollo Hospitals Enterprise Ltd.,70.0,6.2,0.64,Healthcare Services,SETFBSE100,SBI AMC,2026-08
INE066F01020,Hindustan Aeronautics Ltd.,129.0,6.19,0.64,Aerospace & Defense,SETFBSE100,SBI AMC,2026-08
INE171A01029,The Federal Bank Ltd.,1698.0,5.93,0.62,Banks,SETFBSE100,SBI AMC,2026-08
INE121A01024,Cholamandalam Investment & Finance Co. Ltd.,300.0,5.61,0.58,Finance,SETFBSE100,SBI AMC,2026-08
INE758E01017,Jio Financial Services Ltd.,2321.0,5.55,0.58,Finance,SETFBSE100,SBI AMC,2026-08
INE814H01029,Adani Power Ltd.,2791.0,5.54,0.58,Power,SETFBSE100,SBI AMC,2026-08
INE059A01026,Cipla Ltd.,390.0,5.52,0.57,Pharmaceuticals & Biotechnology,SETFBSE100,SBI AMC,2026-08
INE123W01016,SBI Life Insurance Co. Ltd.,311.0,5.42,0.56,Insurance,SETFBSE100,SBI AMC,2026-08
INE027H01010,Max Healthcare Institute Ltd.,510.0,5.2,0.54,Healthcare Services,SETFBSE100,SBI AMC,2026-08
INE775A01035,Samvardhana Motherson International Ltd.,3054.0,5.08,0.53,Auto Components,SETFBSE100,SBI AMC,2026-08
INE089A01031,Dr. Reddy's Laboratories Ltd.,420.0,4.89,0.51,Pharmaceuticals & Biotechnology,SETFBSE100,SBI AMC,2026-08
INE158A01026,Hero MotoCorp Ltd.,88.0,4.88,0.51,Automobiles,SETFBSE100,SBI AMC,2026-08
INE982J01020,One 97 Communications Ltd.,291.0,4.88,0.51,Financial Technology (Fintech),SETFBSE100,SBI AMC,2026-08
INE298A01020,Cummins India Ltd.,94.0,4.81,0.5,Industrial Products,SETFBSE100,SBI AMC,2026-08
INE591G01025,Coforge Ltd.,240.0,4.77,0.5,IT - Software,SETFBSE100,SBI AMC,2026-08
INE417T01026,PB Fintech Ltd.,258.0,4.72,0.49,Financial Technology (Fintech),SETFBSE100,SBI AMC,2026-08
INE192A01025,Tata Consumer Products Ltd.,443.0,4.6,0.48,Agricultural Food & other Products,SETFBSE100,SBI AMC,2026-08
INE155A01022,Tata Motors Passenger Vehicles Ltd.,1446.0,4.58,0.48,Automobiles,SETFBSE100,SBI AMC,2026-08
INE095A01012,IndusInd Bank Ltd.,451.0,4.51,0.47,Banks,SETFBSE100,SBI AMC,2026-08
INE053A01029,The Indian Hotels Company Ltd.,608.0,4.37,0.45,Leisure Services,SETFBSE100,SBI AMC,2026-08
INE192R01011,Avenue Supermarts Ltd.,112.0,4.28,0.45,Retailing,SETFBSE100,SBI AMC,2026-08
INE029A01011,Bharat Petroleum Corporation Ltd.,1345.0,4.26,0.44,Petroleum Products,SETFBSE100,SBI AMC,2026-08
INE216A01030,Britannia Industries Ltd.,81.0,4.25,0.44,Food Products,SETFBSE100,SBI AMC,2026-08
INE262H01021,Persistent Systems Ltd.,75.0,4.21,0.44,IT - Software,SETFBSE100,SBI AMC,2026-08
INE949L01017,AU Small Finance Bank Ltd.,387.0,4.2,0.44,Banks,SETFBSE100,SBI AMC,2026-08
INE067A01029,CG Power and Industrial Solutions Ltd.,467.0,4.19,0.44,Electrical Equipment,SETFBSE100,SBI AMC,2026-08
INE935N01020,Dixon Technologies (India) Ltd.,28.0,4.12,0.43,Consumer Durables,SETFBSE100,SBI AMC,2026-08
INE795G01014,HDFC Life Insurance Company Ltd.,743.0,4.04,0.42,Insurance,SETFBSE100,SBI AMC,2026-08
INE245A01021,Tata Power Company Ltd.,1145.0,3.99,0.41,Power,SETFBSE100,SBI AMC,2026-08
INE040H01021,Suzlon Energy Ltd.,8317.0,3.94,0.41,Electrical Equipment,SETFBSE100,SBI AMC,2026-08
INE092T01019,IDFC First Bank Ltd.,4567.0,3.88,0.4,Banks,SETFBSE100,SBI AMC,2026-08
INE200M01039,Varun Beverages Ltd.,932.0,3.8,0.4,Beverages,SETFBSE100,SBI AMC,2026-08
INE326A01037,Lupin Ltd.,167.0,3.64,0.38,Pharmaceuticals & Biotechnology,SETFBSE100,SBI AMC,2026-08
INE127D01025,HDFC Asset Management Co. Ltd.,139.0,3.57,0.37,Capital Markets,SETFBSE100,SBI AMC,2026-08
INE075A01022,Wipro Ltd.,1952.0,3.56,0.37,IT - Software,SETFBSE100,SBI AMC,2026-08
INE663F01032,Info Edge (India) Ltd.,264.0,3.49,0.36,Retailing,SETFBSE100,SBI AMC,2026-08
INE134E01011,Power Finance Corporation Ltd.,1001.0,3.46,0.36,Finance,SETFBSE100,SBI AMC,2026-08
INE318A01026,Pidilite Industries Ltd.,210.0,3.45,0.36,Chemicals & Petrochemicals,SETFBSE100,SBI AMC,2026-08
INE242A01010,Indian Oil Corporation Ltd.,2530.0,3.44,0.36,Petroleum Products,SETFBSE100,SBI AMC,2026-08
INE121J01017,Indus Towers Ltd.,891.0,3.42,0.36,Telecom - Services,SETFBSE100,SBI AMC,2026-08
INE208A01029,Ashok Leyland Ltd.,1943.0,3.4,0.35,"Agricultural, Commercial & Construction Vehicles",SETFBSE100,SBI AMC,2026-08
INE118A01012,Bajaj Holdings & Investment Ltd.,29.0,3.31,0.34,Finance,SETFBSE100,SBI AMC,2026-08
INE129A01019,GAIL (India) Ltd.,1858.0,3.21,0.33,Gas,SETFBSE100,SBI AMC,2026-08
INE028A01039,Bank of Baroda,1283.0,3.05,0.32,Banks,SETFBSE100,SBI AMC,2026-08
INE196A01026,Marico Ltd.,367.0,3.05,0.32,Agricultural Food & other Products,SETFBSE100,SBI AMC,2026-08
INE271C01023,DLF Ltd.,443.0,3.0,0.31,Realty,SETFBSE100,SBI AMC,2026-08
INE854D01024,United Spirits Ltd.,200.0,2.96,0.31,Beverages,SETFBSE100,SBI AMC,2026-08
INE476A01022,Canara Bank,2313.0,2.92,0.3,Banks,SETFBSE100,SBI AMC,2026-08
INE214T01019,LTM Ltd.,63.0,2.86,0.3,IT - Software,SETFBSE100,SBI AMC,2026-08
INE528G01035,Yes Bank Ltd.,12109.0,2.74,0.28,Banks,SETFBSE100,SBI AMC,2026-08
INE160A01022,Punjab National Bank,2376.0,2.72,0.28,Banks,SETFBSE100,SBI AMC,2026-08
INE020B01018,REC Ltd.,853.0,2.69,0.28,Finance,SETFBSE100,SBI AMC,2026-08
INE765G01017,ICICI Lombard General Insurance Company Ltd.,168.0,2.62,0.27,Insurance,SETFBSE100,SBI AMC,2026-08
INE647A01010,SRF Ltd.,100.0,2.56,0.27,Chemicals & Petrochemicals,SETFBSE100,SBI AMC,2026-08
INE102D01028,Godrej Consumer Products Ltd.,268.0,2.42,0.25,Personal Products,SETFBSE100,SBI AMC,2026-08
INE070A01015,Shree Cement Ltd.,9.0,2.13,0.22,Cement & Cement Products,SETFBSE100,SBI AMC,2026-08
INE176B01034,Havells India Ltd.,173.0,2.13,0.22,Consumer Durables,SETFBSE100,SBI AMC,2026-08
INE237A01036,Kotak Mahindra Bank Ltd.,8738000.0,36647.17,6.68,Banks,SESF,SBI AMC,2026-08
INE040A01034,HDFC Bank Ltd.,4431850.0,31421.82,5.73,Banks,SESF,SBI AMC,2026-08
INE002A01018,Reliance Industries Ltd.,2297000.0,29332.69,5.35,Petroleum Products,SESF,SBI AMC,2026-08
INE090A01021,ICICI Bank Ltd.,1882300.0,27368.64,4.99,Banks,SESF,SBI AMC,2026-08
INE397D01024,Bharti Airtel Ltd.,1101725.0,19962.16,3.64,Telecom - Services,SESF,SBI AMC,2026-08
INE0J1Y01017,Life Insurance Corporation of India,3141000.0,13129.38,2.39,Insurance,SESF,SBI AMC,2026-08
INE481G01011,Ultratech Cement Ltd.,100000.0,11450.0,2.09,Cement & Cement Products,SESF,SBI AMC,2026-08
INE406A01037,Aurobindo Pharma Ltd.,630000.0,10817.1,1.97,Pharmaceuticals & Biotechnology,SESF,SBI AMC,2026-08
INE101A01026,Mahindra & Mahindra Ltd.,322800.0,10594.3,1.93,Automobiles,SESF,SBI AMC,2026-08
INE066A01021,Eicher Motors Ltd.,133000.0,10578.16,1.93,Automobiles,SESF,SBI AMC,2026-08
INE038A01020,Hindalco Industries Ltd.,928200.0,9425.41,1.72,Non - Ferrous Metals,SESF,SBI AMC,2026-08
INE238A01034,Axis Bank Ltd.,717500.0,9327.5,1.7,Banks,SESF,SBI AMC,2026-08
INE028A01039,Bank of Baroda,3846375.0,9177.45,1.67,Banks,SESF,SBI AMC,2026-08
INE914M01019,Aster DM Quality Care Ltd.,1130000.0,8542.8,1.56,Healthcare Services,SESF,SBI AMC,2026-08
INE139A01034,National Aluminium Company Ltd.,2231250.0,8512.22,1.55,Non - Ferrous Metals,SESF,SBI AMC,2026-08
INE437A01024,Apollo Hospitals Enterprise Ltd.,92875.0,8264.48,1.51,Healthcare Services,SESF,SBI AMC,2026-08
INE795G01014,HDFC Life Insurance Company Ltd.,1444300.0,7847.6,1.43,Insurance,SESF,SBI AMC,2026-08
INE062A01020,State Bank of India,676500.0,7170.9,1.31,Banks,SESF,SBI AMC,2026-08
INE009A01021,Infosys Ltd.,624000.0,7074.91,1.29,IT - Software,SESF,SBI AMC,2026-08
INE749A01030,Jindal Steel Ltd.,584375.0,6971.01,1.27,Ferrous Metals,SESF,SBI AMC,2026-08
INE271C01023,DLF Ltd.,896800.0,6197.34,1.13,Realty,SESF,SBI AMC,2026-08
INE364U01010,Adani Green Energy Ltd.,403200.0,4898.48,0.89,Power,SESF,SBI AMC,2026-08
INE019A01038,JSW Steel Ltd.,338175.0,4422.31,0.81,Ferrous Metals,SESF,SBI AMC,2026-08
INE674K01013,Aditya Birla Capital Ltd.,1016800.0,4162.78,0.76,Finance,SESF,SBI AMC,2026-08
INE257A01026,Bharat Heavy Electricals Ltd.,889875.0,3939.03,0.72,Electrical Equipment,SESF,SBI AMC,2026-08
INE066F01020,Hindustan Aeronautics Ltd.,73050.0,3507.57,0.64,Aerospace & Defense,SESF,SBI AMC,2026-08
INE021A01026,Asian Paints Ltd.,127750.0,3389.97,0.62,Consumer Durables,SESF,SBI AMC,2026-08
INE585B01010,Maruti Suzuki India Ltd.,22300.0,3020.98,0.55,Automobiles,SESF,SBI AMC,2026-08
INE776C01039,GMR Airports Ltd.,3124800.0,2925.75,0.53,Transport Infrastructure,SESF,SBI AMC,2026-08
INE213A01029,Oil & Natural Gas Corporation Ltd.,1260000.0,2920.68,0.53,Oil,SESF,SBI AMC,2026-08
INE121J01017,Indus Towers Ltd.,739500.0,2875.18,0.52,Telecom - Services,SESF,SBI AMC,2026-08
INE259A01022,Colgate Palmolive (India) Ltd.,133850.0,2539.94,0.46,Personal Products,SESF,SBI AMC,2026-08
INE245A01021,Tata Power Company Ltd.,723550.0,2510.72,0.46,Power,SESF,SBI AMC,2026-08
INE102D01028,Godrej Consumer Products Ltd.,275000.0,2478.58,0.45,Personal Products,SESF,SBI AMC,2026-08
INE081A01020,Tata Steel Ltd.,1243000.0,2291.47,0.42,Ferrous Metals,SESF,SBI AMC,2026-08
INE361B01024,Divi's Laboratories Ltd.,21500.0,2035.41,0.37,Pharmaceuticals & Biotechnology,SESF,SBI AMC,2026-08
INE114A01011,Steel Authority of India Ltd.,968200.0,1887.99,0.34,Ferrous Metals,SESF,SBI AMC,2026-08
INE976G01028,RBL Bank Ltd.,473075.0,1799.34,0.33,Banks,SESF,SBI AMC,2026-08
INE619A01035,Patanjali Foods Ltd.,510625.0,1761.66,0.32,Agricultural Food & other Products,SESF,SBI AMC,2026-08
INE160A01022,Punjab National Bank,1288000.0,1471.28,0.27,Banks,SESF,SBI AMC,2026-08
INE775A01035,Samvardhana Motherson International Ltd.,850000.0,1450.78,0.26,Auto Components,SESF,SBI AMC,2026-08
INE721A01047,Shriram Finance Ltd.,130350.0,1446.75,0.26,Finance,SESF,SBI AMC,2026-08
INE020B01018,REC Ltd.,415800.0,1344.28,0.25,Finance,SESF,SBI AMC,2026-08
INE079A01024,Ambuja Cements Ltd.,331200.0,1328.61,0.24,Cement & Cement Products,SESF,SBI AMC,2026-08
INE030A01027,Hindustan Unilever Ltd.,61800.0,1215.85,0.22,Diversified FMCG,SESF,SBI AMC,2026-08
INE044A01036,Sun Pharmaceutical Industries Ltd.,58450.0,1160.12,0.21,Pharmaceuticals & Biotechnology,SESF,SBI AMC,2026-08
INE070A01015,Shree Cement Ltd.,4846.0,1124.27,0.2,Cement & Cement Products,SESF,SBI AMC,2026-08
INE742F01042,Adani Ports and Special Economic Zone Ltd.,69825.0,1112.38,0.2,Transport Infrastructure,SESF,SBI AMC,2026-08
INE982J01020,One 97 Communications Ltd.,63800.0,1095.51,0.2,Financial Technology (Fintech),SESF,SBI AMC,2026-08
INE010B01027,Zydus Lifesciences Ltd.,92700.0,1076.53,0.2,Pharmaceuticals & Biotechnology,SESF,SBI AMC,2026-08
INE123W01016,SBI Life Insurance Co. Ltd.,60000.0,1044.3,0.19,Insurance,SESF,SBI AMC,2026-08
INE095A01012,IndusInd Bank Ltd.,100100.0,1017.62,0.19,Banks,SESF,SBI AMC,2026-08
INE423A01024,Adani Enterprises Ltd.,28737.0,821.62,0.15,Metals & Minerals Trading,SESF,SBI AMC,2026-08
INE134E01011,Power Finance Corporation Ltd.,228800.0,769.45,0.14,Finance,SESF,SBI AMC,2026-08
INE584A01023,NMDC Ltd.,796500.0,702.51,0.13,Minerals & Mining,SESF,SBI AMC,2026-08
INE797F01020,Jubilant Foodworks Ltd.,124747.0,618.75,0.11,Leisure Services,SESF,SBI AMC,2026-08
INE733E01010,NTPC Ltd.,181500.0,594.23,0.11,Power,SESF,SBI AMC,2026-08
INE323A01026,Bosch Ltd.,1100.0,550.0,0.1,Auto Components,SESF,SBI AMC,2026-08
INE180A01020,Max Financial Services Ltd.,28800.0,453.05,0.08,Insurance,SESF,SBI AMC,2026-08
INE018A01030,Larsen & Toubro Ltd.,11200.0,453.03,0.08,Construction,SESF,SBI AMC,2026-08
INE854D01024,United Spirits Ltd.,29600.0,441.04,0.08,Beverages,SESF,SBI AMC,2026-08
INE053A01029,The Indian Hotels Company Ltd.,58000.0,427.98,0.08,Leisure Services,SESF,SBI AMC,2026-08
INE016A01026,Dabur India Ltd.,108750.0,414.34,0.08,Personal Products,SESF,SBI AMC,2026-08
INE758T01015,Eternal Ltd.,116400.0,381.91,0.07,Retailing,SESF,SBI AMC,2026-08
INE127D01025,HDFC Asset Management Co. Ltd.,13800.0,361.85,0.07,Capital Markets,SESF,SBI AMC,2026-08
INE545U01014,Bandhan Bank Ltd.,172800.0,282.53,0.05,Banks,SESF,SBI AMC,2026-08
INE067A01029,CG Power and Industrial Solutions Ltd.,22100.0,202.44,0.04,Electrical Equipment,SESF,SBI AMC,2026-08
INE267A01025,Hindustan Zinc Ltd.,28175.0,167.77,0.03,Non - Ferrous Metals,SESF,SBI AMC,2026-08
INE196A01026,Marico Ltd.,19200.0,157.44,0.03,Agricultural Food & other Products,SESF,SBI AMC,2026-08
INE758E01017,Jio Financial Services Ltd.,56400.0,136.12,0.02,Finance,SESF,SBI AMC,2026-08
INE242A01010,Indian Oil Corporation Ltd.,97500.0,135.65,0.02,Petroleum Products,SESF,SBI AMC,2026-08
INE047A01021,Grasim Industries Ltd.,2750.0,92.7,0.02,Cement & Cement Products,SESF,SBI AMC,2026-08
INE115A01026,LIC Housing Finance Ltd.,17000.0,91.53,0.02,Finance,SESF,SBI AMC,2026-08
INE094A01015,Hindustan Petroleum Corporation Ltd.,22275.0,81.47,0.01,Petroleum Products,SESF,SBI AMC,2026-08
INE121A01024,Cholamandalam Investment & Finance Co. Ltd.,3750.0,69.65,0.01,Finance,SESF,SBI AMC,2026-08
INE417T01026,PB Fintech Ltd.,2800.0,52.5,0.01,Financial Technology (Fintech),SESF,SBI AMC,2026-08
INE318A01026,Pidilite Industries Ltd.,3000.0,50.63,0.01,Chemicals & Petrochemicals,SESF,SBI AMC,2026-08
INE628A01036,UPL Ltd.,8130.0,45.71,0.01,Fertilizers & Agrochemicals,SESF,SBI AMC,2026-08
INE935A01035,Glenmark Pharmaceuticals Ltd.,1500.0,37.2,0.01,Pharmaceuticals & Biotechnology,SESF,SBI AMC,2026-08
INE029A01011,Bharat Petroleum Corporation Ltd.,1975.0,6.4,,Petroleum Products,SESF,SBI AMC,2026-08
INE0FDU25010,Brookfield India Real Estate Trust,1896031.0,6478.93,1.18,Realty,SESF,SBI AMC,2026-08
INE041025011,Embassy Office Parks Reit,1411853.0,6190.69,1.13,Realty,SESF,SBI AMC,2026-08
INE261F08EO7,National Bank for Agriculture and Rural Development,10000.0,9971.61,1.82,CRISIL AAA,SESF,SBI AMC,2026-08
INE896L07AK6,Indostar Capital Finance Ltd.,7500.0,7517.59,1.37,CARE AA-,SESF,SBI AMC,2026-08
INE926X08015,H.G. Infra Engineering Ltd.,6000.0,5926.09,1.08,[ICRA]AA-,SESF,SBI AMC,2026-08
INE01WN07128,Motilal Oswal Finvest Ltd.,5000.0,5022.02,0.92,CRISIL AA+,SESF,SBI AMC,2026-08
INE556F08KW0,Small Industries Development Bank of India,5000.0,4970.36,0.91,CRISIL AAA,SESF,SBI AMC,2026-08
INE316Z08055,Godrej Seeds & Genetics Ltd.,5000.0,4948.81,0.9,CRISIL AA,SESF,SBI AMC,2026-08
INE316Z08063,Godrej Seeds & Genetics Ltd.,5000.0,4940.49,0.9,CRISIL AA,SESF,SBI AMC,2026-08
INE950O07446,Mahindra Rural Housing Finance Ltd.,4500.0,4527.77,0.83,CRISIL AAA,SESF,SBI AMC,2026-08
INE776C08075,GMR Airports Ltd.,4000.0,4264.85,0.78,CRISIL A+,SESF,SBI AMC,2026-08
INE403D08256,Bharti Telecom Ltd.,2500.0,2523.98,0.46,CRISIL AAA,SESF,SBI AMC,2026-08
INE414G07IS4,Muthoot Finance Ltd.,2500.0,2507.51,0.46,CRISIL AA+,SESF,SBI AMC,2026-08
INE414G07IR6,Muthoot Finance Ltd.,1000.0,1001.29,0.18,CRISIL AA+,SESF,SBI AMC,2026-08
INE02PE08036,JTPM Metal Traders Ltd.,5000.0,5390.13,0.98,CRISIL AA,SESF,SBI AMC,2026-08
IN0020240019,7.10% CGL 2034,12500000.0,12670.83,2.31,Sovereign,SESF,SBI AMC,2026-08
IN0020250067,6.01% CGL 2030,7500000.0,7380.68,1.35,Sovereign,SESF,SBI AMC,2026-08
IN0020220037,7.38% CGL 2027,5000000.0,5061.25,0.92,Sovereign,SESF,SBI AMC,2026-08
IN002025Z336,364 DAY T-BILL 12.11.26,5000000.0,4948.79,0.9,Sovereign,SESF,SBI AMC,2026-08
IN002025Z344,364 DAY T-BILL 19.11.26,1000000.0,988.74,0.18,Sovereign,SESF,SBI AMC,2026-08
INF200K01UT4,SBI Liquid Fund - DIRECT PLAN -Growth Option  ,355010.161,15733.0,2.87,Mutual Fund/ETF,SESF,SBI AMC,2026-08
INF200K01SZ5,SBI Money Market Fund - Direct Plan - Growth Option,21723264.122,10407.7,1.9,Mutual Fund/ETF,SESF,SBI AMC,2026-08
INE0BWS23018,Altius Telecom Infrastructure Trust,6650000.0,11637.5,2.12,Telecom - Services,SESF,SBI AMC,2026-08
INE2PB023011,Raajmarg Infra Investment Trust,4937844.0,5998.99,1.09,Transport Infrastructure,SESF,SBI AMC,2026-08
INE0H7R23014,National Highways Infra Trust,4770.0,8.16,,Transport Infrastructure,SESF,SBI AMC,2026-08
INE040A01034,HDFC Bank Ltd.,297027438.0,2105924.54,9.85,Banks,SETFNIF50,SBI AMC,2026-08
INE090A01021,ICICI Bank Ltd.,138952494.0,2020369.26,9.45,Banks,SETFNIF50,SBI AMC,2026-08
INE002A01018,Reliance Industries Ltd.,131037667.0,1673351.01,7.83,Petroleum Products,SETFNIF50,SBI AMC,2026-08
INE397D01024,Bharti Airtel Ltd.,58982965.0,1068712.34,5.0,Telecom - Services,SETFNIF50,SBI AMC,2026-08
INE018A01030,Larsen & Toubro Ltd.,22702749.0,918303.49,4.3,Construction,SETFNIF50,SBI AMC,2026-08
INE062A01020,State Bank of India,80175614.0,849861.51,3.98,Banks,SETFNIF50,SBI AMC,2026-08
INE009A01021,Infosys Ltd.,68034280.0,771372.67,3.61,IT - Software,SETFNIF50,SBI AMC,2026-08
INE238A01034,Axis Bank Ltd.,55705864.0,724176.23,3.39,Banks,SETFNIF50,SBI AMC,2026-08
INE237A01036,Kotak Mahindra Bank Ltd.,142809221.0,598941.87,2.8,Banks,SETFNIF50,SBI AMC,2026-08
INE101A01026,Mahindra & Mahindra Ltd.,17317050.0,568345.58,2.66,Automobiles,SETFNIF50,SBI AMC,2026-08
INE296A01032,Bajaj Finance Ltd.,51987763.0,549510.65,2.57,Finance,SETFNIF50,SBI AMC,2026-08
INE154A01025,ITC Ltd.,186978687.0,477730.55,2.23,Diversified FMCG,SETFNIF50,SBI AMC,2026-08
INE467B01029,Tata Consultancy Services Ltd.,19803694.0,475150.03,2.22,IT - Software,SETFNIF50,SBI AMC,2026-08
INE758T01015,Eternal Ltd.,140229585.0,460093.27,2.15,Retailing,SETFNIF50,SBI AMC,2026-08
INE280A01028,Titan Company Ltd.,8008278.0,408614.38,1.91,Consumer Durables,SETFNIF50,SBI AMC,2026-08
INE044A01036,Sun Pharmaceutical Industries Ltd.,20538836.0,407654.82,1.91,Pharmaceuticals & Biotechnology,SETFNIF50,SBI AMC,2026-08
INE585B01010,Maruti Suzuki India Ltd.,2530403.0,342793.69,1.6,Automobiles,SETFNIF50,SBI AMC,2026-08
INE030A01027,Hindustan Unilever Ltd.,17208529.0,338560.6,1.58,Diversified FMCG,SETFNIF50,SBI AMC,2026-08
INE721A01047,Shriram Finance Ltd.,27164868.0,301502.87,1.41,Finance,SETFNIF50,SBI AMC,2026-08
INE733E01010,NTPC Ltd.,91957066.0,301067.43,1.41,Power,SETFNIF50,SBI AMC,2026-08
INE081A01020,Tata Steel Ltd.,160335403.0,295578.32,1.38,Ferrous Metals,SETFNIF50,SBI AMC,2026-08
INE263A01024,Bharat Electronics Ltd.,69473502.0,287932.93,1.35,Aerospace & Defense,SETFNIF50,SBI AMC,2026-08
INE038A01020,Hindalco Industries Ltd.,28084598.0,285185.05,1.33,Non - Ferrous Metals,SETFNIF50,SBI AMC,2026-08
INE860A01027,HCL Technologies Ltd.,20449745.0,268341.55,1.26,IT - Software,SETFNIF50,SBI AMC,2026-08
INE481G01011,Ultratech Cement Ltd.,2295355.0,262818.15,1.23,Cement & Cement Products,SETFNIF50,SBI AMC,2026-08
INE917I01010,Bajaj Auto Ltd.,2148253.0,260583.09,1.22,Automobiles,SETFNIF50,SBI AMC,2026-08
INE047A01021,Grasim Industries Ltd.,7318576.0,246709.2,1.15,Cement & Cement Products,SETFNIF50,SBI AMC,2026-08
INE019A01038,JSW Steel Ltd.,18193084.0,237910.96,1.11,Ferrous Metals,SETFNIF50,SBI AMC,2026-08
INE021A01026,Asian Paints Ltd.,8771744.0,232767.0,1.09,Consumer Durables,SETFNIF50,SBI AMC,2026-08
INE752E01010,Power Grid Corporation of India Ltd.,87839473.0,231500.93,1.08,Power,SETFNIF50,SBI AMC,2026-08
INE646L01027,Interglobe Aviation Ltd.,4390567.0,229802.28,1.07,Transport Services,SETFNIF50,SBI AMC,2026-08
INE742F01042,Adani Ports and Special Economic Zone Ltd.,14309757.0,227968.74,1.07,Transport Infrastructure,SETFNIF50,SBI AMC,2026-08
INE918I01026,Bajaj Finserv Ltd.,11229212.0,226942.37,1.06,Finance,SETFNIF50,SBI AMC,2026-08
INE066A01021,Eicher Motors Ltd.,2673169.0,212610.5,0.99,Automobiles,SETFNIF50,SBI AMC,2026-08
INE239A01024,Nestle India Ltd.,13907696.0,208128.67,0.97,Food Products,SETFNIF50,SBI AMC,2026-08
INE669C01036,Tech Mahindra Ltd.,12318668.0,200547.92,0.94,IT - Software,SETFNIF50,SBI AMC,2026-08
INE522F01014,Coal India Ltd.,46461247.0,186658.06,0.87,Consumable Fuels,SETFNIF50,SBI AMC,2026-08
INE849A01020,Trent Ltd.,6454393.0,185880.06,0.87,Retailing,SETFNIF50,SBI AMC,2026-08
INE437A01024,Apollo Hospitals Enterprise Ltd.,1996123.0,177625.01,0.83,Healthcare Services,SETFNIF50,SBI AMC,2026-08
INE213A01029,Oil & Natural Gas Corporation Ltd.,75346735.0,174653.73,0.82,Oil,SETFNIF50,SBI AMC,2026-08
INE423A01024,Adani Enterprises Ltd.,5597304.0,160032.52,0.75,Metals & Minerals Trading,SETFNIF50,SBI AMC,2026-08
INE059A01026,Cipla Ltd.,10914247.0,153803.57,0.72,Pharmaceuticals & Biotechnology,SETFNIF50,SBI AMC,2026-08
INE758E01017,Jio Financial Services Ltd.,63642628.0,153601.48,0.72,Finance,SETFNIF50,SBI AMC,2026-08
INE123W01016,SBI Life Insurance Co. Ltd.,8715392.0,151691.4,0.71,Insurance,SETFNIF50,SBI AMC,2026-08
INE027H01010,Max Healthcare Institute Ltd.,14435799.0,150435.46,0.7,Healthcare Services,SETFNIF50,SBI AMC,2026-08
INE089A01031,Dr. Reddy's Laboratories Ltd.,11823928.0,136495.42,0.64,Pharmaceuticals & Biotechnology,SETFNIF50,SBI AMC,2026-08
INE192A01025,Tata Consumer Products Ltd.,12631645.0,131053.32,0.61,Agricultural Food & other Products,SETFNIF50,SBI AMC,2026-08
INE155A01022,Tata Motors Passenger Vehicles Ltd.,40538024.0,125201.69,0.59,Automobiles,SETFNIF50,SBI AMC,2026-08
INE795G01014,HDFC Life Insurance Company Ltd.,20866144.0,113376.19,0.53,Insurance,SETFNIF50,SBI AMC,2026-08
INE075A01022,Wipro Ltd.,52530688.0,96919.12,0.45,IT - Software,SETFNIF50,SBI AMC,2026-08
IN0020260025,6.94% CGL 2036,322271900.0,321995.39,97.93,Sovereign,SETF10GILT,SBI AMC,2026-08
INE090A01021,ICICI Bank Ltd.,105000.0,1526.7,7.8,Banks,SLTAF-IV,SBI AMC,2026-08
INE296A01032,Bajaj Finance Ltd.,140000.0,1479.8,7.56,Finance,SLTAF-IV,SBI AMC,2026-08
INE066A01021,Eicher Motors Ltd.,12000.0,954.42,4.88,Automobiles,SLTAF-IV,SBI AMC,2026-08
INE1TAE01010,Tata Motors Ltd.,170000.0,800.87,4.09,"Agricultural, Commercial & Construction Vehicles",SLTAF-IV,SBI AMC,2026-08
INE048G01026,Navin Fluorine International Ltd.,9000.0,780.8,3.99,Chemicals & Petrochemicals,SLTAF-IV,SBI AMC,2026-08
INE148O01028,Delhivery Ltd.,170000.0,775.54,3.96,Transport Services,SLTAF-IV,SBI AMC,2026-08
INE528A01020,GKW Ltd.,46856.0,714.41,3.65,Finance,SLTAF-IV,SBI AMC,2026-08
INE040A01034,HDFC Bank Ltd.,100000.0,709.0,3.62,Banks,SLTAF-IV,SBI AMC,2026-08
INE044A01036,Sun Pharmaceutical Industries Ltd.,35000.0,694.68,3.55,Pharmaceuticals & Biotechnology,SLTAF-IV,SBI AMC,2026-08
INE237A01036,Kotak Mahindra Bank Ltd.,160000.0,671.04,3.43,Banks,SLTAF-IV,SBI AMC,2026-08
INE121A01024,Cholamandalam Investment & Finance Co. Ltd.,35000.0,650.09,3.32,Finance,SLTAF-IV,SBI AMC,2026-08
INE062A01020,State Bank of India,60000.0,636.0,3.25,Banks,SLTAF-IV,SBI AMC,2026-08
INE19RI01016,Tenneco Clean Air India Ltd.,116896.0,618.85,3.16,Auto Components,SLTAF-IV,SBI AMC,2026-08
INE0ISX01025,Kusumgar Ltd.,100000.0,581.45,2.97,Textiles & Apparels,SLTAF-IV,SBI AMC,2026-08
INE220B01022,Kalpataru Projects International Ltd.,40000.0,560.36,2.86,Construction,SLTAF-IV,SBI AMC,2026-08
INE970X01018,Lemon Tree Hotels Ltd.,520000.0,552.5,2.82,Leisure Services,SLTAF-IV,SBI AMC,2026-08
INE414G01012,Muthoot Finance Ltd.,17000.0,506.28,2.59,Finance,SLTAF-IV,SBI AMC,2026-08
INE220G01021,Jindal Stainless Ltd.,70000.0,491.51,2.51,Ferrous Metals,SLTAF-IV,SBI AMC,2026-08
INE522D01027,Manappuram Finance Ltd.,140000.0,476.14,2.43,Finance,SLTAF-IV,SBI AMC,2026-08
INE208A01029,Ashok Leyland Ltd.,250000.0,439.1,2.24,"Agricultural, Commercial & Construction Vehicles",SLTAF-IV,SBI AMC,2026-08
INE201P01022,G R Infra projects Ltd.,50000.0,438.1,2.24,Construction,SLTAF-IV,SBI AMC,2026-08
INE718I01012,JSW Cement Ltd.,340068.0,428.55,2.19,Cement & Cement Products,SLTAF-IV,SBI AMC,2026-08
INE852O01025,Aptus Value Housing Finance India Ltd.,170000.0,423.05,2.16,Finance,SLTAF-IV,SBI AMC,2026-08
INE00H001014,Swiggy Ltd.,150000.0,422.85,2.16,Retailing,SLTAF-IV,SBI AMC,2026-08
INE061F01013,Fortis Healthcare Ltd.,45000.0,408.11,2.08,Healthcare Services,SLTAF-IV,SBI AMC,2026-08
INE669C01036,Tech Mahindra Ltd.,25000.0,407.0,2.08,IT - Software,SLTAF-IV,SBI AMC,2026-08
INE101A01026,Mahindra & Mahindra Ltd.,12000.0,393.84,2.01,Automobiles,SLTAF-IV,SBI AMC,2026-08
INE531A01024,Kansai Nerolac Paints Ltd.,200000.0,385.62,1.97,Consumer Durables,SLTAF-IV,SBI AMC,2026-08
INE111A01025,Container Corporation of India Ltd.,69739.0,356.99,1.82,Transport Services,SLTAF-IV,SBI AMC,2026-08
INE216P01012,Aavas Financiers Ltd.,10244.0,129.2,0.66,Finance,SLTAF-IV,SBI AMC,2026-08
INE501A01019,Deepak Fertilizers and Petrochemicals Corporation Ltd.,200000.0,2814.0,7.39,Chemicals & Petrochemicals,SLTAF-V,SBI AMC,2026-08
INE034A01011,Arvind Ltd.,475248.0,2640.72,6.93,Textiles & Apparels,SLTAF-V,SBI AMC,2026-08
INE361B01024,Divi's Laboratories Ltd.,20000.0,1893.4,4.97,Pharmaceuticals & Biotechnology,SLTAF-V,SBI AMC,2026-08
INE519A01011,Foseco India Ltd.,27135.0,1745.32,4.58,Chemicals & Petrochemicals,SLTAF-V,SBI AMC,2026-08
INE066A01021,Eicher Motors Ltd.,20000.0,1590.7,4.18,Automobiles,SLTAF-V,SBI AMC,2026-08
INE536A01023,Grindwell Norton Ltd.,75861.0,1534.67,4.03,Industrial Products,SLTAF-V,SBI AMC,2026-08
INE048G01026,Navin Fluorine International Ltd.,16000.0,1388.08,3.65,Chemicals & Petrochemicals,SLTAF-V,SBI AMC,2026-08
INE414G01012,Muthoot Finance Ltd.,46307.0,1379.07,3.62,Finance,SLTAF-V,SBI AMC,2026-08
INE148O01028,Delhivery Ltd.,300000.0,1368.6,3.59,Transport Services,SLTAF-V,SBI AMC,2026-08
INE040A01034,HDFC Bank Ltd.,190000.0,1347.1,3.54,Banks,SLTAF-V,SBI AMC,2026-08
INE0JPD01013,Sanathan Textiles Ltd.,280166.0,1267.05,3.33,Textiles & Apparels,SLTAF-V,SBI AMC,2026-08
INE522D01027,Manappuram Finance Ltd.,370000.0,1258.37,3.3,Finance,SLTAF-V,SBI AMC,2026-08
INE237A01036,Kotak Mahindra Bank Ltd.,300000.0,1258.2,3.3,Banks,SLTAF-V,SBI AMC,2026-08
INE073K01018,Sona Blw Precision Forgings Ltd.,150000.0,1219.58,3.2,Auto Components,SLTAF-V,SBI AMC,2026-08
INE044A01036,Sun Pharmaceutical Industries Ltd.,60000.0,1190.88,3.13,Pharmaceuticals & Biotechnology,SLTAF-V,SBI AMC,2026-08
INE1TAE01010,Tata Motors Ltd.,250000.0,1177.75,3.09,"Agricultural, Commercial & Construction Vehicles",SLTAF-V,SBI AMC,2026-08
INE296A01032,Bajaj Finance Ltd.,110000.0,1162.7,3.05,Finance,SLTAF-V,SBI AMC,2026-08
INE976A01021,West Coast Paper Mills Ltd.,183816.0,1124.59,2.95,"Paper, Forest & Jute Products",SLTAF-V,SBI AMC,2026-08
INE006I01046,Astral Ltd.,68000.0,1035.1,2.72,Industrial Products,SLTAF-V,SBI AMC,2026-08
INE211R01019,Power Mech Projects Ltd.,40000.0,1008.48,2.65,Construction,SLTAF-V,SBI AMC,2026-08
INE718I01012,JSW Cement Ltd.,800000.0,1008.16,2.65,Cement & Cement Products,SLTAF-V,SBI AMC,2026-08
INE0ISX01025,Kusumgar Ltd.,160000.0,930.32,2.44,Textiles & Apparels,SLTAF-V,SBI AMC,2026-08
INE276A01018,Garware Technical Fibres Ltd.,112864.0,918.54,2.41,Textiles & Apparels,SLTAF-V,SBI AMC,2026-08
INE00H001014,Swiggy Ltd.,300000.0,845.7,2.22,Retailing,SLTAF-V,SBI AMC,2026-08
INE061F01013,Fortis Healthcare Ltd.,90000.0,816.21,2.14,Healthcare Services,SLTAF-V,SBI AMC,2026-08
INE220G01021,Jindal Stainless Ltd.,110000.0,772.37,2.03,Ferrous Metals,SLTAF-V,SBI AMC,2026-08
INE852O01025,Aptus Value Housing Finance India Ltd.,300000.0,746.55,1.96,Finance,SLTAF-V,SBI AMC,2026-08
INE062A01020,State Bank of India,70000.0,742.0,1.95,Banks,SLTAF-V,SBI AMC,2026-08
INE531A01024,Kansai Nerolac Paints Ltd.,359152.0,692.48,1.82,Consumer Durables,SLTAF-V,SBI AMC,2026-08
INE216P01012,Aavas Financiers Ltd.,22222.0,280.26,0.74,Finance,SLTAF-V,SBI AMC,2026-08
INE519A01011,Foseco India Ltd.,23754.0,1527.86,5.83,Chemicals & Petrochemicals,SLTAF-VI,SBI AMC,2026-08
INE288B01029,Deepak Nitrite Ltd.,70000.0,1224.58,4.67,Chemicals & Petrochemicals,SLTAF-VI,SBI AMC,2026-08
INE1TAE01010,Tata Motors Ltd.,250000.0,1177.75,4.49,"Agricultural, Commercial & Construction Vehicles",SLTAF-VI,SBI AMC,2026-08
INE018A01030,Larsen & Toubro Ltd.,27650.0,1118.41,4.26,Construction,SLTAF-VI,SBI AMC,2026-08
INE237A01036,Kotak Mahindra Bank Ltd.,260750.0,1093.59,4.17,Banks,SLTAF-VI,SBI AMC,2026-08
INE473B01035,Hatsun Agro Product Ltd.,90000.0,1071.41,4.08,Food Products,SLTAF-VI,SBI AMC,2026-08
INE397D01024,Bharti Airtel Ltd.,57192.0,1036.26,3.95,Telecom - Services,SLTAF-VI,SBI AMC,2026-08
INE976A01021,West Coast Paper Mills Ltd.,165581.0,1013.02,3.86,"Paper, Forest & Jute Products",SLTAF-VI,SBI AMC,2026-08
INE073K01018,Sona Blw Precision Forgings Ltd.,123000.0,1000.05,3.81,Auto Components,SLTAF-VI,SBI AMC,2026-08
INE522D01027,Manappuram Finance Ltd.,270000.0,918.27,3.5,Finance,SLTAF-VI,SBI AMC,2026-08
INE006I01046,Astral Ltd.,60000.0,913.32,3.48,Industrial Products,SLTAF-VI,SBI AMC,2026-08
INE148O01028,Delhivery Ltd.,187000.0,853.09,3.25,Transport Services,SLTAF-VI,SBI AMC,2026-08
INE061F01013,Fortis Healthcare Ltd.,90000.0,816.21,3.11,Healthcare Services,SLTAF-VI,SBI AMC,2026-08
INE211R01019,Power Mech Projects Ltd.,30000.0,756.36,2.88,Construction,SLTAF-VI,SBI AMC,2026-08
INE0JPD01013,Sanathan Textiles Ltd.,165716.0,749.45,2.86,Textiles & Apparels,SLTAF-VI,SBI AMC,2026-08
INE501A01019,Deepak Fertilizers and Petrochemicals Corporation Ltd.,52109.0,733.17,2.8,Chemicals & Petrochemicals,SLTAF-VI,SBI AMC,2026-08
INE918I01026,Bajaj Finserv Ltd.,35000.0,707.35,2.7,Finance,SLTAF-VI,SBI AMC,2026-08
INE063P01018,Equitas Small Finance Bank Ltd.,952000.0,704.19,2.68,Banks,SLTAF-VI,SBI AMC,2026-08
INE040A01034,HDFC Bank Ltd.,98000.0,694.82,2.65,Banks,SLTAF-VI,SBI AMC,2026-08
INE376G01013,Biocon Ltd.,150000.0,618.0,2.36,Pharmaceuticals & Biotechnology,SLTAF-VI,SBI AMC,2026-08
INE238A01034,Axis Bank Ltd.,46300.0,601.9,2.29,Banks,SLTAF-VI,SBI AMC,2026-08
INE00H001014,Swiggy Ltd.,200000.0,563.8,2.15,Retailing,SLTAF-VI,SBI AMC,2026-08
INE536A01023,Grindwell Norton Ltd.,27350.0,553.29,2.11,Industrial Products,SLTAF-VI,SBI AMC,2026-08
INE208A01029,Ashok Leyland Ltd.,300000.0,526.92,2.01,"Agricultural, Commercial & Construction Vehicles",SLTAF-VI,SBI AMC,2026-08
INE220G01021,Jindal Stainless Ltd.,75000.0,526.61,2.01,Ferrous Metals,SLTAF-VI,SBI AMC,2026-08
INE531A01024,Kansai Nerolac Paints Ltd.,259483.0,500.31,1.91,Consumer Durables,SLTAF-VI,SBI AMC,2026-08
INE970X01018,Lemon Tree Hotels Ltd.,450000.0,478.13,1.82,Leisure Services,SLTAF-VI,SBI AMC,2026-08
INE212H01026,AIA Engineering Ltd.,11222.0,477.78,1.82,Industrial Products,SLTAF-VI,SBI AMC,2026-08
INE852O01025,Aptus Value Housing Finance India Ltd.,189000.0,470.33,1.79,Finance,SLTAF-VI,SBI AMC,2026-08
INE718I01012,JSW Cement Ltd.,340068.0,428.55,1.63,Cement & Cement Products,SLTAF-VI,SBI AMC,2026-08
INE797F01020,Jubilant Foodworks Ltd.,84400.0,418.62,1.6,Leisure Services,SLTAF-VI,SBI AMC,2026-08
INE668F01031,Jyothy Labs Ltd.,200000.0,406.94,1.55,Household Products,SLTAF-VI,SBI AMC,2026-08
INE101I01011,Afcons Infrastructure Ltd.,130000.0,371.35,1.42,Construction,SLTAF-VI,SBI AMC,2026-08
INE216P01012,Aavas Financiers Ltd.,13307.0,167.83,0.64,Finance,SLTAF-VI,SBI AMC,2026-08
INE361B01024,Divi's Laboratories Ltd.,1146.0,105.95,4.09,Pharmaceuticals & Biotechnology,SETFSN50,SBI AMC,2026-08
INE1TAE01010,Tata Motors Ltd.,18883.0,88.92,3.43,"Agricultural, Commercial & Construction Vehicles",SETFSN50,SBI AMC,2026-08
INE423A01024,Adani Enterprises Ltd.,3023.0,88.3,3.41,Metals & Minerals Trading,SETFSN50,SBI AMC,2026-08
INE171A01029,The Federal Bank Ltd.,22171.0,77.38,2.98,Banks,SETFSN50,SBI AMC,2026-08
INE121A01024,Cholamandalam Investment & Finance Co. Ltd.,3911.0,73.14,2.82,Finance,SETFSN50,SBI AMC,2026-08
INE814H01029,Adani Power Ltd.,36435.0,72.38,2.79,Power,SETFSN50,SBI AMC,2026-08
INE775A01035,Samvardhana Motherson International Ltd.,39880.0,66.38,2.56,Auto Components,SETFSN50,SBI AMC,2026-08
INE158A01026,Hero MotoCorp Ltd.,1152.0,63.94,2.47,Automobiles,SETFSN50,SBI AMC,2026-08
INE982J01020,One 97 Communications Ltd.,3801.0,63.8,2.46,Financial Technology (Fintech),SETFSN50,SBI AMC,2026-08
INE298A01020,Cummins India Ltd.,1222.0,62.48,2.41,Industrial Products,SETFSN50,SBI AMC,2026-08
INE591G01025,Coforge Ltd.,3138.0,62.41,2.41,IT - Software,SETFSN50,SBI AMC,2026-08
INE417T01026,PB Fintech Ltd.,3372.0,61.64,2.38,Financial Technology (Fintech),SETFSN50,SBI AMC,2026-08
INE095A01012,IndusInd Bank Ltd.,5888.0,58.85,2.27,Banks,SETFSN50,SBI AMC,2026-08
INE053A01029,The Indian Hotels Company Ltd.,7940.0,57.09,2.2,Leisure Services,SETFSN50,SBI AMC,2026-08
INE192R01011,Avenue Supermarts Ltd.,1467.0,56.11,2.16,Retailing,SETFSN50,SBI AMC,2026-08
INE216A01030,Britannia Industries Ltd.,1062.0,55.76,2.15,Food Products,SETFSN50,SBI AMC,2026-08
INE029A01011,Bharat Petroleum Corporation Ltd.,17564.0,55.68,2.15,Petroleum Products,SETFSN50,SBI AMC,2026-08
INE262H01021,Persistent Systems Ltd.,979.0,54.94,2.12,IT - Software,SETFSN50,SBI AMC,2026-08
INE949L01017,AU Small Finance Bank Ltd.,5051.0,54.8,2.11,Banks,SETFSN50,SBI AMC,2026-08
INE935N01020,Dixon Technologies (India) Ltd.,372.0,54.78,2.11,Consumer Durables,SETFSN50,SBI AMC,2026-08
INE067A01029,CG Power and Industrial Solutions Ltd.,6093.0,54.65,2.11,Electrical Equipment,SETFSN50,SBI AMC,2026-08
INE795G01014,HDFC Life Insurance Company Ltd.,9707.0,52.8,2.04,Insurance,SETFSN50,SBI AMC,2026-08
INE245A01021,Tata Power Company Ltd.,14949.0,52.04,2.01,Power,SETFSN50,SBI AMC,2026-08
INE040H01021,Suzlon Energy Ltd.,108585.0,51.47,1.99,Electrical Equipment,SETFSN50,SBI AMC,2026-08
INE092T01019,IDFC First Bank Ltd.,59634.0,50.72,1.96,Banks,SETFSN50,SBI AMC,2026-08
INE200M01039,Varun Beverages Ltd.,12172.0,49.66,1.92,Beverages,SETFSN50,SBI AMC,2026-08
INE326A01037,Lupin Ltd.,2180.0,47.48,1.83,Pharmaceuticals & Biotechnology,SETFSN50,SBI AMC,2026-08
INE127D01025,HDFC Asset Management Co. Ltd.,1812.0,46.52,1.79,Capital Markets,SETFSN50,SBI AMC,2026-08
INE663F01032,Info Edge (India) Ltd.,3442.0,45.55,1.76,Retailing,SETFSN50,SBI AMC,2026-08
INE134E01011,Power Finance Corporation Ltd.,13064.0,45.2,1.74,Finance,SETFSN50,SBI AMC,2026-08
INE318A01026,Pidilite Industries Ltd.,2747.0,45.16,1.74,Chemicals & Petrochemicals,SETFSN50,SBI AMC,2026-08
INE242A01010,Indian Oil Corporation Ltd.,33031.0,44.92,1.73,Petroleum Products,SETFSN50,SBI AMC,2026-08
INE121J01017,Indus Towers Ltd.,11630.0,44.66,1.72,Telecom - Services,SETFSN50,SBI AMC,2026-08
INE208A01029,Ashok Leyland Ltd.,25366.0,44.43,1.71,"Agricultural, Commercial & Construction Vehicles",SETFSN50,SBI AMC,2026-08
INE118A01012,Bajaj Holdings & Investment Ltd.,380.0,43.32,1.67,Finance,SETFSN50,SBI AMC,2026-08
INE129A01019,GAIL (India) Ltd.,24253.0,41.96,1.62,Gas,SETFSN50,SBI AMC,2026-08
INE028A01039,Bank of Baroda,16749.0,39.84,1.54,Banks,SETFSN50,SBI AMC,2026-08
INE196A01026,Marico Ltd.,4789.0,39.75,1.53,Agricultural Food & other Products,SETFSN50,SBI AMC,2026-08
INE271C01023,DLF Ltd.,5790.0,39.26,1.51,Realty,SETFSN50,SBI AMC,2026-08
INE854D01024,United Spirits Ltd.,2617.0,38.79,1.5,Beverages,SETFSN50,SBI AMC,2026-08
INE476A01022,Canara Bank,30194.0,38.12,1.47,Banks,SETFSN50,SBI AMC,2026-08
INE214T01019,LTM Ltd.,827.0,37.57,1.45,IT - Software,SETFSN50,SBI AMC,2026-08
INE528G01035,Yes Bank Ltd.,158099.0,35.73,1.38,Banks,SETFSN50,SBI AMC,2026-08
INE160A01022,Punjab National Bank,31019.0,35.47,1.37,Banks,SETFSN50,SBI AMC,2026-08
INE020B01018,REC Ltd.,11134.0,35.07,1.35,Finance,SETFSN50,SBI AMC,2026-08
INE765G01017,ICICI Lombard General Insurance Company Ltd.,2200.0,34.32,1.32,Insurance,SETFSN50,SBI AMC,2026-08
INE647A01010,SRF Ltd.,1307.0,33.44,1.29,Chemicals & Petrochemicals,SETFSN50,SBI AMC,2026-08
INE102D01028,Godrej Consumer Products Ltd.,3498.0,31.59,1.22,Personal Products,SETFSN50,SBI AMC,2026-08
INE070A01015,Shree Cement Ltd.,120.0,28.44,1.1,Cement & Cement Products,SETFSN50,SBI AMC,2026-08
INE176B01034,Havells India Ltd.,2257.0,27.73,1.07,Consumer Durables,SETFSN50,SBI AMC,2026-08
INE467B01029,Tata Consultancy Services Ltd.,18675.0,448.07,5.47,IT - Software,SBIETFQLTY,SBI AMC,2026-08
INE239A01024,Nestle India Ltd.,28483.0,426.25,5.2,Food Products,SBIETFQLTY,SBI AMC,2026-08
INE009A01021,Infosys Ltd.,37277.0,422.65,5.16,IT - Software,SBIETFQLTY,SBI AMC,2026-08
INE263A01024,Bharat Electronics Ltd.,95041.0,393.9,4.81,Aerospace & Defense,SBIETFQLTY,SBI AMC,2026-08
INE860A01027,HCL Technologies Ltd.,28550.0,374.63,4.57,IT - Software,SBIETFQLTY,SBI AMC,2026-08
INE917I01010,Bajaj Auto Ltd.,3029.0,367.42,4.48,Automobiles,SBIETFQLTY,SBI AMC,2026-08
INE030A01027,Hindustan Unilever Ltd.,17910.0,352.36,4.3,Diversified FMCG,SBIETFQLTY,SBI AMC,2026-08
INE154A01025,ITC Ltd.,135652.0,346.59,4.23,Diversified FMCG,SBIETFQLTY,SBI AMC,2026-08
INE935N01020,Dixon Technologies (India) Ltd.,2323.0,344.97,4.21,Consumer Durables,SBIETFQLTY,SBI AMC,2026-08
INE216A01030,Britannia Industries Ltd.,6328.0,332.22,4.05,Food Products,SBIETFQLTY,SBI AMC,2026-08
INE522F01014,Coal India Ltd.,74774.0,300.4,3.67,Consumable Fuels,SBIETFQLTY,SBI AMC,2026-08
INE259A01022,Colgate Palmolive (India) Ltd.,15393.0,292.1,3.56,Personal Products,SBIETFQLTY,SBI AMC,2026-08
INE066F01020,Hindustan Aeronautics Ltd.,6064.0,291.17,3.55,Aerospace & Defense,SBIETFQLTY,SBI AMC,2026-08
INE021A01026,Asian Paints Ltd.,10915.0,289.64,3.53,Consumer Durables,SBIETFQLTY,SBI AMC,2026-08
INE158A01026,Hero MotoCorp Ltd.,4886.0,266.29,3.25,Automobiles,SBIETFQLTY,SBI AMC,2026-08
INE267A01025,Hindustan Zinc Ltd.,42298.0,251.86,3.07,Non - Ferrous Metals,SBIETFQLTY,SBI AMC,2026-08
INE127D01025,HDFC Asset Management Co. Ltd.,9543.0,250.23,3.05,Capital Markets,SBIETFQLTY,SBI AMC,2026-08
INE196A01026,Marico Ltd.,29550.0,242.31,2.96,Agricultural Food & other Products,SBIETFQLTY,SBI AMC,2026-08
INE343H01029,Solar Industries India Ltd.,1204.0,242.1,2.95,Chemicals & Petrochemicals,SBIETFQLTY,SBI AMC,2026-08
INE298A01020,Cummins India Ltd.,4738.0,241.87,2.95,Industrial Products,SBIETFQLTY,SBI AMC,2026-08
INE262H01021,Persistent Systems Ltd.,4252.0,237.88,2.9,IT - Software,SBIETFQLTY,SBI AMC,2026-08
INE318A01026,Pidilite Industries Ltd.,12827.0,216.48,2.64,Chemicals & Petrochemicals,SBIETFQLTY,SBI AMC,2026-08
INE455K01017,Polycab India Ltd.,2162.0,204.2,2.49,Industrial Products,SBIETFQLTY,SBI AMC,2026-08
INE881D01027,Oracle Financial Services Software Ltd.,1548.0,194.12,2.37,IT - Software,SBIETFQLTY,SBI AMC,2026-08
INE214T01019,LTM Ltd.,4261.0,193.45,2.36,IT - Software,SBIETFQLTY,SBI AMC,2026-08
INE761H01022,Page Industries Ltd.,512.0,183.3,2.24,Textiles & Apparels,SBIETFQLTY,SBI AMC,2026-08
INE176B01034,Havells India Ltd.,12211.0,151.92,1.85,Consumer Durables,SBIETFQLTY,SBI AMC,2026-08
INE249Z01020,Mazagon Dock Shipbuilders Ltd.,5695.0,141.24,1.72,Industrial Manufacturing,SBIETFQLTY,SBI AMC,2026-08
INE670A01012,Tata Elxsi Ltd.,2953.0,105.68,1.29,IT - Software,SBIETFQLTY,SBI AMC,2026-08
INE04I401011,KPIT Technologies Ltd.,14420.0,84.36,1.03,IT - Software,SBIETFQLTY,SBI AMC,2026-08
INE296A07SV1,Bajaj Finance Ltd.,112500.0,112405.95,5.08,CRISIL AAA,SCBF,SBI AMC,2026-08
INE261F08EV2,National Bank for Agriculture and Rural Development,94000.0,92575.81,4.18,[ICRA]AAA,SCBF,SBI AMC,2026-08
INE01XX07034,Pipeline Infrastructure Pvt Ltd.,83000.0,83576.27,3.78,CRISIL AAA,SCBF,SBI AMC,2026-08
INE494B08051,TVS Motor Company Ltd.,67500.0,67197.8,3.04,CARE AAA,SCBF,SBI AMC,2026-08
INE115A07QP9,LIC Housing Finance Ltd.,57500.0,57559.57,2.6,CRISIL AAA,SCBF,SBI AMC,2026-08
INE1JAR07036,Knowledge Realty Trust,56000.0,55722.97,2.52,CRISIL AAA,SCBF,SBI AMC,2026-08
INE403D08272,Bharti Telecom Ltd.,49000.0,48575.61,2.19,CRISIL AAA,SCBF,SBI AMC,2026-08
INE936D07182,Jamnagar Utilities & Power Pvt. Ltd.,45000.0,45102.24,2.04,CRISIL AAA,SCBF,SBI AMC,2026-08
INE0KXY07034,Vertis Infrastructure Trust,38750.0,38890.9,1.76,CRISIL AAA,SCBF,SBI AMC,2026-08
INE115A07RJ0,LIC Housing Finance Ltd.,39000.0,38740.61,1.75,CRISIL AAA,SCBF,SBI AMC,2026-08
INE507T07153,Summit Digitel Infrastructure Pvt. Ltd.,33000.0,32727.62,1.48,CRISIL AAA,SCBF,SBI AMC,2026-08
INE020B08FZ9,REC Ltd.,32500.0,32284.2,1.46,[ICRA]AAA,SCBF,SBI AMC,2026-08
INE403D08314,Bharti Telecom Ltd.,31500.0,31278.56,1.41,CRISIL AAA,SCBF,SBI AMC,2026-08
INE556F08LG1,Small Industries Development Bank of India,30000.0,29663.1,1.34,CRISIL AAA,SCBF,SBI AMC,2026-08
INE535H07CQ1,SMFG India Credit Company Ltd.,30000.0,29622.33,1.34,CRISIL AAA,SCBF,SBI AMC,2026-08
INE0FDU07018,Brookfield India Real Estate Trust,30000.0,29593.89,1.34,CRISIL AAA,SCBF,SBI AMC,2026-08
INE0CCU07181,Mindspace Business Parks Reit,28000.0,27585.85,1.25,[ICRA]AAA,SCBF,SBI AMC,2026-08
INE00V208132,John Deere Financial India Pvt. Ltd.,27500.0,27313.17,1.23,CRISIL AAA,SCBF,SBI AMC,2026-08
INE033L07IN3,Tata Capital Housing Finance Ltd.,27000.0,26771.82,1.21,CRISIL AAA,SCBF,SBI AMC,2026-08
INE219X07462,IndiGrid Infrastructure Trust,2500.0,25052.65,1.13,CRISIL AAA,SCBF,SBI AMC,2026-08
INE282H07075,Jio Credit Ltd.,25000.0,24806.1,1.12,CRISIL AAA,SCBF,SBI AMC,2026-08
INE831R07573,Aditya Birla Housing Finance Ltd.,22500.0,22457.16,1.01,CRISIL AAA,SCBF,SBI AMC,2026-08
INE494B08044,TVS Motor Company Ltd.,22500.0,22409.03,1.01,IND AAA,SCBF,SBI AMC,2026-08
INE507T07104,Summit Digitel Infrastructure Pvt. Ltd.,2160.0,22281.87,1.01,CRISIL AAA,SCBF,SBI AMC,2026-08
INE0NDH07068,Nexus Select Trust,22500.0,21977.51,0.99,CRISIL AAA,SCBF,SBI AMC,2026-08
INE0R8O07036,Sustainable Energy Infra Trust,22500.0,21780.34,0.98,CRISIL AAA,SCBF,SBI AMC,2026-08
INE556F08KT6,Small Industries Development Bank of India,20500.0,20428.25,0.92,CRISIL AAA,SCBF,SBI AMC,2026-08
INE460K08053,RJ Corp Ltd.,20373.0,20064.02,0.91,CRISIL AAA,SCBF,SBI AMC,2026-08
INE0NDH07035,Nexus Select Trust,20000.0,19989.58,0.9,CRISIL AAA,SCBF,SBI AMC,2026-08
INE033L07IT0,Tata Capital Housing Finance Ltd.,17500.0,17594.87,0.79,CRISIL AAA,SCBF,SBI AMC,2026-08
INE790Z07061,Interise Trust,17500.0,16963.5,0.77,[ICRA]AAA,SCBF,SBI AMC,2026-08
INE0CCU07090,Mindspace Business Parks Reit,16000.0,16045.87,0.72,CRISIL AAA,SCBF,SBI AMC,2026-08
INE0CCU07116,Mindspace Business Parks Reit,13000.0,13077.01,0.59,CRISIL AAA,SCBF,SBI AMC,2026-08
INE403D08231,Bharti Telecom Ltd.,12500.0,12560.01,0.57,CRISIL AAA,SCBF,SBI AMC,2026-08
INE756I07FR2,HDB Financial Services Ltd.,12500.0,12437.6,0.56,CRISIL AAA,SCBF,SBI AMC,2026-08
INE00V208140,John Deere Financial India Pvt. Ltd.,12500.0,12261.18,0.55,CRISIL AAA,SCBF,SBI AMC,2026-08
INE752E08726,Power Grid Corporation of India Ltd.,15000.0,12020.18,0.54,CRISIL AAA,SCBF,SBI AMC,2026-08
INE153A08113,Mahanagar Telephone Nigam Ltd.,1200.0,11865.19,0.54,IND AAA(CE),SCBF,SBI AMC,2026-08
INE219X07447,IndiGrid Infrastructure Trust,10000.0,10052.91,0.45,CRISIL AAA,SCBF,SBI AMC,2026-08
INE752E08742,Power Grid Corporation of India Ltd.,12500.0,9994.01,0.45,CRISIL AAA,SCBF,SBI AMC,2026-08
INE535H07CU3,SMFG India Credit Company Ltd.,10000.0,9973.14,0.45,CRISIL AAA,SCBF,SBI AMC,2026-08
INE0CCU07199,Mindspace Business Parks Reit,10000.0,9878.02,0.45,[ICRA]AAA,SCBF,SBI AMC,2026-08
INE219X07538,IndiGrid Infrastructure Trust,10000.0,9838.03,0.44,CRISIL AAA,SCBF,SBI AMC,2026-08
INE377Y07656,Bajaj Housing Finance Ltd.,9500.0,9555.61,0.43,CRISIL AAA,SCBF,SBI AMC,2026-08
INE115A07QC7,LIC Housing Finance Ltd.,850.0,8505.46,0.38,CRISIL AAA,SCBF,SBI AMC,2026-08
INE219X07439,IndiGrid Infrastructure Trust,7500.0,7539.81,0.34,CRISIL AAA,SCBF,SBI AMC,2026-08
INE0CCU07165,Mindspace Business Parks Reit,7500.0,7457.19,0.34,CRISIL AAA,SCBF,SBI AMC,2026-08
INE403D08306,Bharti Telecom Ltd.,7500.0,7422.17,0.34,CRISIL AAA,SCBF,SBI AMC,2026-08
INE403D08280,Bharti Telecom Ltd.,7500.0,7375.56,0.33,CRISIL AAA,SCBF,SBI AMC,2026-08
INE377Y07631,Bajaj Housing Finance Ltd.,5000.0,4962.72,0.22,CRISIL AAA,SCBF,SBI AMC,2026-08
INE692Q07613,Toyota Financial Services India Ltd.,5000.0,4906.36,0.22,[ICRA]AAA,SCBF,SBI AMC,2026-08
INE667F07JA5,Sundaram Home Finance Ltd.,4500.0,4487.22,0.2,[ICRA]AAA,SCBF,SBI AMC,2026-08
INE103D08021,Bharat Sanchar Nigam Ltd.,455.0,4388.2,0.2,CRISIL AAA(CE),SCBF,SBI AMC,2026-08
INE752E08759,Power Grid Corporation of India Ltd.,5000.0,3975.36,0.18,CRISIL AAA,SCBF,SBI AMC,2026-08
INE0H7R07066,National Highways Infra Trust,55000.0,31129.84,1.41,IND AAA,SCBF,SBI AMC,2026-08
INE2I7F15012,Siddhivinayak Securitisation Trust (Obligor - Digital Fibre Infrastructure Trust),645.0,63014.95,2.85,CRISIL AAA(SO),SCBF,SBI AMC,2026-08
INE1CBK15037,India Universal Trust AL2 (Obligor - HDFC Bank Ltd.),626.0,57294.81,2.59,CRISIL AAA(SO),SCBF,SBI AMC,2026-08
INE2I7G15010,Shivshakti Securitisation Trust (Obligor - Digital Fibre Infrastructure Trust),585.0,56847.32,2.57,CRISIL AAA(SO),SCBF,SBI AMC,2026-08
INE2I7H15018,Radhakrishna Securitisation Trust (Obligor - Digital Fibre Infrastructure Trust),430.0,41722.99,1.89,CRISIL AAA(SO),SCBF,SBI AMC,2026-08
IN0020260025,6.94% CGL 2036,112000000.0,111903.9,5.06,Sovereign,SCBF,SBI AMC,2026-08
IN0020250117,7.43% CGL 2076,9500000.0,9254.2,0.42,Sovereign,SCBF,SBI AMC,2026-08
IN3120260051,7.74% State Government of Tamil Nadu 2036,86206300.0,86792.07,3.92,Sovereign,SCBF,SBI AMC,2026-08
IN1520260051,7.63% State Government of Gujarat 2037,34408500.0,34391.19,1.55,Sovereign,SCBF,SBI AMC,2026-08
IN1520220329,7.73% State Government of Gujarat 2036,11000000.0,11081.95,0.5,Sovereign,SCBF,SBI AMC,2026-08
IN1520250177,6.84% State Government of Gujarat 2031,4500000.0,4434.62,0.2,Sovereign,SCBF,SBI AMC,2026-08
IN3720220042,7.63% State Government of Jharkhand 2030,300.0,0.3,,Sovereign,SCBF,SBI AMC,2026-08
INE556F16CE8,Small Industries Development Bank of India,14500.0,68613.78,3.1,CRISIL A1+,SCBF,SBI AMC,2026-08
INE562A16RC9,Indian Bank,4000.0,20000.0,0.9,CRISIL A1+,SCBF,SBI AMC,2026-08
INE028A16MO7,Bank of Baroda,4000.0,19990.38,0.9,IND A1+,SCBF,SBI AMC,2026-08
INE028A16LS0,Bank of Baroda,4000.0,19328.02,0.87,IND A1+,SCBF,SBI AMC,2026-08
INE028A16MQ2,Bank of Baroda,3000.0,14747.01,0.67,IND A1+,SCBF,SBI AMC,2026-08
INE692A16LS3,Union Bank of India,2600.0,12544.47,0.57,[ICRA]A1+,SCBF,SBI AMC,2026-08
INE028A16LG5,Bank of Baroda,2100.0,10209.03,0.46,IND A1+,SCBF,SBI AMC,2026-08
INE562A16QN8,Indian Bank,2000.0,9816.73,0.44,CRISIL A1+,SCBF,SBI AMC,2026-08
INE160A16TZ9,Punjab National Bank,2000.0,9816.45,0.44,CRISIL A1+,SCBF,SBI AMC,2026-08
INE556F16CC2,Small Industries Development Bank of India,500.0,2418.62,0.11,CRISIL A1+,SCBF,SBI AMC,2026-08
INF0RQ622028,Corporate Debt Market Development Fund-A2,62093.424,7432.97,0.34,CDMDF,SCBF,SBI AMC,2026-08
INE044A01036,Sun Pharmaceutical Industries Ltd.,88832.0,1763.14,8.48,Pharmaceuticals & Biotechnology,SEMVF,SBI AMC,2026-08
INE239A01024,Nestle India Ltd.,114926.0,1719.87,8.27,Food Products,SEMVF,SBI AMC,2026-08
INE437A01024,Apollo Hospitals Enterprise Ltd.,19113.0,1700.77,8.18,Healthcare Services,SEMVF,SBI AMC,2026-08
INE030A01027,Hindustan Unilever Ltd.,60313.0,1186.6,5.71,Diversified FMCG,SEMVF,SBI AMC,2026-08
INE192A01025,Tata Consumer Products Ltd.,98315.0,1020.02,4.91,Agricultural Food & other Products,SEMVF,SBI AMC,2026-08
INE154A01025,ITC Ltd.,398851.0,1019.06,4.9,Diversified FMCG,SEMVF,SBI AMC,2026-08
INE059A01026,Cipla Ltd.,69985.0,986.23,4.74,Pharmaceuticals & Biotechnology,SEMVF,SBI AMC,2026-08
INE669C01036,Tech Mahindra Ltd.,58712.0,955.83,4.6,IT - Software,SEMVF,SBI AMC,2026-08
INE522F01014,Coal India Ltd.,225006.0,903.96,4.35,Consumable Fuels,SEMVF,SBI AMC,2026-08
INE089A01031,Dr. Reddy's Laboratories Ltd.,56231.0,649.13,3.12,Pharmaceuticals & Biotechnology,SEMVF,SBI AMC,2026-08
INE397D01024,Bharti Airtel Ltd.,21738.0,393.87,1.89,Telecom - Services,SEMVF,SBI AMC,2026-08
INE021A01026,Asian Paints Ltd.,11345.0,301.05,1.45,Consumer Durables,SEMVF,SBI AMC,2026-08
INE917I01010,Bajaj Auto Ltd.,2108.0,255.7,1.23,Automobiles,SEMVF,SBI AMC,2026-08
INE860A01027,HCL Technologies Ltd.,19271.0,252.87,1.22,IT - Software,SEMVF,SBI AMC,2026-08
INE758T01015,Eternal Ltd.,74278.0,243.71,1.17,Retailing,SEMVF,SBI AMC,2026-08
INE467B01029,Tata Consultancy Services Ltd.,10046.0,241.03,1.16,IT - Software,SEMVF,SBI AMC,2026-08
INE280A01028,Titan Company Ltd.,4636.0,236.55,1.14,Consumer Durables,SEMVF,SBI AMC,2026-08
INE066A01021,Eicher Motors Ltd.,2866.0,227.95,1.1,Automobiles,SEMVF,SBI AMC,2026-08
INE009A01021,Infosys Ltd.,19959.0,226.3,1.09,IT - Software,SEMVF,SBI AMC,2026-08
INE918I01026,Bajaj Finserv Ltd.,11196.0,226.27,1.09,Finance,SEMVF,SBI AMC,2026-08
INE038A01020,Hindalco Industries Ltd.,21888.0,222.26,1.07,Non - Ferrous Metals,SEMVF,SBI AMC,2026-08
INE019A01038,JSW Steel Ltd.,16976.0,222.0,1.07,Ferrous Metals,SEMVF,SBI AMC,2026-08
INE047A01021,Grasim Industries Ltd.,6555.0,220.97,1.06,Cement & Cement Products,SEMVF,SBI AMC,2026-08
INE075A01022,Wipro Ltd.,119400.0,220.29,1.06,IT - Software,SEMVF,SBI AMC,2026-08
INE237A01036,Kotak Mahindra Bank Ltd.,52030.0,218.21,1.05,Banks,SEMVF,SBI AMC,2026-08
INE721A01047,Shriram Finance Ltd.,19477.0,216.18,1.04,Finance,SEMVF,SBI AMC,2026-08
INE090A01021,ICICI Bank Ltd.,14840.0,215.77,1.04,Banks,SEMVF,SBI AMC,2026-08
INE296A01032,Bajaj Finance Ltd.,20400.0,215.63,1.04,Finance,SEMVF,SBI AMC,2026-08
INE101A01026,Mahindra & Mahindra Ltd.,6543.0,214.74,1.03,Automobiles,SEMVF,SBI AMC,2026-08
INE062A01020,State Bank of India,19756.0,209.41,1.01,Banks,SEMVF,SBI AMC,2026-08
INE758E01017,Jio Financial Services Ltd.,86663.0,209.16,1.01,Finance,SEMVF,SBI AMC,2026-08
INE263A01024,Bharat Electronics Ltd.,50056.0,207.46,1.0,Aerospace & Defense,SEMVF,SBI AMC,2026-08
INE018A01030,Larsen & Toubro Ltd.,5118.0,207.02,1.0,Construction,SEMVF,SBI AMC,2026-08
INE481G01011,Ultratech Cement Ltd.,1801.0,206.21,0.99,Cement & Cement Products,SEMVF,SBI AMC,2026-08
INE213A01029,Oil & Natural Gas Corporation Ltd.,88047.0,204.09,0.98,Oil,SEMVF,SBI AMC,2026-08
INE081A01020,Tata Steel Ltd.,110703.0,204.08,0.98,Ferrous Metals,SEMVF,SBI AMC,2026-08
INE002A01018,Reliance Industries Ltd.,15938.0,203.53,0.98,Petroleum Products,SEMVF,SBI AMC,2026-08
INE123W01016,SBI Life Insurance Co. Ltd.,11643.0,202.65,0.97,Insurance,SEMVF,SBI AMC,2026-08
INE646L01027,Interglobe Aviation Ltd.,3816.0,199.73,0.96,Transport Services,SEMVF,SBI AMC,2026-08
INE238A01034,Axis Bank Ltd.,15247.0,198.21,0.95,Banks,SEMVF,SBI AMC,2026-08
INE795G01014,HDFC Life Insurance Company Ltd.,36362.0,197.57,0.95,Insurance,SEMVF,SBI AMC,2026-08
INE585B01010,Maruti Suzuki India Ltd.,1448.0,196.16,0.94,Automobiles,SEMVF,SBI AMC,2026-08
INE027H01010,Max Healthcare Institute Ltd.,18428.0,192.04,0.92,Healthcare Services,SEMVF,SBI AMC,2026-08
INE752E01010,Power Grid Corporation of India Ltd.,72088.0,189.99,0.91,Power,SEMVF,SBI AMC,2026-08
INE733E01010,NTPC Ltd.,57992.0,189.87,0.91,Power,SEMVF,SBI AMC,2026-08
INE423A01024,Adani Enterprises Ltd.,6538.0,186.93,0.9,Metals & Minerals Trading,SEMVF,SBI AMC,2026-08
INE155A01022,Tata Motors Passenger Vehicles Ltd.,60054.0,185.48,0.89,Automobiles,SEMVF,SBI AMC,2026-08
INE040A01034,HDFC Bank Ltd.,26103.0,185.07,0.89,Banks,SEMVF,SBI AMC,2026-08
INE849A01020,Trent Ltd.,6262.0,180.34,0.87,Retailing,SEMVF,SBI AMC,2026-08
INE742F01042,Adani Ports and Special Economic Zone Ltd.,11032.0,175.75,0.85,Transport Infrastructure,SEMVF,SBI AMC,2026-08
IN0020150069,7.59% CGL 2029,325000.0,334.15,6.39,Sovereign,SFMP- Series 1,SBI AMC,2026-08
IN1520180317,8.35% State Government of Gujarat 2029,500000.0,515.65,9.86,Sovereign,SFMP- Series 1,SBI AMC,2026-08
IN1320180079,8.39% State Government of Bihar 2029,500000.0,515.3,9.85,Sovereign,SFMP- Series 1,SBI AMC,2026-08
IN3320180182,8.39% State Government of Uttar Pradesh 2029,500000.0,515.25,9.85,Sovereign,SFMP- Series 1,SBI AMC,2026-08
IN1520180325,8.30% State Government of Gujarat 2029,500000.0,515.18,9.85,Sovereign,SFMP- Series 1,SBI AMC,2026-08
IN1920180222,8.06% State Government of Karnataka 2029,500000.0,512.59,9.8,Sovereign,SFMP- Series 1,SBI AMC,2026-08
IN1520180341,8.05% State Government of Gujarat 2029,400000.0,409.98,7.84,Sovereign,SFMP- Series 1,SBI AMC,2026-08
IN001228C070,GOI 16.12.2028 GOV,600000.0,517.36,9.89,Sovereign,SFMP- Series 1,SBI AMC,2026-08
IN001128C023,GOI 06.11.2028 GOV,328800.0,285.56,5.46,Sovereign,SFMP- Series 1,SBI AMC,2026-08
IN000329C044,GOI 19.03.2029 GOV,310000.0,262.8,5.02,Sovereign,SFMP- Series 1,SBI AMC,2026-08
IN000628C049,GOI 12.06.2028 GOV,278000.0,248.49,4.75,Sovereign,SFMP- Series 1,SBI AMC,2026-08
IN000229C020,GOI 22.02.2029 GOV,250000.0,212.97,4.07,Sovereign,SFMP- Series 1,SBI AMC,2026-08
IN001228C047,GOI 12.12.2028 GOV,125000.0,107.86,2.06,Sovereign,SFMP- Series 1,SBI AMC,2026-08
IN000329C051,GOI 12.03.2029 GOV,110400.0,93.71,1.79,Sovereign,SFMP- Series 1,SBI AMC,2026-08
IN0020220011,7.10% CGL 2029,129500.0,131.87,3.49,Sovereign,SFMP- Series 6,SBI AMC,2026-08
IN0020150069,7.59% CGL 2029,100000.0,102.82,2.72,Sovereign,SFMP- Series 6,SBI AMC,2026-08
IN1320180079,8.39% State Government of Bihar 2029,1000000.0,1030.61,27.27,Sovereign,SFMP- Series 6,SBI AMC,2026-08
IN3320180182,8.39% State Government of Uttar Pradesh 2029,500000.0,515.25,13.63,Sovereign,SFMP- Series 6,SBI AMC,2026-08
IN2920190021,8.15% State Government of Rajasthan 2029,500000.0,512.89,13.57,Sovereign,SFMP- Series 6,SBI AMC,2026-08
IN1920180214,8.16% State Government of Karnataka 2029,94400.0,96.98,2.57,Sovereign,SFMP- Series 6,SBI AMC,2026-08
IN000229C020,GOI 22.02.2029 GOV,250000.0,212.97,5.64,Sovereign,SFMP- Series 6,SBI AMC,2026-08
IN000529C023,GOI 06.05.2029 GOV,250000.0,210.15,5.56,Sovereign,SFMP- Series 6,SBI AMC,2026-08
IN000628C049,GOI 12.06.2028 GOV,197000.0,176.09,4.66,Sovereign,SFMP- Series 6,SBI AMC,2026-08
IN001228C070,GOI 16.12.2028 GOV,200000.0,172.45,4.56,Sovereign,SFMP- Series 6,SBI AMC,2026-08
IN001228C039,GOI 17.12.2028 GOV,200000.0,172.42,4.56,Sovereign,SFMP- Series 6,SBI AMC,2026-08
IN001228C096,GOI 19.12.2028 GOV,185000.0,159.43,4.22,Sovereign,SFMP- Series 6,SBI AMC,2026-08
IN001228C047,GOI 12.12.2028 GOV,175000.0,151.0,4.0,Sovereign,SFMP- Series 6,SBI AMC,2026-08
IN0020230036,7.17% CGL 2030,100000.0,102.09,3.41,Sovereign,SFMP- Series 34,SBI AMC,2026-08
IN0020150069,7.59% CGL 2029,75000.0,77.11,2.58,Sovereign,SFMP- Series 34,SBI AMC,2026-08
IN2920190443,6.84% State Government of Rajasthan 2030,1950000.0,1931.07,64.55,Sovereign,SFMP- Series 34,SBI AMC,2026-08
IN000929C041,GOI 19.09.2029 GOV,315000.0,257.99,8.62,Sovereign,SFMP- Series 34,SBI AMC,2026-08
IN000628C049,GOI 12.06.2028 GOV,200000.0,178.77,5.98,Sovereign,SFMP- Series 34,SBI AMC,2026-08
IN000430C032,GOI 22.04.2030 GOV,150000.0,117.84,3.94,Sovereign,SFMP- Series 34,SBI AMC,2026-08
IN000529C023,GOI 06.05.2029 GOV,125000.0,105.07,3.51,Sovereign,SFMP- Series 34,SBI AMC,2026-08
IN001229C052,GOI 15.12.2029 GOV,125000.0,100.64,3.36,Sovereign,SFMP- Series 34,SBI AMC,2026-08
INE062A01020,State Bank of India,3600000.0,38160.0,4.91,Banks,SMCBF-IP,SBI AMC,2026-08
INE085J01014,Thangamayil Jewellery Ltd.,700000.0,37884.0,4.88,Consumer Durables,SMCBF-IP,SBI AMC,2026-08
INE473B01035,Hatsun Agro Product Ltd.,2770000.0,32975.47,4.25,Food Products,SMCBF-IP,SBI AMC,2026-08
INE237A01036,Kotak Mahindra Bank Ltd.,7000000.0,29358.0,3.78,Banks,SMCBF-IP,SBI AMC,2026-08
INE0J1Y01017,Life Insurance Corporation of India,7000000.0,29260.0,3.77,Insurance,SMCBF-IP,SBI AMC,2026-08
INE423A01024,Adani Enterprises Ltd.,1000000.0,28591.0,3.68,Metals & Minerals Trading,SMCBF-IP,SBI AMC,2026-08
INE126A01031,E.I.D-Parry (India) Ltd.,3383000.0,27043.7,3.48,Food Products,SMCBF-IP,SBI AMC,2026-08
INE073K01018,Sona Blw Precision Forgings Ltd.,3300000.0,26830.65,3.46,Auto Components,SMCBF-IP,SBI AMC,2026-08
INE797F01020,Jubilant Foodworks Ltd.,5000000.0,24800.0,3.19,Leisure Services,SMCBF-IP,SBI AMC,2026-08
INE947N01017,Aequs Ltd.,10000000.0,24434.0,3.15,Aerospace & Defense,SMCBF-IP,SBI AMC,2026-08
INE414G01012,Muthoot Finance Ltd.,770000.0,22931.37,2.95,Finance,SMCBF-IP,SBI AMC,2026-08
INE296A01032,Bajaj Finance Ltd.,2100000.0,22197.0,2.86,Finance,SMCBF-IP,SBI AMC,2026-08
INE090A01021,ICICI Bank Ltd.,1500000.0,21810.0,2.81,Banks,SMCBF-IP,SBI AMC,2026-08
INE321T01012,Doms Industries Ltd.,932800.0,20824.76,2.68,Household Products,SMCBF-IP,SBI AMC,2026-08
INE959A01019,Privi Speciality Chemicals Ltd.,574140.0,19946.2,2.57,Chemicals & Petrochemicals,SMCBF-IP,SBI AMC,2026-08
INE121R01077,Amagi Media Labs Ltd.,3499970.0,19862.33,2.56,IT - Services,SMCBF-IP,SBI AMC,2026-08
INE424H01027,Sun TV Network Ltd.,4000000.0,18646.0,2.4,Entertainment,SMCBF-IP,SBI AMC,2026-08
INE921L01032,Powerica Ltd.,3131088.0,16250.35,2.09,Electrical Equipment,SMCBF-IP,SBI AMC,2026-08
INE782A01015,Bosch Home Comfort India Ltd.,900498.0,15600.23,2.01,Consumer Durables,SMCBF-IP,SBI AMC,2026-08
INE227J01012,Kalpataru Ltd.,5583650.0,15500.21,2.0,Realty,SMCBF-IP,SBI AMC,2026-08
INE930H01031,K.P.R. Mill Ltd.,1300000.0,15308.8,1.97,Textiles & Apparels,SMCBF-IP,SBI AMC,2026-08
INE439A01020,Asahi India Glass Ltd.,1538843.0,14650.55,1.89,Auto Components,SMCBF-IP,SBI AMC,2026-08
INE671A01010,Honeywell Automation India Ltd.,40000.0,14212.0,1.83,Industrial Manufacturing,SMCBF-IP,SBI AMC,2026-08
INE331A01037,The Ramco Cements Ltd.,1565262.0,13767.26,1.77,Cement & Cement Products,SMCBF-IP,SBI AMC,2026-08
INE0JPD01013,Sanathan Textiles Ltd.,2855012.0,12911.79,1.66,Textiles & Apparels,SMCBF-IP,SBI AMC,2026-08
INE274Y01021,Ajax Engineering Ltd.,2225742.0,12786.89,1.65,"Agricultural, Commercial & Construction Vehicles",SMCBF-IP,SBI AMC,2026-08
INE0HV901016,Le Travenues Technology Ltd.,7000000.0,11411.4,1.47,Leisure Services,SMCBF-IP,SBI AMC,2026-08
INE048G01026,Navin Fluorine International Ltd.,118061.0,10242.38,1.32,Chemicals & Petrochemicals,SMCBF-IP,SBI AMC,2026-08
INE021O01019,Dodla Dairy Ltd.,900000.0,9725.4,1.25,Food Products,SMCBF-IP,SBI AMC,2026-08
INE131B01039,Relaxo Footwears Ltd.,1466450.0,5247.69,0.68,Consumer Durables,SMCBF-IP,SBI AMC,2026-08
INE03NU01014,Brigade Hotel Ventures Ltd.,5379967.0,3161.81,0.41,Leisure Services,SMCBF-IP,SBI AMC,2026-08
INE979B01015,Hawkins Cookers Ltd.,35000.0,2840.78,0.37,Consumer Durables,SMCBF-IP,SBI AMC,2026-08
INE428V01029,Nephrocare Health Service Pvt. Ltd.,392334.0,2679.45,0.35,Healthcare Services,SMCBF-IP,SBI AMC,2026-08
INE551D01018,Pakka Ltd.,2632620.0,2005.79,0.26,"Paper, Forest & Jute Products",SMCBF-IP,SBI AMC,2026-08
INE020B08EW9,REC Ltd.,2000.0,2003.97,0.26,CRISIL AAA,SMCBF-IP,SBI AMC,2026-08
IN002025Z344,364 DAY T-BILL 19.11.26,1000000.0,988.74,0.13,Sovereign,SMCBF-IP,SBI AMC,2026-08
INE261F08EI9,National Bank for Agriculture and Rural Development,5000.0,5005.97,7.27,[ICRA]AAA,SFRDF,SBI AMC,2026-08
INE403D08272,Bharti Telecom Ltd.,4000.0,3965.36,5.76,CRISIL AAA,SFRDF,SBI AMC,2026-08
INE976I07DC3,TATA Capital Ltd.,3000.0,3009.74,4.37,[ICRA]AAA,SFRDF,SBI AMC,2026-08
INE831R07607,Aditya Birla Housing Finance Ltd.,3000.0,2980.26,4.33,CRISIL AAA,SFRDF,SBI AMC,2026-08
IN0020260025,6.94% CGL 2036,3500000.0,3497.0,5.08,Sovereign,SFRDF,SBI AMC,2026-08
IN0020250067,6.01% CGL 2030,1000000.0,984.09,1.43,Sovereign,SFRDF,SBI AMC,2026-08
IN0020240076,7.02% CGL 2031,500000.0,508.99,0.74,Sovereign,SFRDF,SBI AMC,2026-08
IN1520250177,6.84% State Government of Gujarat 2031,8000000.0,7883.77,11.45,Sovereign,SFRDF,SBI AMC,2026-08
IN1520220188,7.57% State Government of Gujarat 2031,5000000.0,5083.12,7.38,Sovereign,SFRDF,SBI AMC,2026-08
IN3120210163,7.00% State Government of Tamil Nadu 2031,4500000.0,4466.51,6.49,Sovereign,SFRDF,SBI AMC,2026-08
IN1520210106,6.84% State Government of Gujarat 2031,2500000.0,2465.68,3.58,Sovereign,SFRDF,SBI AMC,2026-08
INE660A14YZ3,Sundaram Finance Ltd.,1000.0,4855.8,7.05,CRISIL A1+,SFRDF,SBI AMC,2026-08
INE238AD6CA3,Axis Bank Ltd.,1000.0,4907.23,7.13,CRISIL A1+,SFRDF,SBI AMC,2026-08
INE160A16UV6,Punjab National Bank,1000.0,4828.56,7.01,CRISIL A1+,SFRDF,SBI AMC,2026-08
INE028A16LG5,Bank of Baroda,900.0,4375.3,6.36,IND A1+,SFRDF,SBI AMC,2026-08
INE476A16G44,Canara Bank,800.0,3889.4,5.65,CRISIL A1+,SFRDF,SBI AMC,2026-08
INE556F16CC2,Small Industries Development Bank of India,500.0,2418.62,3.51,CRISIL A1+,SFRDF,SBI AMC,2026-08
INF0RQ622028,Corporate Debt Market Development Fund-A2,4940.353,591.39,0.86,CDMDF,SFRDF,SBI AMC,2026-08
INE009A01021,Infosys Ltd.,212166.0,2405.54,28.86,IT - Software,SBIETFIT,SBI AMC,2026-08
INE467B01029,Tata Consultancy Services Ltd.,70357.0,1688.08,20.26,IT - Software,SBIETFIT,SBI AMC,2026-08
INE860A01027,HCL Technologies Ltd.,72652.0,953.34,11.44,IT - Software,SBIETFIT,SBI AMC,2026-08
INE669C01036,Tech Mahindra Ltd.,53865.0,876.92,10.52,IT - Software,SBIETFIT,SBI AMC,2026-08
INE591G01025,Coforge Ltd.,29518.0,586.02,7.03,IT - Software,SBIETFIT,SBI AMC,2026-08
INE262H01021,Persistent Systems Ltd.,9217.0,515.65,6.19,IT - Software,SBIETFIT,SBI AMC,2026-08
INE075A01022,Wipro Ltd.,229695.0,423.79,5.09,IT - Software,SBIETFIT,SBI AMC,2026-08
INE214T01019,LTM Ltd.,7877.0,357.62,4.29,IT - Software,SBIETFIT,SBI AMC,2026-08
INE356A01018,Mphasis Ltd.,11227.0,272.52,3.27,IT - Software,SBIETFIT,SBI AMC,2026-08
INE881D01027,Oracle Financial Services Software Ltd.,2023.0,253.68,3.04,IT - Software,SBIETFIT,SBI AMC,2026-08
INE090A01021,ICICI Bank Ltd.,1537394.0,22353.71,22.08,Banks,SBIETFPB,SBI AMC,2026-08
INE237A01036,Kotak Mahindra Bank Ltd.,5007505.0,21001.48,20.75,Banks,SBIETFPB,SBI AMC,2026-08
INE238A01034,Axis Bank Ltd.,1479008.0,19227.1,18.99,Banks,SBIETFPB,SBI AMC,2026-08
INE040A01034,HDFC Bank Ltd.,2662335.0,18875.96,18.65,Banks,SBIETFPB,SBI AMC,2026-08
INE171A01029,The Federal Bank Ltd.,1676329.0,5979.47,5.91,Banks,SBIETFPB,SBI AMC,2026-08
INE095A01012,IndusInd Bank Ltd.,447967.0,4554.03,4.5,Banks,SBIETFPB,SBI AMC,2026-08
INE092T01019,IDFC First Bank Ltd.,4512552.0,3879.44,3.83,Banks,SBIETFPB,SBI AMC,2026-08
INE528G01035,Yes Bank Ltd.,11946502.0,2727.39,2.69,Banks,SBIETFPB,SBI AMC,2026-08
INE976G01028,RBL Bank Ltd.,420348.0,1598.79,1.58,Banks,SBIETFPB,SBI AMC,2026-08
INE545U01014,Bandhan Bank Ltd.,620499.0,1014.52,1.0,Banks,SBIETFPB,SBI AMC,2026-08
INE090A01021,ICICI Bank Ltd.,1306300.0,18993.6,5.86,Banks,SRBF-AP,SBI AMC,2026-08
INE040A01034,HDFC Bank Ltd.,2651760.0,18800.98,5.8,Banks,SRBF-AP,SBI AMC,2026-08
INE018A01030,Larsen & Toubro Ltd.,314899.0,12737.35,3.93,Construction,SRBF-AP,SBI AMC,2026-08
INE062A01020,State Bank of India,1152820.0,12219.89,3.77,Banks,SRBF-AP,SBI AMC,2026-08
INE585B01010,Maruti Suzuki India Ltd.,75600.0,10241.53,3.16,Automobiles,SRBF-AP,SBI AMC,2026-08
INE238A01034,Axis Bank Ltd.,665000.0,8645.0,2.67,Banks,SRBF-AP,SBI AMC,2026-08
INE481G01011,Ultratech Cement Ltd.,72300.0,8278.35,2.55,Cement & Cement Products,SRBF-AP,SBI AMC,2026-08
INE237A01036,Kotak Mahindra Bank Ltd.,1960000.0,8220.24,2.54,Banks,SRBF-AP,SBI AMC,2026-08
INE0CAZ01013,Urban Company Ltd.,4646117.0,7764.13,2.4,Retailing,SRBF-AP,SBI AMC,2026-08
INE296A01032,Bajaj Finance Ltd.,715000.0,7557.55,2.33,Finance,SRBF-AP,SBI AMC,2026-08
INE494B01023,TVS Motor Company Ltd.,157000.0,6815.84,2.1,Automobiles,SRBF-AP,SBI AMC,2026-08
INE880J01026,JSW Infrastructure Ltd.,1999000.0,6796.6,2.1,Transport Infrastructure,SRBF-AP,SBI AMC,2026-08
INE956O01016,Lenskart Solutions Ltd.,1010156.0,6691.27,2.06,Retailing,SRBF-AP,SBI AMC,2026-08
INE0CZ201020,Anthem Biosciences Ltd.,742116.0,6627.47,2.04,Pharmaceuticals & Biotechnology,SRBF-AP,SBI AMC,2026-08
INE361B01024,Divi's Laboratories Ltd.,69000.0,6532.23,2.02,Pharmaceuticals & Biotechnology,SRBF-AP,SBI AMC,2026-08
INE0V6F01027,Hyundai Motor India Ltd.,290000.0,6394.5,1.97,Automobiles,SRBF-AP,SBI AMC,2026-08
INE736A01011,Central Depository Services (I) Ltd.,455000.0,6381.38,1.97,Capital Markets,SRBF-AP,SBI AMC,2026-08
INE048G01026,Navin Fluorine International Ltd.,73000.0,6333.12,1.95,Chemicals & Petrochemicals,SRBF-AP,SBI AMC,2026-08
INE325A01013,Timken India Ltd.,191000.0,6015.74,1.86,Industrial Products,SRBF-AP,SBI AMC,2026-08
INE718I01012,JSW Cement Ltd.,4720209.0,5948.41,1.83,Cement & Cement Products,SRBF-AP,SBI AMC,2026-08
INE513A01022,Schaeffler India Ltd.,148000.0,5941.9,1.83,Auto Components,SRBF-AP,SBI AMC,2026-08
INE388Y01029,FSN E-Commerce Ventures Ltd.,1522008.0,5320.18,1.64,Retailing,SRBF-AP,SBI AMC,2026-08
INE0QPI01025,Sudeep Pharma Ltd.,437521.0,5292.69,1.63,Chemicals & Petrochemicals,SRBF-AP,SBI AMC,2026-08
INE073K01018,Sona Blw Precision Forgings Ltd.,647659.0,5265.79,1.62,Auto Components,SRBF-AP,SBI AMC,2026-08
INE117A01022,ABB India Ltd.,66940.0,5113.21,1.58,Electrical Equipment,SRBF-AP,SBI AMC,2026-08
INE918I01026,Bajaj Finserv Ltd.,250000.0,5052.5,1.56,Finance,SRBF-AP,SBI AMC,2026-08
INE021A01026,Asian Paints Ltd.,190000.0,5041.84,1.56,Consumer Durables,SRBF-AP,SBI AMC,2026-08
INE669C01036,Tech Mahindra Ltd.,295000.0,4802.6,1.48,IT - Software,SRBF-AP,SBI AMC,2026-08
INE797F01020,Jubilant Foodworks Ltd.,950000.0,4712.0,1.45,Leisure Services,SRBF-AP,SBI AMC,2026-08
INE342J01019,ZF Commercial Vehicle Control Systems India Ltd.,184680.0,4680.9,1.44,Auto Components,SRBF-AP,SBI AMC,2026-08
INE591G01025,Coforge Ltd.,235000.0,4665.46,1.44,IT - Software,SRBF-AP,SBI AMC,2026-08
INE536A01023,Grindwell Norton Ltd.,227615.0,4604.65,1.42,Industrial Products,SRBF-AP,SBI AMC,2026-08
INE318A01026,Pidilite Industries Ltd.,270000.0,4556.79,1.41,Chemicals & Petrochemicals,SRBF-AP,SBI AMC,2026-08
INE053A01029,The Indian Hotels Company Ltd.,600000.0,4427.4,1.37,Leisure Services,SRBF-AP,SBI AMC,2026-08
INE119A01028,Balrampur Chini Mills Ltd.,625000.0,4334.38,1.34,Agricultural Food & other Products,SRBF-AP,SBI AMC,2026-08
INE152A01029,Thermax Ltd.,106000.0,4135.7,1.28,Electrical Equipment,SRBF-AP,SBI AMC,2026-08
INE484J01027,Godrej Properties Ltd.,205000.0,4130.14,1.27,Realty,SRBF-AP,SBI AMC,2026-08
INE271C01023,DLF Ltd.,585000.0,4042.64,1.25,Realty,SRBF-AP,SBI AMC,2026-08
INE093I01010,Oberoi Realty Ltd.,197808.0,3695.05,1.14,Realty,SRBF-AP,SBI AMC,2026-08
INE671A01010,Honeywell Automation India Ltd.,10300.0,3659.59,1.13,Industrial Manufacturing,SRBF-AP,SBI AMC,2026-08
INE646L01027,Interglobe Aviation Ltd.,68000.0,3559.12,1.1,Transport Services,SRBF-AP,SBI AMC,2026-08
INE463A01038,Berger Paints India Ltd.,680000.0,3384.7,1.04,Consumer Durables,SRBF-AP,SBI AMC,2026-08
INE376G01013,Biocon Ltd.,805000.0,3316.6,1.02,Pharmaceuticals & Biotechnology,SRBF-AP,SBI AMC,2026-08
INE214T01019,LTM Ltd.,73000.0,3314.2,1.02,IT - Software,SRBF-AP,SBI AMC,2026-08
INE756I01012,HDB Financial Services Ltd.,469332.0,3202.49,0.99,Finance,SRBF-AP,SBI AMC,2026-08
INE226A01021,Voltas Ltd.,265000.0,3165.16,0.98,Consumer Durables,SRBF-AP,SBI AMC,2026-08
INE813H01021,Torrent Power Ltd.,250000.0,3037.75,0.94,Power,SRBF-AP,SBI AMC,2026-08
INE726G01019,ICICI Prudential Life Insurance Company Ltd.,555000.0,2869.63,0.89,Insurance,SRBF-AP,SBI AMC,2026-08
INE761H01022,Page Industries Ltd.,7880.0,2821.04,0.87,Textiles & Apparels,SRBF-AP,SBI AMC,2026-08
INE450D01021,Pitti Engineering Ltd.,250889.0,2775.71,0.86,Industrial Manufacturing,SRBF-AP,SBI AMC,2026-08
INE120A01034,Carborundum Universal Ltd.,210000.0,2323.86,0.72,Industrial Products,SRBF-AP,SBI AMC,2026-08
INE284A01012,ESAB India Ltd.,36567.0,2237.72,0.69,Industrial Products,SRBF-AP,SBI AMC,2026-08
INE03NU01014,Brigade Hotel Ventures Ltd.,3667438.0,2155.35,0.66,Leisure Services,SRBF-AP,SBI AMC,2026-08
INE217B01036,Kajaria Ceramics Ltd.,129588.0,1613.11,0.5,Consumer Durables,SRBF-AP,SBI AMC,2026-08
INE031A08681,Housing and Urban Development Corporation Ltd.,50.0,514.28,0.16,[ICRA]AAA,SRBF-AP,SBI AMC,2026-08
INE494B04019,TVS Motor Company Ltd.,628000.0,66.57,0.02,CARE A1+,SRBF-AP,SBI AMC,2026-08
IN0020180041,6.64% CGL 2031,100000.0,103.1,0.03,Sovereign,SRBF-AP,SBI AMC,2026-08
INE090A01021,ICICI Bank Ltd.,555000.0,8069.7,4.83,Banks,SRBF-AHP,SBI AMC,2026-08
INE040A01034,HDFC Bank Ltd.,1119296.0,7935.81,4.75,Banks,SRBF-AHP,SBI AMC,2026-08
INE018A01030,Larsen & Toubro Ltd.,135584.0,5484.24,3.28,Construction,SRBF-AHP,SBI AMC,2026-08
INE062A01020,State Bank of India,478460.0,5071.68,3.03,Banks,SRBF-AHP,SBI AMC,2026-08
INE585B01010,Maruti Suzuki India Ltd.,32600.0,4416.32,2.64,Automobiles,SRBF-AHP,SBI AMC,2026-08
INE481G01011,Ultratech Cement Ltd.,33400.0,3824.3,2.29,Cement & Cement Products,SRBF-AHP,SBI AMC,2026-08
INE238A01034,Axis Bank Ltd.,291300.0,3786.9,2.27,Banks,SRBF-AHP,SBI AMC,2026-08
INE237A01036,Kotak Mahindra Bank Ltd.,835000.0,3501.99,2.1,Banks,SRBF-AHP,SBI AMC,2026-08
INE0CAZ01013,Urban Company Ltd.,2019515.0,3374.81,2.02,Retailing,SRBF-AHP,SBI AMC,2026-08
INE494B01023,TVS Motor Company Ltd.,70000.0,3038.91,1.82,Automobiles,SRBF-AHP,SBI AMC,2026-08
INE296A01032,Bajaj Finance Ltd.,281000.0,2970.17,1.78,Finance,SRBF-AHP,SBI AMC,2026-08
INE880J01026,JSW Infrastructure Ltd.,827500.0,2813.5,1.68,Transport Infrastructure,SRBF-AHP,SBI AMC,2026-08
INE956O01016,Lenskart Solutions Ltd.,421063.0,2789.12,1.67,Retailing,SRBF-AHP,SBI AMC,2026-08
INE048G01026,Navin Fluorine International Ltd.,32000.0,2776.16,1.66,Chemicals & Petrochemicals,SRBF-AHP,SBI AMC,2026-08
INE361B01024,Divi's Laboratories Ltd.,28800.0,2726.5,1.63,Pharmaceuticals & Biotechnology,SRBF-AHP,SBI AMC,2026-08
INE0CZ201020,Anthem Biosciences Ltd.,305000.0,2723.8,1.63,Pharmaceuticals & Biotechnology,SRBF-AHP,SBI AMC,2026-08
INE0V6F01027,Hyundai Motor India Ltd.,120000.0,2646.0,1.58,Automobiles,SRBF-AHP,SBI AMC,2026-08
INE325A01013,Timken India Ltd.,84000.0,2645.66,1.58,Industrial Products,SRBF-AHP,SBI AMC,2026-08
INE736A01011,Central Depository Services (I) Ltd.,188000.0,2636.7,1.58,Capital Markets,SRBF-AHP,SBI AMC,2026-08
INE718I01012,JSW Cement Ltd.,2021010.0,2546.88,1.52,Cement & Cement Products,SRBF-AHP,SBI AMC,2026-08
INE513A01022,Schaeffler India Ltd.,61400.0,2465.09,1.47,Auto Components,SRBF-AHP,SBI AMC,2026-08
INE073K01018,Sona Blw Precision Forgings Ltd.,299732.0,2436.97,1.46,Auto Components,SRBF-AHP,SBI AMC,2026-08
INE0QPI01025,Sudeep Pharma Ltd.,188236.0,2277.09,1.36,Chemicals & Petrochemicals,SRBF-AHP,SBI AMC,2026-08
INE388Y01029,FSN E-Commerce Ventures Ltd.,640024.0,2237.2,1.34,Retailing,SRBF-AHP,SBI AMC,2026-08
INE918I01026,Bajaj Finserv Ltd.,109000.0,2202.89,1.32,Finance,SRBF-AHP,SBI AMC,2026-08
INE021A01026,Asian Paints Ltd.,83000.0,2202.49,1.32,Consumer Durables,SRBF-AHP,SBI AMC,2026-08
INE342J01019,ZF Commercial Vehicle Control Systems India Ltd.,81790.0,2073.05,1.24,Auto Components,SRBF-AHP,SBI AMC,2026-08
INE797F01020,Jubilant Foodworks Ltd.,415000.0,2058.4,1.23,Leisure Services,SRBF-AHP,SBI AMC,2026-08
INE669C01036,Tech Mahindra Ltd.,122000.0,1986.16,1.19,IT - Software,SRBF-AHP,SBI AMC,2026-08
INE318A01026,Pidilite Industries Ltd.,117000.0,1974.61,1.18,Chemicals & Petrochemicals,SRBF-AHP,SBI AMC,2026-08
INE591G01025,Coforge Ltd.,97500.0,1935.67,1.16,IT - Software,SRBF-AHP,SBI AMC,2026-08
INE053A01029,The Indian Hotels Company Ltd.,260000.0,1918.54,1.15,Leisure Services,SRBF-AHP,SBI AMC,2026-08
INE536A01023,Grindwell Norton Ltd.,88694.0,1794.28,1.07,Industrial Products,SRBF-AHP,SBI AMC,2026-08
INE152A01029,Thermax Ltd.,45500.0,1775.23,1.06,Electrical Equipment,SRBF-AHP,SBI AMC,2026-08
INE119A01028,Balrampur Chini Mills Ltd.,250000.0,1733.75,1.04,Agricultural Food & other Products,SRBF-AHP,SBI AMC,2026-08
INE671A01010,Honeywell Automation India Ltd.,4600.0,1634.38,0.98,Industrial Manufacturing,SRBF-AHP,SBI AMC,2026-08
INE093I01010,Oberoi Realty Ltd.,85971.0,1605.94,0.96,Realty,SRBF-AHP,SBI AMC,2026-08
INE117A01022,ABB India Ltd.,19931.0,1522.43,0.91,Electrical Equipment,SRBF-AHP,SBI AMC,2026-08
INE646L01027,Interglobe Aviation Ltd.,29000.0,1517.86,0.91,Transport Services,SRBF-AHP,SBI AMC,2026-08
INE463A01038,Berger Paints India Ltd.,300000.0,1493.25,0.89,Consumer Durables,SRBF-AHP,SBI AMC,2026-08
INE376G01013,Biocon Ltd.,345000.0,1421.4,0.85,Pharmaceuticals & Biotechnology,SRBF-AHP,SBI AMC,2026-08
INE271C01023,DLF Ltd.,205000.0,1416.65,0.85,Realty,SRBF-AHP,SBI AMC,2026-08
INE484J01027,Godrej Properties Ltd.,70000.0,1410.29,0.84,Realty,SRBF-AHP,SBI AMC,2026-08
INE226A01021,Voltas Ltd.,115000.0,1373.56,0.82,Consumer Durables,SRBF-AHP,SBI AMC,2026-08
INE813H01021,Torrent Power Ltd.,110000.0,1336.61,0.8,Power,SRBF-AHP,SBI AMC,2026-08
INE214T01019,LTM Ltd.,28000.0,1271.2,0.76,IT - Software,SRBF-AHP,SBI AMC,2026-08
INE450D01021,Pitti Engineering Ltd.,114868.0,1270.84,0.76,Industrial Manufacturing,SRBF-AHP,SBI AMC,2026-08
INE726G01019,ICICI Prudential Life Insurance Company Ltd.,245000.0,1266.77,0.76,Insurance,SRBF-AHP,SBI AMC,2026-08
INE120A01034,Carborundum Universal Ltd.,110000.0,1217.26,0.73,Industrial Products,SRBF-AHP,SBI AMC,2026-08
INE761H01022,Page Industries Ltd.,3400.0,1217.2,0.73,Textiles & Apparels,SRBF-AHP,SBI AMC,2026-08
INE756I01012,HDB Financial Services Ltd.,150000.0,1023.53,0.61,Finance,SRBF-AHP,SBI AMC,2026-08
INE03NU01014,Brigade Hotel Ventures Ltd.,1551104.0,911.58,0.55,Leisure Services,SRBF-AHP,SBI AMC,2026-08
INE284A01012,ESAB India Ltd.,14065.0,860.71,0.51,Industrial Products,SRBF-AHP,SBI AMC,2026-08
INE217B01036,Kajaria Ceramics Ltd.,54005.0,672.25,0.4,Consumer Durables,SRBF-AHP,SBI AMC,2026-08
INE031A08681,Housing and Urban Development Corporation Ltd.,50.0,514.28,0.31,[ICRA]AAA,SRBF-AHP,SBI AMC,2026-08
INE494B04019,TVS Motor Company Ltd.,280000.0,29.68,0.02,CARE A1+,SRBF-AHP,SBI AMC,2026-08
IN0020180041,6.64% CGL 2031,400000.0,412.4,0.25,Sovereign,SRBF-AHP,SBI AMC,2026-08
INF200KA16D8,SBI Gold ETF,11700000.0,15379.65,9.2,Mutual Fund/ETF,SRBF-AHP,SBI AMC,2026-08
INE0H7R23014,National Highways Infra Trust,2600000.0,4446.0,2.66,Transport Infrastructure,SRBF-AHP,SBI AMC,2026-08
INE0BWS23018,Altius Telecom Infrastructure Trust,2425000.0,4243.75,2.54,Telecom - Services,SRBF-AHP,SBI AMC,2026-08
INE0NR623014,Cube Highways Trust,2600000.0,4083.04,2.44,Transport Infrastructure,SRBF-AHP,SBI AMC,2026-08
INE040A01034,HDFC Bank Ltd.,89020.0,631.15,2.48,Banks,SRBF-CHP,SBI AMC,2026-08
INE090A01021,ICICI Bank Ltd.,43400.0,631.04,2.48,Banks,SRBF-CHP,SBI AMC,2026-08
INE018A01030,Larsen & Toubro Ltd.,10445.0,422.49,1.66,Construction,SRBF-CHP,SBI AMC,2026-08
INE062A01020,State Bank of India,38400.0,407.04,1.6,Banks,SRBF-CHP,SBI AMC,2026-08
INE585B01010,Maruti Suzuki India Ltd.,2450.0,331.9,1.3,Automobiles,SRBF-CHP,SBI AMC,2026-08
INE481G01011,Ultratech Cement Ltd.,2650.0,303.43,1.19,Cement & Cement Products,SRBF-CHP,SBI AMC,2026-08
INE238A01034,Axis Bank Ltd.,22500.0,292.5,1.15,Banks,SRBF-CHP,SBI AMC,2026-08
INE0CAZ01013,Urban Company Ltd.,160301.0,267.88,1.05,Retailing,SRBF-CHP,SBI AMC,2026-08
INE237A01036,Kotak Mahindra Bank Ltd.,63400.0,265.9,1.04,Banks,SRBF-CHP,SBI AMC,2026-08
INE296A01032,Bajaj Finance Ltd.,23800.0,251.57,0.99,Finance,SRBF-CHP,SBI AMC,2026-08
INE880J01026,JSW Infrastructure Ltd.,65750.0,223.55,0.88,Transport Infrastructure,SRBF-CHP,SBI AMC,2026-08
INE956O01016,Lenskart Solutions Ltd.,33281.0,220.45,0.87,Retailing,SRBF-CHP,SBI AMC,2026-08
INE0CZ201020,Anthem Biosciences Ltd.,24000.0,214.33,0.84,Pharmaceuticals & Biotechnology,SRBF-CHP,SBI AMC,2026-08
INE0V6F01027,Hyundai Motor India Ltd.,9200.0,202.86,0.8,Automobiles,SRBF-CHP,SBI AMC,2026-08
INE736A01011,Central Depository Services (I) Ltd.,13875.0,194.6,0.76,Capital Markets,SRBF-CHP,SBI AMC,2026-08
INE718I01012,JSW Cement Ltd.,153000.0,192.81,0.76,Cement & Cement Products,SRBF-CHP,SBI AMC,2026-08
INE494B01023,TVS Motor Company Ltd.,4350.0,188.85,0.74,Automobiles,SRBF-CHP,SBI AMC,2026-08
INE325A01013,Timken India Ltd.,5780.0,182.05,0.71,Industrial Products,SRBF-CHP,SBI AMC,2026-08
INE073K01018,Sona Blw Precision Forgings Ltd.,22300.0,181.31,0.71,Auto Components,SRBF-CHP,SBI AMC,2026-08
INE361B01024,Divi's Laboratories Ltd.,1900.0,179.87,0.71,Pharmaceuticals & Biotechnology,SRBF-CHP,SBI AMC,2026-08
INE048G01026,Navin Fluorine International Ltd.,2000.0,173.51,0.68,Chemicals & Petrochemicals,SRBF-CHP,SBI AMC,2026-08
INE0QPI01025,Sudeep Pharma Ltd.,14128.0,170.91,0.67,Chemicals & Petrochemicals,SRBF-CHP,SBI AMC,2026-08
INE513A01022,Schaeffler India Ltd.,4250.0,170.63,0.67,Auto Components,SRBF-CHP,SBI AMC,2026-08
INE318A01026,Pidilite Industries Ltd.,10000.0,168.77,0.66,Chemicals & Petrochemicals,SRBF-CHP,SBI AMC,2026-08
INE021A01026,Asian Paints Ltd.,6300.0,167.18,0.66,Consumer Durables,SRBF-CHP,SBI AMC,2026-08
INE918I01026,Bajaj Finserv Ltd.,7850.0,158.65,0.62,Finance,SRBF-CHP,SBI AMC,2026-08
INE797F01020,Jubilant Foodworks Ltd.,31600.0,156.74,0.62,Leisure Services,SRBF-CHP,SBI AMC,2026-08
INE053A01029,The Indian Hotels Company Ltd.,21000.0,154.96,0.61,Leisure Services,SRBF-CHP,SBI AMC,2026-08
INE669C01036,Tech Mahindra Ltd.,9500.0,154.66,0.61,IT - Software,SRBF-CHP,SBI AMC,2026-08
INE152A01029,Thermax Ltd.,3900.0,152.16,0.6,Electrical Equipment,SRBF-CHP,SBI AMC,2026-08
INE388Y01029,FSN E-Commerce Ventures Ltd.,43392.0,151.68,0.6,Retailing,SRBF-CHP,SBI AMC,2026-08
INE591G01025,Coforge Ltd.,7550.0,149.89,0.59,IT - Software,SRBF-CHP,SBI AMC,2026-08
INE536A01023,Grindwell Norton Ltd.,7309.0,147.86,0.58,Industrial Products,SRBF-CHP,SBI AMC,2026-08
INE342J01019,ZF Commercial Vehicle Control Systems India Ltd.,5750.0,145.74,0.57,Auto Components,SRBF-CHP,SBI AMC,2026-08
INE119A01028,Balrampur Chini Mills Ltd.,21000.0,145.64,0.57,Agricultural Food & other Products,SRBF-CHP,SBI AMC,2026-08
INE093I01010,Oberoi Realty Ltd.,7500.0,140.1,0.55,Realty,SRBF-CHP,SBI AMC,2026-08
INE117A01022,ABB India Ltd.,1728.0,131.99,0.52,Electrical Equipment,SRBF-CHP,SBI AMC,2026-08
INE463A01038,Berger Paints India Ltd.,26000.0,129.42,0.51,Consumer Durables,SRBF-CHP,SBI AMC,2026-08
INE646L01027,Interglobe Aviation Ltd.,2400.0,125.62,0.49,Transport Services,SRBF-CHP,SBI AMC,2026-08
INE484J01027,Godrej Properties Ltd.,6100.0,122.9,0.48,Realty,SRBF-CHP,SBI AMC,2026-08
INE271C01023,DLF Ltd.,17500.0,120.93,0.47,Realty,SRBF-CHP,SBI AMC,2026-08
INE226A01021,Voltas Ltd.,10000.0,119.44,0.47,Consumer Durables,SRBF-CHP,SBI AMC,2026-08
INE671A01010,Honeywell Automation India Ltd.,330.0,117.25,0.46,Industrial Manufacturing,SRBF-CHP,SBI AMC,2026-08
INE813H01021,Torrent Power Ltd.,9600.0,116.65,0.46,Power,SRBF-CHP,SBI AMC,2026-08
INE214T01019,LTM Ltd.,2500.0,113.5,0.45,IT - Software,SRBF-CHP,SBI AMC,2026-08
INE376G01013,Biocon Ltd.,27000.0,111.24,0.44,Pharmaceuticals & Biotechnology,SRBF-CHP,SBI AMC,2026-08
INE756I01012,HDB Financial Services Ltd.,15000.0,102.35,0.4,Finance,SRBF-CHP,SBI AMC,2026-08
INE761H01022,Page Industries Ltd.,260.0,93.08,0.37,Textiles & Apparels,SRBF-CHP,SBI AMC,2026-08
INE450D01021,Pitti Engineering Ltd.,8339.0,92.26,0.36,Industrial Manufacturing,SRBF-CHP,SBI AMC,2026-08
INE03NU01014,Brigade Hotel Ventures Ltd.,137780.0,80.97,0.32,Leisure Services,SRBF-CHP,SBI AMC,2026-08
INE120A01034,Carborundum Universal Ltd.,6900.0,76.36,0.3,Industrial Products,SRBF-CHP,SBI AMC,2026-08
INE284A01012,ESAB India Ltd.,550.0,33.66,0.13,Industrial Products,SRBF-CHP,SBI AMC,2026-08
INE217B01036,Kajaria Ceramics Ltd.,2702.0,33.63,0.13,Consumer Durables,SRBF-CHP,SBI AMC,2026-08
INE103D08039,Bharat Sanchar Nigam Ltd.,100.0,995.04,3.9,CRISIL AAA(CE),SRBF-CHP,SBI AMC,2026-08
INE261F08EU4,National Bank for Agriculture and Rural Development,1000.0,993.09,3.9,CRISIL AAA,SRBF-CHP,SBI AMC,2026-08
INE507T07153,Summit Digitel Infrastructure Pvt. Ltd.,750.0,743.81,2.92,CRISIL AAA,SRBF-CHP,SBI AMC,2026-08
INE813H07309,Torrent Power Ltd.,500.0,507.73,1.99,CRISIL AA+,SRBF-CHP,SBI AMC,2026-08
INE607M08105,Tata Power Renewable Energy Ltd. (Guaranteed by Tata Power Ltd.),500.0,506.5,1.99,[ICRA]AA+,SRBF-CHP,SBI AMC,2026-08
INE134E08MJ2,Power Finance Corporation Ltd.,500.0,501.18,1.97,CRISIL AAA,SRBF-CHP,SBI AMC,2026-08
INE020B08EE7,REC Ltd.,500.0,499.9,1.96,CRISIL AAA,SRBF-CHP,SBI AMC,2026-08
INE121A07SU3,Cholamandalam Investment & Finance Co. Ltd.,500.0,499.12,1.96,[ICRA]AA+,SRBF-CHP,SBI AMC,2026-08
INE1JAR07036,Knowledge Realty Trust,500.0,497.53,1.95,CRISIL AAA,SRBF-CHP,SBI AMC,2026-08
INE414G07JZ7,Muthoot Finance Ltd.,500.0,496.99,1.95,CRISIL AA+,SRBF-CHP,SBI AMC,2026-08
INE692A08169,Union Bank of India( AT1 Bond under Basel III ),2.0,200.18,0.79,CRISIL AA+,SRBF-CHP,SBI AMC,2026-08
INE494B04019,TVS Motor Company Ltd.,24400.0,2.59,0.01,CARE A1+,SRBF-CHP,SBI AMC,2026-08
IN0020180041,6.64% CGL 2031,2500000.0,2577.5,10.11,Sovereign,SRBF-CHP,SBI AMC,2026-08
IN3120260051,7.74% State Government of Tamil Nadu 2036,2000000.0,2013.59,7.9,Sovereign,SRBF-CHP,SBI AMC,2026-08
INE090A01021,ICICI Bank Ltd.,12150.0,176.66,1.26,Banks,SRBF-CP,SBI AMC,2026-08
INE040A01034,HDFC Bank Ltd.,24082.0,170.74,1.22,Banks,SRBF-CP,SBI AMC,2026-08
INE018A01030,Larsen & Toubro Ltd.,2872.0,116.17,0.83,Construction,SRBF-CP,SBI AMC,2026-08
INE062A01020,State Bank of India,10549.0,111.82,0.8,Banks,SRBF-CP,SBI AMC,2026-08
INE585B01010,Maruti Suzuki India Ltd.,675.0,91.44,0.65,Automobiles,SRBF-CP,SBI AMC,2026-08
INE481G01011,Ultratech Cement Ltd.,710.0,81.3,0.58,Cement & Cement Products,SRBF-CP,SBI AMC,2026-08
INE238A01034,Axis Bank Ltd.,5825.0,75.73,0.54,Banks,SRBF-CP,SBI AMC,2026-08
INE237A01036,Kotak Mahindra Bank Ltd.,16900.0,70.88,0.5,Banks,SRBF-CP,SBI AMC,2026-08
INE0CAZ01013,Urban Company Ltd.,40532.0,67.73,0.48,Retailing,SRBF-CP,SBI AMC,2026-08
INE296A01032,Bajaj Finance Ltd.,6400.0,67.65,0.48,Finance,SRBF-CP,SBI AMC,2026-08
INE494B01023,TVS Motor Company Ltd.,1500.0,65.12,0.46,Automobiles,SRBF-CP,SBI AMC,2026-08
INE956O01016,Lenskart Solutions Ltd.,9424.0,62.42,0.44,Retailing,SRBF-CP,SBI AMC,2026-08
INE0CZ201020,Anthem Biosciences Ltd.,6500.0,58.05,0.41,Pharmaceuticals & Biotechnology,SRBF-CP,SBI AMC,2026-08
INE880J01026,JSW Infrastructure Ltd.,16650.0,56.61,0.4,Transport Infrastructure,SRBF-CP,SBI AMC,2026-08
INE0V6F01027,Hyundai Motor India Ltd.,2550.0,56.23,0.4,Automobiles,SRBF-CP,SBI AMC,2026-08
INE718I01012,JSW Cement Ltd.,44000.0,55.45,0.39,Cement & Cement Products,SRBF-CP,SBI AMC,2026-08
INE361B01024,Divi's Laboratories Ltd.,580.0,54.91,0.39,Pharmaceuticals & Biotechnology,SRBF-CP,SBI AMC,2026-08
INE073K01018,Sona Blw Precision Forgings Ltd.,6750.0,54.88,0.39,Auto Components,SRBF-CP,SBI AMC,2026-08
INE736A01011,Central Depository Services (I) Ltd.,3850.0,54.0,0.38,Capital Markets,SRBF-CP,SBI AMC,2026-08
INE513A01022,Schaeffler India Ltd.,1300.0,52.19,0.37,Auto Components,SRBF-CP,SBI AMC,2026-08
INE048G01026,Navin Fluorine International Ltd.,600.0,52.05,0.37,Chemicals & Petrochemicals,SRBF-CP,SBI AMC,2026-08
INE325A01013,Timken India Ltd.,1640.0,51.65,0.37,Industrial Products,SRBF-CP,SBI AMC,2026-08
INE918I01026,Bajaj Finserv Ltd.,2400.0,48.5,0.35,Finance,SRBF-CP,SBI AMC,2026-08
INE0QPI01025,Sudeep Pharma Ltd.,3800.0,45.97,0.33,Chemicals & Petrochemicals,SRBF-CP,SBI AMC,2026-08
INE342J01019,ZF Commercial Vehicle Control Systems India Ltd.,1800.0,45.62,0.32,Auto Components,SRBF-CP,SBI AMC,2026-08
INE021A01026,Asian Paints Ltd.,1650.0,43.78,0.31,Consumer Durables,SRBF-CP,SBI AMC,2026-08
INE669C01036,Tech Mahindra Ltd.,2600.0,42.33,0.3,IT - Software,SRBF-CP,SBI AMC,2026-08
INE318A01026,Pidilite Industries Ltd.,2500.0,42.19,0.3,Chemicals & Petrochemicals,SRBF-CP,SBI AMC,2026-08
INE053A01029,The Indian Hotels Company Ltd.,5600.0,41.32,0.29,Leisure Services,SRBF-CP,SBI AMC,2026-08
INE591G01025,Coforge Ltd.,2075.0,41.19,0.29,IT - Software,SRBF-CP,SBI AMC,2026-08
INE536A01023,Grindwell Norton Ltd.,2002.0,40.5,0.29,Industrial Products,SRBF-CP,SBI AMC,2026-08
INE797F01020,Jubilant Foodworks Ltd.,8100.0,40.18,0.29,Leisure Services,SRBF-CP,SBI AMC,2026-08
INE388Y01029,FSN E-Commerce Ventures Ltd.,11440.0,39.99,0.28,Retailing,SRBF-CP,SBI AMC,2026-08
INE152A01029,Thermax Ltd.,1000.0,39.02,0.28,Electrical Equipment,SRBF-CP,SBI AMC,2026-08
INE484J01027,Godrej Properties Ltd.,1830.0,36.87,0.26,Realty,SRBF-CP,SBI AMC,2026-08
INE119A01028,Balrampur Chini Mills Ltd.,5300.0,36.76,0.26,Agricultural Food & other Products,SRBF-CP,SBI AMC,2026-08
INE117A01022,ABB India Ltd.,468.0,35.75,0.25,Electrical Equipment,SRBF-CP,SBI AMC,2026-08
INE093I01010,Oberoi Realty Ltd.,1870.0,34.93,0.25,Realty,SRBF-CP,SBI AMC,2026-08
INE463A01038,Berger Paints India Ltd.,6500.0,32.35,0.23,Consumer Durables,SRBF-CP,SBI AMC,2026-08
INE813H01021,Torrent Power Ltd.,2650.0,32.2,0.23,Power,SRBF-CP,SBI AMC,2026-08
INE271C01023,DLF Ltd.,4600.0,31.79,0.23,Realty,SRBF-CP,SBI AMC,2026-08
INE756I01012,HDB Financial Services Ltd.,4600.0,31.39,0.22,Finance,SRBF-CP,SBI AMC,2026-08
INE226A01021,Voltas Ltd.,2600.0,31.05,0.22,Consumer Durables,SRBF-CP,SBI AMC,2026-08
INE671A01010,Honeywell Automation India Ltd.,85.0,30.2,0.22,Industrial Manufacturing,SRBF-CP,SBI AMC,2026-08
INE646L01027,Interglobe Aviation Ltd.,570.0,29.83,0.21,Transport Services,SRBF-CP,SBI AMC,2026-08
INE450D01021,Pitti Engineering Ltd.,2670.0,29.54,0.21,Industrial Manufacturing,SRBF-CP,SBI AMC,2026-08
INE214T01019,LTM Ltd.,650.0,29.51,0.21,IT - Software,SRBF-CP,SBI AMC,2026-08
INE376G01013,Biocon Ltd.,6100.0,25.13,0.18,Pharmaceuticals & Biotechnology,SRBF-CP,SBI AMC,2026-08
INE761H01022,Page Industries Ltd.,70.0,25.06,0.18,Textiles & Apparels,SRBF-CP,SBI AMC,2026-08
INE03NU01014,Brigade Hotel Ventures Ltd.,42164.0,24.78,0.18,Leisure Services,SRBF-CP,SBI AMC,2026-08
INE120A01034,Carborundum Universal Ltd.,2000.0,22.13,0.16,Industrial Products,SRBF-CP,SBI AMC,2026-08
INE217B01036,Kajaria Ceramics Ltd.,645.0,8.03,0.06,Consumer Durables,SRBF-CP,SBI AMC,2026-08
INE284A01012,ESAB India Ltd.,105.0,6.43,0.05,Industrial Products,SRBF-CP,SBI AMC,2026-08
INE103D08039,Bharat Sanchar Nigam Ltd.,100.0,995.04,7.09,CRISIL AAA(CE),SRBF-CP,SBI AMC,2026-08
INE261F08EU4,National Bank for Agriculture and Rural Development,1000.0,993.09,7.07,CRISIL AAA,SRBF-CP,SBI AMC,2026-08
INE507T07153,Summit Digitel Infrastructure Pvt. Ltd.,750.0,743.81,5.3,CRISIL AAA,SRBF-CP,SBI AMC,2026-08
INE813H07309,Torrent Power Ltd.,500.0,507.73,3.62,CRISIL AA+,SRBF-CP,SBI AMC,2026-08
INE607M08105,Tata Power Renewable Energy Ltd. (Guaranteed by Tata Power Ltd.),500.0,506.5,3.61,[ICRA]AA+,SRBF-CP,SBI AMC,2026-08
INE020B08EE7,REC Ltd.,500.0,499.9,3.56,CRISIL AAA,SRBF-CP,SBI AMC,2026-08
INE121A07SU3,Cholamandalam Investment & Finance Co. Ltd.,500.0,499.12,3.55,[ICRA]AA+,SRBF-CP,SBI AMC,2026-08
INE1JAR07036,Knowledge Realty Trust,500.0,497.53,3.54,CRISIL AAA,SRBF-CP,SBI AMC,2026-08
INE414G07JZ7,Muthoot Finance Ltd.,500.0,496.99,3.54,CRISIL AA+,SRBF-CP,SBI AMC,2026-08
INE692A08169,Union Bank of India( AT1 Bond under Basel III ),4.0,400.36,2.85,CRISIL AA+,SRBF-CP,SBI AMC,2026-08
INE494B04019,TVS Motor Company Ltd.,8000.0,0.85,0.01,CARE A1+,SRBF-CP,SBI AMC,2026-08
IN0020260025,6.94% CGL 2036,1500000.0,1498.71,10.67,Sovereign,SRBF-CP,SBI AMC,2026-08
INE361B01024,Divi's Laboratories Ltd.,118572.0,11225.21,4.74,Pharmaceuticals & Biotechnology,SNN50,SBI AMC,2026-08
INE494B01023,TVS Motor Company Ltd.,219216.0,9516.82,4.02,Automobiles,SNN50,SBI AMC,2026-08
INE1TAE01010,Tata Motors Ltd.,1949019.0,9181.83,3.88,"Agricultural, Commercial & Construction Vehicles",SNN50,SBI AMC,2026-08
INE066F01020,Hindustan Aeronautics Ltd.,177034.0,8500.46,3.59,Aerospace & Defense,SNN50,SBI AMC,2026-08
INE814H01029,Adani Power Ltd.,3872184.0,7666.92,3.24,Power,SNN50,SBI AMC,2026-08
INE121A01024,Cholamandalam Investment & Finance Co. Ltd.,403722.0,7498.73,3.17,Finance,SNN50,SBI AMC,2026-08
INE775A01035,Samvardhana Motherson International Ltd.,4122475.0,7036.24,2.97,Auto Components,SNN50,SBI AMC,2026-08
INE685A01028,Torrent Pharmaceuticals Ltd.,136862.0,6933.43,2.93,Pharmaceuticals & Biotechnology,SNN50,SBI AMC,2026-08
INE298A01020,Cummins India Ltd.,126040.0,6434.34,2.72,Industrial Products,SNN50,SBI AMC,2026-08
INE029A01011,Bharat Petroleum Corporation Ltd.,1891296.0,6128.74,2.59,Petroleum Products,SNN50,SBI AMC,2026-08
INE053A01029,The Indian Hotels Company Ltd.,819449.0,6046.71,2.56,Leisure Services,SNN50,SBI AMC,2026-08
INE192R01011,Avenue Supermarts Ltd.,150378.0,5864.74,2.48,Retailing,SNN50,SBI AMC,2026-08
INE067A01029,CG Power and Industrial Solutions Ltd.,639886.0,5861.36,2.48,Electrical Equipment,SNN50,SBI AMC,2026-08
INE216A01030,Britannia Industries Ltd.,109903.0,5769.91,2.44,Food Products,SNN50,SBI AMC,2026-08
INE245A01021,Tata Power Company Ltd.,1556176.0,5399.93,2.28,Power,SNN50,SBI AMC,2026-08
INE200M01039,Varun Beverages Ltd.,1275945.0,5109.52,2.16,Beverages,SNN50,SBI AMC,2026-08
INE127D01025,HDFC Asset Management Co. Ltd.,190264.0,4988.91,2.11,Capital Markets,SNN50,SBI AMC,2026-08
INE318A01026,Pidilite Industries Ltd.,289171.0,4880.34,2.06,Chemicals & Petrochemicals,SNN50,SBI AMC,2026-08
INE242A01010,Indian Oil Corporation Ltd.,3486693.0,4851.04,2.05,Petroleum Products,SNN50,SBI AMC,2026-08
INE118A01012,Bajaj Holdings & Investment Ltd.,40403.0,4704.53,1.99,Finance,SNN50,SBI AMC,2026-08
INE343H01029,Solar Industries India Ltd.,22733.0,4571.15,1.93,Chemicals & Petrochemicals,SNN50,SBI AMC,2026-08
INE134E01011,Power Finance Corporation Ltd.,1358823.0,4569.72,1.93,Finance,SNN50,SBI AMC,2026-08
INE129A01019,GAIL (India) Ltd.,2517198.0,4468.03,1.89,Gas,SNN50,SBI AMC,2026-08
INE205A01025,Vedanta Ltd.,1582488.0,4402.48,1.86,Diversified Metals,SNN50,SBI AMC,2026-08
INE931S01010,Adani Energy Solutions Ltd.,306472.0,4343.93,1.84,Power,SNN50,SBI AMC,2026-08
INE271C01023,DLF Ltd.,598660.0,4137.04,1.75,Realty,SNN50,SBI AMC,2026-08
INE028A01039,Bank of Baroda,1731298.0,4130.88,1.75,Banks,SNN50,SBI AMC,2026-08
INE749A01030,Jindal Steel Ltd.,345681.0,4123.63,1.74,Ferrous Metals,SNN50,SBI AMC,2026-08
INE854D01024,United Spirits Ltd.,275666.0,4107.42,1.74,Beverages,SNN50,SBI AMC,2026-08
INE323A01026,Bosch Ltd.,8093.0,4046.5,1.71,Auto Components,SNN50,SBI AMC,2026-08
INE476A01022,Canara Bank,3136399.0,3980.09,1.68,Banks,SNN50,SBI AMC,2026-08
INE214T01019,LTM Ltd.,86667.0,3934.68,1.66,IT - Software,SNN50,SBI AMC,2026-08
INE364U01010,Adani Green Energy Ltd.,312864.0,3800.98,1.61,Power,SNN50,SBI AMC,2026-08
INE020B01018,REC Ltd.,1165624.0,3768.46,1.59,Finance,SNN50,SBI AMC,2026-08
INE117A01022,ABB India Ltd.,48971.0,3740.65,1.58,Electrical Equipment,SNN50,SBI AMC,2026-08
INE160A01022,Punjab National Bank,3213952.0,3671.3,1.55,Banks,SNN50,SBI AMC,2026-08
INE692A01016,Union Bank of India,1803205.0,3401.39,1.44,Banks,SNN50,SBI AMC,2026-08
INE102D01028,Godrej Consumer Products Ltd.,375038.0,3380.22,1.43,Personal Products,SNN50,SBI AMC,2026-08
INE003A01024,Siemens Ltd.,82492.0,3324.43,1.41,Electrical Equipment,SNN50,SBI AMC,2026-08
INE670K01029,Lodha Developers Ltd.,258892.0,3103.08,1.31,Realty,SNN50,SBI AMC,2026-08
INE414G01012,Muthoot Finance Ltd.,100076.0,2980.36,1.26,Finance,SNN50,SBI AMC,2026-08
INE0V6F01027,Hyundai Motor India Ltd.,133034.0,2933.4,1.24,Automobiles,SNN50,SBI AMC,2026-08
INE070A01015,Shree Cement Ltd.,12482.0,2895.82,1.22,Cement & Cement Products,SNN50,SBI AMC,2026-08
INE010B01027,Zydus Lifesciences Ltd.,233474.0,2711.33,1.15,Pharmaceuticals & Biotechnology,SNN50,SBI AMC,2026-08
INE267A01025,Hindustan Zinc Ltd.,448781.0,2672.27,1.13,Non - Ferrous Metals,SNN50,SBI AMC,2026-08
INE1NPP01017,Siemens Energy India Ltd.,82532.0,2665.45,1.13,Electrical Equipment,SNN50,SBI AMC,2026-08
INE079A01024,Ambuja Cements Ltd.,581810.0,2333.93,0.99,Cement & Cement Products,SNN50,SBI AMC,2026-08
INE249Z01020,Mazagon Dock Shipbuilders Ltd.,70897.0,1758.25,0.74,Industrial Manufacturing,SNN50,SBI AMC,2026-08
INE976I01016,TATA Capital Ltd.,469742.0,1728.18,0.73,Finance,SNN50,SBI AMC,2026-08
INE053F01010,Indian Railway Finance Corporation Ltd.,1877107.0,1564.38,0.66,Finance,SNN50,SBI AMC,2026-08
INE397D01024,Bharti Airtel Ltd.,11897.0,215.56,9.41,Telecom - Services,SBIETFCON,SBI AMC,2026-08
INE101A01026,Mahindra & Mahindra Ltd.,6003.0,197.02,8.6,Automobiles,SBIETFCON,SBI AMC,2026-08
INE154A01025,ITC Ltd.,64814.0,165.6,7.23,Diversified FMCG,SBIETFCON,SBI AMC,2026-08
INE758T01015,Eternal Ltd.,48609.0,159.49,6.96,Retailing,SBIETFCON,SBI AMC,2026-08
INE280A01028,Titan Company Ltd.,2776.0,141.64,6.18,Consumer Durables,SBIETFCON,SBI AMC,2026-08
INE585B01010,Maruti Suzuki India Ltd.,877.0,118.81,5.18,Automobiles,SBIETFCON,SBI AMC,2026-08
INE030A01027,Hindustan Unilever Ltd.,5965.0,117.36,5.12,Diversified FMCG,SBIETFCON,SBI AMC,2026-08
INE917I01010,Bajaj Auto Ltd.,745.0,90.37,3.94,Automobiles,SBIETFCON,SBI AMC,2026-08
INE021A01026,Asian Paints Ltd.,3041.0,80.7,3.52,Consumer Durables,SBIETFCON,SBI AMC,2026-08
INE646L01027,Interglobe Aviation Ltd.,1522.0,79.66,3.48,Transport Services,SBIETFCON,SBI AMC,2026-08
INE066A01021,Eicher Motors Ltd.,927.0,73.73,3.22,Automobiles,SBIETFCON,SBI AMC,2026-08
INE239A01024,Nestle India Ltd.,4821.0,72.15,3.15,Food Products,SBIETFCON,SBI AMC,2026-08
INE494B01023,TVS Motor Company Ltd.,1579.0,68.55,2.99,Automobiles,SBIETFCON,SBI AMC,2026-08
INE849A01020,Trent Ltd.,2237.0,64.42,2.81,Retailing,SBIETFCON,SBI AMC,2026-08
INE437A01024,Apollo Hospitals Enterprise Ltd.,692.0,61.58,2.69,Healthcare Services,SBIETFCON,SBI AMC,2026-08
INE814H01029,Adani Power Ltd.,27899.0,55.24,2.41,Power,SBIETFCON,SBI AMC,2026-08
INE027H01010,Max Healthcare Institute Ltd.,5004.0,52.15,2.28,Healthcare Services,SBIETFCON,SBI AMC,2026-08
INE158A01026,Hero MotoCorp Ltd.,873.0,47.58,2.08,Automobiles,SBIETFCON,SBI AMC,2026-08
INE192A01025,Tata Consumer Products Ltd.,4379.0,45.43,1.98,Agricultural Food & other Products,SBIETFCON,SBI AMC,2026-08
INE053A01029,The Indian Hotels Company Ltd.,5904.0,43.57,1.9,Leisure Services,SBIETFCON,SBI AMC,2026-08
INE192R01011,Avenue Supermarts Ltd.,1083.0,42.24,1.84,Retailing,SBIETFCON,SBI AMC,2026-08
INE216A01030,Britannia Industries Ltd.,792.0,41.58,1.81,Food Products,SBIETFCON,SBI AMC,2026-08
INE935N01020,Dixon Technologies (India) Ltd.,279.0,41.43,1.81,Consumer Durables,SBIETFCON,SBI AMC,2026-08
INE245A01021,Tata Power Company Ltd.,11215.0,38.92,1.7,Power,SBIETFCON,SBI AMC,2026-08
INE200M01039,Varun Beverages Ltd.,9193.0,36.81,1.61,Beverages,SBIETFCON,SBI AMC,2026-08
INE663F01032,Info Edge (India) Ltd.,2574.0,33.8,1.47,Retailing,SBIETFCON,SBI AMC,2026-08
INE271C01023,DLF Ltd.,4313.0,29.8,1.3,Realty,SBIETFCON,SBI AMC,2026-08
INE854D01024,United Spirits Ltd.,1986.0,29.59,1.29,Beverages,SBIETFCON,SBI AMC,2026-08
INE102D01028,Godrej Consumer Products Ltd.,2702.0,24.35,1.06,Personal Products,SBIETFCON,SBI AMC,2026-08
INE176B01034,Havells India Ltd.,1694.0,21.08,0.92,Consumer Durables,SBIETFCON,SBI AMC,2026-08
INE002A01018,Reliance Industries Ltd.,14477542.0,184878.21,4.42,Petroleum Products,SBAF,SBI AMC,2026-08
INE090A01021,ICICI Bank Ltd.,10970221.0,159507.01,3.82,Banks,SBAF,SBI AMC,2026-08
INE040A01034,HDFC Bank Ltd.,21046804.0,149221.84,3.57,Banks,SBAF,SBI AMC,2026-08
INE129A01019,GAIL (India) Ltd.,60405618.0,107219.97,2.56,Gas,SBAF,SBI AMC,2026-08
INE018A01030,Larsen & Toubro Ltd.,2630925.0,106418.29,2.55,Construction,SBAF,SBI AMC,2026-08
INE669C01036,Tech Mahindra Ltd.,5482687.0,89258.14,2.14,IT - Software,SBAF,SBI AMC,2026-08
INE121J01017,Indus Towers Ltd.,21000000.0,81648.0,1.95,Telecom - Services,SBAF,SBI AMC,2026-08
INE238A01034,Axis Bank Ltd.,5950362.0,77354.71,1.85,Banks,SBAF,SBI AMC,2026-08
INE160A01022,Punjab National Bank,66770108.0,76271.49,1.82,Banks,SBAF,SBI AMC,2026-08
INE081A01020,Tata Steel Ltd.,40410230.0,74496.26,1.78,Ferrous Metals,SBAF,SBI AMC,2026-08
INE044A01036,Sun Pharmaceutical Industries Ltd.,3727299.0,73979.43,1.77,Pharmaceuticals & Biotechnology,SBAF,SBI AMC,2026-08
INE155A01022,Tata Motors Passenger Vehicles Ltd.,22567226.0,69698.88,1.67,Automobiles,SBAF,SBI AMC,2026-08
INE121A01024,Cholamandalam Investment & Finance Co. Ltd.,3637178.0,67556.94,1.62,Finance,SBAF,SBI AMC,2026-08
INE758T01015,Eternal Ltd.,18545000.0,60846.15,1.46,Retailing,SBAF,SBI AMC,2026-08
INE397D01024,Bharti Airtel Ltd.,3149850.0,57072.13,1.37,Telecom - Services,SBAF,SBI AMC,2026-08
INE860A01027,HCL Technologies Ltd.,4319651.0,56682.46,1.36,IT - Software,SBAF,SBI AMC,2026-08
INE101A01026,Mahindra & Mahindra Ltd.,1680509.0,55154.31,1.32,Automobiles,SBAF,SBI AMC,2026-08
INE545U01014,Bandhan Bank Ltd.,33364400.0,54550.79,1.3,Banks,SBAF,SBI AMC,2026-08
INE486A01021,CESC Ltd.,37000000.0,54079.2,1.29,Power,SBAF,SBI AMC,2026-08
INE376G01013,Biocon Ltd.,13021205.0,53647.36,1.28,Pharmaceuticals & Biotechnology,SBAF,SBI AMC,2026-08
INE028A01039,Bank of Baroda,21646950.0,51649.62,1.24,Banks,SBAF,SBI AMC,2026-08
INE154A01025,ITC Ltd.,19814663.0,50626.46,1.21,Diversified FMCG,SBAF,SBI AMC,2026-08
INE1TAE01010,Tata Motors Ltd.,10567226.0,49782.2,1.19,"Agricultural, Commercial & Construction Vehicles",SBAF,SBI AMC,2026-08
INE813H01021,Torrent Power Ltd.,4090223.0,49700.3,1.19,Power,SBAF,SBI AMC,2026-08
INE148O01028,Delhivery Ltd.,10767156.0,49119.77,1.18,Transport Services,SBAF,SBI AMC,2026-08
INE774D01024,Mahindra & Mahindra Financial Services Ltd.,13045930.0,48661.32,1.16,Finance,SBAF,SBI AMC,2026-08
INE237A01036,Kotak Mahindra Bank Ltd.,10682000.0,44800.31,1.07,Banks,SBAF,SBI AMC,2026-08
INE848E01016,NHPC Ltd.,58000000.0,44497.6,1.06,Power,SBAF,SBI AMC,2026-08
INE752E01010,Power Grid Corporation of India Ltd.,16297200.0,42951.27,1.03,Power,SBAF,SBI AMC,2026-08
INE02RE01045,Brainbees Solutions Ltd.,20162722.0,36778.82,0.88,Retailing,SBAF,SBI AMC,2026-08
INE585B01010,Maruti Suzuki India Ltd.,268310.0,36347.96,0.87,Automobiles,SBAF,SBI AMC,2026-08
INE021A01026,Asian Paints Ltd.,1286000.0,34125.3,0.82,Consumer Durables,SBAF,SBI AMC,2026-08
INE854D01024,United Spirits Ltd.,2246700.0,33475.83,0.8,Beverages,SBAF,SBI AMC,2026-08
INE062A01020,State Bank of India,3131459.0,33193.47,0.79,Banks,SBAF,SBI AMC,2026-08
INE271C01023,DLF Ltd.,4582800.0,31669.44,0.76,Realty,SBAF,SBI AMC,2026-08
INE073K01018,Sona Blw Precision Forgings Ltd.,3880000.0,31546.34,0.75,Auto Components,SBAF,SBI AMC,2026-08
INE059A01026,Cipla Ltd.,2136949.0,30113.89,0.72,Pharmaceuticals & Biotechnology,SBAF,SBI AMC,2026-08
INE726G01019,ICICI Prudential Life Insurance Company Ltd.,5629765.0,29108.7,0.7,Insurance,SBAF,SBI AMC,2026-08
INE213A01029,Oil & Natural Gas Corporation Ltd.,11550340.0,26773.69,0.64,Oil,SBAF,SBI AMC,2026-08
INE298A01020,Cummins India Ltd.,479600.0,24483.58,0.59,Industrial Products,SBAF,SBI AMC,2026-08
INE016A01026,Dabur India Ltd.,5820171.0,22174.85,0.53,Personal Products,SBAF,SBI AMC,2026-08
INE918I01026,Bajaj Finserv Ltd.,1071798.0,21661.04,0.52,Finance,SBAF,SBI AMC,2026-08
INE0J1Y01017,Life Insurance Corporation of India,4836168.0,20215.18,0.48,Insurance,SBAF,SBI AMC,2026-08
INE01EA01019,Vishal Mega Mart Ltd.,16511500.0,18268.32,0.44,Retailing,SBAF,SBI AMC,2026-08
INE120A01034,Carborundum Universal Ltd.,1578981.0,17473.0,0.42,Industrial Products,SBAF,SBI AMC,2026-08
INE280A01028,Titan Company Ltd.,335650.0,17126.21,0.41,Consumer Durables,SBAF,SBI AMC,2026-08
INE075A01022,Wipro Ltd.,8427000.0,15547.82,0.37,IT - Software,SBAF,SBI AMC,2026-08
INE628A01036,UPL Ltd.,2753375.0,15480.85,0.37,Fertilizers & Agrochemicals,SBAF,SBI AMC,2026-08
INE347G01014,Petronet LNG Ltd.,4900000.0,14729.4,0.35,Gas,SBAF,SBI AMC,2026-08
INE245A01021,Tata Power Company Ltd.,3951250.0,13710.84,0.33,Power,SBAF,SBI AMC,2026-08
INE03QK01018,Cohance Lifesciences Ltd.,3000000.0,13678.5,0.33,Pharmaceuticals & Biotechnology,SBAF,SBI AMC,2026-08
INE047A01021,Grasim Industries Ltd.,377543.0,12726.97,0.3,Cement & Cement Products,SBAF,SBI AMC,2026-08
INE079J01017,Gateway Distriparks Ltd.,21008663.0,11300.56,0.27,Transport Services,SBAF,SBI AMC,2026-08
INE242A01010,Indian Oil Corporation Ltd.,7736182.0,10763.35,0.26,Petroleum Products,SBAF,SBI AMC,2026-08
INE467B01029,Tata Consultancy Services Ltd.,434812.0,10432.44,0.25,IT - Software,SBAF,SBI AMC,2026-08
INE540L01014,Alkem Laboratories Ltd.,179590.0,9571.25,0.23,Pharmaceuticals & Biotechnology,SBAF,SBI AMC,2026-08
INE038A01020,Hindalco Industries Ltd.,900200.0,9141.08,0.22,Non - Ferrous Metals,SBAF,SBI AMC,2026-08
INE522F01014,Coal India Ltd.,2263649.0,9094.21,0.22,Consumable Fuels,SBAF,SBI AMC,2026-08
INE765G01017,ICICI Lombard General Insurance Company Ltd.,542160.0,8495.11,0.2,Insurance,SBAF,SBI AMC,2026-08
INE030A01027,Hindustan Unilever Ltd.,423000.0,8322.1,0.2,Diversified FMCG,SBAF,SBI AMC,2026-08
INE111A01025,Container Corporation of India Ltd.,1425233.0,7295.77,0.17,Transport Services,SBAF,SBI AMC,2026-08
INE326A01037,Lupin Ltd.,248625.0,5440.91,0.13,Pharmaceuticals & Biotechnology,SBAF,SBI AMC,2026-08
INE095A01012,IndusInd Bank Ltd.,519400.0,5280.22,0.13,Banks,SBAF,SBI AMC,2026-08
INE009A01021,Infosys Ltd.,388100.0,4400.28,0.11,IT - Software,SBAF,SBI AMC,2026-08
INE012A01025,ACC Ltd.,325000.0,4148.63,0.1,Cement & Cement Products,SBAF,SBI AMC,2026-08
INE398R01022,Syngene International Ltd.,720618.0,2887.88,0.07,Healthcare Services,SBAF,SBI AMC,2026-08
INE0BJS01011,Go Fashion (India) Ltd.,868284.0,2846.67,0.07,Retailing,SBAF,SBI AMC,2026-08
INE346A01027,ICICI Prudential Asset Management Company Ltd.,82936.0,2542.07,0.06,Capital Markets,SBAF,SBI AMC,2026-08
INE721A01047,Shriram Finance Ltd.,155925.0,1730.61,0.04,Finance,SBAF,SBI AMC,2026-08
INE123W01016,SBI Life Insurance Co. Ltd.,71250.0,1240.11,0.03,Insurance,SBAF,SBI AMC,2026-08
INE974X01010,Tube Investments of India Ltd.,34497.0,959.02,0.02,Auto Components,SBAF,SBI AMC,2026-08
INE299U01018,Crompton Greaves Consumer Electricals Ltd.,302546.0,713.71,0.02,Consumer Durables,SBAF,SBI AMC,2026-08
INE795G01014,HDFC Life Insurance Company Ltd.,110000.0,597.69,0.01,Insurance,SBAF,SBI AMC,2026-08
INE127D01025,HDFC Asset Management Co. Ltd.,6014.0,157.69,,Capital Markets,SBAF,SBI AMC,2026-08
INE296A01032,Bajaj Finance Ltd.,1050.0,11.1,,Finance,SBAF,SBI AMC,2026-08
INE646L01027,Interglobe Aviation Ltd.,150.0,7.85,,Transport Services,SBAF,SBI AMC,2026-08
INE029A01011,Bharat Petroleum Corporation Ltd.,1325.0,4.29,,Petroleum Products,SBAF,SBI AMC,2026-08
INE089A01031,Dr. Reddy's Laboratories Ltd.,250.0,2.89,,Pharmaceuticals & Biotechnology,SBAF,SBI AMC,2026-08
INE0FDU25010,Brookfield India Real Estate Trust,15955463.0,54521.41,1.3,Realty,SBAF,SBI AMC,2026-08
INE041025011,Embassy Office Parks Reit,8340000.0,36569.23,0.87,Realty,SBAF,SBI AMC,2026-08
INE414G07JZ7,Muthoot Finance Ltd.,50000.0,49699.3,1.19,CRISIL AA+,SBAF,SBI AMC,2026-08
INE814H07190,Adani Power Ltd.,45000.0,44743.05,1.07,CRISIL AA,SBAF,SBI AMC,2026-08
INE245A08307,Tata Power Company Ltd.,32500.0,32075.36,0.77,CRISIL AA+,SBAF,SBI AMC,2026-08
INE403D08256,Bharti Telecom Ltd.,30000.0,30287.76,0.72,CRISIL AAA,SBAF,SBI AMC,2026-08
INE296A07SV1,Bajaj Finance Ltd.,30000.0,29974.92,0.72,CRISIL AAA,SBAF,SBI AMC,2026-08
INE115A07RF8,LIC Housing Finance Ltd.,30000.0,29954.7,0.72,CRISIL AAA,SBAF,SBI AMC,2026-08
INE936D07190,Jamnagar Utilities & Power Pvt. Ltd.,25000.0,24369.5,0.58,CRISIL AAA,SBAF,SBI AMC,2026-08
INE813H07440,Torrent Power Ltd.,20000.0,20036.92,0.48,CRISIL AA+,SBAF,SBI AMC,2026-08
INE414G07JX2,Muthoot Finance Ltd.,20000.0,19851.5,0.47,CRISIL AA+,SBAF,SBI AMC,2026-08
INE403D08280,Bharti Telecom Ltd.,20000.0,19668.16,0.47,CRISIL AAA,SBAF,SBI AMC,2026-08
INE261F08EP4,National Bank for Agriculture and Rural Development,20000.0,19612.54,0.47,[ICRA]AAA,SBAF,SBI AMC,2026-08
INE726G08022,ICICI Prudential Life Insurance Company Ltd.,19000.0,18976.95,0.45,CRISIL AAA,SBAF,SBI AMC,2026-08
INE403D08264,Bharti Telecom Ltd.,17500.0,17722.46,0.42,CRISIL AAA,SBAF,SBI AMC,2026-08
INE556F08KU4,Small Industries Development Bank of India,17500.0,17448.92,0.42,CRISIL AAA,SBAF,SBI AMC,2026-08
INE685A07157,Torrent Pharmaceuticals Ltd.,16000.0,15886.67,0.38,[ICRA]AA+,SBAF,SBI AMC,2026-08
INE950O07446,Mahindra Rural Housing Finance Ltd.,15000.0,15092.57,0.36,CRISIL AAA,SBAF,SBI AMC,2026-08
INE774D07VQ5,Mahindra & Mahindra Financial Services Ltd.,15000.0,14930.04,0.36,CRISIL AAA,SBAF,SBI AMC,2026-08
INE414G07II5,Muthoot Finance Ltd.,15000.0,14926.44,0.36,CRISIL AA+,SBAF,SBI AMC,2026-08
INE282H07075,Jio Credit Ltd.,15000.0,14883.66,0.36,CRISIL AAA,SBAF,SBI AMC,2026-08
INE507T07153,Summit Digitel Infrastructure Pvt. Ltd.,15000.0,14876.19,0.36,CRISIL AAA,SBAF,SBI AMC,2026-08
INE795G08043,HDFC Life Insurance Company Ltd.,14600.0,14618.86,0.35,[ICRA]AAA,SBAF,SBI AMC,2026-08
INE261F08EF5,National Bank for Agriculture and Rural Development,10000.0,10022.22,0.24,[ICRA]AAA,SBAF,SBI AMC,2026-08
INE261F08EM1,National Bank for Agriculture and Rural Development,10000.0,9978.99,0.24,[ICRA]AAA,SBAF,SBI AMC,2026-08
INE261F08EU4,National Bank for Agriculture and Rural Development,10000.0,9930.92,0.24,CRISIL AAA,SBAF,SBI AMC,2026-08
INE155A08480,Tata Motors Passenger Vehicles Ltd.,10000.0,9861.87,0.24,CRISIL AA+,SBAF,SBI AMC,2026-08
INE414G07JN3,Muthoot Finance Ltd.,9500.0,9474.92,0.23,CRISIL AA+,SBAF,SBI AMC,2026-08
INE414G07IR6,Muthoot Finance Ltd.,8500.0,8510.92,0.2,CRISIL AA+,SBAF,SBI AMC,2026-08
INE163N08289,ONGC Petro Additions Ltd.,7500.0,7517.72,0.18,CRISIL AA+,SBAF,SBI AMC,2026-08
INE115A07RG6,LIC Housing Finance Ltd.,7500.0,7318.96,0.18,CRISIL AAA,SBAF,SBI AMC,2026-08
INE414G07IS4,Muthoot Finance Ltd.,6500.0,6519.51,0.16,CRISIL AA+,SBAF,SBI AMC,2026-08
INE414G07JO1,Muthoot Finance Ltd.,5000.0,4986.89,0.12,CRISIL AA+,SBAF,SBI AMC,2026-08
INE020B08FW6,REC Ltd.,2500.0,2467.41,0.06,[ICRA]AAA,SBAF,SBI AMC,2026-08
INE556F08KX8,Small Industries Development Bank of India,50.0,49.76,,CRISIL AAA,SBAF,SBI AMC,2026-08
INE2QI808033,JSW Kalinga Steel Ltd.,40000.0,41387.44,0.99,CRISIL AA,SBAF,SBI AMC,2026-08
IN0020230135,7.32% CGL 2030,35000000.0,35991.17,0.86,Sovereign,SBAF,SBI AMC,2026-08
IN0020260025,6.94% CGL 2036,35000000.0,34969.97,0.84,Sovereign,SBAF,SBI AMC,2026-08
IN0020250141,6.36% CGL 2031,10000000.0,9911.85,0.24,Sovereign,SBAF,SBI AMC,2026-08
IN0020250067,6.01% CGL 2030,10000000.0,9840.91,0.24,Sovereign,SBAF,SBI AMC,2026-08
IN2120250450,7.56% State Government of Madhya Pradesh 2039,30000000.0,29700.03,0.71,Sovereign,SBAF,SBI AMC,2026-08
IN3120250474,7.52% State Government of Tamil Nadu 2055,30000000.0,29234.4,0.7,Sovereign,SBAF,SBI AMC,2026-08
INE556F16CB4,Small Industries Development Bank of India,3000.0,14532.96,0.35,CRISIL A1+,SBAF,SBI AMC,2026-08
INE040A16IT9,HDFC Bank Ltd.,3000.0,14490.53,0.35,CRISIL A1+,SBAF,SBI AMC,2026-08
INE261F16AH2,National Bank for Agriculture and Rural Development,2000.0,9727.98,0.23,CRISIL A1+,SBAF,SBI AMC,2026-08
INE237AD6174,Kotak Mahindra Bank Ltd.,1000.0,4833.08,0.12,CRISIL A1+,SBAF,SBI AMC,2026-08
IN002025Z484,364 DAY T-BILL 04.03.27,85000000.0,82644.57,1.98,Sovereign,SBAF,SBI AMC,2026-08
IN002025Z435,364 DAY T-BILL 28.01.27,29500000.0,28844.19,0.69,Sovereign,SBAF,SBI AMC,2026-08
IN002026X214,91 DAY T-BILL 27.11.26,20000000.0,19751.92,0.47,Sovereign,SBAF,SBI AMC,2026-08
INE0H7R23014,National Highways Infra Trust,10260.0,17.54,,Transport Infrastructure,SBAF,SBI AMC,2026-08
IN0020160035,6.97% CGL 2026,1250000.0,1250.28,9.48,Sovereign,SFMP- Series 50,SBI AMC,2026-08
IN2920160156,7.38% State Government of Rajasthan 2026,2499900.0,2501.64,18.96,Sovereign,SFMP- Series 50,SBI AMC,2026-08
IN3620160033,7.39% State Government of Uttarakhand 2026,2000000.0,2001.4,15.17,Sovereign,SFMP- Series 50,SBI AMC,2026-08
IN3120160103,7.37% State Government of Tamil Nadu 2026,1500000.0,1501.08,11.38,Sovereign,SFMP- Series 50,SBI AMC,2026-08
IN002025Y503,182 DAY T-BILL 18.09.26,3600000.0,3591.64,27.22,Sovereign,SFMP- Series 50,SBI AMC,2026-08
IN002025Y495,182 DAY T-BILL 10.09.26,500000.0,499.36,3.79,Sovereign,SFMP- Series 50,SBI AMC,2026-08
IN002025Z252,364 DAY T-BILL 17.09.26,500000.0,498.91,3.78,Sovereign,SFMP- Series 50,SBI AMC,2026-08
IN000926C047,GOI 19.09.2026 GOV,800000.0,797.87,6.05,Sovereign,SFMP- Series 50,SBI AMC,2026-08
IN0020160035,6.97% CGL 2026,2400000.0,2400.54,7.41,Sovereign,SFMP- Series 51,SBI AMC,2026-08
IN2120160048,7.16% State Government of Madhya Pradesh 2026,5000000.0,5006.49,15.45,Sovereign,SFMP- Series 51,SBI AMC,2026-08
IN2220160062,7.37% State Government of Maharashtra 2026,3100000.0,3102.23,9.57,Sovereign,SFMP- Series 51,SBI AMC,2026-08
IN3320160226,7.39% State Government of Uttar Pradesh 2026,2000000.0,2001.41,6.18,Sovereign,SFMP- Series 51,SBI AMC,2026-08
IN3120160103,7.37% State Government of Tamil Nadu 2026,1500000.0,1501.08,4.63,Sovereign,SFMP- Series 51,SBI AMC,2026-08
IN2220160070,7.16% State Government of Maharashtra 2026,500000.0,500.67,1.54,Sovereign,SFMP- Series 51,SBI AMC,2026-08
IN002025Z278,364 DAY T-BILL 02.10.26,9500000.0,9459.22,29.19,Sovereign,SFMP- Series 51,SBI AMC,2026-08
IN002026X131,91 DAY T-BILL 01.10.26,4000000.0,3983.27,12.29,Sovereign,SFMP- Series 51,SBI AMC,2026-08
IN002025Y503,182 DAY T-BILL 18.09.26,900000.0,897.91,2.77,Sovereign,SFMP- Series 51,SBI AMC,2026-08
IN000926C047,GOI 19.09.2026 GOV,2100000.0,2094.41,6.46,Sovereign,SFMP- Series 51,SBI AMC,2026-08
IN000926C021,GOI 15.09.2026 GOV,275000.0,274.43,0.85,Sovereign,SFMP- Series 51,SBI AMC,2026-08
IN000926C054,GOI 12.09.2026 GOV,200000.0,199.67,0.62,Sovereign,SFMP- Series 51,SBI AMC,2026-08
IN3120180127,8.72% State Government of Tamil Nadu 2026,5000000.0,5008.24,33.68,Sovereign,SFMP- Series 52,SBI AMC,2026-08
IN4520160107,7.16% State Government of Telangana 2026,1000000.0,1001.78,6.74,Sovereign,SFMP- Series 52,SBI AMC,2026-08
IN3420160068,7.19% State Government of West Bengal 2026,500000.0,500.67,3.37,Sovereign,SFMP- Series 52,SBI AMC,2026-08
IN002026X156,91 DAY T-BILL 15.10.26,4200000.0,4174.28,28.07,Sovereign,SFMP- Series 52,SBI AMC,2026-08
IN002026Y014,182 DAY T-BILL 08.10.26,1800000.0,1790.71,12.04,Sovereign,SFMP- Series 52,SBI AMC,2026-08
IN002025Z286,364 DAY T-BILL 08.10.26,300000.0,298.45,2.01,Sovereign,SFMP- Series 52,SBI AMC,2026-08
IN000926C047,GOI 19.09.2026 GOV,1561000.0,1556.85,10.47,Sovereign,SFMP- Series 52,SBI AMC,2026-08
IN000926C021,GOI 15.09.2026 GOV,130000.0,129.73,0.87,Sovereign,SFMP- Series 52,SBI AMC,2026-08
IN0020160035,6.97% CGL 2026,3000000.0,3000.67,8.94,Sovereign,SFMP- Series 53,SBI AMC,2026-08
IN4520160099,7.39% State Government of Telangana 2026,13000000.0,13009.19,38.78,Sovereign,SFMP- Series 53,SBI AMC,2026-08
IN3420160084,7.25% State Government of West Bengal 2026,4000000.0,4009.91,11.95,Sovereign,SFMP- Series 53,SBI AMC,2026-08
IN2120160055,7.15% State Government of Madhya Pradesh 2026,2500000.0,2504.31,7.47,Sovereign,SFMP- Series 53,SBI AMC,2026-08
IN4520160107,7.16% State Government of Telangana 2026,2000000.0,2003.55,5.97,Sovereign,SFMP- Series 53,SBI AMC,2026-08
IN3120160129,7.23% State Government of Tamil Nadu 2026,1068700.0,1071.39,3.19,Sovereign,SFMP- Series 53,SBI AMC,2026-08
IN1720160010,7.17% State Government of Himachal Pradesh 2026,1000000.0,1001.81,2.99,Sovereign,SFMP- Series 53,SBI AMC,2026-08
IN2220160088,7.15% State Government of Maharashtra 2026,500000.0,500.91,1.49,Sovereign,SFMP- Series 53,SBI AMC,2026-08
IN3720160016,7.25% State Government of Jharkhand 2026,294200.0,294.93,0.88,Sovereign,SFMP- Series 53,SBI AMC,2026-08
IN3120160111,7.14% State Government of Tamil Nadu 2026,260000.0,260.47,0.78,Sovereign,SFMP- Series 53,SBI AMC,2026-08
IN002026X156,91 DAY T-BILL 15.10.26,1300000.0,1292.04,3.85,Sovereign,SFMP- Series 53,SBI AMC,2026-08
IN002026Y014,182 DAY T-BILL 08.10.26,200000.0,198.97,0.59,Sovereign,SFMP- Series 53,SBI AMC,2026-08
IN000926C047,GOI 19.09.2026 GOV,1292500.0,1289.06,3.84,Sovereign,SFMP- Series 53,SBI AMC,2026-08
IN000926C054,GOI 12.09.2026 GOV,588000.0,587.04,1.75,Sovereign,SFMP- Series 53,SBI AMC,2026-08
IN001026C037,GOI 22.10.2026 GOV,500000.0,496.27,1.48,Sovereign,SFMP- Series 53,SBI AMC,2026-08
IN000926C021,GOI 15.09.2026 GOV,475000.0,474.02,1.41,Sovereign,SFMP- Series 53,SBI AMC,2026-08
IN001126C027,GOI 06.11.2026 GOV,225000.0,222.81,0.66,Sovereign,SFMP- Series 53,SBI AMC,2026-08
IN001026C011,GOI 26.10.2026 GOV,150000.0,148.79,0.44,Sovereign,SFMP- Series 53,SBI AMC,2026-08
IN0020160035,6.97% CGL 2026,350000.0,350.08,8.57,Sovereign,SFMP- Series 54,SBI AMC,2026-08
IN0020210186,5.74% CGL 2026,100000.0,100.08,2.45,Sovereign,SFMP- Series 54,SBI AMC,2026-08
IN3320160267,7.41% State Government of Uttar Pradesh 2026,2500000.0,2507.84,61.36,Sovereign,SFMP- Series 54,SBI AMC,2026-08
IN3120190191,7.05% State Government of Tamil Nadu 2026,275000.0,275.82,6.75,Sovereign,SFMP- Series 54,SBI AMC,2026-08
IN2220160104,7.39% State Government of Maharashtra 2026,100000.0,100.32,2.45,Sovereign,SFMP- Series 54,SBI AMC,2026-08
IN002025Z286,364 DAY T-BILL 08.10.26,100000.0,99.48,2.43,Sovereign,SFMP- Series 54,SBI AMC,2026-08
IN000926C047,GOI 19.09.2026 GOV,305000.0,304.19,7.44,Sovereign,SFMP- Series 54,SBI AMC,2026-08
IN001026C037,GOI 22.10.2026 GOV,120000.0,119.1,2.91,Sovereign,SFMP- Series 54,SBI AMC,2026-08
IN000926C021,GOI 15.09.2026 GOV,100000.0,99.79,2.44,Sovereign,SFMP- Series 54,SBI AMC,2026-08
IN0020210186,5.74% CGL 2026,1100000.0,1100.87,3.99,Sovereign,SFMP- Series 55,SBI AMC,2026-08
IN1620160227,7.39% State Government of Haryana 2026,5000000.0,5015.01,18.19,Sovereign,SFMP- Series 55,SBI AMC,2026-08
IN1920160018,7.14% State Government of Karnataka 2026,5000000.0,5009.04,18.17,Sovereign,SFMP- Series 55,SBI AMC,2026-08
IN3620160074,7.42% State Government of Uttarakhand 2026,4000000.0,4012.32,14.55,Sovereign,SFMP- Series 55,SBI AMC,2026-08
IN3120160145,6.84% State Government of Tamil Nadu 2026,2500000.0,2506.66,9.09,Sovereign,SFMP- Series 55,SBI AMC,2026-08
IN2920160198,6.82% State Government of Rajasthan 2026,2500000.0,2506.18,9.09,Sovereign,SFMP- Series 55,SBI AMC,2026-08
IN1920160059,7.08% State Government of Karnataka 2026,500000.0,502.0,1.82,Sovereign,SFMP- Series 55,SBI AMC,2026-08
IN1520160152,7.05% State Government of Gujarat 2026,500000.0,501.96,1.82,Sovereign,SFMP- Series 55,SBI AMC,2026-08
IN1520220154,7.57% State Government of Gujarat 2026,500000.0,501.74,1.82,Sovereign,SFMP- Series 55,SBI AMC,2026-08
IN3420160118,7.10% State Government of West Bengal 2026,105100.0,105.51,0.38,Sovereign,SFMP- Series 55,SBI AMC,2026-08
IN000926C047,GOI 19.09.2026 GOV,2368000.0,2361.7,8.56,Sovereign,SFMP- Series 55,SBI AMC,2026-08
IN001226C058,GOI 15.12.2026 GOV,620000.0,610.32,2.21,Sovereign,SFMP- Series 55,SBI AMC,2026-08
IN001226C041,GOI 12.12.2026 GOV,600000.0,590.9,2.14,Sovereign,SFMP- Series 55,SBI AMC,2026-08
IN000926C021,GOI 15.09.2026 GOV,559900.0,558.74,2.03,Sovereign,SFMP- Series 55,SBI AMC,2026-08
IN000926C054,GOI 12.09.2026 GOV,275000.0,274.55,1.0,Sovereign,SFMP- Series 55,SBI AMC,2026-08
IN001026C011,GOI 26.10.2026 GOV,235000.0,233.11,0.85,Sovereign,SFMP- Series 55,SBI AMC,2026-08
IN001126C027,GOI 06.11.2026 GOV,223800.0,221.62,0.8,Sovereign,SFMP- Series 55,SBI AMC,2026-08
IN001026C037,GOI 22.10.2026 GOV,203200.0,201.68,0.73,Sovereign,SFMP- Series 55,SBI AMC,2026-08
IN001226C082,GOI 01.12.2026 GOV,100000.0,98.65,0.36,Sovereign,SFMP- Series 55,SBI AMC,2026-08
IN0020210186,5.74% CGL 2026,300000.0,300.24,1.08,Sovereign,SFMP- Series 57,SBI AMC,2026-08
IN3620160074,7.42% State Government of Uttarakhand 2026,12500000.0,12538.51,44.91,Sovereign,SFMP- Series 57,SBI AMC,2026-08
IN3120160152,7.07% State Government of Tamil Nadu 2026,1000000.0,1003.98,3.6,Sovereign,SFMP- Series 57,SBI AMC,2026-08
IN1620160235,6.86% State Government of Haryana 2026,1000000.0,1002.53,3.59,Sovereign,SFMP- Series 57,SBI AMC,2026-08
IN1920160059,7.08% State Government of Karnataka 2026,500000.0,502.0,1.8,Sovereign,SFMP- Series 57,SBI AMC,2026-08
IN002025Z385,364 DAY T-BILL 17.12.26,1000000.0,984.7,3.53,Sovereign,SFMP- Series 57,SBI AMC,2026-08
IN002025Z286,364 DAY T-BILL 08.10.26,100000.0,99.48,0.36,Sovereign,SFMP- Series 57,SBI AMC,2026-08
IN001226C033,GOI 17.12.2026 GOV,4551500.0,4479.05,16.04,Sovereign,SFMP- Series 57,SBI AMC,2026-08
IN001226C058,GOI 15.12.2026 GOV,2500000.0,2460.95,8.81,Sovereign,SFMP- Series 57,SBI AMC,2026-08
IN000926C047,GOI 19.09.2026 GOV,1870000.0,1865.03,6.68,Sovereign,SFMP- Series 57,SBI AMC,2026-08
IN001226C090,GOI 19.12.2026 GOV,625000.0,614.87,2.2,Sovereign,SFMP- Series 57,SBI AMC,2026-08
IN001226C041,GOI 12.12.2026 GOV,600000.0,590.9,2.12,Sovereign,SFMP- Series 57,SBI AMC,2026-08
IN001226C082,GOI 01.12.2026 GOV,407100.0,401.59,1.44,Sovereign,SFMP- Series 57,SBI AMC,2026-08
IN000926C054,GOI 12.09.2026 GOV,277000.0,276.55,0.99,Sovereign,SFMP- Series 57,SBI AMC,2026-08
IN000926C021,GOI 15.09.2026 GOV,100000.0,99.79,0.36,Sovereign,SFMP- Series 57,SBI AMC,2026-08
IN001026C037,GOI 22.10.2026 GOV,100000.0,99.25,0.36,Sovereign,SFMP- Series 57,SBI AMC,2026-08
IN001226C074,GOI 16.12.2026 GOV,100000.0,98.42,0.35,Sovereign,SFMP- Series 57,SBI AMC,2026-08
IN0020210186,5.74% CGL 2026,1050000.0,1050.83,3.85,Sovereign,SFMP- Series 58,SBI AMC,2026-08
IN3120160178,7.16% State Government of Tamil Nadu 2027,5000000.0,5021.74,18.41,Sovereign,SFMP- Series 58,SBI AMC,2026-08
IN1920160075,7.15% State Government of Karnataka 2027,4000000.0,4017.25,14.73,Sovereign,SFMP- Series 58,SBI AMC,2026-08
IN1520160178,7.14% State Government of Gujarat 2027,4000000.0,4017.11,14.73,Sovereign,SFMP- Series 58,SBI AMC,2026-08
IN3320160291,7.17% State Government of Uttar Pradesh 2027,2500000.0,2510.41,9.2,Sovereign,SFMP- Series 58,SBI AMC,2026-08
IN2020160130,7.15% State Government of Kerala 2027,2500000.0,2510.0,9.2,Sovereign,SFMP- Series 58,SBI AMC,2026-08
IN2920210407,6.29% State Government of Rajasthan 2026,500000.0,500.98,1.84,Sovereign,SFMP- Series 58,SBI AMC,2026-08
IN2920160222,7.15% State Government of Rajasthan 2027,221100.0,222.01,0.81,Sovereign,SFMP- Series 58,SBI AMC,2026-08
IN001226C074,GOI 16.12.2026 GOV,1503200.0,1479.5,5.42,Sovereign,SFMP- Series 58,SBI AMC,2026-08
IN001226C041,GOI 12.12.2026 GOV,1232500.0,1213.8,4.45,Sovereign,SFMP- Series 58,SBI AMC,2026-08
IN001226C058,GOI 15.12.2026 GOV,1148500.0,1130.56,4.14,Sovereign,SFMP- Series 58,SBI AMC,2026-08
IN001026C037,GOI 22.10.2026 GOV,750000.0,744.4,2.73,Sovereign,SFMP- Series 58,SBI AMC,2026-08
IN001226C033,GOI 17.12.2026 GOV,725000.0,713.46,2.62,Sovereign,SFMP- Series 58,SBI AMC,2026-08
IN001226C082,GOI 01.12.2026 GOV,500000.0,493.23,1.81,Sovereign,SFMP- Series 58,SBI AMC,2026-08
IN000926C047,GOI 19.09.2026 GOV,345000.0,344.08,1.26,Sovereign,SFMP- Series 58,SBI AMC,2026-08
IN001226C090,GOI 19.12.2026 GOV,333000.0,327.6,1.2,Sovereign,SFMP- Series 58,SBI AMC,2026-08
INE020B08EP3,REC Ltd.,81000.0,81058.08,11.46,CRISIL AAA,SCPSE,SBI AMC,2026-08
INE733E07KF5,NTPC Ltd.,5000.0,50015.5,7.07,CRISIL AAA,SCPSE,SBI AMC,2026-08
INE556F08KI9,Small Industries Development Bank of India,32500.0,32501.85,4.59,CRISIL AAA,SCPSE,SBI AMC,2026-08
INE134E08MK0,Power Finance Corporation Ltd.,17000.0,17007.48,2.4,CRISIL AAA,SCPSE,SBI AMC,2026-08
INE514E08FG5,Export-Import Bank of India,1500.0,15000.0,2.12,CRISIL AAA,SCPSE,SBI AMC,2026-08
INE556F08KJ7,Small Industries Development Bank of India,7500.0,7502.78,1.06,CRISIL AAA,SCPSE,SBI AMC,2026-08
INE134E08IK8,Power Finance Corporation Ltd.,750.0,7502.19,1.06,CRISIL AAA,SCPSE,SBI AMC,2026-08
INE134E08LS5,Power Finance Corporation Ltd.,350.0,3500.27,0.49,CRISIL AAA,SCPSE,SBI AMC,2026-08
INE134E08DU8,Power Finance Corporation Ltd.,204.0,2040.0,0.29,CRISIL AAA,SCPSE,SBI AMC,2026-08
INE848E07AL0,NHPC Ltd.,50.0,500.15,0.07,[ICRA]AAA,SCPSE,SBI AMC,2026-08
IN1520220097,7.49% State Government of Gujarat 2026,39000000.0,39061.85,5.52,Sovereign,SCPSE,SBI AMC,2026-08
IN2220160070,7.16% State Government of Maharashtra 2026,32500000.0,32543.71,4.6,Sovereign,SCPSE,SBI AMC,2026-08
IN1620160185,7.35% State Government of Haryana 2026,19500000.0,19513.47,2.76,Sovereign,SCPSE,SBI AMC,2026-08
IN3120180127,8.72% State Government of Tamil Nadu 2026,19190700.0,19222.33,2.72,Sovereign,SCPSE,SBI AMC,2026-08
IN1620160193,7.18% State Government of Haryana 2026,16500000.0,16521.75,2.34,Sovereign,SCPSE,SBI AMC,2026-08
IN2220160062,7.37% State Government of Maharashtra 2026,16467400.0,16479.22,2.33,Sovereign,SCPSE,SBI AMC,2026-08
IN2920160156,7.38% State Government of Rajasthan 2026,10000000.0,10006.98,1.41,Sovereign,SCPSE,SBI AMC,2026-08
IN2120160030,7.38% State Government of Madhya Pradesh 2026,7856600.0,7862.08,1.11,Sovereign,SCPSE,SBI AMC,2026-08
IN3320160234,7.19% State Government of Uttar Pradesh 2026,7200000.0,7209.58,1.02,Sovereign,SCPSE,SBI AMC,2026-08
IN3120160103,7.37% State Government of Tamil Nadu 2026,7000000.0,7005.03,0.99,Sovereign,SCPSE,SBI AMC,2026-08
IN3420160068,7.19% State Government of West Bengal 2026,5000000.0,5006.67,0.71,Sovereign,SCPSE,SBI AMC,2026-08
IN3320160226,7.39% State Government of Uttar Pradesh 2026,5000000.0,5003.54,0.71,Sovereign,SCPSE,SBI AMC,2026-08
IN2920160164,7.17% State Government of Rajasthan 2026,3500000.0,3504.56,0.5,Sovereign,SCPSE,SBI AMC,2026-08
IN2120160048,7.16% State Government of Madhya Pradesh 2026,3000000.0,3003.89,0.42,Sovereign,SCPSE,SBI AMC,2026-08
IN3620160033,7.39% State Government of Uttarakhand 2026,3000000.0,3002.1,0.42,Sovereign,SCPSE,SBI AMC,2026-08
IN4520160099,7.39% State Government of Telangana 2026,2500000.0,2501.77,0.35,Sovereign,SCPSE,SBI AMC,2026-08
IN2120210025,5.99% State Government of Madhya Pradesh 2026,2000000.0,2000.0,0.28,Sovereign,SCPSE,SBI AMC,2026-08
IN2620160035,7.49% State Government of Nagaland 2026,1500000.0,1501.14,0.21,Sovereign,SCPSE,SBI AMC,2026-08
IN2320160046,7.48% State Government of Manipur 2026,1500000.0,1501.11,0.21,Sovereign,SCPSE,SBI AMC,2026-08
IN0020210186,5.74% CGL 2026,1000000.0,1000.79,3.72,Sovereign,SFMP- Series 60,SBI AMC,2026-08
IN1920160117,7.86% State Government of Karnataka 2027,7500000.0,7576.82,28.13,Sovereign,SFMP- Series 60,SBI AMC,2026-08
IN1020160454,7.88% State Government of Andhra Pradesh 2027,5000000.0,5049.43,18.75,Sovereign,SFMP- Series 60,SBI AMC,2026-08
IN1020160462,7.62% State Government of Andhra Pradesh 2027,2000000.0,2018.21,7.49,Sovereign,SFMP- Series 60,SBI AMC,2026-08
IN3120161424,7.62% State Government of Tamil Nadu 2027,1000000.0,1009.6,3.75,Sovereign,SFMP- Series 60,SBI AMC,2026-08
IN2920160446,7.61% State Government of Rajasthan 2027,1000000.0,1009.23,3.75,Sovereign,SFMP- Series 60,SBI AMC,2026-08
IN1920160109,7.75% State Government of Karnataka 2027,1000000.0,1009.02,3.75,Sovereign,SFMP- Series 60,SBI AMC,2026-08
IN001226C058,GOI 15.12.2026 GOV,2097000.0,2064.24,7.66,Sovereign,SFMP- Series 60,SBI AMC,2026-08
IN000327C048,GOI 19.03.2027 GOV,2026900.0,1965.17,7.3,Sovereign,SFMP- Series 60,SBI AMC,2026-08
IN000227C024,GOI 22.02.2027 GOV,1675000.0,1630.82,6.05,Sovereign,SFMP- Series 60,SBI AMC,2026-08
IN001226C090,GOI 19.12.2026 GOV,720000.0,708.33,2.63,Sovereign,SFMP- Series 60,SBI AMC,2026-08
IN001026C037,GOI 22.10.2026 GOV,527600.0,523.66,1.94,Sovereign,SFMP- Series 60,SBI AMC,2026-08
IN001226C041,GOI 12.12.2026 GOV,300000.0,295.45,1.1,Sovereign,SFMP- Series 60,SBI AMC,2026-08
IN001226C074,GOI 16.12.2026 GOV,171900.0,169.19,0.63,Sovereign,SFMP- Series 60,SBI AMC,2026-08
IN000327C055,GOI 12.03.2027 GOV,170000.0,165.01,0.61,Sovereign,SFMP- Series 60,SBI AMC,2026-08
INE090A01021,ICICI Bank Ltd.,7000000.0,101780.0,4.15,Banks,SMCF,SBI AMC,2026-08
INE423A01024,Adani Enterprises Ltd.,2947756.0,84279.29,3.44,Metals & Minerals Trading,SMCF,SBI AMC,2026-08
INE814H01029,Adani Power Ltd.,42000000.0,83160.0,3.39,Power,SMCF,SBI AMC,2026-08
INE930H01031,K.P.R. Mill Ltd.,7000000.0,82432.0,3.36,Textiles & Apparels,SMCF,SBI AMC,2026-08
INE361B01024,Divi's Laboratories Ltd.,850000.0,80469.5,3.28,Pharmaceuticals & Biotechnology,SMCF,SBI AMC,2026-08
INE040A01034,HDFC Bank Ltd.,10000000.0,70900.0,2.89,Banks,SMCF,SBI AMC,2026-08
INE237A01036,Kotak Mahindra Bank Ltd.,15000000.0,62910.0,2.57,Banks,SMCF,SBI AMC,2026-08
INE0BWX01014,Aether Industries Ltd.,3600000.0,60886.8,2.48,Chemicals & Petrochemicals,SMCF,SBI AMC,2026-08
INE682M01020,Jupiter Life Line Hospitals Ltd.,20000000.0,59120.0,2.41,Healthcare Services,SMCF,SBI AMC,2026-08
INE088F01024,Paradeep Phosphates Ltd.,35000000.0,56014.0,2.28,Fertilizers & Agrochemicals,SMCF,SBI AMC,2026-08
INE463A01038,Berger Paints India Ltd.,11000000.0,54752.5,2.23,Consumer Durables,SMCF,SBI AMC,2026-08
INE797F01020,Jubilant Foodworks Ltd.,11000000.0,54560.0,2.22,Leisure Services,SMCF,SBI AMC,2026-08
INE021A01026,Asian Paints Ltd.,2000000.0,53072.0,2.16,Consumer Durables,SMCF,SBI AMC,2026-08
INE285A01027,Elgi Equipments Ltd.,8000000.0,50188.0,2.05,Industrial Products,SMCF,SBI AMC,2026-08
INE956O01016,Lenskart Solutions Ltd.,7500000.0,49680.0,2.03,Retailing,SMCF,SBI AMC,2026-08
INE967H01025,Krishna Institute of Medical Sciences Ltd.,6500000.0,49107.5,2.0,Healthcare Services,SMCF,SBI AMC,2026-08
INE813H01021,Torrent Power Ltd.,4000000.0,48604.0,1.98,Power,SMCF,SBI AMC,2026-08
INE376G01013,Biocon Ltd.,11023314.0,45416.05,1.85,Pharmaceuticals & Biotechnology,SMCF,SBI AMC,2026-08
INE591G01025,Coforge Ltd.,2120600.0,42100.27,1.72,IT - Software,SMCF,SBI AMC,2026-08
INE491J01022,ASK Automotive Ltd.,6308563.0,41630.21,1.7,Auto Components,SMCF,SBI AMC,2026-08
INE220B01022,Kalpataru Projects International Ltd.,2949566.0,41320.47,1.68,Construction,SMCF,SBI AMC,2026-08
INE073K01018,Sona Blw Precision Forgings Ltd.,5000000.0,40652.5,1.66,Auto Components,SMCF,SBI AMC,2026-08
INE01NH01023,Dhoot Transmission Ltd.,2650161.0,39079.27,1.59,Auto Components,SMCF,SBI AMC,2026-08
INE120A01034,Carborundum Universal Ltd.,3508647.0,38826.69,1.58,Industrial Products,SMCF,SBI AMC,2026-08
INE686F01025,United Breweries Ltd.,2900000.0,37946.5,1.55,Beverages,SMCF,SBI AMC,2026-08
INE472A01039,Blue Star Ltd.,2510000.0,36741.38,1.5,Consumer Durables,SMCF,SBI AMC,2026-08
INE171A01029,The Federal Bank Ltd.,10000000.0,35670.0,1.45,Banks,SMCF,SBI AMC,2026-08
INE585B01010,Maruti Suzuki India Ltd.,260000.0,35222.2,1.44,Automobiles,SMCF,SBI AMC,2026-08
INE665J01013,V-Mart Retail Ltd.,4000000.0,33898.0,1.38,Retailing,SMCF,SBI AMC,2026-08
INE238A01034,Axis Bank Ltd.,2600000.0,33800.0,1.38,Banks,SMCF,SBI AMC,2026-08
INE00R701025,Dalmia Bharat Ltd.,1711126.0,31761.92,1.3,Cement & Cement Products,SMCF,SBI AMC,2026-08
INE230A01023,EIH Ltd.,11000000.0,31053.0,1.27,Leisure Services,SMCF,SBI AMC,2026-08
INE501A01019,Deepak Fertilizers and Petrochemicals Corporation Ltd.,2197219.0,30914.87,1.26,Chemicals & Petrochemicals,SMCF,SBI AMC,2026-08
INE758T01015,Eternal Ltd.,9200000.0,30185.2,1.23,Retailing,SMCF,SBI AMC,2026-08
INE506V01022,Rubicon Research Ltd.,1648216.0,29990.94,1.22,Pharmaceuticals & Biotechnology,SMCF,SBI AMC,2026-08
INE01EA01019,Vishal Mega Mart Ltd.,27000000.0,29872.8,1.22,Retailing,SMCF,SBI AMC,2026-08
INE019A01038,JSW Steel Ltd.,2227500.0,29129.02,1.19,Ferrous Metals,SMCF,SBI AMC,2026-08
INE414G01012,Muthoot Finance Ltd.,950000.0,28291.95,1.15,Finance,SMCF,SBI AMC,2026-08
INE690A01028,TTK Prestige Ltd.,4790680.0,27967.99,1.14,Consumer Durables,SMCF,SBI AMC,2026-08
INE388Y01029,FSN E-Commerce Ventures Ltd.,8000000.0,27964.0,1.14,Retailing,SMCF,SBI AMC,2026-08
INE761H01022,Page Industries Ltd.,77000.0,27566.0,1.12,Textiles & Apparels,SMCF,SBI AMC,2026-08
INE0V6F01027,Hyundai Motor India Ltd.,1250000.0,27562.5,1.12,Automobiles,SMCF,SBI AMC,2026-08
INE951I01027,V-Guard Industries Ltd.,7931704.0,27471.46,1.12,Consumer Durables,SMCF,SBI AMC,2026-08
INE852O01025,Aptus Value Housing Finance India Ltd.,10675139.0,26565.08,1.08,Finance,SMCF,SBI AMC,2026-08
INE118H01025,BSE Ltd.,800000.0,26256.0,1.07,Capital Markets,SMCF,SBI AMC,2026-08
INE494B01023,TVS Motor Company Ltd.,600000.0,26047.8,1.06,Automobiles,SMCF,SBI AMC,2026-08
INE048G01026,Navin Fluorine International Ltd.,300000.0,26026.5,1.06,Chemicals & Petrochemicals,SMCF,SBI AMC,2026-08
INE00H001014,Swiggy Ltd.,9000000.0,25371.0,1.03,Retailing,SMCF,SBI AMC,2026-08
INE718I01012,JSW Cement Ltd.,20000000.0,25204.0,1.03,Cement & Cement Products,SMCF,SBI AMC,2026-08
INE298J01013,Nippon Life India Asset Management Ltd.,2117711.0,24825.93,1.01,Capital Markets,SMCF,SBI AMC,2026-08
INE323A01026,Bosch Ltd.,49128.0,24564.0,1.0,Auto Components,SMCF,SBI AMC,2026-08
INE081A01020,Tata Steel Ltd.,13000000.0,23965.5,0.98,Ferrous Metals,SMCF,SBI AMC,2026-08
INE009A01021,Infosys Ltd.,2100000.0,23809.8,0.97,IT - Software,SMCF,SBI AMC,2026-08
INE047A01021,Grasim Industries Ltd.,700000.0,23597.0,0.96,Cement & Cement Products,SMCF,SBI AMC,2026-08
INE484J01027,Godrej Properties Ltd.,1000000.0,20147.0,0.82,Realty,SMCF,SBI AMC,2026-08
INE121R01077,Amagi Media Labs Ltd.,3160000.0,17933.0,0.73,IT - Services,SMCF,SBI AMC,2026-08
INE200M01039,Varun Beverages Ltd.,4100000.0,16418.45,0.67,Beverages,SMCF,SBI AMC,2026-08
INE121E01018,JSW Energy Ltd.,3066667.0,15958.94,0.65,Power,SMCF,SBI AMC,2026-08
INE00LO01017,Craftsman Automation Ltd.,137931.0,15446.2,0.63,Auto Components,SMCF,SBI AMC,2026-08
INE070A01015,Shree Cement Ltd.,57982.0,13451.82,0.55,Cement & Cement Products,SMCF,SBI AMC,2026-08
INE674K01013,Aditya Birla Capital Ltd.,3000000.0,12282.0,0.5,Finance,SMCF,SBI AMC,2026-08
INE02YR01019,Electronics Mart India Ltd.,6500000.0,11739.65,0.48,Retailing,SMCF,SBI AMC,2026-08
INE085J01014,Thangamayil Jewellery Ltd.,183777.0,9946.01,0.41,Consumer Durables,SMCF,SBI AMC,2026-08
INE262H01021,Persistent Systems Ltd.,170000.0,9510.65,0.39,IT - Software,SMCF,SBI AMC,2026-08
INE128X01021,Archean Chemical Industries Ltd.,1916354.0,9302.94,0.38,Chemicals & Petrochemicals,SMCF,SBI AMC,2026-08
INE054A01027,VIP Industries Ltd.,3031256.0,9290.8,0.38,Consumer Durables,SMCF,SBI AMC,2026-08
INE03NU01014,Brigade Hotel Ventures Ltd.,7610604.0,4472.75,0.18,Leisure Services,SMCF,SBI AMC,2026-08
INE438K01021,Sai Silks (Kalamandir) Ltd.,3367072.0,2890.29,0.12,Retailing,SMCF,SBI AMC,2026-08
IN002025Z344,364 DAY T-BILL 19.11.26,2000000.0,1977.49,0.08,Sovereign,SMCF,SBI AMC,2026-08
IN0020210186,5.74% CGL 2026,950000.0,950.75,2.6,Sovereign,SFMP- Series 61,SBI AMC,2026-08
IN0020220037,7.38% CGL 2027,500000.0,506.13,1.39,Sovereign,SFMP- Series 61,SBI AMC,2026-08
IN2920170023,7.23% State Government of Rajasthan 2027,5000000.0,5044.67,13.81,Sovereign,SFMP- Series 61,SBI AMC,2026-08
IN3120170037,7.52% State Government of Tamil Nadu 2027,3500000.0,3538.18,9.69,Sovereign,SFMP- Series 61,SBI AMC,2026-08
IN1620170028,7.26% State Government of Haryana 2027,3500000.0,3533.48,9.68,Sovereign,SFMP- Series 61,SBI AMC,2026-08
IN3120170052,7.24% State Government of Tamil Nadu 2027,3000000.0,3029.93,8.3,Sovereign,SFMP- Series 61,SBI AMC,2026-08
IN1520170045,7.52% State Government of Gujarat 2027,2500000.0,2527.27,6.92,Sovereign,SFMP- Series 61,SBI AMC,2026-08
IN2220170020,7.51% State Government of Maharashtra 2027,1180000.0,1192.79,3.27,Sovereign,SFMP- Series 61,SBI AMC,2026-08
IN3320170043,7.52% State Government of Uttar Pradesh 2027,1000000.0,1010.43,2.77,Sovereign,SFMP- Series 61,SBI AMC,2026-08
IN3720170015,7.27% State Government of Jharkhand 2027,1000000.0,1009.7,2.76,Sovereign,SFMP- Series 61,SBI AMC,2026-08
IN1020180098,8.34% State Government of Andhra Pradesh 2027,500000.0,508.25,1.39,Sovereign,SFMP- Series 61,SBI AMC,2026-08
IN3120170045,7.23% State Government of Tamil Nadu 2027,500000.0,504.71,1.38,Sovereign,SFMP- Series 61,SBI AMC,2026-08
IN1520170052,7.20% State Government of Gujarat 2027,500000.0,504.6,1.38,Sovereign,SFMP- Series 61,SBI AMC,2026-08
IN000227C024,GOI 22.02.2027 GOV,4878400.0,4749.71,13.01,Sovereign,SFMP- Series 61,SBI AMC,2026-08
IN000427C046,GOI 15.04.2027 GOV,1500000.0,1447.5,3.96,Sovereign,SFMP- Series 61,SBI AMC,2026-08
IN000627C041,GOI 12.06.2027 GOV,1257500.0,1202.39,3.29,Sovereign,SFMP- Series 61,SBI AMC,2026-08
IN000627C074,GOI 16.06.2027 GOV,872300.0,833.53,2.28,Sovereign,SFMP- Series 61,SBI AMC,2026-08
IN000327C055,GOI 12.03.2027 GOV,797600.0,774.17,2.12,Sovereign,SFMP- Series 61,SBI AMC,2026-08
IN000627C058,GOI 15.06.2027 GOV,753000.0,719.65,1.97,Sovereign,SFMP- Series 61,SBI AMC,2026-08
IN000427C038,GOI 22.04.2027 GOV,613200.0,591.06,1.62,Sovereign,SFMP- Series 61,SBI AMC,2026-08
IN000327C048,GOI 19.03.2027 GOV,550000.0,533.25,1.46,Sovereign,SFMP- Series 61,SBI AMC,2026-08
IN001226C066,GOI 23.12.2026 GOV,500000.0,491.6,1.35,Sovereign,SFMP- Series 61,SBI AMC,2026-08
IN001026C037,GOI 22.10.2026 GOV,350000.0,347.39,0.95,Sovereign,SFMP- Series 61,SBI AMC,2026-08
IN000627C090,GOI 19.06.2027 GOV,192000.0,183.38,0.5,Sovereign,SFMP- Series 61,SBI AMC,2026-08
INE118H01025,BSE Ltd.,123569.0,4055.53,3.14,Capital Markets,SNM150IF,SBI AMC,2026-08
INE171A01029,The Federal Bank Ltd.,744145.0,2654.37,2.05,Banks,SNM150IF,SBI AMC,2026-08
INE745G01043,Multi Commodity Exchange of India Ltd.,77142.0,2622.83,2.03,Capital Markets,SNM150IF,SBI AMC,2026-08
INE947Q01028,Laurus Labs Ltd.,117655.0,2253.09,1.74,Pharmaceuticals & Biotechnology,SNM150IF,SBI AMC,2026-08
INE982J01020,One 97 Communications Ltd.,127312.0,2186.07,1.69,Financial Technology (Fintech),SNM150IF,SBI AMC,2026-08
INE158A01026,Hero MotoCorp Ltd.,39257.0,2139.51,1.66,Automobiles,SNM150IF,SBI AMC,2026-08
INE591G01025,Coforge Ltd.,105242.0,2089.37,1.62,IT - Software,SNM150IF,SBI AMC,2026-08
INE095A01012,IndusInd Bank Ltd.,199171.0,2024.77,1.57,Banks,SNM150IF,SBI AMC,2026-08
INE417T01026,PB Fintech Ltd.,104641.0,1962.02,1.52,Financial Technology (Fintech),SNM150IF,SBI AMC,2026-08
INE257A01026,Bharat Heavy Electricals Ltd.,440814.0,1951.26,1.51,Electrical Equipment,SNM150IF,SBI AMC,2026-08
INE935N01020,Dixon Technologies (India) Ltd.,12546.0,1863.08,1.44,Consumer Durables,SNM150IF,SBI AMC,2026-08
INE949L01017,AU Small Finance Bank Ltd.,171214.0,1859.73,1.44,Banks,SNM150IF,SBI AMC,2026-08
INE262H01021,Persistent Systems Ltd.,32861.0,1838.41,1.42,IT - Software,SNM150IF,SBI AMC,2026-08
INE040H01021,Suzlon Energy Ltd.,3672269.0,1745.06,1.35,Electrical Equipment,SNM150IF,SBI AMC,2026-08
INE092T01019,IDFC First Bank Ltd.,2006319.0,1724.83,1.33,Banks,SNM150IF,SBI AMC,2026-08
INE465A01025,Bharat Forge Ltd.,80602.0,1696.59,1.31,Auto Components,SNM150IF,SBI AMC,2026-08
INE200A01026,GE Vernova T&D India Ltd.,37470.0,1665.62,1.29,Electrical Equipment,SNM150IF,SBI AMC,2026-08
INE326A01037,Lupin Ltd.,73436.0,1607.07,1.24,Pharmaceuticals & Biotechnology,SNM150IF,SBI AMC,2026-08
INE0J1Y01017,Life Insurance Corporation of India,383235.0,1601.92,1.24,Insurance,SNM150IF,SBI AMC,2026-08
INE455K01017,Polycab India Ltd.,16171.0,1527.35,1.18,Industrial Products,SNM150IF,SBI AMC,2026-08
INE663F01032,Info Edge (India) Ltd.,115782.0,1520.22,1.18,Retailing,SNM150IF,SBI AMC,2026-08
INE208A01029,Ashok Leyland Ltd.,865258.0,1519.74,1.18,"Agricultural, Commercial & Construction Vehicles",SNM150IF,SBI AMC,2026-08
INE121J01017,Indus Towers Ltd.,389625.0,1514.86,1.17,Telecom - Services,SNM150IF,SBI AMC,2026-08
INE388Y01029,FSN E-Commerce Ventures Ltd.,413140.0,1444.13,1.12,Retailing,SNM150IF,SBI AMC,2026-08
INE406A01037,Aurobindo Pharma Ltd.,83701.0,1437.15,1.11,Pharmaceuticals & Biotechnology,SNM150IF,SBI AMC,2026-08
INE061F01013,Fortis Healthcare Ltd.,157583.0,1429.12,1.11,Healthcare Services,SNM150IF,SBI AMC,2026-08
INE196A01026,Marico Ltd.,160065.0,1312.53,1.02,Agricultural Food & other Products,SNM150IF,SBI AMC,2026-08
INE07Y701011,Hitachi Energy India Ltd.,3847.0,1298.75,1.0,Electrical Equipment,SNM150IF,SBI AMC,2026-08
INE180A01020,Max Financial Services Ltd.,80206.0,1261.72,0.98,Insurance,SNM150IF,SBI AMC,2026-08
INE702C01027,APL Apollo Tubes Ltd.,55046.0,1223.89,0.95,Industrial Products,SNM150IF,SBI AMC,2026-08
INE528G01035,Yes Bank Ltd.,5311515.0,1212.62,0.94,Banks,SNM150IF,SBI AMC,2026-08
INE00H001014,Swiggy Ltd.,429184.0,1209.87,0.94,Retailing,SNM150IF,SBI AMC,2026-08
INE669E01016,Vodafone Idea Ltd.,8325177.0,1193.0,0.92,Telecom - Services,SNM150IF,SBI AMC,2026-08
INE765G01017,ICICI Lombard General Insurance Company Ltd.,73489.0,1151.5,0.89,Insurance,SNM150IF,SBI AMC,2026-08
INE935A01035,Glenmark Pharmaceuticals Ltd.,45532.0,1129.19,0.87,Pharmaceuticals & Biotechnology,SNM150IF,SBI AMC,2026-08
INE647A01010,SRF Ltd.,43917.0,1124.45,0.87,Chemicals & Petrochemicals,SNM150IF,SBI AMC,2026-08
INE211B01039,The Phoenix Mills Ltd.,56453.0,1072.61,0.83,Realty,SNM150IF,SBI AMC,2026-08
INE878B01027,KEI Industries Ltd.,18634.0,1069.65,0.83,Industrial Products,SNM150IF,SBI AMC,2026-08
INE944F01028,Radico Khaitan Ltd.,23688.0,1062.41,0.82,Beverages,SNM150IF,SBI AMC,2026-08
INE094A01015,Hindustan Petroleum Corporation Ltd.,290389.0,1062.1,0.82,Petroleum Products,SNM150IF,SBI AMC,2026-08
INE139A01034,National Aluminium Company Ltd.,271172.0,1034.52,0.8,Non - Ferrous Metals,SNM150IF,SBI AMC,2026-08
INE674K01013,Aditya Birla Capital Ltd.,249001.0,1019.41,0.79,Finance,SNM150IF,SBI AMC,2026-08
INE776C01039,GMR Airports Ltd.,1076282.0,1007.72,0.78,Transport Infrastructure,SNM150IF,SBI AMC,2026-08
INE356A01018,Mphasis Ltd.,40028.0,971.64,0.75,IT - Software,SNM150IF,SBI AMC,2026-08
INE121E01018,JSW Energy Ltd.,185352.0,964.57,0.75,Power,SNM150IF,SBI AMC,2026-08
INE562A01011,Indian Bank,106697.0,958.94,0.74,Banks,SNM150IF,SBI AMC,2026-08
INE628A01036,UPL Ltd.,169584.0,953.49,0.74,Fertilizers & Agrochemicals,SNM150IF,SBI AMC,2026-08
INE176B01034,Havells India Ltd.,76210.0,948.13,0.73,Consumer Durables,SNM150IF,SBI AMC,2026-08
INE660A01013,Sundaram Finance Ltd.,20825.0,945.46,0.73,Finance,SNM150IF,SBI AMC,2026-08
INE540L01014,Alkem Laboratories Ltd.,17695.0,943.06,0.73,Pharmaceuticals & Biotechnology,SNM150IF,SBI AMC,2026-08
INE01EA01019,Vishal Mega Mart Ltd.,841527.0,931.07,0.72,Retailing,SNM150IF,SBI AMC,2026-08
INE584A01023,NMDC Ltd.,1045181.0,921.85,0.71,Minerals & Mining,SNM150IF,SBI AMC,2026-08
INE466L01038,360 ONE WAM Ltd.,78357.0,920.69,0.71,Capital Markets,SNM150IF,SBI AMC,2026-08
INE372A01015,Apar Industries Ltd.,5110.0,904.57,0.7,Electrical Equipment,SNM150IF,SBI AMC,2026-08
INE881D01027,Oracle Financial Services Software Ltd.,7212.0,904.38,0.7,IT - Software,SNM150IF,SBI AMC,2026-08
INE974X01010,Tube Investments of India Ltd.,32309.0,898.19,0.7,Auto Components,SNM150IF,SBI AMC,2026-08
INE376G01013,Biocon Ltd.,215743.0,888.86,0.69,Pharmaceuticals & Biotechnology,SNM150IF,SBI AMC,2026-08
INE848E01016,NHPC Ltd.,1137977.0,873.06,0.68,Power,SNM150IF,SBI AMC,2026-08
INE114A01011,Steel Authority of India Ltd.,437165.0,852.47,0.66,Ferrous Metals,SNM150IF,SBI AMC,2026-08
INE811K01011,Prestige Estates Projects Ltd.,51009.0,832.98,0.64,Realty,SNM150IF,SBI AMC,2026-08
INE571A01038,IPCA Laboratories Ltd.,42005.0,829.56,0.64,Pharmaceuticals & Biotechnology,SNM150IF,SBI AMC,2026-08
INE634S01028,Mankind Pharma Ltd.,34236.0,828.24,0.64,Pharmaceuticals & Biotechnology,SNM150IF,SBI AMC,2026-08
INE498L01015,L&T Finance Ltd.,257986.0,828.14,0.64,Finance,SNM150IF,SBI AMC,2026-08
INE484J01027,Godrej Properties Ltd.,40897.0,823.95,0.64,Realty,SNM150IF,SBI AMC,2026-08
INE226A01021,Voltas Ltd.,68948.0,823.51,0.64,Consumer Durables,SNM150IF,SBI AMC,2026-08
INE883A01011,MRF Ltd.,614.0,821.19,0.64,Auto Components,SNM150IF,SBI AMC,2026-08
INE274J01014,Oil India Ltd.,164927.0,796.84,0.62,Oil,SNM150IF,SBI AMC,2026-08
INE259A01022,Colgate Palmolive (India) Ltd.,39771.0,754.69,0.58,Personal Products,SNM150IF,SBI AMC,2026-08
INE377N01017,Waaree Energies Ltd.,28946.0,754.04,0.58,Electrical Equipment,SNM150IF,SBI AMC,2026-08
INE774D01024,Mahindra & Mahindra Financial Services Ltd.,200080.0,746.3,0.58,Finance,SNM150IF,SBI AMC,2026-08
INE281B01032,Lloyds Metals And Energy Ltd.,39354.0,706.25,0.55,Minerals & Mining,SNM150IF,SBI AMC,2026-08
INE405E01023,UNO Minda Ltd.,55003.0,701.84,0.54,Auto Components,SNM150IF,SBI AMC,2026-08
INE813H01021,Torrent Power Ltd.,57498.0,698.66,0.54,Power,SNM150IF,SBI AMC,2026-08
INE303R01014,Kalyan Jewellers India Ltd.,116196.0,698.34,0.54,Consumer Durables,SNM150IF,SBI AMC,2026-08
INE195A01028,Supreme Industries Ltd.,19474.0,693.08,0.54,Industrial Products,SNM150IF,SBI AMC,2026-08
INE169A01031,Coromandel International Ltd.,36151.0,689.0,0.53,Fertilizers & Agrochemicals,SNM150IF,SBI AMC,2026-08
INE761H01022,Page Industries Ltd.,1907.0,682.71,0.53,Textiles & Apparels,SNM150IF,SBI AMC,2026-08
INE347G01014,Petronet LNG Ltd.,226602.0,681.17,0.53,Gas,SNM150IF,SBI AMC,2026-08
INE016A01026,Dabur India Ltd.,178559.0,680.31,0.53,Personal Products,SNM150IF,SBI AMC,2026-08
INE956O01016,Lenskart Solutions Ltd.,101377.0,671.52,0.52,Retailing,SNM150IF,SBI AMC,2026-08
INE220G01021,Jindal Stainless Ltd.,94709.0,665.0,0.51,Ferrous Metals,SNM150IF,SBI AMC,2026-08
INE093I01010,Oberoi Realty Ltd.,35594.0,664.9,0.51,Realty,SNM150IF,SBI AMC,2026-08
INE823G01014,JK Cement Ltd.,12656.0,649.63,0.5,Cement & Cement Products,SNM150IF,SBI AMC,2026-08
INE298J01013,Nippon Life India Asset Management Ltd.,54216.0,635.57,0.49,Capital Markets,SNM150IF,SBI AMC,2026-08
INE726G01019,ICICI Prudential Life Insurance Company Ltd.,119437.0,617.55,0.48,Insurance,SNM150IF,SBI AMC,2026-08
INE880J01026,JSW Infrastructure Ltd.,180422.0,613.43,0.47,Transport Infrastructure,SNM150IF,SBI AMC,2026-08
INE151A01013,Tata Communications Ltd.,35515.0,612.07,0.47,Telecom - Services,SNM150IF,SBI AMC,2026-08
INE302A01020,Exide Industries Ltd.,137575.0,605.67,0.47,Auto Components,SNM150IF,SBI AMC,2026-08
INE09N301011,Gujarat Fluorochemicals Ltd.,12751.0,598.47,0.46,Chemicals & Petrochemicals,SNM150IF,SBI AMC,2026-08
INE797F01020,Jubilant Foodworks Ltd.,118361.0,587.07,0.45,Leisure Services,SNM150IF,SBI AMC,2026-08
INE603J01030,PI Industries Ltd.,24499.0,580.63,0.45,Fertilizers & Agrochemicals,SNM150IF,SBI AMC,2026-08
INE018E01016,SBI Cards & Payment Services Ltd.,89674.0,578.17,0.45,Finance,SNM150IF,SBI AMC,2026-08
INE472A01039,Blue Star Ltd.,39236.0,574.34,0.44,Consumer Durables,SNM150IF,SBI AMC,2026-08
INE006I01046,Astral Ltd.,36985.0,562.99,0.44,Industrial Products,SNM150IF,SBI AMC,2026-08
INE787D01026,Balkrishna Industries Ltd.,24295.0,553.73,0.43,Auto Components,SNM150IF,SBI AMC,2026-08
INE379A01028,ITC Hotels Ltd.,338849.0,542.46,0.42,Leisure Services,SNM150IF,SBI AMC,2026-08
INE111A01025,Container Corporation of India Ltd.,104393.0,534.39,0.41,Transport Services,SNM150IF,SBI AMC,2026-08
INE324D01010,LG Electronics India Ltd.,30875.0,524.2,0.41,Consumer Durables,SNM150IF,SBI AMC,2026-08
INE399L01023,Adani Total Gas Ltd.,83885.0,521.09,0.4,Gas,SNM150IF,SBI AMC,2026-08
INE084A01016,Bank of India,367468.0,520.3,0.4,Banks,SNM150IF,SBI AMC,2026-08
INE457A01014,Bank of Maharashtra,615728.0,505.33,0.39,Banks,SNM150IF,SBI AMC,2026-08
INE212H01026,AIA Engineering Ltd.,11741.0,499.87,0.39,Industrial Products,SNM150IF,SBI AMC,2026-08
INE338I01027,Motilal Oswal Financial Services Ltd.,47302.0,493.31,0.38,Capital Markets,SNM150IF,SBI AMC,2026-08
INE115A01026,LIC Housing Finance Ltd.,90917.0,489.5,0.38,Finance,SNM150IF,SBI AMC,2026-08
INE513A01022,Schaeffler India Ltd.,12173.0,488.72,0.38,Auto Components,SNM150IF,SBI AMC,2026-08
INE031B01049,Ajanta Pharma Ltd.,12737.0,458.77,0.36,Pharmaceuticals & Biotechnology,SNM150IF,SBI AMC,2026-08
INE152A01029,Thermax Ltd.,11717.0,457.15,0.35,Electrical Equipment,SNM150IF,SBI AMC,2026-08
INE346A01027,ICICI Prudential Asset Management Company Ltd.,14789.0,453.3,0.35,Capital Markets,SNM150IF,SBI AMC,2026-08
INE206F01022,Authum Investment & Infrastructure Ltd.,80049.0,448.99,0.35,Finance,SNM150IF,SBI AMC,2026-08
INE0HOQ01053,Billionbrains Garage Ventures Ltd.,232725.0,446.97,0.35,Capital Markets,SNM150IF,SBI AMC,2026-08
INE00R701025,Dalmia Bharat Ltd.,24044.0,446.3,0.35,Cement & Cement Products,SNM150IF,SBI AMC,2026-08
INE335Y01020,Indian Railway Catering & Tourism Corporation Ltd.,91223.0,439.01,0.34,Leisure Services,SNM150IF,SBI AMC,2026-08
INE756I01012,HDB Financial Services Ltd.,64163.0,437.82,0.34,Finance,SNM150IF,SBI AMC,2026-08
INE463A01038,Berger Paints India Ltd.,86200.0,429.06,0.33,Consumer Durables,SNM150IF,SBI AMC,2026-08
INE438A01022,Apollo Tyres Ltd.,97602.0,428.42,0.33,Auto Components,SNM150IF,SBI AMC,2026-08
INE481Y01014,General Insurance Corporation of India,120107.0,426.08,0.33,Insurance,SNM150IF,SBI AMC,2026-08
INE358A01014,Abbott India Ltd.,1575.0,407.14,0.32,Pharmaceuticals & Biotechnology,SNM150IF,SBI AMC,2026-08
INE473A01011,Linde India Ltd.,6366.0,406.5,0.31,Chemicals & Petrochemicals,SNM150IF,SBI AMC,2026-08
INE930H01031,K.P.R. Mill Ltd.,33634.0,396.07,0.31,Textiles & Apparels,SNM150IF,SBI AMC,2026-08
INE704P01025,Cochin Shipyard Ltd.,25595.0,386.48,0.3,Industrial Manufacturing,SNM150IF,SBI AMC,2026-08
INE474Q01031,Global Health Ltd.,25894.0,383.15,0.3,Healthcare Services,SNM150IF,SBI AMC,2026-08
INE159A01016,Glaxosmithkline Pharmaceuticals Ltd.,12516.0,381.75,0.3,Pharmaceuticals & Biotechnology,SNM150IF,SBI AMC,2026-08
INE670A01012,Tata Elxsi Ltd.,10411.0,372.57,0.29,IT - Software,SNM150IF,SBI AMC,2026-08
INE0BS701011,Premier Energies Ltd,35793.0,370.92,0.29,Electrical Equipment,SNM150IF,SBI AMC,2026-08
INE619A01035,Patanjali Foods Ltd.,104756.0,361.41,0.28,Agricultural Food & other Products,SNM150IF,SBI AMC,2026-08
INE415G01027,Rail Vikas Nigam Ltd.,171656.0,360.48,0.28,Construction,SNM150IF,SBI AMC,2026-08
INE007A01025,CRISIL Ltd.,7374.0,355.56,0.28,Finance,SNM150IF,SBI AMC,2026-08
INE171Z01026,Bharat Dynamics Ltd.,27871.0,355.36,0.27,Aerospace & Defense,SNM150IF,SBI AMC,2026-08
INE343G01021,Bharti Hexacom Ltd.,22744.0,351.51,0.27,Telecom - Services,SNM150IF,SBI AMC,2026-08
INE699H01024,AWL Agri Business Ltd.,167931.0,323.35,0.25,Agricultural Food & other Products,SNM150IF,SBI AMC,2026-08
INE913H01037,Endurance Technologies Ltd.,10663.0,306.16,0.24,Auto Components,SNM150IF,SBI AMC,2026-08
INE010V01017,L&T Technology Services Ltd.,8344.0,301.08,0.23,IT - Services,SNM150IF,SBI AMC,2026-08
INE042A01014,Escorts Kubota Ltd.,10046.0,300.88,0.23,"Agricultural, Commercial & Construction Vehicles",SNM150IF,SBI AMC,2026-08
INE589A01014,NLC India Ltd.,110109.0,294.43,0.23,Power,SNM150IF,SBI AMC,2026-08
INE04I401011,KPIT Technologies Ltd.,49595.0,290.13,0.22,IT - Software,SNM150IF,SBI AMC,2026-08
INE686F01025,United Breweries Ltd.,21839.0,285.76,0.22,Beverages,SNM150IF,SBI AMC,2026-08
INE470A01017,3M India Ltd.,855.0,284.89,0.22,Diversified,SNM150IF,SBI AMC,2026-08
INE377Y01014,Bajaj Housing Finance Ltd.,334811.0,281.31,0.22,Finance,SNM150IF,SBI AMC,2026-08
INE202E01016,Indian Renewable Energy Development Agency Ltd.,240582.0,280.28,0.22,Finance,SNM150IF,SBI AMC,2026-08
INE031A01017,Housing and Urban Development Corporation Ltd.,151758.0,276.28,0.21,Finance,SNM150IF,SBI AMC,2026-08
INE260B01028,Godfrey Phillips India Ltd.,12351.0,259.96,0.2,Cigarettes & Tobacco Products,SNM150IF,SBI AMC,2026-08
INE672A01026,Tata Investment Corporation Ltd.,39466.0,253.45,0.2,Finance,SNM150IF,SBI AMC,2026-08
INE0ONG01011,NTPC Green Energy Ltd.,280901.0,251.43,0.19,Power,SNM150IF,SBI AMC,2026-08
INE093A01041,Hexaware Technologies Ltd.,44859.0,248.86,0.19,IT - Software,SNM150IF,SBI AMC,2026-08
INE0CZ201020,Anthem Biosciences Ltd.,26918.0,240.39,0.19,Pharmaceuticals & Biotechnology,SNM150IF,SBI AMC,2026-08
INE671A01010,Honeywell Automation India Ltd.,667.0,236.99,0.18,Industrial Manufacturing,SNM150IF,SBI AMC,2026-08
INE012A01025,ACC Ltd.,18133.0,231.47,0.18,Cement & Cement Products,SNM150IF,SBI AMC,2026-08
INE233A01035,Godrej Industries Ltd.,13050.0,148.05,0.11,Diversified,SNM150IF,SBI AMC,2026-08
INE002L01015,SJVN Ltd.,216297.0,139.97,0.11,Power,SNM150IF,SBI AMC,2026-08
INE470Y01017,The New India Assurance Co. Ltd.,72777.0,139.17,0.11,Insurance,SNM150IF,SBI AMC,2026-08
INE073K01018,Sona Blw Precision Forgings Ltd.,363182.0,2952.85,1.65,Auto Components,SNS250IF,SBI AMC,2026-08
INE0LEZ01016,Ather Energy Ltd.,155410.0,2669.48,1.49,Automobiles,SNS250IF,SBI AMC,2026-08
INE036D01028,Karur Vysya Bank Ltd.,765188.0,2659.79,1.49,Banks,SNS250IF,SBI AMC,2026-08
INE048G01026,Navin Fluorine International Ltd.,29816.0,2586.69,1.45,Chemicals & Petrochemicals,SNS250IF,SBI AMC,2026-08
INE191B01025,Welspun Corp Ltd.,106152.0,2538.09,1.42,Industrial Products,SNS250IF,SBI AMC,2026-08
INE202B01038,Piramal Finance Ltd.,97538.0,2243.76,1.26,Finance,SNS250IF,SBI AMC,2026-08
INE148O01028,Delhivery Ltd.,453710.0,2069.83,1.16,Transport Services,SNS250IF,SBI AMC,2026-08
INE548A01028,HFCL Ltd.,829533.0,2066.28,1.16,Telecom - Services,SNS250IF,SBI AMC,2026-08
INE736A01011,Central Depository Services (I) Ltd.,144301.0,2023.82,1.13,Capital Markets,SNS250IF,SBI AMC,2026-08
INE976G01028,RBL Bank Ltd.,500636.0,1904.17,1.07,Banks,SNS250IF,SBI AMC,2026-08
INE068V01023,Gland Pharma Ltd.,64546.0,1862.67,1.04,Pharmaceuticals & Biotechnology,SNS250IF,SBI AMC,2026-08
INE491A01021,City Union Bank Ltd.,779841.0,1787.32,1.0,Banks,SNS250IF,SBI AMC,2026-08
INE572E01012,PNB Housing Finance Ltd.,152271.0,1749.14,0.98,Finance,SNS250IF,SBI AMC,2026-08
INE891D01026,Redington Ltd.,481269.0,1721.74,0.96,Commercial Services & Supplies,SNS250IF,SBI AMC,2026-08
INE914M01019,Aster DM Quality Care Ltd.,216551.0,1637.13,0.92,Healthcare Services,SNS250IF,SBI AMC,2026-08
INE570L01029,Sai Life Sciences Ltd.,111763.0,1631.4,0.91,Pharmaceuticals & Biotechnology,SNS250IF,SBI AMC,2026-08
INE794A01010,Neuland Laboratories Ltd.,6986.0,1607.48,0.9,Pharmaceuticals & Biotechnology,SNS250IF,SBI AMC,2026-08
INE463V01026,AnandRathi Wealth Ltd.,72318.0,1594.03,0.89,Capital Markets,SNS250IF,SBI AMC,2026-08
INE967H01025,Krishna Institute of Medical Sciences Ltd.,209995.0,1586.51,0.89,Healthcare Services,SNS250IF,SBI AMC,2026-08
INE596I01020,Computer Age Management Services Ltd.,194651.0,1522.17,0.85,Capital Markets,SNS250IF,SBI AMC,2026-08
INE522D01027,Manappuram Finance Ltd.,444594.0,1512.06,0.85,Finance,SNS250IF,SBI AMC,2026-08
INE732I01021,Angel One Ltd.,526260.0,1509.84,0.84,Capital Markets,SNS250IF,SBI AMC,2026-08
INE146L01010,Kirloskar Oil Engines Ltd.,67449.0,1416.02,0.79,Industrial Products,SNS250IF,SBI AMC,2026-08
INE531E01026,Hindustan Copper Ltd.,265836.0,1396.57,0.78,Non - Ferrous Metals,SNS250IF,SBI AMC,2026-08
INE371P01015,Amber Enterprises India Ltd.,17702.0,1348.89,0.75,Consumer Durables,SNS250IF,SBI AMC,2026-08
INE511C01022,Poonawalla Fincorp Ltd.,288212.0,1336.73,0.75,Finance,SNS250IF,SBI AMC,2026-08
INE00FF01025,Acutaas Chemicals Ltd.,42009.0,1327.74,0.74,Pharmaceuticals & Biotechnology,SNS250IF,SBI AMC,2026-08
INE00LO01017,Craftsman Automation Ltd.,11808.0,1322.32,0.74,Auto Components,SNS250IF,SBI AMC,2026-08
INE220B01022,Kalpataru Projects International Ltd.,91961.0,1288.28,0.72,Construction,SNS250IF,SBI AMC,2026-08
INE208C01025,Aegis Logistics Ltd.,101686.0,1285.92,0.72,Gas,SNS250IF,SBI AMC,2026-08
INE049B01025,Wockhardt Ltd.,66895.0,1260.1,0.7,Pharmaceuticals & Biotechnology,SNS250IF,SBI AMC,2026-08
INE019C01026,Himadri Speciality Chemical Ltd.,190258.0,1254.18,0.7,Chemicals & Petrochemicals,SNS250IF,SBI AMC,2026-08
INE299U01018,Crompton Greaves Consumer Electricals Ltd.,520385.0,1227.59,0.69,Consumer Durables,SNS250IF,SBI AMC,2026-08
INE600L01024,Dr. Lal Path labs Ltd.,63129.0,1221.29,0.68,Healthcare Services,SNS250IF,SBI AMC,2026-08
INE530B01024,IIFL Finance Ltd.,188388.0,1218.4,0.68,Finance,SNS250IF,SBI AMC,2026-08
INE545U01014,Bandhan Bank Ltd.,739011.0,1208.28,0.68,Banks,SNS250IF,SBI AMC,2026-08
INE149A01033,Cholamandalam Financial Holdings Ltd.,80330.0,1193.3,0.67,Finance,SNS250IF,SBI AMC,2026-08
INE142M01025,Tata Technologies Ltd.,139144.0,1156.36,0.65,IT - Services,SNS250IF,SBI AMC,2026-08
INE0IX101010,Data Patterns (India) Ltd.,24424.0,1104.33,0.62,Aerospace & Defense,SNS250IF,SBI AMC,2026-08
INE531F01023,Nuvama Wealth Management Ltd.,62609.0,1097.91,0.61,Capital Markets,SNS250IF,SBI AMC,2026-08
INE285A01027,Elgi Equipments Ltd.,174046.0,1091.88,0.61,Industrial Products,SNS250IF,SBI AMC,2026-08
INE596F01018,PTC Industries Ltd.,4906.0,1084.91,0.61,Industrial Products,SNS250IF,SBI AMC,2026-08
INE0DK501011,Piramal Pharma Ltd.,503831.0,1080.21,0.6,Pharmaceuticals & Biotechnology,SNS250IF,SBI AMC,2026-08
INE575P01011,Star Health & Allied Insurance Co. Ltd.,190033.0,1078.91,0.6,Insurance,SNS250IF,SBI AMC,2026-08
INE410P01011,Narayana Hrudayalaya Ltd.,55969.0,1067.44,0.6,Healthcare Services,SNS250IF,SBI AMC,2026-08
INE138Y01010,Kfin Technologies Ltd.,108300.0,1050.51,0.59,Capital Markets,SNS250IF,SBI AMC,2026-08
INE017A01032,The Great Eastern Shipping Co. Ltd.,80286.0,1045.16,0.58,Transport Services,SNS250IF,SBI AMC,2026-08
INE120A01034,Carborundum Universal Ltd.,93560.0,1035.33,0.58,Industrial Products,SNS250IF,SBI AMC,2026-08
INE290S01011,CarTrade Tech Ltd.,34332.0,1027.04,0.57,Retailing,SNS250IF,SBI AMC,2026-08
INE791I01019,Brigade Enterprises Ltd.,150141.0,984.7,0.55,Realty,SNS250IF,SBI AMC,2026-08
INE101D01020,Granules India Ltd.,117552.0,973.92,0.54,Pharmaceuticals & Biotechnology,SNS250IF,SBI AMC,2026-08
INE288B01029,Deepak Nitrite Ltd.,55608.0,972.81,0.54,Chemicals & Petrochemicals,SNS250IF,SBI AMC,2026-08
INE013P01021,Onesource Specialty Pharma Ltd.,63702.0,967.7,0.54,Pharmaceuticals & Biotechnology,SNS250IF,SBI AMC,2026-08
INE439A01020,Asahi India Glass Ltd.,98197.0,934.88,0.52,Auto Components,SNS250IF,SBI AMC,2026-08
INE918Z01012,Kaynes Technology India Ltd.,25339.0,933.74,0.52,Industrial Manufacturing,SNS250IF,SBI AMC,2026-08
INE342J01019,ZF Commercial Vehicle Control Systems India Ltd.,36720.0,930.71,0.52,Auto Components,SNS250IF,SBI AMC,2026-08
INE0VDM01015,Meesho Ltd.,451152.0,926.62,0.52,Retailing,SNS250IF,SBI AMC,2026-08
INE325A01013,Timken India Ltd.,29077.0,915.81,0.51,Industrial Products,SNS250IF,SBI AMC,2026-08
INE481N01025,Home First Finance Company India Ltd.,78142.0,910.12,0.51,Finance,SNS250IF,SBI AMC,2026-08
INE148I01020,Sammaan Capital Ltd.,622045.0,910.11,0.51,Finance,SNS250IF,SBI AMC,2026-08
INE0DYJ01015,Syrma SGS Technology Ltd.,63074.0,906.37,0.51,Industrial Manufacturing,SNS250IF,SBI AMC,2026-08
INE331A01037,The Ramco Cements Ltd.,102392.0,900.59,0.5,Cement & Cement Products,SNS250IF,SBI AMC,2026-08
INE885A01032,Amara Raja Energy & Mobility Ltd.,99193.0,885.45,0.5,Auto Components,SNS250IF,SBI AMC,2026-08
INE0W2G01015,Sagility Ltd.,1865234.0,877.59,0.49,IT - Services,SNS250IF,SBI AMC,2026-08
INE769A01020,Aarti Industries Ltd.,166662.0,873.98,0.49,Chemicals & Petrochemicals,SNS250IF,SBI AMC,2026-08
INE203G01027,Indraprastha Gas Ltd.,568205.0,855.09,0.48,Gas,SNS250IF,SBI AMC,2026-08
INE128S01021,Five Star Business Finance Ltd.,156908.0,839.54,0.47,Finance,SNS250IF,SBI AMC,2026-08
INE217B01036,Kajaria Ceramics Ltd.,67075.0,834.95,0.47,Consumer Durables,SNS250IF,SBI AMC,2026-08
INE100A01010,Atul Ltd.,12896.0,824.31,0.46,Chemicals & Petrochemicals,SNS250IF,SBI AMC,2026-08
INE00WC01027,AFFLE 3I Ltd.,51284.0,819.47,0.46,IT - Services,SNS250IF,SBI AMC,2026-08
INE092A01019,Tata Chemicals Ltd.,126764.0,815.09,0.46,Chemicals & Petrochemicals,SNS250IF,SBI AMC,2026-08
INE180C01042,Capri Global Capital Ltd.,313090.0,802.95,0.45,Finance,SNS250IF,SBI AMC,2026-08
INE0NT901020,Netweb Technologies India Ltd.,15269.0,792.25,0.44,IT - Services,SNS250IF,SBI AMC,2026-08
INE777K01022,R R Kabel Ltd.,26661.0,780.74,0.44,Industrial Products,SNS250IF,SBI AMC,2026-08
INE819V01029,Aditya Infotech Ltd.,21893.0,780.7,0.44,Industrial Manufacturing,SNS250IF,SBI AMC,2026-08
INE022Q01020,Indian Energy Exchange Ltd.,643798.0,775.78,0.43,Capital Markets,SNS250IF,SBI AMC,2026-08
INE235A01022,Finolex Cables Ltd.,61330.0,764.88,0.43,Industrial Products,SNS250IF,SBI AMC,2026-08
INE501A01019,Deepak Fertilizers and Petrochemicals Corporation Ltd.,54288.0,763.83,0.43,Chemicals & Petrochemicals,SNS250IF,SBI AMC,2026-08
INE457L01029,PG Electroplast Ltd.,130763.0,759.73,0.42,Consumer Durables,SNS250IF,SBI AMC,2026-08
INE0FS801015,Motherson Sumi Wiring India Ltd.,2059369.0,757.64,0.42,Auto Components,SNS250IF,SBI AMC,2026-08
INE0LXG01040,Ola Electric Mobility Ltd.,1827601.0,751.51,0.42,Automobiles,SNS250IF,SBI AMC,2026-08
INE242C01024,Anant Raj Ltd.,123618.0,746.53,0.42,Realty,SNS250IF,SBI AMC,2026-08
INE486A01021,CESC Ltd.,510743.0,746.5,0.42,Power,SNS250IF,SBI AMC,2026-08
INE136B01020,Cyient Ltd.,63484.0,745.81,0.42,IT - Services,SNS250IF,SBI AMC,2026-08
INE524A01029,Gabriel India Ltd.,51327.0,738.03,0.41,Auto Components,SNS250IF,SBI AMC,2026-08
INE228A01035,Usha Martin Ltd.,147577.0,736.34,0.41,Industrial Products,SNS250IF,SBI AMC,2026-08
INE095N01031,NBCC (India) Ltd.,838739.0,722.99,0.4,Construction,SNS250IF,SBI AMC,2026-08
INE115Q01022,Inventurus Knowledge Solutions Ltd.,41587.0,721.24,0.4,IT - Services,SNS250IF,SBI AMC,2026-08
INE172A01027,Castrol India Ltd.,387564.0,715.02,0.4,Petroleum Products,SNS250IF,SBI AMC,2026-08
INE852O01025,Aptus Value Housing Finance India Ltd.,286907.0,713.97,0.4,Finance,SNS250IF,SBI AMC,2026-08
INE894V01022,Belrise Industries Ltd.,305241.0,709.2,0.4,Auto Components,SNS250IF,SBI AMC,2026-08
INE191H01014,PVR Inox Ltd.,57779.0,697.8,0.39,Entertainment,SNS250IF,SBI AMC,2026-08
INE256A01028,Zee Entertainment Enterprises Ltd.,743718.0,695.97,0.39,Entertainment,SNS250IF,SBI AMC,2026-08
INE980O01024,Jyoti CNC Automation Ltd.,69043.0,686.94,0.38,Industrial Manufacturing,SNS250IF,SBI AMC,2026-08
INE451A01017,Force Motors Ltd.,3902.0,683.86,0.38,Automobiles,SNS250IF,SBI AMC,2026-08
INE684F01012,Firstsource Solutions Ltd.,256662.0,679.64,0.38,Commercial Services & Supplies,SNS250IF,SBI AMC,2026-08
INE126A01031,E.I.D-Parry (India) Ltd.,83306.0,665.95,0.37,Food Products,SNS250IF,SBI AMC,2026-08
INE251B01027,Zen Technologies Ltd.,37353.0,664.55,0.37,Aerospace & Defense,SNS250IF,SBI AMC,2026-08
INE622W01025,Acme Solar Holdings Ltd.,163252.0,656.19,0.37,Power,SNS250IF,SBI AMC,2026-08
INE738I01010,eClerx Services Ltd.,33045.0,653.27,0.37,Commercial Services & Supplies,SNS250IF,SBI AMC,2026-08
INE351F01018,Jaiprakash Power Ventures Ltd.,3943721.0,648.74,0.36,Power,SNS250IF,SBI AMC,2026-08
INE725A01030,Nava Ltd.,112340.0,638.2,0.36,Power,SNS250IF,SBI AMC,2026-08
INE810G01011,Shyam Metalics and Energy Ltd.,56937.0,622.61,0.35,Industrial Products,SNS250IF,SBI AMC,2026-08
INE404A01024,Aditya Birla Sun Life Amc Ltd.,59056.0,621.15,0.35,Capital Markets,SNS250IF,SBI AMC,2026-08
INE399G01023,Ramkrishna Forgings Ltd.,83415.0,620.27,0.35,Auto Components,SNS250IF,SBI AMC,2026-08
INE421D01022,CCL Products (India) Ltd.,57195.0,617.59,0.35,Agricultural Food & other Products,SNS250IF,SBI AMC,2026-08
INE398R01022,Syngene International Ltd.,154004.0,617.17,0.35,Healthcare Services,SNS250IF,SBI AMC,2026-08
INE821I01022,IRB Infrastructure Developers Ltd.,3177347.0,615.13,0.34,Construction,SNS250IF,SBI AMC,2026-08
INE987B01026,Natco Pharma Ltd.,72778.0,612.43,0.34,Pharmaceuticals & Biotechnology,SNS250IF,SBI AMC,2026-08
INE119A01028,Balrampur Chini Mills Ltd.,88146.0,611.29,0.34,Agricultural Food & other Products,SNS250IF,SBI AMC,2026-08
INE382Z01011,Garden Reach Shipbuilders & Engineers Ltd.,23728.0,608.74,0.34,Aerospace & Defense,SNS250IF,SBI AMC,2026-08
INE043W01024,Vijaya Diagnostic Centre Ltd.,39689.0,602.64,0.34,Healthcare Services,SNS250IF,SBI AMC,2026-08
INE03QK01018,Cohance Lifesciences Ltd.,131799.0,600.94,0.34,Pharmaceuticals & Biotechnology,SNS250IF,SBI AMC,2026-08
INE292B01021,HBL Engineering Ltd.,91280.0,600.03,0.34,Industrial Products,SNS250IF,SBI AMC,2026-08
INE258A01024,BEML Ltd.,30976.0,599.73,0.34,"Agricultural, Commercial & Construction Vehicles",SNS250IF,SBI AMC,2026-08
INE741K01010,CreditAccess Grameen Ltd.,43913.0,598.75,0.33,Finance,SNS250IF,SBI AMC,2026-08
INE324A01032,Jindal Saw Ltd.,188633.0,584.1,0.33,Industrial Products,SNS250IF,SBI AMC,2026-08
INE510A01028,Engineers India Ltd.,221866.0,581.0,0.33,Construction,SNS250IF,SBI AMC,2026-08
INE548C01032,Emami Ltd.,159593.0,580.92,0.32,Personal Products,SNS250IF,SBI AMC,2026-08
INE482A01020,CEAT Ltd.,16944.0,579.43,0.32,Auto Components,SNS250IF,SBI AMC,2026-08
INE839M01018,Schneider Electric Infrastructure Ltd.,47400.0,577.9,0.32,Electrical Equipment,SNS250IF,SBI AMC,2026-08
INE700A01033,Jubilant Pharmova Ltd.,65232.0,575.28,0.32,Pharmaceuticals & Biotechnology,SNS250IF,SBI AMC,2026-08
INE182A01018,Pfizer Ltd.,12275.0,575.01,0.32,Pharmaceuticals & Biotechnology,SNS250IF,SBI AMC,2026-08
INE055A01016,Aditya Birla Real Estate Ltd.,42410.0,574.87,0.32,Realty,SNS250IF,SBI AMC,2026-08
INE961O01016,Rainbow Children's Medicare Ltd.,40388.0,571.37,0.32,Healthcare Services,SNS250IF,SBI AMC,2026-08
INE406M01024,Eris Lifesciences Ltd.,43769.0,567.77,0.32,Pharmaceuticals & Biotechnology,SNS250IF,SBI AMC,2026-08
INE088F01024,Paradeep Phosphates Ltd.,350007.0,560.15,0.31,Fertilizers & Agrochemicals,SNS250IF,SBI AMC,2026-08
INE686A01026,Cemindia Projects Ltd.,45034.0,551.94,0.31,Construction,SNS250IF,SBI AMC,2026-08
INE066P01011,Inox Wind Ltd.,781081.0,549.65,0.31,Electrical Equipment,SNS250IF,SBI AMC,2026-08
INE152M01016,Triveni Turbine Ltd.,94768.0,547.9,0.31,Electrical Equipment,SNS250IF,SBI AMC,2026-08
INE205C01021,Polymedicure Ltd.,30940.0,544.42,0.3,Healthcare Equipment & Supplies,SNS250IF,SBI AMC,2026-08
INE477A01020,Can Fin Homes Ltd.,68263.0,542.9,0.3,Finance,SNS250IF,SBI AMC,2026-08
INE102B01014,Choice International Ltd.,69019.0,538.83,0.3,Finance,SNS250IF,SBI AMC,2026-08
INE168A01041,The Jammu & Kashmir Bank Ltd.,361258.0,533.51,0.3,Banks,SNS250IF,SBI AMC,2026-08
INE178A01016,Chennai Petroleum Corporation Ltd.,38963.0,532.78,0.3,Petroleum Products,SNS250IF,SBI AMC,2026-08
INE615H01020,Titagarh Rail Systems Ltd.,64888.0,530.85,0.3,Industrial Manufacturing,SNS250IF,SBI AMC,2026-08
INE0J5401028,Honasa Consumer Ltd.,110318.0,530.52,0.3,Personal Products,SNS250IF,SBI AMC,2026-08
INE427F01016,Chalet Hotels Ltd.,57868.0,523.1,0.29,Leisure Services,SNS250IF,SBI AMC,2026-08
INE614G01033,Reliance Power Ltd.,2349723.0,519.05,0.29,Power,SNS250IF,SBI AMC,2026-08
INE168P01015,Emcure Pharmaceuticals Ltd.,27869.0,517.05,0.29,Pharmaceuticals & Biotechnology,SNS250IF,SBI AMC,2026-08
INE258G01013,Sumitomo Chemical India Ltd.,99435.0,514.53,0.29,Fertilizers & Agrochemicals,SNS250IF,SBI AMC,2026-08
INE065X01017,Indegene Ltd.,83769.0,512.37,0.29,Healthcare Services,SNS250IF,SBI AMC,2026-08
INE0LP301011,Physicswallah Ltd.,438296.0,509.74,0.29,Other Consumer Services,SNS250IF,SBI AMC,2026-08
INE192B01031,Welspun Living Ltd.,257512.0,505.26,0.28,Textiles & Apparels,SNS250IF,SBI AMC,2026-08
INE03JT01014,GO Digit General Insurance Ltd.,194989.0,501.9,0.28,Insurance,SNS250IF,SBI AMC,2026-08
INE818H01020,LT Foods Ltd.,111465.0,497.75,0.28,Agricultural Food & other Products,SNS250IF,SBI AMC,2026-08
INE306R01017,Intellect Design Arena Ltd.,73021.0,497.24,0.28,IT - Software,SNS250IF,SBI AMC,2026-08
INE716A01013,Whirlpool of India Ltd.,61737.0,495.84,0.28,Consumer Durables,SNS250IF,SBI AMC,2026-08
INE085A01013,Chambal Fertilisers and Chemicals Ltd.,120502.0,493.52,0.28,Fertilizers & Agrochemicals,SNS250IF,SBI AMC,2026-08
INE002S01010,Mahanagar Gas Ltd.,46134.0,493.31,0.28,Gas,SNS250IF,SBI AMC,2026-08
INE545A01024,HEG Ltd.,67337.0,490.75,0.27,Industrial Products,SNS250IF,SBI AMC,2026-08
INE868B01028,NCC Ltd.,327727.0,486.25,0.27,Construction,SNS250IF,SBI AMC,2026-08
INE673O01025,TBO Tek Ltd.,27835.0,485.75,0.27,Leisure Services,SNS250IF,SBI AMC,2026-08
INE177H01039,Godawari Power & Ispat Ltd.,198936.0,484.75,0.27,Industrial Products,SNS250IF,SBI AMC,2026-08
INE039A01010,IFCI Ltd.,539412.0,483.85,0.27,Finance,SNS250IF,SBI AMC,2026-08
INE322A01010,Gillette India Ltd.,6588.0,482.83,0.27,Personal Products,SNS250IF,SBI AMC,2026-08
INE872J01023,Devyani International Ltd.,344929.0,478.66,0.27,Leisure Services,SNS250IF,SBI AMC,2026-08
INE842C01021,Minda Corporation Ltd.,65101.0,463.88,0.26,Auto Components,SNS250IF,SBI AMC,2026-08
INE825A01020,Vardhman Textiles Ltd.,80949.0,463.07,0.26,Textiles & Apparels,SNS250IF,SBI AMC,2026-08
INE024L01027,Gravita India Ltd.,25640.0,461.57,0.26,Minerals & Mining,SNS250IF,SBI AMC,2026-08
INE269A01021,Sonata Software Ltd.,157321.0,459.46,0.26,IT - Software,SNS250IF,SBI AMC,2026-08
INE0BY001018,Jubilant Ingrevia Ltd.,67920.0,458.39,0.26,Chemicals & Petrochemicals,SNS250IF,SBI AMC,2026-08
INE0CAZ01013,Urban Company Ltd.,273206.0,456.55,0.26,Retailing,SNS250IF,SBI AMC,2026-08
INE230A01023,EIH Ltd.,160501.0,453.09,0.25,Leisure Services,SNS250IF,SBI AMC,2026-08
INE671H01015,Sobha Ltd.,36069.0,452.99,0.25,Realty,SNS250IF,SBI AMC,2026-08
INE602A01031,PCBL Chemical Ltd.,142131.0,450.63,0.25,Chemicals & Petrochemicals,SNS250IF,SBI AMC,2026-08
INE806T01020,Sapphire Foods India Ltd.,191710.0,449.39,0.25,Leisure Services,SNS250IF,SBI AMC,2026-08
INE133A01011,JSW Dulux Ltd.,13975.0,442.24,0.25,Consumer Durables,SNS250IF,SBI AMC,2026-08
INE389H01022,KEC International Ltd.,105075.0,437.64,0.24,Construction,SNS250IF,SBI AMC,2026-08
INE933S01016,Indiamart Intermesh Ltd.,24826.0,435.8,0.24,Retailing,SNS250IF,SBI AMC,2026-08
INE0NNS01018,NMDC Steel Ltd.,933268.0,431.08,0.24,Ferrous Metals,SNS250IF,SBI AMC,2026-08
INE970X01018,Lemon Tree Hotels Ltd.,402328.0,427.47,0.24,Leisure Services,SNS250IF,SBI AMC,2026-08
INE520A01027,Zensar Technologies Ltd.,92295.0,424.88,0.24,IT - Software,SNS250IF,SBI AMC,2026-08
INE260D01016,Olectra Greentech Ltd.,33156.0,423.3,0.24,Automobiles,SNS250IF,SBI AMC,2026-08
INE483A01010,Central Bank of India,1383001.0,417.94,0.23,Banks,SNS250IF,SBI AMC,2026-08
INE188A01015,Fertilisers And Chemicals Travancore Ltd.,50462.0,414.42,0.23,Fertilizers & Agrochemicals,SNS250IF,SBI AMC,2026-08
INE768C01028,Zydus Wellness Ltd.,77946.0,413.43,0.23,Food Products,SNS250IF,SBI AMC,2026-08
INE008A01015,IDBI Bank Ltd.,454175.0,412.75,0.23,Banks,SNS250IF,SBI AMC,2026-08
INE462A01022,Bayer Cropscience Ltd.,10328.0,410.11,0.23,Fertilizers & Agrochemicals,SNS250IF,SBI AMC,2026-08
INE883F01010,Aadhar Housing Finance Ltd.,87149.0,407.94,0.23,Finance,SNS250IF,SBI AMC,2026-08
INE14LE01019,Aditya Birla Lifestyle Brands Ltd.,470333.0,407.83,0.23,Retailing,SNS250IF,SBI AMC,2026-08
INE995S01015,Niva Bupa Health Insurance Company Ltd.,501213.0,407.29,0.23,Insurance,SNS250IF,SBI AMC,2026-08
INE216P01012,Aavas Financiers Ltd.,32291.0,407.25,0.23,Finance,SNS250IF,SBI AMC,2026-08
INE475E01026,Caplin Point Laboratories Ltd.,16151.0,406.59,0.23,Pharmaceuticals & Biotechnology,SNS250IF,SBI AMC,2026-08
INE536H01010,CIE Automotive India Ltd.,103301.0,403.96,0.23,Auto Components,SNS250IF,SBI AMC,2026-08
INE780C01023,JM Financial Ltd.,311854.0,399.14,0.22,Finance,SNS250IF,SBI AMC,2026-08
INE285K01026,Techno Electric & Engineering Company Ltd.,40620.0,398.91,0.22,Construction,SNS250IF,SBI AMC,2026-08
INE109A01011,Shipping Corporation of India Ltd.,136989.0,396.72,0.22,Transport Services,SNS250IF,SBI AMC,2026-08
INE836A01035,Birlasoft Ltd.,134359.0,391.32,0.22,IT - Software,SNS250IF,SBI AMC,2026-08
INE19RI01016,Tenneco Clean Air India Ltd.,73660.0,389.96,0.22,Auto Components,SNS250IF,SBI AMC,2026-08
INE338H01029,Concord Biotech Ltd.,26851.0,388.29,0.22,Pharmaceuticals & Biotechnology,SNS250IF,SBI AMC,2026-08
INE565A01014,Indian Overseas Bank,1182781.0,384.05,0.21,Banks,SNS250IF,SBI AMC,2026-08
INE573A01042,JK Tyre & Industries Ltd.,101323.0,383.86,0.21,Auto Components,SNS250IF,SBI AMC,2026-08
INE371A01025,Graphite India Ltd.,54015.0,379.48,0.21,Industrial Products,SNS250IF,SBI AMC,2026-08
INE131A01031,Gujarat Mineral Development Corporation Ltd.,67033.0,377.43,0.21,Minerals & Mining,SNS250IF,SBI AMC,2026-08
INE010J01012,Tejas Networks Ltd.,66852.0,374.2,0.21,Telecom - Equipment & Accessories,SNS250IF,SBI AMC,2026-08
INE424H01027,Sun TV Network Ltd.,80027.0,373.05,0.21,Entertainment,SNS250IF,SBI AMC,2026-08
INE0AQ201015,Leela Palaces Hotels & Resorts Ltd.,65358.0,372.8,0.21,Leisure Services,SNS250IF,SBI AMC,2026-08
INE663A01033,Supreme Petrochem Ltd.,51093.0,372.49,0.21,Chemicals & Petrochemicals,SNS250IF,SBI AMC,2026-08
INE385C01021,Sarda Energy & Minerals Ltd.,74477.0,371.57,0.21,Ferrous Metals,SNS250IF,SBI AMC,2026-08
INE731H01025,Action Construction Equipment Ltd.,33342.0,370.26,0.21,"Agricultural, Commercial & Construction Vehicles",SNS250IF,SBI AMC,2026-08
INE101I01011,Afcons Infrastructure Ltd.,126616.0,361.68,0.2,Construction,SNS250IF,SBI AMC,2026-08
INE176A01028,Bata India Ltd.,51706.0,352.84,0.2,Consumer Durables,SNS250IF,SBI AMC,2026-08
INE1C6T01020,Emmvee Photovoltaic Power Ltd.,108558.0,349.29,0.2,Electrical Equipment,SNS250IF,SBI AMC,2026-08
INE02RE01045,Brainbees Solutions Ltd.,182850.0,333.54,0.19,Retailing,SNS250IF,SBI AMC,2026-08
INE00E101023,Bikaji Foods International Ltd.,53144.0,332.52,0.19,Food Products,SNS250IF,SBI AMC,2026-08
INE665A01038,Swan Corp Ltd.,113008.0,331.45,0.19,Chemicals & Petrochemicals,SNS250IF,SBI AMC,2026-08
INE423Y01016,SBFC Finance Ltd.,333742.0,329.8,0.18,Finance,SNS250IF,SBI AMC,2026-08
INE499A01024,DCM Shriram Ltd.,32103.0,326.39,0.18,Diversified,SNS250IF,SBI AMC,2026-08
INE321T01012,Doms Industries Ltd.,14597.0,325.88,0.18,Household Products,SNS250IF,SBI AMC,2026-08
INE227W01023,Clean Science & Technology Ltd.,38655.0,318.07,0.18,Chemicals & Petrochemicals,SNS250IF,SBI AMC,2026-08
INE962Y01021,Ircon International Ltd.,263956.0,315.08,0.18,Construction,SNS250IF,SBI AMC,2026-08
INE0INX01018,Aegis Vopak Terminals Ltd.,116889.0,314.14,0.18,Oil,SNS250IF,SBI AMC,2026-08
INE930P01018,Anupam Rasayan India Ltd.,24539.0,309.88,0.17,Chemicals & Petrochemicals,SNS250IF,SBI AMC,2026-08
INE01TY01017,Canara HSBC Life Insurance Co.Ltd.,190882.0,298.04,0.17,Insurance,SNS250IF,SBI AMC,2026-08
INE094J01016,UTI Asset Management Co. Ltd.,34095.0,296.81,0.17,Capital Markets,SNS250IF,SBI AMC,2026-08
INE205B01031,Elecon Engineering Company Ltd.,71200.0,293.24,0.16,Electrical Equipment,SNS250IF,SBI AMC,2026-08
INE15B701018,Pine Labs Ltd.,175314.0,287.57,0.16,Financial Technology (Fintech),SNS250IF,SBI AMC,2026-08
INE979A01025,SAREGAMA India Ltd.,58535.0,280.91,0.16,Entertainment,SNS250IF,SBI AMC,2026-08
INE0Q9301021,International Gemological Institute Ltd.,82305.0,280.62,0.16,Commercial Services & Supplies,SNS250IF,SBI AMC,2026-08
INE619B01017,Newgen Software Technologies Ltd.,51771.0,273.79,0.15,IT - Software,SNS250IF,SBI AMC,2026-08
INE763I01026,Transformers & Rectifiers (India) Ltd.,86788.0,272.34,0.15,Electrical Equipment,SNS250IF,SBI AMC,2026-08
INE718I01012,JSW Cement Ltd.,216054.0,272.27,0.15,Cement & Cement Products,SNS250IF,SBI AMC,2026-08
INE552Z01027,Allied Blenders And Distillers Ltd.,43367.0,268.18,0.15,Beverages,SNS250IF,SBI AMC,2026-08
INE209L01016,Jupiter Wagons Ltd.,110018.0,264.65,0.15,Industrial Manufacturing,SNS250IF,SBI AMC,2026-08
INE118D01016,Nuvoco Vistas Corporation Ltd.,81181.0,258.89,0.14,Cement & Cement Products,SNS250IF,SBI AMC,2026-08
INE647O01011,Aditya Birla Fashion and Retail Ltd.,476767.0,248.4,0.14,Retailing,SNS250IF,SBI AMC,2026-08
INE064C01022,Trident Ltd.,1012299.0,244.77,0.14,Textiles & Apparels,SNS250IF,SBI AMC,2026-08
INE903U01023,Signatureglobal (India) Ltd.,31736.0,244.34,0.14,Realty,SNS250IF,SBI AMC,2026-08
INE103A01014,Mangalore Refinery and Petrochemicals Ltd.,142786.0,243.26,0.14,Petroleum Products,SNS250IF,SBI AMC,2026-08
INE0KBH01020,Blue Jet Healthcare Ltd.,41290.0,238.97,0.13,Pharmaceuticals & Biotechnology,SNS250IF,SBI AMC,2026-08
INE320J01015,Rites Ltd.,108520.0,237.05,0.13,Construction,SNS250IF,SBI AMC,2026-08
INE153T01027,BLS International Services Ltd.,98127.0,236.05,0.13,Leisure Services,SNS250IF,SBI AMC,2026-08
INE233B01017,Blue Dart Express Ltd.,4792.0,235.96,0.13,Transport Services,SNS250IF,SBI AMC,2026-08
INE691A01018,UCO Bank,920978.0,229.23,0.13,Banks,SNS250IF,SBI AMC,2026-08
INE011K01018,Tega Industries Ltd.,13387.0,212.36,0.12,Industrial Manufacturing,SNS250IF,SBI AMC,2026-08
INE248A01017,ITI Ltd.,78034.0,211.43,0.12,Telecom - Equipment & Accessories,SNS250IF,SBI AMC,2026-08
INE050A01025,The Bombay Burmah Trading Corporation Ltd.,14030.0,210.86,0.12,Food Products,SNS250IF,SBI AMC,2026-08
INE383A01012,The India Cements Ltd.,55718.0,206.52,0.12,Cement & Cement Products,SNS250IF,SBI AMC,2026-08
INE927D01051,JBM Auto Ltd.,32643.0,203.72,0.11,Auto Components,SNS250IF,SBI AMC,2026-08
INE0DD101019,Railtel Corporation of India Ltd.,70790.0,195.31,0.11,Telecom - Services,SNS250IF,SBI AMC,2026-08
INE103V01028,Travel Food Services Ltd.,14770.0,191.95,0.11,Leisure Services,SNS250IF,SBI AMC,2026-08
INE743M01012,RHI Magnesita India Ltd.,49106.0,182.48,0.1,Industrial Products,SNS250IF,SBI AMC,2026-08
INE0YD401026,Jain Resource Recycling Ltd.,57278.0,158.55,0.09,Diversified Metals,SNS250IF,SBI AMC,2026-08
INE0I7C01011,Latent View Analytics Ltd.,58604.0,158.11,0.09,IT - Software,SNS250IF,SBI AMC,2026-08
INE517B01013,Tata Teleservices (Maharastra) Ltd.,407138.0,157.07,0.09,Telecom - Services,SNS250IF,SBI AMC,2026-08
INE367G01038,Prime Focus Ltd.,53859.0,154.74,0.09,Entertainment,SNS250IF,SBI AMC,2026-08
INE0BV301023,C.E.Info Systems Ltd.,14023.0,142.11,0.08,IT - Software,SNS250IF,SBI AMC,2026-08
INE297H01019,Gallantt Ispat Ltd.,24231.0,137.45,0.08,Industrial Products,SNS250IF,SBI AMC,2026-08
INE123F01029,MMTC LTD,122532.0,76.4,0.04,Commercial Services & Supplies,SNS250IF,SBI AMC,2026-08
IN0020220029,7.54% CGL 2036,242490000.0,252025.43,96.33,Sovereign,SCIGI-JUN 2036,SBI AMC,2026-08
IN0020220011,7.10% CGL 2029,185108300.0,188498.93,96.76,Sovereign,SCIGI-APR 2029,SBI AMC,2026-08
IN0020220037,7.38% CGL 2027,6500000.0,6579.63,3.64,Sovereign,SCISI-SEP 2027,SBI AMC,2026-08
IN3120170078,7.18% State Government of Tamil Nadu 2027,42000000.0,42388.88,23.44,Sovereign,SCISI-SEP 2027,SBI AMC,2026-08
IN2220170061,7.20% State Government of Maharashtra 2027,29500000.0,29778.98,16.47,Sovereign,SCISI-SEP 2027,SBI AMC,2026-08
IN1920170025,7.38% State Government of Karnataka 2027,23500000.0,23784.09,13.15,Sovereign,SCISI-SEP 2027,SBI AMC,2026-08
IN2920170072,7.45% State Government of Rajasthan 2027,18500000.0,18721.7,10.35,Sovereign,SCISI-SEP 2027,SBI AMC,2026-08
IN2220170103,7.33% State Government of Maharashtra 2027,14748800.0,14914.05,8.25,Sovereign,SCISI-SEP 2027,SBI AMC,2026-08
IN1520170094,7.25% State Government of Gujarat 2027,6500000.0,6567.29,3.63,Sovereign,SCISI-SEP 2027,SBI AMC,2026-08
IN1520170078,7.17% State Government of Gujarat 2027,5450000.0,5499.99,3.04,Sovereign,SCISI-SEP 2027,SBI AMC,2026-08
IN2120170047,7.46% State Government of Madhya Pradesh 2027,4000000.0,4048.25,2.24,Sovereign,SCISI-SEP 2027,SBI AMC,2026-08
IN3520170017,7.47% State Government of Chhattisgarh 2027,3500000.0,3542.27,1.96,Sovereign,SCISI-SEP 2027,SBI AMC,2026-08
IN3120250243,6.27% State Government of Tamil Nadu 2027,3000000.0,3002.57,1.66,Sovereign,SCISI-SEP 2027,SBI AMC,2026-08
IN2820170099,7.30% State Government of Punjab 2027,2500000.0,2524.93,1.4,Sovereign,SCISI-SEP 2027,SBI AMC,2026-08
IN1620170028,7.26% State Government of Haryana 2027,2000000.0,2019.13,1.12,Sovereign,SCISI-SEP 2027,SBI AMC,2026-08
IN4520190104,7.38% State Government of Telangana 2027,1500000.0,1517.16,0.84,Sovereign,SCISI-SEP 2027,SBI AMC,2026-08
IN2520170027,7.41% State Government of Mizoram 2027,1500000.0,1516.52,0.84,Sovereign,SCISI-SEP 2027,SBI AMC,2026-08
IN1620170036,7.29% State Government of Haryana 2027,1500000.0,1514.96,0.84,Sovereign,SCISI-SEP 2027,SBI AMC,2026-08
IN1520210098,6.28% State Government of Gujarat 2027,1500000.0,1501.43,0.83,Sovereign,SCISI-SEP 2027,SBI AMC,2026-08
IN1620170051,7.41% State Government of Haryana 2027,1200000.0,1213.88,0.67,Sovereign,SCISI-SEP 2027,SBI AMC,2026-08
IN2820170115,7.42% State Government of Punjab 2027,1000000.0,1010.96,0.56,Sovereign,SCISI-SEP 2027,SBI AMC,2026-08
IN2020170055,7.25% State Government of Kerala 2027,1000000.0,1008.9,0.56,Sovereign,SCISI-SEP 2027,SBI AMC,2026-08
IN3320170068,7.19% State Government of Uttar Pradesh 2027,1000000.0,1008.42,0.56,Sovereign,SCISI-SEP 2027,SBI AMC,2026-08
IN3120170052,7.24% State Government of Tamil Nadu 2027,474700.0,479.44,0.27,Sovereign,SCISI-SEP 2027,SBI AMC,2026-08
IN3120170045,7.23% State Government of Tamil Nadu 2027,25000.0,25.24,0.01,Sovereign,SCISI-SEP 2027,SBI AMC,2026-08
IN0020260033,7.71% CGL 2066,48500000.0,48944.16,37.51,Sovereign,SLDF,SBI AMC,2026-08
IN0020250018,6.90% CGL 2065,19000000.0,17248.3,13.22,Sovereign,SLDF,SBI AMC,2026-08
IN0020250117,7.43% CGL 2076,15242500.0,14848.12,11.38,Sovereign,SLDF,SBI AMC,2026-08
IN3120260051,7.74% State Government of Tamil Nadu 2036,22500000.0,22652.89,17.36,Sovereign,SLDF,SBI AMC,2026-08
IN1520260051,7.63% State Government of Gujarat 2037,8000000.0,7995.98,6.13,Sovereign,SLDF,SBI AMC,2026-08
INF0RQ622028,Corporate Debt Market Development Fund-A2,6833.426,818.0,0.63,CDMDF,SLDF,SBI AMC,2026-08
INE090A01021,ICICI Bank Ltd.,4050000.0,58887.0,6.88,Banks,SDYF,SBI AMC,2026-08
INE018A01030,Larsen & Toubro Ltd.,831446.0,33631.16,3.93,Construction,SDYF,SBI AMC,2026-08
INE0J1Y01017,Life Insurance Corporation of India,7853400.0,32827.21,3.84,Insurance,SDYF,SBI AMC,2026-08
INE622W01025,Acme Solar Holdings Ltd.,7477638.0,30056.37,3.51,Power,SDYF,SBI AMC,2026-08
INE646L01027,Interglobe Aviation Ltd.,420000.0,21982.8,2.57,Transport Services,SDYF,SBI AMC,2026-08
INE121A01024,Cholamandalam Investment & Finance Co. Ltd.,1140154.0,21177.22,2.48,Finance,SDYF,SBI AMC,2026-08
INE1CDF01017,Vedanta Aluminium Metal Ltd.,4800000.0,20887.2,2.44,Non - Ferrous Metals,SDYF,SBI AMC,2026-08
INE406A01037,Aurobindo Pharma Ltd.,1200000.0,20604.0,2.41,Pharmaceuticals & Biotechnology,SDYF,SBI AMC,2026-08
INE101A01026,Mahindra & Mahindra Ltd.,600000.0,19692.0,2.3,Automobiles,SDYF,SBI AMC,2026-08
INE423A01024,Adani Enterprises Ltd.,676437.0,19340.01,2.26,Metals & Minerals Trading,SDYF,SBI AMC,2026-08
INE237A01036,Kotak Mahindra Bank Ltd.,4400000.0,18453.6,2.16,Banks,SDYF,SBI AMC,2026-08
INE239A01024,Nestle India Ltd.,1210000.0,18107.65,2.12,Food Products,SDYF,SBI AMC,2026-08
INE513A01022,Schaeffler India Ltd.,450000.0,18066.6,2.11,Auto Components,SDYF,SBI AMC,2026-08
INE044A01036,Sun Pharmaceutical Industries Ltd.,900000.0,17863.2,2.09,Pharmaceuticals & Biotechnology,SDYF,SBI AMC,2026-08
INE129A01019,GAIL (India) Ltd.,10000000.0,17750.0,2.08,Gas,SDYF,SBI AMC,2026-08
INE669C01036,Tech Mahindra Ltd.,1090000.0,17745.2,2.07,IT - Software,SDYF,SBI AMC,2026-08
INE376G01013,Biocon Ltd.,4050000.0,16686.0,1.95,Pharmaceuticals & Biotechnology,SDYF,SBI AMC,2026-08
INE066A01021,Eicher Motors Ltd.,202000.0,16066.07,1.88,Automobiles,SDYF,SBI AMC,2026-08
INE522D01027,Manappuram Finance Ltd.,4710254.0,16019.57,1.87,Finance,SDYF,SBI AMC,2026-08
INE486A01021,CESC Ltd.,10000000.0,14616.0,1.71,Power,SDYF,SBI AMC,2026-08
INE361B01024,Divi's Laboratories Ltd.,154000.0,14579.18,1.7,Pharmaceuticals & Biotechnology,SDYF,SBI AMC,2026-08
INE591G01025,Coforge Ltd.,700000.0,13897.1,1.62,IT - Software,SDYF,SBI AMC,2026-08
INE159A01016,Glaxosmithkline Pharmaceuticals Ltd.,450000.0,13725.45,1.6,Pharmaceuticals & Biotechnology,SDYF,SBI AMC,2026-08
INE061F01013,Fortis Healthcare Ltd.,1503750.0,13637.51,1.59,Healthcare Services,SDYF,SBI AMC,2026-08
INE536A01023,Grindwell Norton Ltd.,672644.0,13607.59,1.59,Industrial Products,SDYF,SBI AMC,2026-08
INE019A01038,JSW Steel Ltd.,1037500.0,13567.39,1.59,Ferrous Metals,SDYF,SBI AMC,2026-08
INE021A01026,Asian Paints Ltd.,500000.0,13268.0,1.55,Consumer Durables,SDYF,SBI AMC,2026-08
INE318A01026,Pidilite Industries Ltd.,772373.0,13035.34,1.52,Chemicals & Petrochemicals,SDYF,SBI AMC,2026-08
INE600L01024,Dr. Lal Path labs Ltd.,660000.0,12768.36,1.49,Healthcare Services,SDYF,SBI AMC,2026-08
INE494B01023,TVS Motor Company Ltd.,283000.0,12285.88,1.44,Automobiles,SDYF,SBI AMC,2026-08
INE017A01032,The Great Eastern Shipping Co. Ltd.,932591.0,12140.47,1.42,Transport Services,SDYF,SBI AMC,2026-08
INE010V01017,L&T Technology Services Ltd.,320000.0,11546.88,1.35,IT - Services,SDYF,SBI AMC,2026-08
INE914M01019,Aster DM Quality Care Ltd.,1509500.0,11411.82,1.33,Healthcare Services,SDYF,SBI AMC,2026-08
INE216A01030,Britannia Industries Ltd.,215000.0,11287.5,1.32,Food Products,SDYF,SBI AMC,2026-08
INE481G01011,Ultratech Cement Ltd.,95000.0,10877.5,1.27,Cement & Cement Products,SDYF,SBI AMC,2026-08
INE397D01024,Bharti Airtel Ltd.,600000.0,10871.4,1.27,Telecom - Services,SDYF,SBI AMC,2026-08
INE2J8701016,SKF India (Industrial) Ltd.,360000.0,10739.88,1.26,Industrial Products,SDYF,SBI AMC,2026-08
INE121J01017,Indus Towers Ltd.,2538916.0,9871.31,1.15,Telecom - Services,SDYF,SBI AMC,2026-08
INE274J01014,Oil India Ltd.,2000000.0,9663.0,1.13,Oil,SDYF,SBI AMC,2026-08
INE226A01021,Voltas Ltd.,800000.0,9555.2,1.12,Consumer Durables,SDYF,SBI AMC,2026-08
INE325A01013,Timken India Ltd.,300000.0,9448.8,1.1,Industrial Products,SDYF,SBI AMC,2026-08
INE213A01029,Oil & Natural Gas Corporation Ltd.,4050000.0,9387.9,1.1,Oil,SDYF,SBI AMC,2026-08
INE19RI01016,Tenneco Clean Air India Ltd.,1390000.0,7358.66,0.86,Auto Components,SDYF,SBI AMC,2026-08
INE0UOS01011,Sanofi Consumer Healthcare India Ltd.,176506.0,7307.7,0.85,Pharmaceuticals & Biotechnology,SDYF,SBI AMC,2026-08
INE267A01025,Hindustan Zinc Ltd.,1225000.0,7294.26,0.85,Non - Ferrous Metals,SDYF,SBI AMC,2026-08
INE880J01026,JSW Infrastructure Ltd.,1700000.0,5780.0,0.68,Transport Infrastructure,SDYF,SBI AMC,2026-08
INE121E01018,JSW Energy Ltd.,952381.0,4956.19,0.58,Power,SDYF,SBI AMC,2026-08
INE111A01025,Container Corporation of India Ltd.,304885.0,1560.71,0.18,Transport Services,SDYF,SBI AMC,2026-08
INE323A01026,Bosch Ltd.,3051.0,1525.5,0.18,Auto Components,SDYF,SBI AMC,2026-08
INE704J01044,Vedanta Oil and Gas Ltd.,2800000.0,1083.88,0.13,Oil,SDYF,SBI AMC,2026-08
INE1CLE01013,Vedanta Iron and Steel Ltd.,2800000.0,1031.24,0.12,Ferrous Metals,SDYF,SBI AMC,2026-08
INE694L01019,Vedanta Power Ltd.,2800000.0,985.04,0.12,Power,SDYF,SBI AMC,2026-08
INE259A01022,Colgate Palmolive (India) Ltd.,12500.0,237.2,0.03,Personal Products,SDYF,SBI AMC,2026-08
INE0FOO01011,Shiprocket Ltd.,132839.0,184.5,0.02,Transport Services,SDYF,SBI AMC,2026-08
INE041025011,Embassy Office Parks Reit,4909067.0,21525.28,2.52,Realty,SDYF,SBI AMC,2026-08
INE0NDH25011,Nexus Select Trust,12010584.0,20152.56,2.36,Realty,SDYF,SBI AMC,2026-08
INE0FDU25010,Brookfield India Real Estate Trust,4054745.0,13855.47,1.62,Realty,SDYF,SBI AMC,2026-08
INE0CCU25019,Mindspace Business Parks Reit,1976000.0,9798.0,1.15,Realty,SDYF,SBI AMC,2026-08
IN002025Z344,364 DAY T-BILL 19.11.26,500000.0,494.37,0.06,Sovereign,SDYF,SBI AMC,2026-08
INE040A01034,HDFC Bank Ltd.,503971.0,3573.15,11.84,Banks,SBI-BSE-SENSEX-IF,SBI AMC,2026-08
INE090A01021,ICICI Bank Ltd.,237063.0,3437.41,11.39,Banks,SBI-BSE-SENSEX-IF,SBI AMC,2026-08
INE002A01018,Reliance Industries Ltd.,223727.0,2874.89,9.53,Petroleum Products,SBI-BSE-SENSEX-IF,SBI AMC,2026-08
INE397D01024,Bharti Airtel Ltd.,100739.0,1843.52,6.11,Telecom - Services,SBI-BSE-SENSEX-IF,SBI AMC,2026-08
INE018A01030,Larsen & Toubro Ltd.,38651.0,1557.64,5.16,Construction,SBI-BSE-SENSEX-IF,SBI AMC,2026-08
INE062A01020,State Bank of India,137341.0,1455.81,4.83,Banks,SBI-BSE-SENSEX-IF,SBI AMC,2026-08
INE009A01021,Infosys Ltd.,115319.0,1299.13,4.31,IT - Software,SBI-BSE-SENSEX-IF,SBI AMC,2026-08
INE238A01034,Axis Bank Ltd.,94580.0,1213.46,4.02,Banks,SBI-BSE-SENSEX-IF,SBI AMC,2026-08
INE237A01036,Kotak Mahindra Bank Ltd.,243370.0,1017.9,3.37,Banks,SBI-BSE-SENSEX-IF,SBI AMC,2026-08
INE101A01026,Mahindra & Mahindra Ltd.,29600.0,983.02,3.26,Automobiles,SBI-BSE-SENSEX-IF,SBI AMC,2026-08
INE296A01032,Bajaj Finance Ltd.,88513.0,942.4,3.12,Finance,SBI-BSE-SENSEX-IF,SBI AMC,2026-08
INE154A01025,ITC Ltd.,319005.0,817.45,2.71,Diversified FMCG,SBI-BSE-SENSEX-IF,SBI AMC,2026-08
INE467B01029,Tata Consultancy Services Ltd.,33492.0,791.75,2.62,IT - Software,SBI-BSE-SENSEX-IF,SBI AMC,2026-08
INE758T01015,Eternal Ltd.,239321.0,784.25,2.6,Retailing,SBI-BSE-SENSEX-IF,SBI AMC,2026-08
INE044A01036,Sun Pharmaceutical Industries Ltd.,35687.0,698.04,2.31,Pharmaceuticals & Biotechnology,SBI-BSE-SENSEX-IF,SBI AMC,2026-08
INE280A01028,Titan Company Ltd.,13506.0,690.94,2.29,Consumer Durables,SBI-BSE-SENSEX-IF,SBI AMC,2026-08
INE030A01027,Hindustan Unilever Ltd.,29519.0,588.9,1.95,Diversified FMCG,SBI-BSE-SENSEX-IF,SBI AMC,2026-08
INE585B01010,Maruti Suzuki India Ltd.,4267.0,575.19,1.91,Automobiles,SBI-BSE-SENSEX-IF,SBI AMC,2026-08
INE733E01010,NTPC Ltd.,157110.0,514.85,1.71,Power,SBI-BSE-SENSEX-IF,SBI AMC,2026-08
INE081A01020,Tata Steel Ltd.,272421.0,501.25,1.66,Ferrous Metals,SBI-BSE-SENSEX-IF,SBI AMC,2026-08
INE263A01024,Bharat Electronics Ltd.,118424.0,490.28,1.63,Aerospace & Defense,SBI-BSE-SENSEX-IF,SBI AMC,2026-08
INE860A01027,HCL Technologies Ltd.,34983.0,457.93,1.52,IT - Software,SBI-BSE-SENSEX-IF,SBI AMC,2026-08
INE481G01011,Ultratech Cement Ltd.,3897.0,448.16,1.49,Cement & Cement Products,SBI-BSE-SENSEX-IF,SBI AMC,2026-08
INE742F01042,Adani Ports and Special Economic Zone Ltd.,24379.0,398.6,1.32,Transport Infrastructure,SBI-BSE-SENSEX-IF,SBI AMC,2026-08
INE752E01010,Power Grid Corporation of India Ltd.,150688.0,398.04,1.32,Power,SBI-BSE-SENSEX-IF,SBI AMC,2026-08
INE646L01027,Interglobe Aviation Ltd.,7417.0,384.5,1.27,Transport Services,SBI-BSE-SENSEX-IF,SBI AMC,2026-08
INE021A01026,Asian Paints Ltd.,14909.0,384.19,1.27,Consumer Durables,SBI-BSE-SENSEX-IF,SBI AMC,2026-08
INE918I01026,Bajaj Finserv Ltd.,18527.0,373.96,1.24,Finance,SBI-BSE-SENSEX-IF,SBI AMC,2026-08
INE669C01036,Tech Mahindra Ltd.,21061.0,342.28,1.13,IT - Software,SBI-BSE-SENSEX-IF,SBI AMC,2026-08
INE849A01020,Trent Ltd.,10932.0,314.84,1.04,Retailing,SBI-BSE-SENSEX-IF,SBI AMC,2026-08
INE758T01015,Eternal Ltd.,819968.0,2690.32,2.53,Retailing,SN50EWIF,SBI AMC,2026-08
INE917I01010,Bajaj Auto Ltd.,21558.0,2614.99,2.46,Automobiles,SN50EWIF,SBI AMC,2026-08
INE280A01028,Titan Company Ltd.,48613.0,2480.43,2.33,Consumer Durables,SN50EWIF,SBI AMC,2026-08
INE860A01027,HCL Technologies Ltd.,188702.0,2476.15,2.33,IT - Software,SN50EWIF,SBI AMC,2026-08
INE467B01029,Tata Consultancy Services Ltd.,99667.0,2391.31,2.25,IT - Software,SN50EWIF,SBI AMC,2026-08
INE918I01026,Bajaj Finserv Ltd.,118055.0,2385.89,2.24,Finance,SN50EWIF,SBI AMC,2026-08
INE669C01036,Tech Mahindra Ltd.,143816.0,2341.32,2.2,IT - Software,SN50EWIF,SBI AMC,2026-08
INE721A01047,Shriram Finance Ltd.,206277.0,2289.47,2.15,Finance,SN50EWIF,SBI AMC,2026-08
INE239A01024,Nestle India Ltd.,152031.0,2275.14,2.14,Food Products,SN50EWIF,SBI AMC,2026-08
INE047A01021,Grasim Industries Ltd.,67203.0,2265.41,2.13,Cement & Cement Products,SN50EWIF,SBI AMC,2026-08
INE009A01021,Infosys Ltd.,198935.0,2255.53,2.12,IT - Software,SN50EWIF,SBI AMC,2026-08
INE101A01026,Mahindra & Mahindra Ltd.,68591.0,2251.16,2.12,Automobiles,SN50EWIF,SBI AMC,2026-08
INE296A01032,Bajaj Finance Ltd.,212116.0,2242.07,2.11,Finance,SN50EWIF,SBI AMC,2026-08
INE019A01038,JSW Steel Ltd.,170725.0,2232.57,2.1,Ferrous Metals,SN50EWIF,SBI AMC,2026-08
INE044A01036,Sun Pharmaceutical Industries Ltd.,112143.0,2225.81,2.09,Pharmaceuticals & Biotechnology,SN50EWIF,SBI AMC,2026-08
INE090A01021,ICICI Bank Ltd.,153027.0,2225.01,2.09,Banks,SN50EWIF,SBI AMC,2026-08
INE075A01022,Wipro Ltd.,1204713.0,2222.7,2.09,IT - Software,SN50EWIF,SBI AMC,2026-08
INE066A01021,Eicher Motors Ltd.,27759.0,2207.81,2.07,Automobiles,SN50EWIF,SBI AMC,2026-08
INE038A01020,Hindalco Industries Ltd.,215231.0,2185.56,2.05,Non - Ferrous Metals,SN50EWIF,SBI AMC,2026-08
INE437A01024,Apollo Hospitals Enterprise Ltd.,24518.0,2181.73,2.05,Healthcare Services,SN50EWIF,SBI AMC,2026-08
INE237A01036,Kotak Mahindra Bank Ltd.,517796.0,2171.64,2.04,Banks,SN50EWIF,SBI AMC,2026-08
INE062A01020,State Bank of India,203166.0,2153.56,2.02,Banks,SN50EWIF,SBI AMC,2026-08
INE585B01010,Maruti Suzuki India Ltd.,15866.0,2149.37,2.02,Automobiles,SN50EWIF,SBI AMC,2026-08
INE758E01017,Jio Financial Services Ltd.,879968.0,2123.8,2.0,Finance,SN50EWIF,SBI AMC,2026-08
INE646L01027,Interglobe Aviation Ltd.,40365.0,2112.7,1.98,Transport Services,SN50EWIF,SBI AMC,2026-08
INE263A01024,Bharat Electronics Ltd.,508278.0,2106.56,1.98,Aerospace & Defense,SN50EWIF,SBI AMC,2026-08
INE481G01011,Ultratech Cement Ltd.,18390.0,2105.66,1.98,Cement & Cement Products,SN50EWIF,SBI AMC,2026-08
INE021A01026,Asian Paints Ltd.,78800.0,2091.04,1.96,Consumer Durables,SN50EWIF,SBI AMC,2026-08
INE123W01016,SBI Life Insurance Co. Ltd.,118912.0,2069.66,1.94,Insurance,SN50EWIF,SBI AMC,2026-08
INE059A01026,Cipla Ltd.,146184.0,2060.02,1.94,Pharmaceuticals & Biotechnology,SN50EWIF,SBI AMC,2026-08
INE002A01018,Reliance Industries Ltd.,160017.0,2043.42,1.92,Petroleum Products,SN50EWIF,SBI AMC,2026-08
INE081A01020,Tata Steel Ltd.,1105380.0,2037.77,1.91,Ferrous Metals,SN50EWIF,SBI AMC,2026-08
INE018A01030,Larsen & Toubro Ltd.,50268.0,2033.29,1.91,Construction,SN50EWIF,SBI AMC,2026-08
INE213A01029,Oil & Natural Gas Corporation Ltd.,875833.0,2030.18,1.91,Oil,SN50EWIF,SBI AMC,2026-08
INE397D01024,Bharti Airtel Ltd.,111972.0,2028.82,1.91,Telecom - Services,SN50EWIF,SBI AMC,2026-08
INE027H01010,Max Healthcare Institute Ltd.,194319.0,2025.0,1.9,Healthcare Services,SN50EWIF,SBI AMC,2026-08
INE192A01025,Tata Consumer Products Ltd.,191417.0,1985.95,1.87,Agricultural Food & other Products,SN50EWIF,SBI AMC,2026-08
INE238A01034,Axis Bank Ltd.,151823.0,1973.7,1.85,Banks,SN50EWIF,SBI AMC,2026-08
INE423A01024,Adani Enterprises Ltd.,68476.0,1957.8,1.84,Metals & Minerals Trading,SN50EWIF,SBI AMC,2026-08
INE795G01014,HDFC Life Insurance Company Ltd.,355215.0,1930.06,1.81,Insurance,SN50EWIF,SBI AMC,2026-08
INE733E01010,NTPC Ltd.,588713.0,1927.45,1.81,Power,SN50EWIF,SBI AMC,2026-08
INE030A01027,Hindustan Unilever Ltd.,97416.0,1916.56,1.8,Diversified FMCG,SN50EWIF,SBI AMC,2026-08
INE522F01014,Coal India Ltd.,475832.0,1911.66,1.8,Consumable Fuels,SN50EWIF,SBI AMC,2026-08
INE752E01010,Power Grid Corporation of India Ltd.,722584.0,1904.37,1.79,Power,SN50EWIF,SBI AMC,2026-08
INE040A01034,HDFC Bank Ltd.,265000.0,1878.85,1.77,Banks,SN50EWIF,SBI AMC,2026-08
INE849A01020,Trent Ltd.,64737.0,1864.36,1.75,Retailing,SN50EWIF,SBI AMC,2026-08
INE155A01022,Tata Motors Passenger Vehicles Ltd.,601083.0,1856.44,1.74,Automobiles,SN50EWIF,SBI AMC,2026-08
INE154A01025,ITC Ltd.,723954.0,1849.7,1.74,Diversified FMCG,SN50EWIF,SBI AMC,2026-08
INE742F01042,Adani Ports and Special Economic Zone Ltd.,115920.0,1846.72,1.74,Transport Infrastructure,SN50EWIF,SBI AMC,2026-08
INE089A01031,Dr. Reddy's Laboratories Ltd.,158235.0,1826.66,1.72,Pharmaceuticals & Biotechnology,SN50EWIF,SBI AMC,2026-08
INE002A01018,Reliance Industries Ltd.,5945000.0,75917.65,9.12,Petroleum Products,SEOF,SBI AMC,2026-08
INE129A01019,GAIL (India) Ltd.,37434819.0,66446.8,7.98,Gas,SEOF,SBI AMC,2026-08
INE213A01029,Oil & Natural Gas Corporation Ltd.,24310276.0,56351.22,6.77,Oil,SEOF,SBI AMC,2026-08
INE220B01022,Kalpataru Projects International Ltd.,3394714.0,47556.55,5.71,Construction,SEOF,SBI AMC,2026-08
INE844O01030,Gujarat Energy Ltd.,18798534.0,46563.97,5.59,Gas,SEOF,SBI AMC,2026-08
INE347G01014,Petronet LNG Ltd.,13219320.0,39737.28,4.77,Gas,SEOF,SBI AMC,2026-08
INE029A01011,Bharat Petroleum Corporation Ltd.,12163692.0,39416.44,4.73,Petroleum Products,SEOF,SBI AMC,2026-08
INE733E01010,NTPC Ltd.,11245170.0,36816.69,4.42,Power,SEOF,SBI AMC,2026-08
INE545A01024,HEG Ltd.,4814383.0,35087.22,4.21,Industrial Products,SEOF,SBI AMC,2026-08
INE152A01029,Thermax Ltd.,883474.0,34469.62,4.14,Electrical Equipment,SEOF,SBI AMC,2026-08
INE121E01018,JSW Energy Ltd.,6076446.0,31621.82,3.8,Power,SEOF,SBI AMC,2026-08
INE035D01020,Savita Oil Technologies Ltd.,4269217.0,29393.56,3.53,Petroleum Products,SEOF,SBI AMC,2026-08
INE813H01021,Torrent Power Ltd.,2285360.0,27769.41,3.34,Power,SEOF,SBI AMC,2026-08
INE671A01010,Honeywell Automation India Ltd.,75150.0,26700.8,3.21,Industrial Manufacturing,SEOF,SBI AMC,2026-08
INE242A01010,Indian Oil Corporation Ltd.,17647288.0,24552.67,2.95,Petroleum Products,SEOF,SBI AMC,2026-08
INE423A01024,Adani Enterprises Ltd.,676437.0,19340.01,2.32,Metals & Minerals Trading,SEOF,SBI AMC,2026-08
INE486A01021,CESC Ltd.,12114574.0,17706.66,2.13,Power,SEOF,SBI AMC,2026-08
INE371A01025,Graphite India Ltd.,2428321.0,17060.17,2.05,Industrial Products,SEOF,SBI AMC,2026-08
INE203G01027,Indraprastha Gas Ltd.,11183665.0,16830.3,2.02,Gas,SEOF,SBI AMC,2026-08
INE134E01011,Power Finance Corporation Ltd.,4257426.0,14317.72,1.72,Finance,SEOF,SBI AMC,2026-08
INE020B01018,REC Ltd.,4325000.0,13982.73,1.68,Finance,SEOF,SBI AMC,2026-08
INE003A01024,Siemens Ltd.,334518.0,13481.08,1.62,Electrical Equipment,SEOF,SBI AMC,2026-08
INE974X01010,Tube Investments of India Ltd.,452514.0,12579.89,1.51,Auto Components,SEOF,SBI AMC,2026-08
INE921L01032,Powerica Ltd.,2400993.0,12461.15,1.5,Electrical Equipment,SEOF,SBI AMC,2026-08
INE848E01016,NHPC Ltd.,15745621.0,12080.04,1.45,Power,SEOF,SBI AMC,2026-08
INE1TUG01013,GSPL Transmission Ltd.,6266178.0,9399.27,1.13,Gas,SEOF,SBI AMC,2026-08
INE752E01010,Power Grid Corporation of India Ltd.,3010964.0,7935.4,0.95,Power,SEOF,SBI AMC,2026-08
INE488A01050,Chemplast Sanmar Ltd.,4378853.0,7729.55,0.93,Chemicals & Petrochemicals,SEOF,SBI AMC,2026-08
INE022Q01020,Indian Energy Exchange Ltd.,5704650.0,6874.1,0.83,Capital Markets,SEOF,SBI AMC,2026-08
INE389H01022,KEC International Ltd.,900000.0,3748.5,0.45,Construction,SEOF,SBI AMC,2026-08
INE05C901015,Juniper Green Energy Ltd.,1333266.0,3530.22,0.42,Power,SEOF,SBI AMC,2026-08
INE704J01044,Vedanta Oil and Gas Ltd.,6654348.0,2575.9,0.31,Oil,SEOF,SBI AMC,2026-08
INE274J01014,Oil India Ltd.,121912.0,589.02,0.07,Oil,SEOF,SBI AMC,2026-08
INE00WV01027,CMR Green Technologies Ltd.,247279.0,570.67,0.07,Industrial Products,SEOF,SBI AMC,2026-08
IN002025Z344,364 DAY T-BILL 19.11.26,500000.0,494.37,0.06,Sovereign,SEOF,SBI AMC,2026-08
INE101A01026,Mahindra & Mahindra Ltd.,2500000.0,82050.0,12.92,Automobiles,SBI-AOF,SBI AMC,2026-08
INE066A01021,Eicher Motors Ltd.,450000.0,35790.75,5.64,Automobiles,SBI-AOF,SBI AMC,2026-08
INE494B01023,TVS Motor Company Ltd.,720000.0,31257.36,4.92,Automobiles,SBI-AOF,SBI AMC,2026-08
INE073K01018,Sona Blw Precision Forgings Ltd.,3500000.0,28456.75,4.48,Auto Components,SBI-AOF,SBI AMC,2026-08
INE775A01035,Samvardhana Motherson International Ltd.,16000000.0,27308.8,4.3,Auto Components,SBI-AOF,SBI AMC,2026-08
INE585B01010,Maruti Suzuki India Ltd.,200000.0,27094.0,4.27,Automobiles,SBI-AOF,SBI AMC,2026-08
INE465A01025,Bharat Forge Ltd.,1200000.0,25258.8,3.98,Auto Components,SBI-AOF,SBI AMC,2026-08
INE01NH01023,Dhoot Transmission Ltd.,1640000.0,24183.44,3.81,Auto Components,SBI-AOF,SBI AMC,2026-08
INE1TAE01010,Tata Motors Ltd.,5000000.0,23555.0,3.71,"Agricultural, Commercial & Construction Vehicles",SBI-AOF,SBI AMC,2026-08
INE330T01021,Happy Forgings Ltd.,935311.0,22559.7,3.55,Industrial Products,SBI-AOF,SBI AMC,2026-08
INE323A01026,Bosch Ltd.,45000.0,22500.0,3.54,Auto Components,SBI-AOF,SBI AMC,2026-08
INE0LEZ01016,Ather Energy Ltd.,1280000.0,21986.56,3.46,Automobiles,SBI-AOF,SBI AMC,2026-08
INE953O01021,Sansera Engineering Ltd.,500000.0,20090.0,3.16,Auto Components,SBI-AOF,SBI AMC,2026-08
INE524A01029,Gabriel India Ltd.,1320000.0,18980.28,2.99,Auto Components,SBI-AOF,SBI AMC,2026-08
INE405E01023,UNO Minda Ltd.,1320000.0,16843.2,2.65,Auto Components,SBI-AOF,SBI AMC,2026-08
INE00XB01019,Sedemac Mechatronics Ltd.,500000.0,15447.0,2.43,Auto Components,SBI-AOF,SBI AMC,2026-08
INE0V6F01027,Hyundai Motor India Ltd.,700000.0,15435.0,2.43,Automobiles,SBI-AOF,SBI AMC,2026-08
INE491J01022,ASK Automotive Ltd.,2051497.0,13537.83,2.13,Auto Components,SBI-AOF,SBI AMC,2026-08
INE19RI01016,Tenneco Clean Air India Ltd.,2500000.0,13235.0,2.08,Auto Components,SBI-AOF,SBI AMC,2026-08
INE473D01015,Kingfa Science & Technology India Ltd.,200000.0,12101.0,1.91,Industrial Products,SBI-AOF,SBI AMC,2026-08
INE387A01021,Sundram Fasteners Ltd.,1000000.0,12039.0,1.9,Auto Components,SBI-AOF,SBI AMC,2026-08
INE894V01022,Belrise Industries Ltd.,5000000.0,11617.0,1.83,Auto Components,SBI-AOF,SBI AMC,2026-08
INE842C01021,Minda Corporation Ltd.,1600000.0,11400.8,1.8,Auto Components,SBI-AOF,SBI AMC,2026-08
INE325A01013,Timken India Ltd.,350000.0,11023.6,1.74,Industrial Products,SBI-AOF,SBI AMC,2026-08
INE787D01026,Balkrishna Industries Ltd.,480000.0,10940.16,1.72,Auto Components,SBI-AOF,SBI AMC,2026-08
INE00LO01017,Craftsman Automation Ltd.,90000.0,10078.65,1.59,Auto Components,SBI-AOF,SBI AMC,2026-08
INE513A01022,Schaeffler India Ltd.,240000.0,9635.52,1.52,Auto Components,SBI-AOF,SBI AMC,2026-08
INE342J01019,ZF Commercial Vehicle Control Systems India Ltd.,360000.0,9124.56,1.44,Auto Components,SBI-AOF,SBI AMC,2026-08
INE913H01037,Endurance Technologies Ltd.,300000.0,8613.6,1.36,Auto Components,SBI-AOF,SBI AMC,2026-08
INE439A01020,Asahi India Glass Ltd.,800000.0,7616.4,1.2,Auto Components,SBI-AOF,SBI AMC,2026-08
INE526E01018,SPR Auto Technologies Ltd.,163551.0,7538.39,1.19,Auto Components,SBI-AOF,SBI AMC,2026-08
INE0FS801015,Motherson Sumi Wiring India Ltd.,12000000.0,4414.8,0.7,Auto Components,SBI-AOF,SBI AMC,2026-08
INE0Q3R01026,Sundaram Clayton Ltd.,200000.0,2611.2,0.41,Auto Components,SBI-AOF,SBI AMC,2026-08
INE917I01010,Bajaj Auto Ltd.,20000.0,2426.0,0.38,Automobiles,SBI-AOF,SBI AMC,2026-08
INE062D01024,Alicon Castalloy Ltd.,300000.0,1996.2,0.31,Auto Components,SBI-AOF,SBI AMC,2026-08
IN002025Z344,364 DAY T-BILL 19.11.26,500000.0,494.37,0.08,Sovereign,SBI-AOF,SBI AMC,2026-08
INF200KB1217,SBI Silver ETF,171803493.0,392519.44,100.04,Mutual Fund/ETF,SETFSILVER-FOF,SBI AMC,2026-08
INE758T01015,Eternal Ltd.,30558.0,100.26,2.53,Retailing,SN50EW-ETF,SBI AMC,2026-08
INE917I01010,Bajaj Auto Ltd.,805.0,97.65,2.46,Automobiles,SN50EW-ETF,SBI AMC,2026-08
INE280A01028,Titan Company Ltd.,1810.0,92.35,2.33,Consumer Durables,SN50EW-ETF,SBI AMC,2026-08
INE860A01027,HCL Technologies Ltd.,7031.0,92.26,2.33,IT - Software,SN50EW-ETF,SBI AMC,2026-08
INE467B01029,Tata Consultancy Services Ltd.,3713.0,89.09,2.25,IT - Software,SN50EW-ETF,SBI AMC,2026-08
INE918I01026,Bajaj Finserv Ltd.,4398.0,88.88,2.24,Finance,SN50EW-ETF,SBI AMC,2026-08
INE669C01036,Tech Mahindra Ltd.,5358.0,87.23,2.2,IT - Software,SN50EW-ETF,SBI AMC,2026-08
INE721A01047,Shriram Finance Ltd.,7690.0,85.35,2.15,Finance,SN50EW-ETF,SBI AMC,2026-08
INE239A01024,Nestle India Ltd.,5665.0,84.78,2.14,Food Products,SN50EW-ETF,SBI AMC,2026-08
INE047A01021,Grasim Industries Ltd.,2502.0,84.34,2.13,Cement & Cement Products,SN50EW-ETF,SBI AMC,2026-08
INE009A01021,Infosys Ltd.,7415.0,84.07,2.12,IT - Software,SN50EW-ETF,SBI AMC,2026-08
INE101A01026,Mahindra & Mahindra Ltd.,2555.0,83.86,2.11,Automobiles,SN50EW-ETF,SBI AMC,2026-08
INE296A01032,Bajaj Finance Ltd.,7907.0,83.58,2.11,Finance,SN50EW-ETF,SBI AMC,2026-08
INE019A01038,JSW Steel Ltd.,6362.0,83.2,2.1,Ferrous Metals,SN50EW-ETF,SBI AMC,2026-08
INE090A01021,ICICI Bank Ltd.,5703.0,82.92,2.09,Banks,SN50EW-ETF,SBI AMC,2026-08
INE044A01036,Sun Pharmaceutical Industries Ltd.,4177.0,82.91,2.09,Pharmaceuticals & Biotechnology,SN50EW-ETF,SBI AMC,2026-08
INE075A01022,Wipro Ltd.,44895.0,82.83,2.09,IT - Software,SN50EW-ETF,SBI AMC,2026-08
INE066A01021,Eicher Motors Ltd.,1036.0,82.4,2.08,Automobiles,SN50EW-ETF,SBI AMC,2026-08
INE038A01020,Hindalco Industries Ltd.,8021.0,81.45,2.05,Non - Ferrous Metals,SN50EW-ETF,SBI AMC,2026-08
INE437A01024,Apollo Hospitals Enterprise Ltd.,913.0,81.24,2.05,Healthcare Services,SN50EW-ETF,SBI AMC,2026-08
INE237A01036,Kotak Mahindra Bank Ltd.,19294.0,80.92,2.04,Banks,SN50EW-ETF,SBI AMC,2026-08
INE585B01010,Maruti Suzuki India Ltd.,593.0,80.33,2.03,Automobiles,SN50EW-ETF,SBI AMC,2026-08
INE062A01020,State Bank of India,7571.0,80.25,2.02,Banks,SN50EW-ETF,SBI AMC,2026-08
INE758E01017,Jio Financial Services Ltd.,32792.0,79.14,2.0,Finance,SN50EW-ETF,SBI AMC,2026-08
INE646L01027,Interglobe Aviation Ltd.,1506.0,78.82,1.99,Transport Services,SN50EW-ETF,SBI AMC,2026-08
INE263A01024,Bharat Electronics Ltd.,18942.0,78.51,1.98,Aerospace & Defense,SN50EW-ETF,SBI AMC,2026-08
INE481G01011,Ultratech Cement Ltd.,685.0,78.43,1.98,Cement & Cement Products,SN50EW-ETF,SBI AMC,2026-08
INE021A01026,Asian Paints Ltd.,2939.0,77.99,1.97,Consumer Durables,SN50EW-ETF,SBI AMC,2026-08
INE123W01016,SBI Life Insurance Co. Ltd.,4430.0,77.1,1.94,Insurance,SN50EW-ETF,SBI AMC,2026-08
INE059A01026,Cipla Ltd.,5448.0,76.77,1.94,Pharmaceuticals & Biotechnology,SN50EW-ETF,SBI AMC,2026-08
INE002A01018,Reliance Industries Ltd.,5964.0,76.16,1.92,Petroleum Products,SN50EW-ETF,SBI AMC,2026-08
INE081A01020,Tata Steel Ltd.,41194.0,75.94,1.91,Ferrous Metals,SN50EW-ETF,SBI AMC,2026-08
INE018A01030,Larsen & Toubro Ltd.,1873.0,75.76,1.91,Construction,SN50EW-ETF,SBI AMC,2026-08
INE213A01029,Oil & Natural Gas Corporation Ltd.,32639.0,75.66,1.91,Oil,SN50EW-ETF,SBI AMC,2026-08
INE397D01024,Bharti Airtel Ltd.,4171.0,75.57,1.91,Telecom - Services,SN50EW-ETF,SBI AMC,2026-08
INE027H01010,Max Healthcare Institute Ltd.,7240.0,75.45,1.9,Healthcare Services,SN50EW-ETF,SBI AMC,2026-08
INE192A01025,Tata Consumer Products Ltd.,7134.0,74.02,1.87,Agricultural Food & other Products,SN50EW-ETF,SBI AMC,2026-08
INE238A01034,Axis Bank Ltd.,5658.0,73.55,1.85,Banks,SN50EW-ETF,SBI AMC,2026-08
INE423A01024,Adani Enterprises Ltd.,2551.0,72.94,1.84,Metals & Minerals Trading,SN50EW-ETF,SBI AMC,2026-08
INE795G01014,HDFC Life Insurance Company Ltd.,13237.0,71.92,1.81,Insurance,SN50EW-ETF,SBI AMC,2026-08
INE733E01010,NTPC Ltd.,21938.0,71.83,1.81,Power,SN50EW-ETF,SBI AMC,2026-08
INE030A01027,Hindustan Unilever Ltd.,3632.0,71.46,1.8,Diversified FMCG,SN50EW-ETF,SBI AMC,2026-08
INE522F01014,Coal India Ltd.,17732.0,71.24,1.8,Consumable Fuels,SN50EW-ETF,SBI AMC,2026-08
INE752E01010,Power Grid Corporation of India Ltd.,26927.0,70.97,1.79,Power,SN50EW-ETF,SBI AMC,2026-08
INE040A01034,HDFC Bank Ltd.,9874.0,70.01,1.76,Banks,SN50EW-ETF,SBI AMC,2026-08
INE849A01020,Trent Ltd.,2413.0,69.49,1.75,Retailing,SN50EW-ETF,SBI AMC,2026-08
INE155A01022,Tata Motors Passenger Vehicles Ltd.,22399.0,69.18,1.74,Automobiles,SN50EW-ETF,SBI AMC,2026-08
INE154A01025,ITC Ltd.,26979.0,68.93,1.74,Diversified FMCG,SN50EW-ETF,SBI AMC,2026-08
INE742F01042,Adani Ports and Special Economic Zone Ltd.,4321.0,68.84,1.74,Transport Infrastructure,SN50EW-ETF,SBI AMC,2026-08
INE089A01031,Dr. Reddy's Laboratories Ltd.,5896.0,68.06,1.72,Pharmaceuticals & Biotechnology,SN50EW-ETF,SBI AMC,2026-08
INE758T01015,Eternal Ltd.,14500000.0,47574.5,8.66,Retailing,SIOF,SBI AMC,2026-08
INE673O01025,TBO Tek Ltd.,2017397.0,35205.6,6.41,Leisure Services,SIOF,SBI AMC,2026-08
INE361B01024,Divi's Laboratories Ltd.,300000.0,28401.0,5.17,Pharmaceuticals & Biotechnology,SIOF,SBI AMC,2026-08
INE0LEZ01016,Ather Energy Ltd.,1649596.0,28335.11,5.16,Automobiles,SIOF,SBI AMC,2026-08
INE388Y01029,FSN E-Commerce Ventures Ltd.,8000000.0,27964.0,5.09,Retailing,SIOF,SBI AMC,2026-08
INE296A01032,Bajaj Finance Ltd.,2500000.0,26425.0,4.81,Finance,SIOF,SBI AMC,2026-08
INE0VDM01015,Meesho Ltd.,11908085.0,24458.02,4.45,Retailing,SIOF,SBI AMC,2026-08
INE0UIZ01018,BlackBuck Ltd.,4000000.0,23752.0,4.32,Transport Services,SIOF,SBI AMC,2026-08
INE044A01036,Sun Pharmaceutical Industries Ltd.,1000000.0,19848.0,3.61,Pharmaceuticals & Biotechnology,SIOF,SBI AMC,2026-08
INE0CAZ01013,Urban Company Ltd.,11476441.0,19178.28,3.49,Retailing,SIOF,SBI AMC,2026-08
INE684F01012,Firstsource Solutions Ltd.,7000000.0,18536.0,3.37,Commercial Services & Supplies,SIOF,SBI AMC,2026-08
INE121R01077,Amagi Media Labs Ltd.,2928263.0,16617.89,3.03,IT - Services,SIOF,SBI AMC,2026-08
INE591G01025,Coforge Ltd.,800000.0,15882.4,2.89,IT - Software,SIOF,SBI AMC,2026-08
INE663F01032,Info Edge (India) Ltd.,1200000.0,15756.0,2.87,Retailing,SIOF,SBI AMC,2026-08
INE00H001014,Swiggy Ltd.,5000000.0,14095.0,2.57,Retailing,SIOF,SBI AMC,2026-08
INE00XB01019,Sedemac Mechatronics Ltd.,454199.0,14032.02,2.55,Auto Components,SIOF,SBI AMC,2026-08
INE982J01020,One 97 Communications Ltd.,812515.0,13951.7,2.54,Financial Technology (Fintech),SIOF,SBI AMC,2026-08
INE918I01026,Bajaj Finserv Ltd.,650000.0,13136.5,2.39,Finance,SIOF,SBI AMC,2026-08
INE419U01012,Happiest Minds Technologies Ltd.,2650593.0,10786.59,1.96,IT - Software,SIOF,SBI AMC,2026-08
INE101A01026,Mahindra & Mahindra Ltd.,300000.0,9846.0,1.79,Automobiles,SIOF,SBI AMC,2026-08
INE065X01017,Indegene Ltd.,1500000.0,9174.75,1.67,Healthcare Services,SIOF,SBI AMC,2026-08
INE417T01026,PB Fintech Ltd.,476698.0,8938.09,1.63,Financial Technology (Fintech),SIOF,SBI AMC,2026-08
INE093A01041,Hexaware Technologies Ltd.,1502464.0,8334.92,1.52,IT - Software,SIOF,SBI AMC,2026-08
INE15B701018,Pine Labs Ltd.,5000000.0,8201.5,1.49,Financial Technology (Fintech),SIOF,SBI AMC,2026-08
INE073K01018,Sona Blw Precision Forgings Ltd.,1000000.0,8130.5,1.48,Auto Components,SIOF,SBI AMC,2026-08
INE536A01023,Grindwell Norton Ltd.,400000.0,8092.0,1.47,Industrial Products,SIOF,SBI AMC,2026-08
INE152A01029,Thermax Ltd.,200000.0,7803.2,1.42,Electrical Equipment,SIOF,SBI AMC,2026-08
INE03JT01014,GO Digit General Insurance Ltd.,3029115.0,7796.94,1.42,Insurance,SIOF,SBI AMC,2026-08
INE0LP301011,Physicswallah Ltd.,6321778.0,7352.23,1.34,Other Consumer Services,SIOF,SBI AMC,2026-08
INE342G01023,NIIT Learning Systems Ltd.,2270794.0,5157.43,0.94,Other Consumer Services,SIOF,SBI AMC,2026-08
INE0FOO01011,Shiprocket Ltd.,3608220.0,5011.46,0.91,Transport Services,SIOF,SBI AMC,2026-08
INE0HOQ01053,Billionbrains Garage Ventures Ltd.,2366360.0,4544.83,0.83,Capital Markets,SIOF,SBI AMC,2026-08
INE00FF01025,Acutaas Chemicals Ltd.,140000.0,4424.84,0.81,Pharmaceuticals & Biotechnology,SIOF,SBI AMC,2026-08
INE956O01016,Lenskart Solutions Ltd.,621896.0,4119.44,0.75,Retailing,SIOF,SBI AMC,2026-08
INE671A01010,Honeywell Automation India Ltd.,7614.0,2705.25,0.49,Industrial Manufacturing,SIOF,SBI AMC,2026-08
INE450U01017,Route Mobile Ltd.,500000.0,2500.0,0.46,Telecom - Services,SIOF,SBI AMC,2026-08
INE985S01024,TeamLease Services Ltd.,183866.0,2359.92,0.43,Commercial Services & Supplies,SIOF,SBI AMC,2026-08
INE1KZI01025,Tempsens Instruments (India) Ltd.,32699.0,184.29,0.03,Industrial Manufacturing,SIOF,SBI AMC,2026-08
IN002025Z344,364 DAY T-BILL 19.11.26,500000.0,494.37,0.09,Sovereign,SIOF,SBI AMC,2026-08
INE040A01034,HDFC Bank Ltd.,595032.0,4218.78,5.41,Banks,SN500IF,SBI AMC,2026-08
INE090A01021,ICICI Bank Ltd.,278362.0,4047.38,5.19,Banks,SN500IF,SBI AMC,2026-08
INE002A01018,Reliance Industries Ltd.,262506.0,3352.2,4.3,Petroleum Products,SN500IF,SBI AMC,2026-08
INE397D01024,Bharti Airtel Ltd.,118160.0,2140.94,2.75,Telecom - Services,SN500IF,SBI AMC,2026-08
INE018A01030,Larsen & Toubro Ltd.,45480.0,1839.62,2.36,Construction,SN500IF,SBI AMC,2026-08
INE062A01020,State Bank of India,160615.0,1702.52,2.18,Banks,SN500IF,SBI AMC,2026-08
INE009A01021,Infosys Ltd.,136292.0,1545.28,1.98,IT - Software,SN500IF,SBI AMC,2026-08
INE238A01034,Axis Bank Ltd.,111595.0,1450.74,1.86,Banks,SN500IF,SBI AMC,2026-08
INE237A01036,Kotak Mahindra Bank Ltd.,286088.0,1199.85,1.54,Banks,SN500IF,SBI AMC,2026-08
INE101A01026,Mahindra & Mahindra Ltd.,34691.0,1138.56,1.46,Automobiles,SN500IF,SBI AMC,2026-08
INE296A01032,Bajaj Finance Ltd.,104147.0,1100.83,1.41,Finance,SN500IF,SBI AMC,2026-08
INE154A01025,ITC Ltd.,374573.0,957.03,1.23,Diversified FMCG,SN500IF,SBI AMC,2026-08
INE467B01029,Tata Consultancy Services Ltd.,39673.0,951.87,1.22,IT - Software,SN500IF,SBI AMC,2026-08
INE758T01015,Eternal Ltd.,280921.0,921.7,1.18,Retailing,SN500IF,SBI AMC,2026-08
INE280A01028,Titan Company Ltd.,16043.0,818.58,1.05,Consumer Durables,SN500IF,SBI AMC,2026-08
INE044A01036,Sun Pharmaceutical Industries Ltd.,41145.0,816.65,1.05,Pharmaceuticals & Biotechnology,SN500IF,SBI AMC,2026-08
INE585B01010,Maruti Suzuki India Ltd.,5069.0,686.7,0.88,Automobiles,SN500IF,SBI AMC,2026-08
INE030A01027,Hindustan Unilever Ltd.,34474.0,678.24,0.87,Diversified FMCG,SN500IF,SBI AMC,2026-08
INE721A01047,Shriram Finance Ltd.,54419.0,604.0,0.77,Finance,SN500IF,SBI AMC,2026-08
INE733E01010,NTPC Ltd.,184217.0,603.13,0.77,Power,SN500IF,SBI AMC,2026-08
INE081A01020,Tata Steel Ltd.,321198.0,592.13,0.76,Ferrous Metals,SN500IF,SBI AMC,2026-08
INE263A01024,Bharat Electronics Ltd.,139176.0,576.81,0.74,Aerospace & Defense,SN500IF,SBI AMC,2026-08
INE038A01020,Hindalco Industries Ltd.,56262.0,571.31,0.73,Non - Ferrous Metals,SN500IF,SBI AMC,2026-08
INE860A01027,HCL Technologies Ltd.,40967.0,537.57,0.69,IT - Software,SN500IF,SBI AMC,2026-08
INE481G01011,Ultratech Cement Ltd.,4598.0,526.47,0.68,Cement & Cement Products,SN500IF,SBI AMC,2026-08
INE917I01010,Bajaj Auto Ltd.,4304.0,522.08,0.67,Automobiles,SN500IF,SBI AMC,2026-08
INE118H01025,BSE Ltd.,15879.0,521.15,0.67,Capital Markets,SN500IF,SBI AMC,2026-08
INE047A01021,Grasim Industries Ltd.,14661.0,494.22,0.63,Cement & Cement Products,SN500IF,SBI AMC,2026-08
INE019A01038,JSW Steel Ltd.,36446.0,476.6,0.61,Ferrous Metals,SN500IF,SBI AMC,2026-08
INE361B01024,Divi's Laboratories Ltd.,4938.0,467.48,0.6,Pharmaceuticals & Biotechnology,SN500IF,SBI AMC,2026-08
INE021A01026,Asian Paints Ltd.,17572.0,466.29,0.6,Consumer Durables,SN500IF,SBI AMC,2026-08
INE752E01010,Power Grid Corporation of India Ltd.,175968.0,463.76,0.59,Power,SN500IF,SBI AMC,2026-08
INE646L01027,Interglobe Aviation Ltd.,8796.0,460.38,0.59,Transport Services,SN500IF,SBI AMC,2026-08
INE742F01042,Adani Ports and Special Economic Zone Ltd.,28667.0,456.69,0.59,Transport Infrastructure,SN500IF,SBI AMC,2026-08
INE918I01026,Bajaj Finserv Ltd.,22495.0,454.62,0.58,Finance,SN500IF,SBI AMC,2026-08
INE066A01021,Eicher Motors Ltd.,5355.0,425.91,0.55,Automobiles,SN500IF,SBI AMC,2026-08
INE239A01024,Nestle India Ltd.,27861.0,416.94,0.53,Food Products,SN500IF,SBI AMC,2026-08
INE669C01036,Tech Mahindra Ltd.,24678.0,401.76,0.52,IT - Software,SN500IF,SBI AMC,2026-08
INE494B01023,TVS Motor Company Ltd.,9128.0,396.27,0.51,Automobiles,SN500IF,SBI AMC,2026-08
INE1TAE01010,Tata Motors Ltd.,81156.0,382.33,0.49,"Agricultural, Commercial & Construction Vehicles",SN500IF,SBI AMC,2026-08
INE522F01014,Coal India Ltd.,93075.0,373.93,0.48,Consumable Fuels,SN500IF,SBI AMC,2026-08
INE849A01020,Trent Ltd.,12930.0,372.37,0.48,Retailing,SN500IF,SBI AMC,2026-08
INE437A01024,Apollo Hospitals Enterprise Ltd.,3999.0,355.85,0.46,Healthcare Services,SN500IF,SBI AMC,2026-08
INE066F01020,Hindustan Aeronautics Ltd.,7372.0,353.97,0.45,Aerospace & Defense,SN500IF,SBI AMC,2026-08
INE213A01029,Oil & Natural Gas Corporation Ltd.,150942.0,349.88,0.45,Oil,SN500IF,SBI AMC,2026-08
INE171A01029,The Federal Bank Ltd.,95772.0,341.62,0.44,Banks,SN500IF,SBI AMC,2026-08
INE745G01043,Multi Commodity Exchange of India Ltd.,9913.0,337.04,0.43,Capital Markets,SN500IF,SBI AMC,2026-08
INE423A01024,Adani Enterprises Ltd.,11213.0,320.59,0.41,Metals & Minerals Trading,SN500IF,SBI AMC,2026-08
INE814H01029,Adani Power Ltd.,161235.0,319.25,0.41,Power,SN500IF,SBI AMC,2026-08
INE121A01024,Cholamandalam Investment & Finance Co. Ltd.,16811.0,312.25,0.4,Finance,SN500IF,SBI AMC,2026-08
INE059A01026,Cipla Ltd.,21864.0,308.11,0.4,Pharmaceuticals & Biotechnology,SN500IF,SBI AMC,2026-08
INE758E01017,Jio Financial Services Ltd.,127495.0,307.71,0.39,Finance,SN500IF,SBI AMC,2026-08
INE123W01016,SBI Life Insurance Co. Ltd.,17459.0,303.87,0.39,Insurance,SN500IF,SBI AMC,2026-08
INE027H01010,Max Healthcare Institute Ltd.,28919.0,301.36,0.39,Healthcare Services,SN500IF,SBI AMC,2026-08
INE775A01035,Samvardhana Motherson International Ltd.,171666.0,293.0,0.38,Auto Components,SN500IF,SBI AMC,2026-08
INE947Q01028,Laurus Labs Ltd.,15119.0,289.53,0.37,Pharmaceuticals & Biotechnology,SN500IF,SBI AMC,2026-08
INE685A01028,Torrent Pharmaceuticals Ltd.,5700.0,288.76,0.37,Pharmaceuticals & Biotechnology,SN500IF,SBI AMC,2026-08
INE982J01020,One 97 Communications Ltd.,16360.0,280.92,0.36,Financial Technology (Fintech),SN500IF,SBI AMC,2026-08
INE158A01026,Hero MotoCorp Ltd.,5044.0,274.9,0.35,Automobiles,SN500IF,SBI AMC,2026-08
INE089A01031,Dr. Reddy's Laboratories Ltd.,23687.0,273.44,0.35,Pharmaceuticals & Biotechnology,SN500IF,SBI AMC,2026-08
INE591G01025,Coforge Ltd.,13524.0,268.49,0.34,IT - Software,SN500IF,SBI AMC,2026-08
INE298A01020,Cummins India Ltd.,5249.0,267.96,0.34,Industrial Products,SN500IF,SBI AMC,2026-08
INE192A01025,Tata Consumer Products Ltd.,25305.0,262.54,0.34,Agricultural Food & other Products,SN500IF,SBI AMC,2026-08
INE095A01012,IndusInd Bank Ltd.,25593.0,260.18,0.33,Banks,SN500IF,SBI AMC,2026-08
INE029A01011,Bharat Petroleum Corporation Ltd.,78752.0,255.2,0.33,Petroleum Products,SN500IF,SBI AMC,2026-08
INE417T01026,PB Fintech Ltd.,13446.0,252.11,0.32,Financial Technology (Fintech),SN500IF,SBI AMC,2026-08
INE053A01029,The Indian Hotels Company Ltd.,34122.0,251.79,0.32,Leisure Services,SN500IF,SBI AMC,2026-08
INE155A01022,Tata Motors Passenger Vehicles Ltd.,81209.0,250.81,0.32,Automobiles,SN500IF,SBI AMC,2026-08
INE257A01026,Bharat Heavy Electricals Ltd.,56644.0,250.73,0.32,Electrical Equipment,SN500IF,SBI AMC,2026-08
INE192R01011,Avenue Supermarts Ltd.,6262.0,244.22,0.31,Retailing,SN500IF,SBI AMC,2026-08
INE067A01029,CG Power and Industrial Solutions Ltd.,26644.0,244.06,0.31,Electrical Equipment,SN500IF,SBI AMC,2026-08
INE216A01030,Britannia Industries Ltd.,4577.0,240.29,0.31,Food Products,SN500IF,SBI AMC,2026-08
INE935N01020,Dixon Technologies (India) Ltd.,1612.0,239.38,0.31,Consumer Durables,SN500IF,SBI AMC,2026-08
INE949L01017,AU Small Finance Bank Ltd.,22001.0,238.97,0.31,Banks,SN500IF,SBI AMC,2026-08
INE262H01021,Persistent Systems Ltd.,4222.0,236.2,0.3,IT - Software,SN500IF,SBI AMC,2026-08
INE795G01014,HDFC Life Insurance Company Ltd.,41801.0,227.13,0.29,Insurance,SN500IF,SBI AMC,2026-08
INE245A01021,Tata Power Company Ltd.,64811.0,224.89,0.29,Power,SN500IF,SBI AMC,2026-08
INE040H01021,Suzlon Energy Ltd.,472621.0,224.59,0.29,Electrical Equipment,SN500IF,SBI AMC,2026-08
INE092T01019,IDFC First Bank Ltd.,257810.0,221.64,0.28,Banks,SN500IF,SBI AMC,2026-08
INE465A01025,Bharat Forge Ltd.,10357.0,218.0,0.28,Auto Components,SN500IF,SBI AMC,2026-08
INE200A01026,GE Vernova T&D India Ltd.,4815.0,214.04,0.27,Electrical Equipment,SN500IF,SBI AMC,2026-08
INE200M01039,Varun Beverages Ltd.,53129.0,212.76,0.27,Beverages,SN500IF,SBI AMC,2026-08
INE127D01025,HDFC Asset Management Co. Ltd.,7922.0,207.72,0.27,Capital Markets,SN500IF,SBI AMC,2026-08
INE326A01037,Lupin Ltd.,9437.0,206.52,0.26,Pharmaceuticals & Biotechnology,SN500IF,SBI AMC,2026-08
INE0J1Y01017,Life Insurance Corporation of India,49296.0,206.06,0.26,Insurance,SN500IF,SBI AMC,2026-08
INE318A01026,Pidilite Industries Ltd.,12041.0,203.22,0.26,Chemicals & Petrochemicals,SN500IF,SBI AMC,2026-08
INE242A01010,Indian Oil Corporation Ltd.,145183.0,201.99,0.26,Petroleum Products,SN500IF,SBI AMC,2026-08
INE455K01017,Polycab India Ltd.,2078.0,196.27,0.25,Industrial Products,SN500IF,SBI AMC,2026-08
INE118A01012,Bajaj Holdings & Investment Ltd.,1682.0,195.85,0.25,Finance,SN500IF,SBI AMC,2026-08
INE663F01032,Info Edge (India) Ltd.,14878.0,195.35,0.25,Retailing,SN500IF,SBI AMC,2026-08
INE208A01029,Ashok Leyland Ltd.,111185.0,195.29,0.25,"Agricultural, Commercial & Construction Vehicles",SN500IF,SBI AMC,2026-08
INE121J01017,Indus Towers Ltd.,50067.0,194.66,0.25,Telecom - Services,SN500IF,SBI AMC,2026-08
INE075A01022,Wipro Ltd.,105234.0,194.16,0.25,IT - Software,SN500IF,SBI AMC,2026-08
INE343H01029,Solar Industries India Ltd.,947.0,190.42,0.24,Chemicals & Petrochemicals,SN500IF,SBI AMC,2026-08
INE134E01011,Power Finance Corporation Ltd.,56580.0,190.28,0.24,Finance,SN500IF,SBI AMC,2026-08
INE129A01019,GAIL (India) Ltd.,104814.0,186.04,0.24,Gas,SN500IF,SBI AMC,2026-08
INE388Y01029,FSN E-Commerce Ventures Ltd.,53171.0,185.86,0.24,Retailing,SN500IF,SBI AMC,2026-08
INE406A01037,Aurobindo Pharma Ltd.,10756.0,184.68,0.24,Pharmaceuticals & Biotechnology,SN500IF,SBI AMC,2026-08
INE061F01013,Fortis Healthcare Ltd.,20249.0,183.64,0.24,Healthcare Services,SN500IF,SBI AMC,2026-08
INE205A01025,Vedanta Ltd.,65893.0,183.31,0.24,Diversified Metals,SN500IF,SBI AMC,2026-08
INE931S01010,Adani Energy Solutions Ltd.,12761.0,180.87,0.23,Power,SN500IF,SBI AMC,2026-08
INE271C01023,DLF Ltd.,24928.0,172.26,0.22,Realty,SN500IF,SBI AMC,2026-08
INE028A01039,Bank of Baroda,72090.0,172.01,0.22,Banks,SN500IF,SBI AMC,2026-08
INE749A01030,Jindal Steel Ltd.,14394.0,171.71,0.22,Ferrous Metals,SN500IF,SBI AMC,2026-08
INE854D01024,United Spirits Ltd.,11479.0,171.04,0.22,Beverages,SN500IF,SBI AMC,2026-08
INE196A01026,Marico Ltd.,20568.0,168.66,0.22,Agricultural Food & other Products,SN500IF,SBI AMC,2026-08
INE323A01026,Bosch Ltd.,337.0,168.5,0.22,Auto Components,SN500IF,SBI AMC,2026-08
INE07Y701011,Hitachi Energy India Ltd.,494.0,166.77,0.21,Electrical Equipment,SN500IF,SBI AMC,2026-08
INE476A01022,Canara Bank,130597.0,165.73,0.21,Banks,SN500IF,SBI AMC,2026-08
INE214T01019,LTM Ltd.,3609.0,163.85,0.21,IT - Software,SN500IF,SBI AMC,2026-08
INE180A01020,Max Financial Services Ltd.,10306.0,162.12,0.21,Insurance,SN500IF,SBI AMC,2026-08
INE364U01010,Adani Green Energy Ltd.,13027.0,158.27,0.2,Power,SN500IF,SBI AMC,2026-08
INE702C01027,APL Apollo Tubes Ltd.,7073.0,157.26,0.2,Industrial Products,SN500IF,SBI AMC,2026-08
INE020B01018,REC Ltd.,48535.0,156.91,0.2,Finance,SN500IF,SBI AMC,2026-08
INE528G01035,Yes Bank Ltd.,682526.0,155.82,0.2,Banks,SN500IF,SBI AMC,2026-08
INE117A01022,ABB India Ltd.,2039.0,155.75,0.2,Electrical Equipment,SN500IF,SBI AMC,2026-08
INE00H001014,Swiggy Ltd.,55150.0,155.47,0.2,Retailing,SN500IF,SBI AMC,2026-08
INE669E01016,Vodafone Idea Ltd.,1069775.0,153.3,0.2,Telecom - Services,SN500IF,SBI AMC,2026-08
INE160A01022,Punjab National Bank,133826.0,152.87,0.2,Banks,SN500IF,SBI AMC,2026-08
INE765G01017,ICICI Lombard General Insurance Company Ltd.,9443.0,147.96,0.19,Insurance,SN500IF,SBI AMC,2026-08
INE935A01035,Glenmark Pharmaceuticals Ltd.,5851.0,145.1,0.19,Pharmaceuticals & Biotechnology,SN500IF,SBI AMC,2026-08
INE647A01010,SRF Ltd.,5643.0,144.48,0.19,Chemicals & Petrochemicals,SN500IF,SBI AMC,2026-08
INE073K01018,Sona Blw Precision Forgings Ltd.,17422.0,141.65,0.18,Auto Components,SN500IF,SBI AMC,2026-08
INE692A01016,Union Bank of India,75084.0,141.63,0.18,Banks,SN500IF,SBI AMC,2026-08
INE102D01028,Godrej Consumer Products Ltd.,15616.0,140.75,0.18,Personal Products,SN500IF,SBI AMC,2026-08
INE003A01024,Siemens Ltd.,3435.0,138.43,0.18,Electrical Equipment,SN500IF,SBI AMC,2026-08
INE211B01039,The Phoenix Mills Ltd.,7254.0,137.83,0.18,Realty,SN500IF,SBI AMC,2026-08
INE878B01027,KEI Industries Ltd.,2398.0,137.65,0.18,Industrial Products,SN500IF,SBI AMC,2026-08
INE944F01028,Radico Khaitan Ltd.,3044.0,136.52,0.18,Beverages,SN500IF,SBI AMC,2026-08
INE094A01015,Hindustan Petroleum Corporation Ltd.,37315.0,136.48,0.17,Petroleum Products,SN500IF,SBI AMC,2026-08
INE139A01034,National Aluminium Company Ltd.,34845.0,132.93,0.17,Non - Ferrous Metals,SN500IF,SBI AMC,2026-08
INE674K01013,Aditya Birla Capital Ltd.,31997.0,131.0,0.17,Finance,SN500IF,SBI AMC,2026-08
INE776C01039,GMR Airports Ltd.,138301.0,129.49,0.17,Transport Infrastructure,SN500IF,SBI AMC,2026-08
INE670K01029,Lodha Developers Ltd.,10780.0,129.21,0.17,Realty,SN500IF,SBI AMC,2026-08
INE0LEZ01016,Ather Energy Ltd.,7455.0,128.05,0.16,Automobiles,SN500IF,SBI AMC,2026-08
INE036D01028,Karur Vysya Bank Ltd.,36706.0,127.59,0.16,Banks,SN500IF,SBI AMC,2026-08
INE356A01018,Mphasis Ltd.,5144.0,124.87,0.16,IT - Software,SN500IF,SBI AMC,2026-08
INE414G01012,Muthoot Finance Ltd.,4167.0,124.1,0.16,Finance,SN500IF,SBI AMC,2026-08
INE048G01026,Navin Fluorine International Ltd.,1430.0,124.06,0.16,Chemicals & Petrochemicals,SN500IF,SBI AMC,2026-08
INE121E01018,JSW Energy Ltd.,23818.0,123.95,0.16,Power,SN500IF,SBI AMC,2026-08
INE562A01011,Indian Bank,13732.0,123.42,0.16,Banks,SN500IF,SBI AMC,2026-08
INE628A01036,UPL Ltd.,21792.0,122.53,0.16,Fertilizers & Agrochemicals,SN500IF,SBI AMC,2026-08
INE0V6F01027,Hyundai Motor India Ltd.,5541.0,122.18,0.16,Automobiles,SN500IF,SBI AMC,2026-08
INE176B01034,Havells India Ltd.,9793.0,121.83,0.16,Consumer Durables,SN500IF,SBI AMC,2026-08
INE191B01025,Welspun Corp Ltd.,5092.0,121.75,0.16,Industrial Products,SN500IF,SBI AMC,2026-08
INE660A01013,Sundaram Finance Ltd.,2676.0,121.49,0.16,Finance,SN500IF,SBI AMC,2026-08
INE540L01014,Alkem Laboratories Ltd.,2274.0,121.19,0.16,Pharmaceuticals & Biotechnology,SN500IF,SBI AMC,2026-08
INE070A01015,Shree Cement Ltd.,520.0,120.64,0.15,Cement & Cement Products,SN500IF,SBI AMC,2026-08
INE01EA01019,Vishal Mega Mart Ltd.,108305.0,119.83,0.15,Retailing,SN500IF,SBI AMC,2026-08
INE584A01023,NMDC Ltd.,134305.0,118.46,0.15,Minerals & Mining,SN500IF,SBI AMC,2026-08
INE466L01038,360 ONE WAM Ltd.,10069.0,118.31,0.15,Capital Markets,SN500IF,SBI AMC,2026-08
INE372A01015,Apar Industries Ltd.,657.0,116.3,0.15,Electrical Equipment,SN500IF,SBI AMC,2026-08
INE881D01027,Oracle Financial Services Software Ltd.,927.0,116.25,0.15,IT - Software,SN500IF,SBI AMC,2026-08
INE974X01010,Tube Investments of India Ltd.,4152.0,115.43,0.15,Auto Components,SN500IF,SBI AMC,2026-08
INE376G01013,Biocon Ltd.,27723.0,114.22,0.15,Pharmaceuticals & Biotechnology,SN500IF,SBI AMC,2026-08
INE010B01027,Zydus Lifesciences Ltd.,9722.0,112.9,0.14,Pharmaceuticals & Biotechnology,SN500IF,SBI AMC,2026-08
INE848E01016,NHPC Ltd.,146458.0,112.36,0.14,Power,SN500IF,SBI AMC,2026-08
INE267A01025,Hindustan Zinc Ltd.,18687.0,111.27,0.14,Non - Ferrous Metals,SN500IF,SBI AMC,2026-08
INE1NPP01017,Siemens Energy India Ltd.,3437.0,111.0,0.14,Electrical Equipment,SN500IF,SBI AMC,2026-08
INE114A01011,Steel Authority of India Ltd.,56176.0,109.54,0.14,Ferrous Metals,SN500IF,SBI AMC,2026-08
INE202B01038,Piramal Finance Ltd.,4679.0,107.64,0.14,Finance,SN500IF,SBI AMC,2026-08
INE811K01011,Prestige Estates Projects Ltd.,6555.0,107.04,0.14,Realty,SN500IF,SBI AMC,2026-08
INE571A01038,IPCA Laboratories Ltd.,5398.0,106.61,0.14,Pharmaceuticals & Biotechnology,SN500IF,SBI AMC,2026-08
INE634S01028,Mankind Pharma Ltd.,4399.0,106.42,0.14,Pharmaceuticals & Biotechnology,SN500IF,SBI AMC,2026-08
INE498L01015,L&T Finance Ltd.,33151.0,106.41,0.14,Finance,SN500IF,SBI AMC,2026-08
INE484J01027,Godrej Properties Ltd.,5255.0,105.87,0.14,Realty,SN500IF,SBI AMC,2026-08
INE226A01021,Voltas Ltd.,8860.0,105.82,0.14,Consumer Durables,SN500IF,SBI AMC,2026-08
INE883A01011,MRF Ltd.,79.0,105.66,0.14,Auto Components,SN500IF,SBI AMC,2026-08
INE274J01014,Oil India Ltd.,21193.0,102.39,0.13,Oil,SN500IF,SBI AMC,2026-08
INE148O01028,Delhivery Ltd.,21764.0,99.29,0.13,Transport Services,SN500IF,SBI AMC,2026-08
INE548A01028,HFCL Ltd.,39792.0,99.12,0.13,Telecom - Services,SN500IF,SBI AMC,2026-08
INE079A01024,Ambuja Cements Ltd.,24226.0,97.18,0.12,Cement & Cement Products,SN500IF,SBI AMC,2026-08
INE259A01022,Colgate Palmolive (India) Ltd.,5119.0,97.14,0.12,Personal Products,SN500IF,SBI AMC,2026-08
INE736A01011,Central Depository Services (I) Ltd.,6922.0,97.08,0.12,Capital Markets,SN500IF,SBI AMC,2026-08
INE377N01017,Waaree Energies Ltd.,3719.0,96.88,0.12,Electrical Equipment,SN500IF,SBI AMC,2026-08
INE774D01024,Mahindra & Mahindra Financial Services Ltd.,25710.0,95.9,0.12,Finance,SN500IF,SBI AMC,2026-08
INE976G01028,RBL Bank Ltd.,24015.0,91.34,0.12,Banks,SN500IF,SBI AMC,2026-08
INE281B01032,Lloyds Metals And Energy Ltd.,5057.0,90.75,0.12,Minerals & Mining,SN500IF,SBI AMC,2026-08
INE405E01023,UNO Minda Ltd.,7068.0,90.19,0.12,Auto Components,SN500IF,SBI AMC,2026-08
INE813H01021,Torrent Power Ltd.,7389.0,89.78,0.12,Power,SN500IF,SBI AMC,2026-08
INE303R01014,Kalyan Jewellers India Ltd.,14931.0,89.74,0.12,Consumer Durables,SN500IF,SBI AMC,2026-08
INE068V01023,Gland Pharma Ltd.,3096.0,89.34,0.11,Pharmaceuticals & Biotechnology,SN500IF,SBI AMC,2026-08
INE195A01028,Supreme Industries Ltd.,2502.0,89.05,0.11,Industrial Products,SN500IF,SBI AMC,2026-08
INE169A01031,Coromandel International Ltd.,4646.0,88.55,0.11,Fertilizers & Agrochemicals,SN500IF,SBI AMC,2026-08
INE761H01022,Page Industries Ltd.,245.0,87.71,0.11,Textiles & Apparels,SN500IF,SBI AMC,2026-08
INE347G01014,Petronet LNG Ltd.,29118.0,87.53,0.11,Gas,SN500IF,SBI AMC,2026-08
INE016A01026,Dabur India Ltd.,22945.0,87.42,0.11,Personal Products,SN500IF,SBI AMC,2026-08
INE956O01016,Lenskart Solutions Ltd.,13027.0,86.29,0.11,Retailing,SN500IF,SBI AMC,2026-08
INE491A01021,City Union Bank Ltd.,37409.0,85.74,0.11,Banks,SN500IF,SBI AMC,2026-08
INE220G01021,Jindal Stainless Ltd.,12170.0,85.45,0.11,Ferrous Metals,SN500IF,SBI AMC,2026-08
INE093I01010,Oberoi Realty Ltd.,4574.0,85.44,0.11,Realty,SN500IF,SBI AMC,2026-08
INE572E01012,PNB Housing Finance Ltd.,7304.0,83.9,0.11,Finance,SN500IF,SBI AMC,2026-08
INE823G01014,JK Cement Ltd.,1626.0,83.46,0.11,Cement & Cement Products,SN500IF,SBI AMC,2026-08
INE891D01026,Redington Ltd.,23086.0,82.59,0.11,Commercial Services & Supplies,SN500IF,SBI AMC,2026-08
INE298J01013,Nippon Life India Asset Management Ltd.,6967.0,81.67,0.1,Capital Markets,SN500IF,SBI AMC,2026-08
INE726G01019,ICICI Prudential Life Insurance Company Ltd.,15372.0,79.48,0.1,Insurance,SN500IF,SBI AMC,2026-08
INE880J01026,JSW Infrastructure Ltd.,23184.0,78.83,0.1,Transport Infrastructure,SN500IF,SBI AMC,2026-08
INE151A01013,Tata Communications Ltd.,4564.0,78.66,0.1,Telecom - Services,SN500IF,SBI AMC,2026-08
INE914M01019,Aster DM Quality Care Ltd.,10388.0,78.53,0.1,Healthcare Services,SN500IF,SBI AMC,2026-08
INE570L01029,Sai Life Sciences Ltd.,5361.0,78.25,0.1,Pharmaceuticals & Biotechnology,SN500IF,SBI AMC,2026-08
INE302A01020,Exide Industries Ltd.,17679.0,77.83,0.1,Auto Components,SN500IF,SBI AMC,2026-08
INE794A01010,Neuland Laboratories Ltd.,335.0,77.08,0.1,Pharmaceuticals & Biotechnology,SN500IF,SBI AMC,2026-08
INE09N301011,Gujarat Fluorochemicals Ltd.,1639.0,76.93,0.1,Chemicals & Petrochemicals,SN500IF,SBI AMC,2026-08
INE463V01026,AnandRathi Wealth Ltd.,3469.0,76.46,0.1,Capital Markets,SN500IF,SBI AMC,2026-08
INE967H01025,Krishna Institute of Medical Sciences Ltd.,10073.0,76.1,0.1,Healthcare Services,SN500IF,SBI AMC,2026-08
INE797F01020,Jubilant Foodworks Ltd.,15209.0,75.44,0.1,Leisure Services,SN500IF,SBI AMC,2026-08
INE603J01030,PI Industries Ltd.,3148.0,74.61,0.1,Fertilizers & Agrochemicals,SN500IF,SBI AMC,2026-08
INE018E01016,SBI Cards & Payment Services Ltd.,11523.0,74.29,0.1,Finance,SN500IF,SBI AMC,2026-08
INE472A01039,Blue Star Ltd.,5042.0,73.8,0.09,Consumer Durables,SN500IF,SBI AMC,2026-08
INE249Z01020,Mazagon Dock Shipbuilders Ltd.,2952.0,73.21,0.09,Industrial Manufacturing,SN500IF,SBI AMC,2026-08
INE596I01020,Computer Age Management Services Ltd.,9337.0,73.02,0.09,Capital Markets,SN500IF,SBI AMC,2026-08
INE522D01027,Manappuram Finance Ltd.,21327.0,72.53,0.09,Finance,SN500IF,SBI AMC,2026-08
INE732I01021,Angel One Ltd.,25244.0,72.43,0.09,Capital Markets,SN500IF,SBI AMC,2026-08
INE006I01046,Astral Ltd.,4753.0,72.35,0.09,Industrial Products,SN500IF,SBI AMC,2026-08
INE976I01016,TATA Capital Ltd.,19560.0,71.96,0.09,Finance,SN500IF,SBI AMC,2026-08
INE787D01026,Balkrishna Industries Ltd.,3122.0,71.16,0.09,Auto Components,SN500IF,SBI AMC,2026-08
INE379A01028,ITC Hotels Ltd.,43542.0,69.71,0.09,Leisure Services,SN500IF,SBI AMC,2026-08
INE111A01025,Container Corporation of India Ltd.,13414.0,68.67,0.09,Transport Services,SN500IF,SBI AMC,2026-08
INE146L01010,Kirloskar Oil Engines Ltd.,3235.0,67.92,0.09,Industrial Products,SN500IF,SBI AMC,2026-08
INE324D01010,LG Electronics India Ltd.,3967.0,67.35,0.09,Consumer Durables,SN500IF,SBI AMC,2026-08
INE531E01026,Hindustan Copper Ltd.,12752.0,66.99,0.09,Non - Ferrous Metals,SN500IF,SBI AMC,2026-08
INE399L01023,Adani Total Gas Ltd.,10779.0,66.96,0.09,Gas,SN500IF,SBI AMC,2026-08
INE084A01016,Bank of India,47219.0,66.86,0.09,Banks,SN500IF,SBI AMC,2026-08
INE053F01010,Indian Railway Finance Corporation Ltd.,78162.0,65.14,0.08,Finance,SN500IF,SBI AMC,2026-08
INE457A01014,Bank of Maharashtra,79121.0,64.93,0.08,Banks,SN500IF,SBI AMC,2026-08
INE371P01015,Amber Enterprises India Ltd.,849.0,64.69,0.08,Consumer Durables,SN500IF,SBI AMC,2026-08
INE212H01026,AIA Engineering Ltd.,1509.0,64.25,0.08,Industrial Products,SN500IF,SBI AMC,2026-08
INE511C01022,Poonawalla Fincorp Ltd.,13825.0,64.12,0.08,Finance,SN500IF,SBI AMC,2026-08
INE00FF01025,Acutaas Chemicals Ltd.,2015.0,63.69,0.08,Pharmaceuticals & Biotechnology,SN500IF,SBI AMC,2026-08
INE338I01027,Motilal Oswal Financial Services Ltd.,6078.0,63.39,0.08,Capital Markets,SN500IF,SBI AMC,2026-08
INE00LO01017,Craftsman Automation Ltd.,566.0,63.38,0.08,Auto Components,SN500IF,SBI AMC,2026-08
INE115A01026,LIC Housing Finance Ltd.,11683.0,62.9,0.08,Finance,SN500IF,SBI AMC,2026-08
INE513A01022,Schaeffler India Ltd.,1564.0,62.79,0.08,Auto Components,SN500IF,SBI AMC,2026-08
INE220B01022,Kalpataru Projects International Ltd.,4411.0,61.79,0.08,Construction,SN500IF,SBI AMC,2026-08
INE208C01025,Aegis Logistics Ltd.,4878.0,61.69,0.08,Gas,SN500IF,SBI AMC,2026-08
INE049B01025,Wockhardt Ltd.,3209.0,60.45,0.08,Pharmaceuticals & Biotechnology,SN500IF,SBI AMC,2026-08
INE019C01026,Himadri Speciality Chemical Ltd.,9127.0,60.17,0.08,Chemicals & Petrochemicals,SN500IF,SBI AMC,2026-08
INE031B01049,Ajanta Pharma Ltd.,1637.0,58.96,0.08,Pharmaceuticals & Biotechnology,SN500IF,SBI AMC,2026-08
INE299U01018,Crompton Greaves Consumer Electricals Ltd.,24963.0,58.89,0.08,Consumer Durables,SN500IF,SBI AMC,2026-08
INE152A01029,Thermax Ltd.,1506.0,58.76,0.08,Electrical Equipment,SN500IF,SBI AMC,2026-08
INE600L01024,Dr. Lal Path labs Ltd.,3028.0,58.58,0.08,Healthcare Services,SN500IF,SBI AMC,2026-08
INE530B01024,IIFL Finance Ltd.,9037.0,58.45,0.07,Finance,SN500IF,SBI AMC,2026-08
INE346A01027,ICICI Prudential Asset Management Company Ltd.,1900.0,58.24,0.07,Capital Markets,SN500IF,SBI AMC,2026-08
INE545U01014,Bandhan Bank Ltd.,35450.0,57.96,0.07,Banks,SN500IF,SBI AMC,2026-08
INE206F01022,Authum Investment & Infrastructure Ltd.,10286.0,57.69,0.07,Finance,SN500IF,SBI AMC,2026-08
INE0HOQ01053,Billionbrains Garage Ventures Ltd.,29905.0,57.44,0.07,Capital Markets,SN500IF,SBI AMC,2026-08
INE00R701025,Dalmia Bharat Ltd.,3090.0,57.36,0.07,Cement & Cement Products,SN500IF,SBI AMC,2026-08
INE149A01033,Cholamandalam Financial Holdings Ltd.,3853.0,57.24,0.07,Finance,SN500IF,SBI AMC,2026-08
INE335Y01020,Indian Railway Catering & Tourism Corporation Ltd.,11722.0,56.41,0.07,Leisure Services,SN500IF,SBI AMC,2026-08
INE756I01012,HDB Financial Services Ltd.,8245.0,56.26,0.07,Finance,SN500IF,SBI AMC,2026-08
INE142M01025,Tata Technologies Ltd.,6675.0,55.47,0.07,IT - Services,SN500IF,SBI AMC,2026-08
INE463A01038,Berger Paints India Ltd.,11077.0,55.14,0.07,Consumer Durables,SN500IF,SBI AMC,2026-08
INE438A01022,Apollo Tyres Ltd.,12542.0,55.05,0.07,Auto Components,SN500IF,SBI AMC,2026-08
INE481Y01014,General Insurance Corporation of India,15434.0,54.75,0.07,Insurance,SN500IF,SBI AMC,2026-08
INE0IX101010,Data Patterns (India) Ltd.,1172.0,52.99,0.07,Aerospace & Defense,SN500IF,SBI AMC,2026-08
INE531F01023,Nuvama Wealth Management Ltd.,3003.0,52.66,0.07,Capital Markets,SN500IF,SBI AMC,2026-08
INE285A01027,Elgi Equipments Ltd.,8349.0,52.38,0.07,Industrial Products,SN500IF,SBI AMC,2026-08
INE473A01011,Linde India Ltd.,818.0,52.23,0.07,Chemicals & Petrochemicals,SN500IF,SBI AMC,2026-08
INE358A01014,Abbott India Ltd.,202.0,52.22,0.07,Pharmaceuticals & Biotechnology,SN500IF,SBI AMC,2026-08
INE596F01018,PTC Industries Ltd.,235.0,51.97,0.07,Industrial Products,SN500IF,SBI AMC,2026-08
INE0DK501011,Piramal Pharma Ltd.,24168.0,51.82,0.07,Pharmaceuticals & Biotechnology,SN500IF,SBI AMC,2026-08
INE575P01011,Star Health & Allied Insurance Co. Ltd.,9116.0,51.76,0.07,Insurance,SN500IF,SBI AMC,2026-08
INE410P01011,Narayana Hrudayalaya Ltd.,2685.0,51.21,0.07,Healthcare Services,SN500IF,SBI AMC,2026-08
INE930H01031,K.P.R. Mill Ltd.,4322.0,50.9,0.07,Textiles & Apparels,SN500IF,SBI AMC,2026-08
INE138Y01010,Kfin Technologies Ltd.,5195.0,50.39,0.06,Capital Markets,SN500IF,SBI AMC,2026-08
INE017A01032,The Great Eastern Shipping Co. Ltd.,3851.0,50.13,0.06,Transport Services,SN500IF,SBI AMC,2026-08
INE120A01034,Carborundum Universal Ltd.,4488.0,49.66,0.06,Industrial Products,SN500IF,SBI AMC,2026-08
INE704P01025,Cochin Shipyard Ltd.,3289.0,49.66,0.06,Industrial Manufacturing,SN500IF,SBI AMC,2026-08
INE290S01011,CarTrade Tech Ltd.,1647.0,49.27,0.06,Retailing,SN500IF,SBI AMC,2026-08
INE474Q01031,Global Health Ltd.,3327.0,49.23,0.06,Healthcare Services,SN500IF,SBI AMC,2026-08
INE159A01016,Glaxosmithkline Pharmaceuticals Ltd.,1608.0,49.05,0.06,Pharmaceuticals & Biotechnology,SN500IF,SBI AMC,2026-08
INE670A01012,Tata Elxsi Ltd.,1338.0,47.88,0.06,IT - Software,SN500IF,SBI AMC,2026-08
INE0BS701011,Premier Energies Ltd,4607.0,47.74,0.06,Electrical Equipment,SN500IF,SBI AMC,2026-08
INE791I01019,Brigade Enterprises Ltd.,7202.0,47.23,0.06,Realty,SN500IF,SBI AMC,2026-08
INE101D01020,Granules India Ltd.,5639.0,46.72,0.06,Pharmaceuticals & Biotechnology,SN500IF,SBI AMC,2026-08
INE288B01029,Deepak Nitrite Ltd.,2667.0,46.66,0.06,Chemicals & Petrochemicals,SN500IF,SBI AMC,2026-08
INE619A01035,Patanjali Foods Ltd.,13461.0,46.44,0.06,Agricultural Food & other Products,SN500IF,SBI AMC,2026-08
INE013P01021,Onesource Specialty Pharma Ltd.,3056.0,46.42,0.06,Pharmaceuticals & Biotechnology,SN500IF,SBI AMC,2026-08
INE415G01027,Rail Vikas Nigam Ltd.,22058.0,46.32,0.06,Construction,SN500IF,SBI AMC,2026-08
INE007A01025,CRISIL Ltd.,947.0,45.66,0.06,Finance,SN500IF,SBI AMC,2026-08
INE171Z01026,Bharat Dynamics Ltd.,3581.0,45.66,0.06,Aerospace & Defense,SN500IF,SBI AMC,2026-08
INE343G01021,Bharti Hexacom Ltd.,2922.0,45.16,0.06,Telecom - Services,SN500IF,SBI AMC,2026-08
INE439A01020,Asahi India Glass Ltd.,4710.0,44.84,0.06,Auto Components,SN500IF,SBI AMC,2026-08
INE918Z01012,Kaynes Technology India Ltd.,1216.0,44.81,0.06,Industrial Manufacturing,SN500IF,SBI AMC,2026-08
INE342J01019,ZF Commercial Vehicle Control Systems India Ltd.,1761.0,44.63,0.06,Auto Components,SN500IF,SBI AMC,2026-08
INE0VDM01015,Meesho Ltd.,21642.0,44.45,0.06,Retailing,SN500IF,SBI AMC,2026-08
INE325A01013,Timken India Ltd.,1395.0,43.94,0.06,Industrial Products,SN500IF,SBI AMC,2026-08
INE148I01020,Sammaan Capital Ltd.,29839.0,43.66,0.06,Finance,SN500IF,SBI AMC,2026-08
INE481N01025,Home First Finance Company India Ltd.,3748.0,43.65,0.06,Finance,SN500IF,SBI AMC,2026-08
INE0DYJ01015,Syrma SGS Technology Ltd.,3026.0,43.48,0.06,Industrial Manufacturing,SN500IF,SBI AMC,2026-08
INE331A01037,The Ramco Cements Ltd.,4912.0,43.2,0.06,Cement & Cement Products,SN500IF,SBI AMC,2026-08
INE885A01032,Amara Raja Energy & Mobility Ltd.,4758.0,42.47,0.05,Auto Components,SN500IF,SBI AMC,2026-08
INE0W2G01015,Sagility Ltd.,89474.0,42.1,0.05,IT - Services,SN500IF,SBI AMC,2026-08
INE769A01020,Aarti Industries Ltd.,7995.0,41.93,0.05,Chemicals & Petrochemicals,SN500IF,SBI AMC,2026-08
INE699H01024,AWL Agri Business Ltd.,21579.0,41.55,0.05,Agricultural Food & other Products,SN500IF,SBI AMC,2026-08
INE203G01027,Indraprastha Gas Ltd.,27257.0,41.02,0.05,Gas,SN500IF,SBI AMC,2026-08
INE128S01021,Five Star Business Finance Ltd.,7527.0,40.27,0.05,Finance,SN500IF,SBI AMC,2026-08
INE217B01036,Kajaria Ceramics Ltd.,3218.0,40.06,0.05,Consumer Durables,SN500IF,SBI AMC,2026-08
INE100A01010,Atul Ltd.,619.0,39.57,0.05,Chemicals & Petrochemicals,SN500IF,SBI AMC,2026-08
INE913H01037,Endurance Technologies Ltd.,1370.0,39.34,0.05,Auto Components,SN500IF,SBI AMC,2026-08
INE00WC01027,AFFLE 3I Ltd.,2460.0,39.31,0.05,IT - Services,SN500IF,SBI AMC,2026-08
INE092A01019,Tata Chemicals Ltd.,6081.0,39.1,0.05,Chemicals & Petrochemicals,SN500IF,SBI AMC,2026-08
INE010V01017,L&T Technology Services Ltd.,1072.0,38.68,0.05,IT - Services,SN500IF,SBI AMC,2026-08
INE042A01014,Escorts Kubota Ltd.,1291.0,38.67,0.05,"Agricultural, Commercial & Construction Vehicles",SN500IF,SBI AMC,2026-08
INE180C01042,Capri Global Capital Ltd.,15019.0,38.52,0.05,Finance,SN500IF,SBI AMC,2026-08
INE0NT901020,Netweb Technologies India Ltd.,732.0,37.98,0.05,IT - Services,SN500IF,SBI AMC,2026-08
INE589A01014,NLC India Ltd.,14149.0,37.83,0.05,Power,SN500IF,SBI AMC,2026-08
INE777K01022,R R Kabel Ltd.,1279.0,37.45,0.05,Industrial Products,SN500IF,SBI AMC,2026-08
INE819V01029,Aditya Infotech Ltd.,1050.0,37.44,0.05,Industrial Manufacturing,SN500IF,SBI AMC,2026-08
INE04I401011,KPIT Technologies Ltd.,6373.0,37.28,0.05,IT - Software,SN500IF,SBI AMC,2026-08
INE022Q01020,Indian Energy Exchange Ltd.,30883.0,37.21,0.05,Capital Markets,SN500IF,SBI AMC,2026-08
INE686F01025,United Breweries Ltd.,2806.0,36.72,0.05,Beverages,SN500IF,SBI AMC,2026-08
INE235A01022,Finolex Cables Ltd.,2942.0,36.69,0.05,Industrial Products,SN500IF,SBI AMC,2026-08
INE470A01017,3M India Ltd.,110.0,36.65,0.05,Diversified,SN500IF,SBI AMC,2026-08
INE501A01019,Deepak Fertilizers and Petrochemicals Corporation Ltd.,2604.0,36.64,0.05,Chemicals & Petrochemicals,SN500IF,SBI AMC,2026-08
INE457L01029,PG Electroplast Ltd.,6272.0,36.44,0.05,Consumer Durables,SN500IF,SBI AMC,2026-08
INE0FS801015,Motherson Sumi Wiring India Ltd.,98787.0,36.34,0.05,Auto Components,SN500IF,SBI AMC,2026-08
INE377Y01014,Bajaj Housing Finance Ltd.,43023.0,36.15,0.05,Finance,SN500IF,SBI AMC,2026-08
INE0LXG01040,Ola Electric Mobility Ltd.,87668.0,36.05,0.05,Automobiles,SN500IF,SBI AMC,2026-08
INE202E01016,Indian Renewable Energy Development Agency Ltd.,30914.0,36.01,0.05,Finance,SN500IF,SBI AMC,2026-08
INE486A01021,CESC Ltd.,24500.0,35.81,0.05,Power,SN500IF,SBI AMC,2026-08
INE242C01024,Anant Raj Ltd.,5930.0,35.81,0.05,Realty,SN500IF,SBI AMC,2026-08
INE136B01020,Cyient Ltd.,3045.0,35.77,0.05,IT - Services,SN500IF,SBI AMC,2026-08
INE031A01017,Housing and Urban Development Corporation Ltd.,19501.0,35.5,0.05,Finance,SN500IF,SBI AMC,2026-08
INE524A01029,Gabriel India Ltd.,2462.0,35.4,0.05,Auto Components,SN500IF,SBI AMC,2026-08
INE228A01035,Usha Martin Ltd.,7079.0,35.32,0.05,Industrial Products,SN500IF,SBI AMC,2026-08
INE095N01031,NBCC (India) Ltd.,40234.0,34.68,0.04,Construction,SN500IF,SBI AMC,2026-08
INE115Q01022,Inventurus Knowledge Solutions Ltd.,1995.0,34.6,0.04,IT - Services,SN500IF,SBI AMC,2026-08
INE172A01027,Castrol India Ltd.,18591.0,34.3,0.04,Petroleum Products,SN500IF,SBI AMC,2026-08
INE852O01025,Aptus Value Housing Finance India Ltd.,13763.0,34.25,0.04,Finance,SN500IF,SBI AMC,2026-08
INE894V01022,Belrise Industries Ltd.,14642.0,34.02,0.04,Auto Components,SN500IF,SBI AMC,2026-08
INE191H01014,PVR Inox Ltd.,2772.0,33.48,0.04,Entertainment,SN500IF,SBI AMC,2026-08
INE260B01028,Godfrey Phillips India Ltd.,1587.0,33.4,0.04,Cigarettes & Tobacco Products,SN500IF,SBI AMC,2026-08
INE256A01028,Zee Entertainment Enterprises Ltd.,35676.0,33.39,0.04,Entertainment,SN500IF,SBI AMC,2026-08
INE980O01024,Jyoti CNC Automation Ltd.,3312.0,32.95,0.04,Industrial Manufacturing,SN500IF,SBI AMC,2026-08
INE451A01017,Force Motors Ltd.,187.0,32.77,0.04,Automobiles,SN500IF,SBI AMC,2026-08
INE684F01012,Firstsource Solutions Ltd.,12312.0,32.6,0.04,Commercial Services & Supplies,SN500IF,SBI AMC,2026-08
INE672A01026,Tata Investment Corporation Ltd.,5071.0,32.57,0.04,Finance,SN500IF,SBI AMC,2026-08
INE0ONG01011,NTPC Green Energy Ltd.,36097.0,32.31,0.04,Power,SN500IF,SBI AMC,2026-08
INE093A01041,Hexaware Technologies Ltd.,5765.0,31.98,0.04,IT - Software,SN500IF,SBI AMC,2026-08
INE126A01031,E.I.D-Parry (India) Ltd.,3996.0,31.94,0.04,Food Products,SN500IF,SBI AMC,2026-08
INE251B01027,Zen Technologies Ltd.,1792.0,31.88,0.04,Aerospace & Defense,SN500IF,SBI AMC,2026-08
INE622W01025,Acme Solar Holdings Ltd.,7831.0,31.48,0.04,Power,SN500IF,SBI AMC,2026-08
INE738I01010,eClerx Services Ltd.,1585.0,31.33,0.04,Commercial Services & Supplies,SN500IF,SBI AMC,2026-08
INE351F01018,Jaiprakash Power Ventures Ltd.,189181.0,31.12,0.04,Power,SN500IF,SBI AMC,2026-08
INE0CZ201020,Anthem Biosciences Ltd.,3459.0,30.89,0.04,Pharmaceuticals & Biotechnology,SN500IF,SBI AMC,2026-08
INE725A01030,Nava Ltd.,5389.0,30.61,0.04,Power,SN500IF,SBI AMC,2026-08
INE671A01010,Honeywell Automation India Ltd.,86.0,30.56,0.04,Industrial Manufacturing,SN500IF,SBI AMC,2026-08
INE810G01011,Shyam Metalics and Energy Ltd.,2731.0,29.86,0.04,Industrial Products,SN500IF,SBI AMC,2026-08
INE404A01024,Aditya Birla Sun Life Amc Ltd.,2833.0,29.8,0.04,Capital Markets,SN500IF,SBI AMC,2026-08
INE399G01023,Ramkrishna Forgings Ltd.,4001.0,29.75,0.04,Auto Components,SN500IF,SBI AMC,2026-08
INE012A01025,ACC Ltd.,2330.0,29.74,0.04,Cement & Cement Products,SN500IF,SBI AMC,2026-08
INE421D01022,CCL Products (India) Ltd.,2744.0,29.63,0.04,Agricultural Food & other Products,SN500IF,SBI AMC,2026-08
INE398R01022,Syngene International Ltd.,7388.0,29.61,0.04,Healthcare Services,SN500IF,SBI AMC,2026-08
INE821I01022,IRB Infrastructure Developers Ltd.,152420.0,29.51,0.04,Construction,SN500IF,SBI AMC,2026-08
INE987B01026,Natco Pharma Ltd.,3491.0,29.38,0.04,Pharmaceuticals & Biotechnology,SN500IF,SBI AMC,2026-08
INE119A01028,Balrampur Chini Mills Ltd.,4228.0,29.32,0.04,Agricultural Food & other Products,SN500IF,SBI AMC,2026-08
INE382Z01011,Garden Reach Shipbuilders & Engineers Ltd.,1138.0,29.2,0.04,Aerospace & Defense,SN500IF,SBI AMC,2026-08
INE043W01024,Vijaya Diagnostic Centre Ltd.,1904.0,28.91,0.04,Healthcare Services,SN500IF,SBI AMC,2026-08
INE03QK01018,Cohance Lifesciences Ltd.,6322.0,28.83,0.04,Pharmaceuticals & Biotechnology,SN500IF,SBI AMC,2026-08
INE292B01021,HBL Engineering Ltd.,4379.0,28.79,0.04,Industrial Products,SN500IF,SBI AMC,2026-08
INE258A01024,BEML Ltd.,1486.0,28.77,0.04,"Agricultural, Commercial & Construction Vehicles",SN500IF,SBI AMC,2026-08
INE741K01010,CreditAccess Grameen Ltd.,2106.0,28.72,0.04,Finance,SN500IF,SBI AMC,2026-08
INE324A01032,Jindal Saw Ltd.,9049.0,28.02,0.04,Industrial Products,SN500IF,SBI AMC,2026-08
INE548C01032,Emami Ltd.,7656.0,27.87,0.04,Personal Products,SN500IF,SBI AMC,2026-08
INE510A01028,Engineers India Ltd.,10643.0,27.87,0.04,Construction,SN500IF,SBI AMC,2026-08
INE482A01020,CEAT Ltd.,813.0,27.8,0.04,Auto Components,SN500IF,SBI AMC,2026-08
INE839M01018,Schneider Electric Infrastructure Ltd.,2274.0,27.72,0.04,Electrical Equipment,SN500IF,SBI AMC,2026-08
INE182A01018,Pfizer Ltd.,589.0,27.59,0.04,Pharmaceuticals & Biotechnology,SN500IF,SBI AMC,2026-08
INE700A01033,Jubilant Pharmova Ltd.,3129.0,27.59,0.04,Pharmaceuticals & Biotechnology,SN500IF,SBI AMC,2026-08
INE055A01016,Aditya Birla Real Estate Ltd.,2034.0,27.57,0.04,Realty,SN500IF,SBI AMC,2026-08
INE961O01016,Rainbow Children's Medicare Ltd.,1937.0,27.4,0.04,Healthcare Services,SN500IF,SBI AMC,2026-08
INE406M01024,Eris Lifesciences Ltd.,2100.0,27.24,0.03,Pharmaceuticals & Biotechnology,SN500IF,SBI AMC,2026-08
INE088F01024,Paradeep Phosphates Ltd.,16790.0,26.87,0.03,Fertilizers & Agrochemicals,SN500IF,SBI AMC,2026-08
INE686A01026,Cemindia Projects Ltd.,2160.0,26.47,0.03,Construction,SN500IF,SBI AMC,2026-08
INE066P01011,Inox Wind Ltd.,37469.0,26.37,0.03,Electrical Equipment,SN500IF,SBI AMC,2026-08
INE152M01016,Triveni Turbine Ltd.,4546.0,26.28,0.03,Electrical Equipment,SN500IF,SBI AMC,2026-08
INE205C01021,Polymedicure Ltd.,1484.0,26.11,0.03,Healthcare Equipment & Supplies,SN500IF,SBI AMC,2026-08
INE477A01020,Can Fin Homes Ltd.,3275.0,26.05,0.03,Finance,SN500IF,SBI AMC,2026-08
INE102B01014,Choice International Ltd.,3311.0,25.85,0.03,Finance,SN500IF,SBI AMC,2026-08
INE168A01041,The Jammu & Kashmir Bank Ltd.,17330.0,25.59,0.03,Banks,SN500IF,SBI AMC,2026-08
INE178A01016,Chennai Petroleum Corporation Ltd.,1869.0,25.56,0.03,Petroleum Products,SN500IF,SBI AMC,2026-08
INE615H01020,Titagarh Rail Systems Ltd.,3113.0,25.47,0.03,Industrial Manufacturing,SN500IF,SBI AMC,2026-08
INE0J5401028,Honasa Consumer Ltd.,5292.0,25.45,0.03,Personal Products,SN500IF,SBI AMC,2026-08
INE427F01016,Chalet Hotels Ltd.,2776.0,25.09,0.03,Leisure Services,SN500IF,SBI AMC,2026-08
INE614G01033,Reliance Power Ltd.,112715.0,24.9,0.03,Power,SN500IF,SBI AMC,2026-08
INE168P01015,Emcure Pharmaceuticals Ltd.,1337.0,24.81,0.03,Pharmaceuticals & Biotechnology,SN500IF,SBI AMC,2026-08
INE258G01013,Sumitomo Chemical India Ltd.,4770.0,24.68,0.03,Fertilizers & Agrochemicals,SN500IF,SBI AMC,2026-08
INE065X01017,Indegene Ltd.,4018.0,24.58,0.03,Healthcare Services,SN500IF,SBI AMC,2026-08
INE0LP301011,Physicswallah Ltd.,21025.0,24.45,0.03,Other Consumer Services,SN500IF,SBI AMC,2026-08
INE192B01031,Welspun Living Ltd.,12353.0,24.24,0.03,Textiles & Apparels,SN500IF,SBI AMC,2026-08
INE03JT01014,GO Digit General Insurance Ltd.,9353.0,24.07,0.03,Insurance,SN500IF,SBI AMC,2026-08
INE818H01020,LT Foods Ltd.,5347.0,23.88,0.03,Agricultural Food & other Products,SN500IF,SBI AMC,2026-08
INE306R01017,Intellect Design Arena Ltd.,3503.0,23.85,0.03,IT - Software,SN500IF,SBI AMC,2026-08
INE716A01013,Whirlpool of India Ltd.,2961.0,23.78,0.03,Consumer Durables,SN500IF,SBI AMC,2026-08
INE085A01013,Chambal Fertilisers and Chemicals Ltd.,5780.0,23.67,0.03,Fertilizers & Agrochemicals,SN500IF,SBI AMC,2026-08
INE002S01010,Mahanagar Gas Ltd.,2213.0,23.66,0.03,Gas,SN500IF,SBI AMC,2026-08
INE545A01024,HEG Ltd.,3230.0,23.54,0.03,Industrial Products,SN500IF,SBI AMC,2026-08
INE868B01028,NCC Ltd.,15721.0,23.33,0.03,Construction,SN500IF,SBI AMC,2026-08
INE673O01025,TBO Tek Ltd.,1335.0,23.3,0.03,Leisure Services,SN500IF,SBI AMC,2026-08
INE177H01039,Godawari Power & Ispat Ltd.,9543.0,23.25,0.03,Industrial Products,SN500IF,SBI AMC,2026-08
INE039A01010,IFCI Ltd.,25875.0,23.21,0.03,Finance,SN500IF,SBI AMC,2026-08
INE322A01010,Gillette India Ltd.,316.0,23.16,0.03,Personal Products,SN500IF,SBI AMC,2026-08
INE872J01023,Devyani International Ltd.,16546.0,22.96,0.03,Leisure Services,SN500IF,SBI AMC,2026-08
INE842C01021,Minda Corporation Ltd.,3123.0,22.25,0.03,Auto Components,SN500IF,SBI AMC,2026-08
INE825A01020,Vardhman Textiles Ltd.,3883.0,22.21,0.03,Textiles & Apparels,SN500IF,SBI AMC,2026-08
INE024L01027,Gravita India Ltd.,1230.0,22.14,0.03,Minerals & Mining,SN500IF,SBI AMC,2026-08
INE269A01021,Sonata Software Ltd.,7547.0,22.04,0.03,IT - Software,SN500IF,SBI AMC,2026-08
INE0BY001018,Jubilant Ingrevia Ltd.,3258.0,21.99,0.03,Chemicals & Petrochemicals,SN500IF,SBI AMC,2026-08
INE0CAZ01013,Urban Company Ltd.,13105.0,21.9,0.03,Retailing,SN500IF,SBI AMC,2026-08
INE671H01015,Sobha Ltd.,1730.0,21.73,0.03,Realty,SN500IF,SBI AMC,2026-08
INE230A01023,EIH Ltd.,7699.0,21.73,0.03,Leisure Services,SN500IF,SBI AMC,2026-08
INE602A01031,PCBL Chemical Ltd.,6818.0,21.62,0.03,Chemicals & Petrochemicals,SN500IF,SBI AMC,2026-08
INE806T01020,Sapphire Foods India Ltd.,9196.0,21.56,0.03,Leisure Services,SN500IF,SBI AMC,2026-08
INE133A01011,JSW Dulux Ltd.,670.0,21.2,0.03,Consumer Durables,SN500IF,SBI AMC,2026-08
INE389H01022,KEC International Ltd.,5040.0,20.99,0.03,Construction,SN500IF,SBI AMC,2026-08
INE933S01016,Indiamart Intermesh Ltd.,1191.0,20.91,0.03,Retailing,SN500IF,SBI AMC,2026-08
INE0NNS01018,NMDC Steel Ltd.,44769.0,20.68,0.03,Ferrous Metals,SN500IF,SBI AMC,2026-08
INE970X01018,Lemon Tree Hotels Ltd.,19299.0,20.51,0.03,Leisure Services,SN500IF,SBI AMC,2026-08
INE520A01027,Zensar Technologies Ltd.,4427.0,20.38,0.03,IT - Software,SN500IF,SBI AMC,2026-08
INE260D01016,Olectra Greentech Ltd.,1590.0,20.3,0.03,Automobiles,SN500IF,SBI AMC,2026-08
INE483A01010,Central Bank of India,66344.0,20.05,0.03,Banks,SN500IF,SBI AMC,2026-08
INE188A01015,Fertilisers And Chemicals Travancore Ltd.,2421.0,19.88,0.03,Fertilizers & Agrochemicals,SN500IF,SBI AMC,2026-08
INE768C01028,Zydus Wellness Ltd.,3739.0,19.83,0.03,Food Products,SN500IF,SBI AMC,2026-08
INE008A01015,IDBI Bank Ltd.,21787.0,19.8,0.03,Banks,SN500IF,SBI AMC,2026-08
INE462A01022,Bayer Cropscience Ltd.,495.0,19.66,0.03,Fertilizers & Agrochemicals,SN500IF,SBI AMC,2026-08
INE883F01010,Aadhar Housing Finance Ltd.,4180.0,19.57,0.03,Finance,SN500IF,SBI AMC,2026-08
INE14LE01019,Aditya Birla Lifestyle Brands Ltd.,22562.0,19.56,0.03,Retailing,SN500IF,SBI AMC,2026-08
INE216P01012,Aavas Financiers Ltd.,1549.0,19.54,0.03,Finance,SN500IF,SBI AMC,2026-08
INE995S01015,Niva Bupa Health Insurance Company Ltd.,24043.0,19.54,0.03,Insurance,SN500IF,SBI AMC,2026-08
INE475E01026,Caplin Point Laboratories Ltd.,775.0,19.51,0.03,Pharmaceuticals & Biotechnology,SN500IF,SBI AMC,2026-08
INE536H01010,CIE Automotive India Ltd.,4955.0,19.38,0.02,Auto Components,SN500IF,SBI AMC,2026-08
INE780C01023,JM Financial Ltd.,14959.0,19.15,0.02,Finance,SN500IF,SBI AMC,2026-08
INE285K01026,Techno Electric & Engineering Company Ltd.,1948.0,19.13,0.02,Construction,SN500IF,SBI AMC,2026-08
INE233A01035,Godrej Industries Ltd.,1677.0,19.03,0.02,Diversified,SN500IF,SBI AMC,2026-08
INE109A01011,Shipping Corporation of India Ltd.,6571.0,19.03,0.02,Transport Services,SN500IF,SBI AMC,2026-08
INE836A01035,Birlasoft Ltd.,6445.0,18.77,0.02,IT - Software,SN500IF,SBI AMC,2026-08
INE19RI01016,Tenneco Clean Air India Ltd.,3534.0,18.71,0.02,Auto Components,SN500IF,SBI AMC,2026-08
INE338H01029,Concord Biotech Ltd.,1288.0,18.63,0.02,Pharmaceuticals & Biotechnology,SN500IF,SBI AMC,2026-08
INE565A01014,Indian Overseas Bank,56738.0,18.42,0.02,Banks,SN500IF,SBI AMC,2026-08
INE573A01042,JK Tyre & Industries Ltd.,4860.0,18.41,0.02,Auto Components,SN500IF,SBI AMC,2026-08
INE371A01025,Graphite India Ltd.,2591.0,18.2,0.02,Industrial Products,SN500IF,SBI AMC,2026-08
INE131A01031,Gujarat Mineral Development Corporation Ltd.,3216.0,18.11,0.02,Minerals & Mining,SN500IF,SBI AMC,2026-08
INE002L01015,SJVN Ltd.,27794.0,17.99,0.02,Power,SN500IF,SBI AMC,2026-08
INE010J01012,Tejas Networks Ltd.,3207.0,17.95,0.02,Telecom - Equipment & Accessories,SN500IF,SBI AMC,2026-08
INE424H01027,Sun TV Network Ltd.,3839.0,17.9,0.02,Entertainment,SN500IF,SBI AMC,2026-08
INE470Y01017,The New India Assurance Co. Ltd.,9352.0,17.88,0.02,Insurance,SN500IF,SBI AMC,2026-08
INE0AQ201015,Leela Palaces Hotels & Resorts Ltd.,3135.0,17.88,0.02,Leisure Services,SN500IF,SBI AMC,2026-08
INE663A01033,Supreme Petrochem Ltd.,2451.0,17.87,0.02,Chemicals & Petrochemicals,SN500IF,SBI AMC,2026-08
INE385C01021,Sarda Energy & Minerals Ltd.,3573.0,17.83,0.02,Ferrous Metals,SN500IF,SBI AMC,2026-08
INE731H01025,Action Construction Equipment Ltd.,1599.0,17.76,0.02,"Agricultural, Commercial & Construction Vehicles",SN500IF,SBI AMC,2026-08
INE101I01011,Afcons Infrastructure Ltd.,6074.0,17.35,0.02,Construction,SN500IF,SBI AMC,2026-08
INE176A01028,Bata India Ltd.,2480.0,16.92,0.02,Consumer Durables,SN500IF,SBI AMC,2026-08
INE1C6T01020,Emmvee Photovoltaic Power Ltd.,5208.0,16.76,0.02,Electrical Equipment,SN500IF,SBI AMC,2026-08
INE02RE01045,Brainbees Solutions Ltd.,8771.0,16.0,0.02,Retailing,SN500IF,SBI AMC,2026-08
INE00E101023,Bikaji Foods International Ltd.,2549.0,15.95,0.02,Food Products,SN500IF,SBI AMC,2026-08
INE665A01038,Swan Corp Ltd.,5421.0,15.9,0.02,Chemicals & Petrochemicals,SN500IF,SBI AMC,2026-08
INE423Y01016,SBFC Finance Ltd.,16010.0,15.82,0.02,Finance,SN500IF,SBI AMC,2026-08
INE499A01024,DCM Shriram Ltd.,1540.0,15.66,0.02,Diversified,SN500IF,SBI AMC,2026-08
INE321T01012,Doms Industries Ltd.,700.0,15.63,0.02,Household Products,SN500IF,SBI AMC,2026-08
INE227W01023,Clean Science & Technology Ltd.,1854.0,15.26,0.02,Chemicals & Petrochemicals,SN500IF,SBI AMC,2026-08
INE962Y01021,Ircon International Ltd.,12662.0,15.11,0.02,Construction,SN500IF,SBI AMC,2026-08
INE0INX01018,Aegis Vopak Terminals Ltd.,5607.0,15.07,0.02,Oil,SN500IF,SBI AMC,2026-08
INE930P01018,Anupam Rasayan India Ltd.,1177.0,14.86,0.02,Chemicals & Petrochemicals,SN500IF,SBI AMC,2026-08
INE01TY01017,Canara HSBC Life Insurance Co.Ltd.,9156.0,14.3,0.02,Insurance,SN500IF,SBI AMC,2026-08
INE094J01016,UTI Asset Management Co. Ltd.,1635.0,14.23,0.02,Capital Markets,SN500IF,SBI AMC,2026-08
INE205B01031,Elecon Engineering Company Ltd.,3415.0,14.06,0.02,Electrical Equipment,SN500IF,SBI AMC,2026-08
INE15B701018,Pine Labs Ltd.,8409.0,13.79,0.02,Financial Technology (Fintech),SN500IF,SBI AMC,2026-08
INE979A01025,SAREGAMA India Ltd.,2808.0,13.48,0.02,Entertainment,SN500IF,SBI AMC,2026-08
INE0Q9301021,International Gemological Institute Ltd.,3948.0,13.46,0.02,Commercial Services & Supplies,SN500IF,SBI AMC,2026-08
INE619B01017,Newgen Software Technologies Ltd.,2483.0,13.13,0.02,IT - Software,SN500IF,SBI AMC,2026-08
INE763I01026,Transformers & Rectifiers (India) Ltd.,4163.0,13.06,0.02,Electrical Equipment,SN500IF,SBI AMC,2026-08
INE718I01012,JSW Cement Ltd.,10364.0,13.06,0.02,Cement & Cement Products,SN500IF,SBI AMC,2026-08
INE552Z01027,Allied Blenders And Distillers Ltd.,2080.0,12.86,0.02,Beverages,SN500IF,SBI AMC,2026-08
INE209L01016,Jupiter Wagons Ltd.,5277.0,12.69,0.02,Industrial Manufacturing,SN500IF,SBI AMC,2026-08
INE118D01016,Nuvoco Vistas Corporation Ltd.,3895.0,12.42,0.02,Cement & Cement Products,SN500IF,SBI AMC,2026-08
INE647O01011,Aditya Birla Fashion and Retail Ltd.,22871.0,11.92,0.02,Retailing,SN500IF,SBI AMC,2026-08
INE064C01022,Trident Ltd.,48560.0,11.74,0.02,Textiles & Apparels,SN500IF,SBI AMC,2026-08
INE903U01023,Signatureglobal (India) Ltd.,1522.0,11.72,0.02,Realty,SN500IF,SBI AMC,2026-08
INE103A01014,Mangalore Refinery and Petrochemicals Ltd.,6849.0,11.67,0.01,Petroleum Products,SN500IF,SBI AMC,2026-08
INE0KBH01020,Blue Jet Healthcare Ltd.,1981.0,11.47,0.01,Pharmaceuticals & Biotechnology,SN500IF,SBI AMC,2026-08
INE320J01015,Rites Ltd.,5206.0,11.37,0.01,Construction,SN500IF,SBI AMC,2026-08
INE233B01017,Blue Dart Express Ltd.,230.0,11.33,0.01,Transport Services,SN500IF,SBI AMC,2026-08
INE153T01027,BLS International Services Ltd.,4707.0,11.32,0.01,Leisure Services,SN500IF,SBI AMC,2026-08
INE691A01018,UCO Bank,44178.0,11.0,0.01,Banks,SN500IF,SBI AMC,2026-08
INE011K01018,Tega Industries Ltd.,642.0,10.18,0.01,Industrial Manufacturing,SN500IF,SBI AMC,2026-08
INE248A01017,ITI Ltd.,3743.0,10.14,0.01,Telecom - Equipment & Accessories,SN500IF,SBI AMC,2026-08
INE050A01025,The Bombay Burmah Trading Corporation Ltd.,673.0,10.11,0.01,Food Products,SN500IF,SBI AMC,2026-08
INE383A01012,The India Cements Ltd.,2673.0,9.91,0.01,Cement & Cement Products,SN500IF,SBI AMC,2026-08
INE927D01051,JBM Auto Ltd.,1566.0,9.77,0.01,Auto Components,SN500IF,SBI AMC,2026-08
INE0DD101019,Railtel Corporation of India Ltd.,3396.0,9.37,0.01,Telecom - Services,SN500IF,SBI AMC,2026-08
INE103V01028,Travel Food Services Ltd.,709.0,9.21,0.01,Leisure Services,SN500IF,SBI AMC,2026-08
INE743M01012,RHI Magnesita India Ltd.,2355.0,8.75,0.01,Industrial Products,SN500IF,SBI AMC,2026-08
INE0YD401026,Jain Resource Recycling Ltd.,2748.0,7.61,0.01,Diversified Metals,SN500IF,SBI AMC,2026-08
INE0I7C01011,Latent View Analytics Ltd.,2811.0,7.58,0.01,IT - Software,SN500IF,SBI AMC,2026-08
INE517B01013,Tata Teleservices (Maharastra) Ltd.,19532.0,7.54,0.01,Telecom - Services,SN500IF,SBI AMC,2026-08
INE367G01038,Prime Focus Ltd.,2583.0,7.42,0.01,Entertainment,SN500IF,SBI AMC,2026-08
INE0BV301023,C.E.Info Systems Ltd.,673.0,6.82,0.01,IT - Software,SN500IF,SBI AMC,2026-08
INE297H01019,Gallantt Ispat Ltd.,1162.0,6.59,0.01,Industrial Products,SN500IF,SBI AMC,2026-08
INE123F01029,MMTC LTD,5878.0,3.66,,Commercial Services & Supplies,SN500IF,SBI AMC,2026-08
INE397D01024,Bharti Airtel Ltd.,134652.0,2439.76,9.4,Telecom - Services,SNICIF,SBI AMC,2026-08
INE101A01026,Mahindra & Mahindra Ltd.,67943.0,2229.89,8.59,Automobiles,SNICIF,SBI AMC,2026-08
INE154A01025,ITC Ltd.,733606.0,1874.36,7.22,Diversified FMCG,SNICIF,SBI AMC,2026-08
INE758T01015,Eternal Ltd.,550187.0,1805.16,6.96,Retailing,SNICIF,SBI AMC,2026-08
INE280A01028,Titan Company Ltd.,31420.0,1603.17,6.18,Consumer Durables,SNICIF,SBI AMC,2026-08
INE585B01010,Maruti Suzuki India Ltd.,9923.0,1344.27,5.18,Automobiles,SNICIF,SBI AMC,2026-08
INE030A01027,Hindustan Unilever Ltd.,67512.0,1328.23,5.12,Diversified FMCG,SNICIF,SBI AMC,2026-08
INE917I01010,Bajaj Auto Ltd.,8427.0,1022.2,3.94,Automobiles,SNICIF,SBI AMC,2026-08
INE021A01026,Asian Paints Ltd.,34414.0,913.21,3.52,Consumer Durables,SNICIF,SBI AMC,2026-08
INE646L01027,Interglobe Aviation Ltd.,17222.0,901.4,3.47,Transport Services,SNICIF,SBI AMC,2026-08
INE066A01021,Eicher Motors Ltd.,10490.0,834.32,3.22,Automobiles,SNICIF,SBI AMC,2026-08
INE239A01024,Nestle India Ltd.,54563.0,816.54,3.15,Food Products,SNICIF,SBI AMC,2026-08
INE494B01023,TVS Motor Company Ltd.,17878.0,776.14,2.99,Automobiles,SNICIF,SBI AMC,2026-08
INE849A01020,Trent Ltd.,25320.0,729.19,2.81,Retailing,SNICIF,SBI AMC,2026-08
INE437A01024,Apollo Hospitals Enterprise Ltd.,7830.0,696.75,2.69,Healthcare Services,SNICIF,SBI AMC,2026-08
INE814H01029,Adani Power Ltd.,315781.0,625.25,2.41,Power,SNICIF,SBI AMC,2026-08
INE027H01010,Max Healthcare Institute Ltd.,56638.0,590.22,2.27,Healthcare Services,SNICIF,SBI AMC,2026-08
INE158A01026,Hero MotoCorp Ltd.,9878.0,538.35,2.07,Automobiles,SNICIF,SBI AMC,2026-08
INE192A01025,Tata Consumer Products Ltd.,49556.0,514.14,1.98,Agricultural Food & other Products,SNICIF,SBI AMC,2026-08
INE053A01029,The Indian Hotels Company Ltd.,66829.0,493.13,1.9,Leisure Services,SNICIF,SBI AMC,2026-08
INE192R01011,Avenue Supermarts Ltd.,12261.0,478.18,1.84,Retailing,SNICIF,SBI AMC,2026-08
INE216A01030,Britannia Industries Ltd.,8959.0,470.35,1.81,Food Products,SNICIF,SBI AMC,2026-08
INE935N01020,Dixon Technologies (India) Ltd.,3157.0,468.81,1.81,Consumer Durables,SNICIF,SBI AMC,2026-08
INE245A01021,Tata Power Company Ltd.,126929.0,440.44,1.7,Power,SNICIF,SBI AMC,2026-08
INE200M01039,Varun Beverages Ltd.,104049.0,416.66,1.61,Beverages,SNICIF,SBI AMC,2026-08
INE663F01032,Info Edge (India) Ltd.,29134.0,382.53,1.47,Retailing,SNICIF,SBI AMC,2026-08
INE271C01023,DLF Ltd.,48821.0,337.38,1.3,Realty,SNICIF,SBI AMC,2026-08
INE854D01024,United Spirits Ltd.,22479.0,334.94,1.29,Beverages,SNICIF,SBI AMC,2026-08
INE102D01028,Godrej Consumer Products Ltd.,30581.0,275.63,1.06,Personal Products,SNICIF,SBI AMC,2026-08
INE176B01034,Havells India Ltd.,19178.0,238.59,0.92,Consumer Durables,SNICIF,SBI AMC,2026-08
INE090A01021,ICICI Bank Ltd.,1949269.0,28342.37,9.7,Banks,SQF,SBI AMC,2026-08
INE296A01032,Bajaj Finance Ltd.,1763087.0,18635.83,6.38,Finance,SQF,SBI AMC,2026-08
INE917I01010,Bajaj Auto Ltd.,139351.0,16903.28,5.79,Automobiles,SQF,SBI AMC,2026-08
INE669C01036,Tech Mahindra Ltd.,1013184.0,16494.64,5.65,IT - Software,SQF,SBI AMC,2026-08
INE239A01024,Nestle India Ltd.,1101053.0,16477.26,5.64,Food Products,SQF,SBI AMC,2026-08
INE021A01026,Asian Paints Ltd.,618094.0,16401.74,5.61,Consumer Durables,SQF,SBI AMC,2026-08
INE591G01025,Coforge Ltd.,815664.0,16193.38,5.54,IT - Software,SQF,SBI AMC,2026-08
INE066A01021,Eicher Motors Ltd.,200314.0,15931.97,5.45,Automobiles,SQF,SBI AMC,2026-08
INE158A01026,Hero MotoCorp Ltd.,275836.0,15033.06,5.15,Automobiles,SQF,SBI AMC,2026-08
INE949L01017,AU Small Finance Bank Ltd.,1372352.0,14906.49,5.1,Banks,SQF,SBI AMC,2026-08
INE721A01047,Shriram Finance Ltd.,1155427.0,12824.08,4.39,Finance,SQF,SBI AMC,2026-08
INE196A01026,Marico Ltd.,1346645.0,11042.49,3.78,Agricultural Food & other Products,SQF,SBI AMC,2026-08
INE171A01029,The Federal Bank Ltd.,3025485.0,10791.9,3.69,Banks,SQF,SBI AMC,2026-08
INE406A01037,Aurobindo Pharma Ltd.,485085.0,8328.91,2.85,Pharmaceuticals & Biotechnology,SQF,SBI AMC,2026-08
INE881D01027,Oracle Financial Services Software Ltd.,64243.0,8056.07,2.76,IT - Software,SQF,SBI AMC,2026-08
INE584A01023,NMDC Ltd.,8641820.0,7622.09,2.61,Minerals & Mining,SQF,SBI AMC,2026-08
INE774D01024,Mahindra & Mahindra Financial Services Ltd.,1857724.0,6929.31,2.37,Finance,SQF,SBI AMC,2026-08
INE670K01029,Lodha Developers Ltd.,565972.0,6783.74,2.32,Realty,SQF,SBI AMC,2026-08
INE455K01017,Polycab India Ltd.,69936.0,6605.46,2.26,Industrial Products,SQF,SBI AMC,2026-08
INE318A01026,Pidilite Industries Ltd.,388670.0,6559.58,2.25,Chemicals & Petrochemicals,SQF,SBI AMC,2026-08
INE498L01015,L&T Finance Ltd.,1790476.0,5747.43,1.97,Finance,SQF,SBI AMC,2026-08
INE121A01024,Cholamandalam Investment & Finance Co. Ltd.,279811.0,5197.21,1.78,Finance,SQF,SBI AMC,2026-08
INE040A01034,HDFC Bank Ltd.,631388.0,4476.54,1.53,Banks,SQF,SBI AMC,2026-08
INE134E01011,Power Finance Corporation Ltd.,1069147.0,3595.54,1.23,Finance,SQF,SBI AMC,2026-08
INE298A01020,Cummins India Ltd.,68840.0,3514.28,1.2,Industrial Products,SQF,SBI AMC,2026-08
INE127D01025,HDFC Asset Management Co. Ltd.,43662.0,1144.86,0.39,Capital Markets,SQF,SBI AMC,2026-08
INE347G01014,Petronet LNG Ltd.,331904.0,997.7,0.34,Gas,SQF,SBI AMC,2026-08
INE002A01018,Reliance Industries Ltd.,50406.0,643.68,0.22,Petroleum Products,SQF,SBI AMC,2026-08
INE481Y01014,General Insurance Corporation of India,73790.0,261.77,0.09,Insurance,SQF,SBI AMC,2026-08
INE040A01034,HDFC Bank Ltd.,503606.0,3570.57,17.01,Banks,SNBIF,SBI AMC,2026-08
INE090A01021,ICICI Bank Ltd.,214285.0,3115.7,14.85,Banks,SNBIF,SBI AMC,2026-08
INE062A01020,State Bank of India,203212.0,2154.05,10.26,Banks,SNBIF,SBI AMC,2026-08
INE237A01036,Kotak Mahindra Bank Ltd.,494071.0,2072.13,9.87,Banks,SNBIF,SBI AMC,2026-08
INE238A01034,Axis Bank Ltd.,148359.0,1928.67,9.19,Banks,SNBIF,SBI AMC,2026-08
INE171A01029,The Federal Bank Ltd.,420389.0,1499.53,7.14,Banks,SNBIF,SBI AMC,2026-08
INE095A01012,IndusInd Bank Ltd.,112341.0,1142.06,5.44,Banks,SNBIF,SBI AMC,2026-08
INE949L01017,AU Small Finance Bank Ltd.,93115.0,1011.42,4.82,Banks,SNBIF,SBI AMC,2026-08
INE092T01019,IDFC First Bank Ltd.,1140973.0,980.89,4.67,Banks,SNBIF,SBI AMC,2026-08
INE028A01039,Bank of Baroda,305570.0,729.09,3.47,Banks,SNBIF,SBI AMC,2026-08
INE160A01022,Punjab National Bank,619303.0,707.43,3.37,Banks,SNBIF,SBI AMC,2026-08
INE528G01035,Yes Bank Ltd.,3062393.0,699.14,3.33,Banks,SNBIF,SBI AMC,2026-08
INE476A01022,Canara Bank,549681.0,697.55,3.32,Banks,SNBIF,SBI AMC,2026-08
INE692A01016,Union Bank of India,352296.0,664.54,3.17,Banks,SNBIF,SBI AMC,2026-08
INE009A01021,Infosys Ltd.,346521.0,3928.86,28.91,IT - Software,SNITIF,SBI AMC,2026-08
INE467B01029,Tata Consultancy Services Ltd.,114913.0,2757.11,20.29,IT - Software,SNITIF,SBI AMC,2026-08
INE860A01027,HCL Technologies Ltd.,118663.0,1557.1,11.46,IT - Software,SNITIF,SBI AMC,2026-08
INE669C01036,Tech Mahindra Ltd.,87974.0,1432.22,10.54,IT - Software,SNITIF,SBI AMC,2026-08
INE591G01025,Coforge Ltd.,48208.0,957.07,7.04,IT - Software,SNITIF,SBI AMC,2026-08
INE262H01021,Persistent Systems Ltd.,15053.0,842.14,6.2,IT - Software,SNITIF,SBI AMC,2026-08
INE075A01022,Wipro Ltd.,375218.0,692.28,5.09,IT - Software,SNITIF,SBI AMC,2026-08
INE214T01019,LTM Ltd.,12869.0,584.25,4.3,IT - Software,SNITIF,SBI AMC,2026-08
INE356A01018,Mphasis Ltd.,18340.0,445.19,3.28,IT - Software,SNITIF,SBI AMC,2026-08
INE881D01027,Oracle Financial Services Software Ltd.,3303.0,414.2,3.05,IT - Software,SNITIF,SBI AMC,2026-08
INE062A01020,State Bank of India,958357.0,10158.58,26.13,Banks,SBI BSE PSU Bank ETF,SBI AMC,2026-08
INE028A01039,Bank of Baroda,2256518.0,5367.13,13.81,Banks,SBI BSE PSU Bank ETF,SBI AMC,2026-08
INE476A01022,Canara Bank,4067874.0,5135.69,13.21,Banks,SBI BSE PSU Bank ETF,SBI AMC,2026-08
INE160A01022,Punjab National Bank,4179076.0,4778.77,12.29,Banks,SBI BSE PSU Bank ETF,SBI AMC,2026-08
INE692A01016,Union Bank of India,2313137.0,4272.36,10.99,Banks,SBI BSE PSU Bank ETF,SBI AMC,2026-08
INE562A01011,Indian Bank,424473.0,3811.77,9.81,Banks,SBI BSE PSU Bank ETF,SBI AMC,2026-08
INE084A01016,Bank of India,1489893.0,2117.14,5.45,Banks,SBI BSE PSU Bank ETF,SBI AMC,2026-08
INE457A01014,Bank of Maharashtra,2423902.0,1993.42,5.13,Banks,SBI BSE PSU Bank ETF,SBI AMC,2026-08
INE565A01014,Indian Overseas Bank,1633829.0,530.18,1.36,Banks,SBI BSE PSU Bank ETF,SBI AMC,2026-08
INE483A01010,Central Bank of India,1206789.0,364.57,0.94,Banks,SBI BSE PSU Bank ETF,SBI AMC,2026-08
INE691A01018,UCO Bank,1367901.0,340.74,0.88,Banks,SBI BSE PSU Bank ETF,SBI AMC,2026-08
INE062A01020,State Bank of India,876786.0,9293.93,26.19,Banks,SBI BSE PSU Bank Index Fund,SBI AMC,2026-08
INE028A01039,Bank of Baroda,2064393.0,4910.16,13.84,Banks,SBI BSE PSU Bank Index Fund,SBI AMC,2026-08
INE476A01022,Canara Bank,3721559.0,4698.47,13.24,Banks,SBI BSE PSU Bank Index Fund,SBI AMC,2026-08
INE160A01022,Punjab National Bank,3823292.0,4371.93,12.32,Banks,SBI BSE PSU Bank Index Fund,SBI AMC,2026-08
INE692A01016,Union Bank of India,2116217.0,3908.65,11.02,Banks,SBI BSE PSU Bank Index Fund,SBI AMC,2026-08
INE562A01011,Indian Bank,388345.0,3487.34,9.83,Banks,SBI BSE PSU Bank Index Fund,SBI AMC,2026-08
INE084A01016,Bank of India,1363054.0,1936.9,5.46,Banks,SBI BSE PSU Bank Index Fund,SBI AMC,2026-08
INE457A01014,Bank of Maharashtra,2217684.0,1823.82,5.14,Banks,SBI BSE PSU Bank Index Fund,SBI AMC,2026-08
INE565A01014,Indian Overseas Bank,1495785.0,485.38,1.37,Banks,SBI BSE PSU Bank Index Fund,SBI AMC,2026-08
INE483A01010,Central Bank of India,1104836.0,333.77,0.94,Banks,SBI BSE PSU Bank Index Fund,SBI AMC,2026-08
INE691A01018,UCO Bank,1252315.0,311.95,0.88,Banks,SBI BSE PSU Bank Index Fund,SBI AMC,2026-08
INF200K01QU0,SBI Arbitrage Fund - Direct Plan - Growth Option,174484236.864,67451.24,37.19,Mutual Fund/ETF,SIPAAFOF,SBI AMC,2026-08
INF200K01V08,SBI BANKING & PSU DEBT FUND - Direct Plan - Growth Option,1363181.324,48047.96,26.49,Mutual Fund/ETF,SIPAAFOF,SBI AMC,2026-08
INF200KA1YR4,SBI Corporate Bond Fund - Direct Plan - Growth Option,183136772.969,31134.9,17.16,Mutual Fund/ETF,SIPAAFOF,SBI AMC,2026-08
INF200K01VE4,SBI SHORT TERM FUND - DIRECT PLAN -Growth Option,72873514.344,26517.51,14.62,Mutual Fund/ETF,SIPAAFOF,SBI AMC,2026-08
INF200K01SZ5,SBI Money Market Fund - Direct Plan - Growth Option,13596649.453,6514.21,3.59,Mutual Fund/ETF,SIPAAFOF,SBI AMC,2026-08
INE467B01029,Tata Consultancy Services Ltd.,74378.0,1784.55,5.46,IT - Software,SBI Nifty200 Quality 30,SBI AMC,2026-08
INE239A01024,Nestle India Ltd.,113455.0,1697.85,5.19,Food Products,SBI Nifty200 Quality 30,SBI AMC,2026-08
INE009A01021,Infosys Ltd.,148460.0,1683.24,5.15,IT - Software,SBI Nifty200 Quality 30,SBI AMC,2026-08
INE263A01024,Bharat Electronics Ltd.,378517.0,1568.76,4.8,Aerospace & Defense,SBI Nifty200 Quality 30,SBI AMC,2026-08
INE860A01027,HCL Technologies Ltd.,113705.0,1492.04,4.56,IT - Software,SBI Nifty200 Quality 30,SBI AMC,2026-08
INE917I01010,Bajaj Auto Ltd.,12064.0,1463.36,4.47,Automobiles,SBI Nifty200 Quality 30,SBI AMC,2026-08
INE030A01027,Hindustan Unilever Ltd.,71329.0,1403.33,4.29,Diversified FMCG,SBI Nifty200 Quality 30,SBI AMC,2026-08
INE154A01025,ITC Ltd.,540256.0,1380.35,4.22,Diversified FMCG,SBI Nifty200 Quality 30,SBI AMC,2026-08
INE935N01020,Dixon Technologies (India) Ltd.,9253.0,1374.07,4.2,Consumer Durables,SBI Nifty200 Quality 30,SBI AMC,2026-08
INE216A01030,Britannia Industries Ltd.,25202.0,1323.11,4.05,Food Products,SBI Nifty200 Quality 30,SBI AMC,2026-08
INE522F01014,Coal India Ltd.,297799.0,1196.41,3.66,Consumable Fuels,SBI Nifty200 Quality 30,SBI AMC,2026-08
INE259A01022,Colgate Palmolive (India) Ltd.,61315.0,1163.51,3.56,Personal Products,SBI Nifty200 Quality 30,SBI AMC,2026-08
INE066F01020,Hindustan Aeronautics Ltd.,24152.0,1159.68,3.55,Aerospace & Defense,SBI Nifty200 Quality 30,SBI AMC,2026-08
INE021A01026,Asian Paints Ltd.,43476.0,1153.68,3.53,Consumer Durables,SBI Nifty200 Quality 30,SBI AMC,2026-08
INE158A01026,Hero MotoCorp Ltd.,19458.0,1060.46,3.24,Automobiles,SBI Nifty200 Quality 30,SBI AMC,2026-08
INE267A01025,Hindustan Zinc Ltd.,168459.0,1003.09,3.07,Non - Ferrous Metals,SBI Nifty200 Quality 30,SBI AMC,2026-08
INE127D01025,HDFC Asset Management Co. Ltd.,38005.0,996.53,3.05,Capital Markets,SBI Nifty200 Quality 30,SBI AMC,2026-08
INE196A01026,Marico Ltd.,117688.0,965.04,2.95,Agricultural Food & other Products,SBI Nifty200 Quality 30,SBI AMC,2026-08
INE343H01029,Solar Industries India Ltd.,4795.0,964.18,2.95,Chemicals & Petrochemicals,SBI Nifty200 Quality 30,SBI AMC,2026-08
INE298A01020,Cummins India Ltd.,18870.0,963.31,2.95,Industrial Products,SBI Nifty200 Quality 30,SBI AMC,2026-08
INE262H01021,Persistent Systems Ltd.,16935.0,947.43,2.9,IT - Software,SBI Nifty200 Quality 30,SBI AMC,2026-08
INE318A01026,Pidilite Industries Ltd.,51085.0,862.16,2.64,Chemicals & Petrochemicals,SBI Nifty200 Quality 30,SBI AMC,2026-08
INE455K01017,Polycab India Ltd.,8609.0,813.12,2.49,Industrial Products,SBI Nifty200 Quality 30,SBI AMC,2026-08
INE881D01027,Oracle Financial Services Software Ltd.,6164.0,772.97,2.36,IT - Software,SBI Nifty200 Quality 30,SBI AMC,2026-08
INE214T01019,LTM Ltd.,16971.0,770.48,2.36,IT - Software,SBI Nifty200 Quality 30,SBI AMC,2026-08
INE761H01022,Page Industries Ltd.,2037.0,729.25,2.23,Textiles & Apparels,SBI Nifty200 Quality 30,SBI AMC,2026-08
INE176B01034,Havells India Ltd.,48631.0,605.02,1.85,Consumer Durables,SBI Nifty200 Quality 30,SBI AMC,2026-08
INE249Z01020,Mazagon Dock Shipbuilders Ltd.,22681.0,562.49,1.72,Industrial Manufacturing,SBI Nifty200 Quality 30,SBI AMC,2026-08
INE670A01012,Tata Elxsi Ltd.,11761.0,420.88,1.29,IT - Software,SBI Nifty200 Quality 30,SBI AMC,2026-08
INE04I401011,KPIT Technologies Ltd.,57429.0,335.96,1.03,IT - Software,SBI Nifty200 Quality 30,SBI AMC,2026-08
INE947Q01028,Laurus Labs Ltd.,36795.0,704.62,5.94,Pharmaceuticals & Biotechnology,SBI Nifty200 Mom 30,SBI AMC,2026-08
INE745G01043,Multi Commodity Exchange of India Ltd.,20395.0,693.43,5.85,Capital Markets,SBI Nifty200 Mom 30,SBI AMC,2026-08
INE721A01047,Shriram Finance Ltd.,56854.0,631.02,5.32,Finance,SBI Nifty200 Mom 30,SBI AMC,2026-08
INE038A01020,Hindalco Industries Ltd.,59323.0,602.4,5.08,Non - Ferrous Metals,SBI Nifty200 Mom 30,SBI AMC,2026-08
INE081A01020,Tata Steel Ltd.,304662.0,561.64,4.73,Ferrous Metals,SBI Nifty200 Mom 30,SBI AMC,2026-08
INE298A01020,Cummins India Ltd.,10428.0,532.35,4.49,Industrial Products,SBI Nifty200 Mom 30,SBI AMC,2026-08
INE733E01010,NTPC Ltd.,162259.0,531.24,4.48,Power,SBI Nifty200 Mom 30,SBI AMC,2026-08
INE200A01026,GE Vernova T&D India Ltd.,11467.0,509.73,4.3,Electrical Equipment,SBI Nifty200 Mom 30,SBI AMC,2026-08
INE205A01025,Vedanta Ltd.,183017.0,509.15,4.29,Diversified Metals,SBI Nifty200 Mom 30,SBI AMC,2026-08
INE814H01029,Adani Power Ltd.,252152.0,499.26,4.21,Power,SBI Nifty200 Mom 30,SBI AMC,2026-08
INE118H01025,BSE Ltd.,14906.0,489.21,4.12,Capital Markets,SBI Nifty200 Mom 30,SBI AMC,2026-08
INE171A01029,The Federal Bank Ltd.,131401.0,468.71,3.95,Banks,SBI Nifty200 Mom 30,SBI AMC,2026-08
INE257A01026,Bharat Heavy Electricals Ltd.,97632.0,432.17,3.64,Electrical Equipment,SBI Nifty200 Mom 30,SBI AMC,2026-08
INE775A01035,Samvardhana Motherson International Ltd.,228001.0,389.15,3.28,Auto Components,SBI Nifty200 Mom 30,SBI AMC,2026-08
INE465A01025,Bharat Forge Ltd.,18479.0,388.96,3.28,Auto Components,SBI Nifty200 Mom 30,SBI AMC,2026-08
INE067A01029,CG Power and Industrial Solutions Ltd.,39579.0,362.54,3.06,Electrical Equipment,SBI Nifty200 Mom 30,SBI AMC,2026-08
INE07Y701011,Hitachi Energy India Ltd.,1055.0,356.17,3.0,Electrical Equipment,SBI Nifty200 Mom 30,SBI AMC,2026-08
INE931S01010,Adani Energy Solutions Ltd.,23650.0,335.22,2.83,Power,SBI Nifty200 Mom 30,SBI AMC,2026-08
INE685A01028,Torrent Pharmaceuticals Ltd.,6606.0,334.66,2.82,Pharmaceuticals & Biotechnology,SBI Nifty200 Mom 30,SBI AMC,2026-08
INE139A01034,National Aluminium Company Ltd.,86654.0,330.59,2.79,Non - Ferrous Metals,SBI Nifty200 Mom 30,SBI AMC,2026-08
INE455K01017,Polycab India Ltd.,3438.0,324.72,2.74,Industrial Products,SBI Nifty200 Mom 30,SBI AMC,2026-08
INE669E01016,Vodafone Idea Ltd.,1738303.0,249.1,2.1,Telecom - Services,SBI Nifty200 Mom 30,SBI AMC,2026-08
INE343H01029,Solar Industries India Ltd.,1221.0,245.52,2.07,Chemicals & Petrochemicals,SBI Nifty200 Mom 30,SBI AMC,2026-08
INE117A01022,ABB India Ltd.,3038.0,232.06,1.96,Electrical Equipment,SBI Nifty200 Mom 30,SBI AMC,2026-08
INE364U01010,Adani Green Energy Ltd.,18051.0,219.3,1.85,Power,SBI Nifty200 Mom 30,SBI AMC,2026-08
INE935A01035,Glenmark Pharmaceuticals Ltd.,8351.0,207.1,1.75,Pharmaceuticals & Biotechnology,SBI Nifty200 Mom 30,SBI AMC,2026-08
INE878B01027,KEI Industries Ltd.,3540.0,203.21,1.71,Industrial Products,SBI Nifty200 Mom 30,SBI AMC,2026-08
INE114A01011,Steel Authority of India Ltd.,103220.0,201.28,1.7,Ferrous Metals,SBI Nifty200 Mom 30,SBI AMC,2026-08
INE674K01013,Aditya Birla Capital Ltd.,39234.0,160.62,1.35,Finance,SBI Nifty200 Mom 30,SBI AMC,2026-08
INE498L01015,L&T Finance Ltd.,36953.0,118.62,1.0,Finance,SBI Nifty200 Mom 30,SBI AMC,2026-08
INE090A01021,ICICI Bank Ltd.,16004.0,232.7,4.09,Banks,SBI Nifty100 Low Vol 30,SBI AMC,2026-08
INE917I01010,Bajaj Auto Ltd.,1861.0,225.74,3.97,Automobiles,SBI Nifty100 Low Vol 30,SBI AMC,2026-08
INE044A01036,Sun Pharmaceutical Industries Ltd.,10872.0,215.79,3.79,Pharmaceuticals & Biotechnology,SBI Nifty100 Low Vol 30,SBI AMC,2026-08
INE239A01024,Nestle India Ltd.,14214.0,212.71,3.74,Food Products,SBI Nifty100 Low Vol 30,SBI AMC,2026-08
INE437A01024,Apollo Hospitals Enterprise Ltd.,2362.0,210.18,3.69,Healthcare Services,SBI Nifty100 Low Vol 30,SBI AMC,2026-08
INE467B01029,Tata Consultancy Services Ltd.,8625.0,206.94,3.64,IT - Software,SBI Nifty100 Low Vol 30,SBI AMC,2026-08
INE280A01028,Titan Company Ltd.,4005.0,204.35,3.59,Consumer Durables,SBI Nifty100 Low Vol 30,SBI AMC,2026-08
INE918I01026,Bajaj Finserv Ltd.,10087.0,203.86,3.58,Finance,SBI Nifty100 Low Vol 30,SBI AMC,2026-08
INE123W01016,SBI Life Insurance Co. Ltd.,11620.0,202.25,3.55,Insurance,SBI Nifty100 Low Vol 30,SBI AMC,2026-08
INE733E01010,NTPC Ltd.,61103.0,200.05,3.51,Power,SBI Nifty100 Low Vol 30,SBI AMC,2026-08
INE397D01024,Bharti Airtel Ltd.,10880.0,197.13,3.46,Telecom - Services,SBI Nifty100 Low Vol 30,SBI AMC,2026-08
INE216A01030,Britannia Industries Ltd.,3715.0,195.04,3.43,Food Products,SBI Nifty100 Low Vol 30,SBI AMC,2026-08
INE237A01036,Kotak Mahindra Bank Ltd.,46234.0,193.91,3.41,Banks,SBI Nifty100 Low Vol 30,SBI AMC,2026-08
INE002A01018,Reliance Industries Ltd.,14739.0,188.22,3.31,Petroleum Products,SBI Nifty100 Low Vol 30,SBI AMC,2026-08
INE059A01026,Cipla Ltd.,13320.0,187.71,3.3,Pharmaceuticals & Biotechnology,SBI Nifty100 Low Vol 30,SBI AMC,2026-08
INE685A01028,Torrent Pharmaceuticals Ltd.,3703.0,187.59,3.3,Pharmaceuticals & Biotechnology,SBI Nifty100 Low Vol 30,SBI AMC,2026-08
INE860A01027,HCL Technologies Ltd.,14155.0,185.74,3.26,IT - Software,SBI Nifty100 Low Vol 30,SBI AMC,2026-08
INE040A01034,HDFC Bank Ltd.,26139.0,185.33,3.26,Banks,SBI Nifty100 Low Vol 30,SBI AMC,2026-08
INE030A01027,Hindustan Unilever Ltd.,9345.0,183.85,3.23,Diversified FMCG,SBI Nifty100 Low Vol 30,SBI AMC,2026-08
INE062A01020,State Bank of India,17133.0,181.61,3.19,Banks,SBI Nifty100 Low Vol 30,SBI AMC,2026-08
INE075A01022,Wipro Ltd.,97418.0,179.74,3.16,IT - Software,SBI Nifty100 Low Vol 30,SBI AMC,2026-08
INE154A01025,ITC Ltd.,70149.0,179.23,3.15,Diversified FMCG,SBI Nifty100 Low Vol 30,SBI AMC,2026-08
INE318A01026,Pidilite Industries Ltd.,10565.0,178.31,3.13,Chemicals & Petrochemicals,SBI Nifty100 Low Vol 30,SBI AMC,2026-08
INE481G01011,Ultratech Cement Ltd.,1550.0,177.48,3.12,Cement & Cement Products,SBI Nifty100 Low Vol 30,SBI AMC,2026-08
INE585B01010,Maruti Suzuki India Ltd.,1298.0,175.84,3.09,Automobiles,SBI Nifty100 Low Vol 30,SBI AMC,2026-08
INE021A01026,Asian Paints Ltd.,6297.0,167.1,2.94,Consumer Durables,SBI Nifty100 Low Vol 30,SBI AMC,2026-08
INE009A01021,Infosys Ltd.,14733.0,167.04,2.93,IT - Software,SBI Nifty100 Low Vol 30,SBI AMC,2026-08
INE018A01030,Larsen & Toubro Ltd.,3865.0,156.34,2.75,Construction,SBI Nifty100 Low Vol 30,SBI AMC,2026-08
INE089A01031,Dr. Reddy's Laboratories Ltd.,13041.0,150.55,2.64,Pharmaceuticals & Biotechnology,SBI Nifty100 Low Vol 30,SBI AMC,2026-08
INE070A01015,Shree Cement Ltd.,640.0,148.48,2.61,Cement & Cement Products,SBI Nifty100 Low Vol 30,SBI AMC,2026-08
INF200K01VB0,SBI MEDIUM TERM FUND - DIRECT PLAN - Growth Option,74741665.404,44573.76,19.14,Mutual Fund/ETF,SDAAAFOF,SBI AMC,2026-08
INF200K01RJ1,SBI FOCUSED FUND - DIRECT PLAN -Growth Option,5079904.231,23204.47,9.97,Mutual Fund/ETF,SDAAAFOF,SBI AMC,2026-08
INF200K01UJ5,SBI LARGE & MIDCAP FUND -DIRECT PLAN -Growth Option,3056499.129,21797.18,9.36,Mutual Fund/ETF,SDAAAFOF,SBI AMC,2026-08
INF200K01SR2,SBI Medium to Long Term Fund-DIRECT PLAN -Growth Option,25951097.047,20810.6,8.94,Mutual Fund/ETF,SDAAAFOF,SBI AMC,2026-08
INF200K01RD4,SBI Dynamic Term Fund - DIRECT PLAN - Growth Option,40783877.676,16888.48,7.25,Mutual Fund/ETF,SDAAAFOF,SBI AMC,2026-08
INF200K01UP2,SBI HEALTHCARE OPPORTUNITIES FUND - DIRECT PLAN -Growth Option,2390101.441,14596.08,6.27,Mutual Fund/ETF,SDAAAFOF,SBI AMC,2026-08
INF200KA1507,SBI BANKING & FINANCIAL SERVICES FUND - DIRECT PLAN - Growth Option,26035870.29,12838.08,5.51,Mutual Fund/ETF,SDAAAFOF,SBI AMC,2026-08
INF200K01RM5,SBI CONSUMPTION OPPORTUNITIES FUND - DIRECT PLAN - Growth Option,3802253.204,12493.58,5.37,Mutual Fund/ETF,SDAAAFOF,SBI AMC,2026-08
INF200KB1324,SBI Innovative Opportunities Fund - Direct Plan - Growth Option,109479581.311,12214.97,5.25,Mutual Fund/ETF,SDAAAFOF,SBI AMC,2026-08
INF200KB1183,SBI Automotive Opportunities Fund - Direct Plan - Growth Option,84951504.637,11969.41,5.14,Mutual Fund/ETF,SDAAAFOF,SBI AMC,2026-08
INF200KA14W3,SBI Dividend Yield Fund - Direct Plan - Growth Option,72313769.698,11913.55,5.12,Mutual Fund/ETF,SDAAAFOF,SBI AMC,2026-08
INF200KA1YR4,SBI Corporate Bond Fund - Direct Plan - Growth Option,59399206.535,10098.4,4.34,Mutual Fund/ETF,SDAAAFOF,SBI AMC,2026-08
INF200K01SB6,SBI COMMA Fund - DIRECT PLAN - Growth Option,7682875.415,9912.82,4.26,Mutual Fund/ETF,SDAAAFOF,SBI AMC,2026-08
INF200K01UG1,SBI Flexicap Fund - DIRECT PLAN - Growth Option,6749718.11,8380.77,3.6,Mutual Fund/ETF,SDAAAFOF,SBI AMC,2026-08
INE090A01021,ICICI Bank Ltd.,1358000.0,19745.32,7.43,Banks,SQLF,SBI AMC,2026-08
INE917I01010,Bajaj Auto Ltd.,154478.0,18738.18,7.05,Automobiles,SQLF,SBI AMC,2026-08
INE239A01024,Nestle India Ltd.,1014500.0,15181.99,5.71,Food Products,SQLF,SBI AMC,2026-08
INE196A01026,Marico Ltd.,1290249.0,10580.04,3.98,Agricultural Food & other Products,SQLF,SBI AMC,2026-08
INE935N01020,Dixon Technologies (India) Ltd.,65800.0,9771.3,3.68,Consumer Durables,SQLF,SBI AMC,2026-08
INE298A01020,Cummins India Ltd.,182982.0,9341.23,3.51,Industrial Products,SQLF,SBI AMC,2026-08
INE591G01025,Coforge Ltd.,396000.0,7861.79,2.96,IT - Software,SQLF,SBI AMC,2026-08
INE494B01023,TVS Motor Company Ltd.,174264.0,7565.32,2.85,Automobiles,SQLF,SBI AMC,2026-08
INE940H01022,Pearl Global Industries Ltd.,294703.0,7260.89,2.73,Textiles & Apparels,SQLF,SBI AMC,2026-08
INE262H01021,Persistent Systems Ltd.,105000.0,5874.23,2.21,IT - Software,SQLF,SBI AMC,2026-08
INE491A01021,City Union Bank Ltd.,2490000.0,5706.83,2.15,Banks,SQLF,SBI AMC,2026-08
INE031B01049,Ajanta Pharma Ltd.,153000.0,5510.91,2.07,Pharmaceuticals & Biotechnology,SQLF,SBI AMC,2026-08
INE536A01023,Grindwell Norton Ltd.,271600.0,5494.47,2.07,Industrial Products,SQLF,SBI AMC,2026-08
INE044A01036,Sun Pharmaceutical Industries Ltd.,275000.0,5458.2,2.05,Pharmaceuticals & Biotechnology,SQLF,SBI AMC,2026-08
INE361B01024,Divi's Laboratories Ltd.,57300.0,5424.59,2.04,Pharmaceuticals & Biotechnology,SQLF,SBI AMC,2026-08
INE117A01022,ABB India Ltd.,70404.0,5377.81,2.02,Electrical Equipment,SQLF,SBI AMC,2026-08
INE040A01034,HDFC Bank Ltd.,750000.0,5317.5,2.0,Banks,SQLF,SBI AMC,2026-08
INE003A01024,Siemens Ltd.,131000.0,5279.3,1.99,Electrical Equipment,SQLF,SBI AMC,2026-08
INE0J1Y01017,Life Insurance Corporation of India,1260000.0,5266.8,1.98,Insurance,SQLF,SBI AMC,2026-08
INE263A01024,Bharat Electronics Ltd.,1261857.0,5229.77,1.97,Aerospace & Defense,SQLF,SBI AMC,2026-08
INE118H01025,BSE Ltd.,157600.0,5172.43,1.95,Capital Markets,SQLF,SBI AMC,2026-08
INE437A01024,Apollo Hospitals Enterprise Ltd.,58000.0,5161.13,1.94,Healthcare Services,SQLF,SBI AMC,2026-08
INE062A01020,State Bank of India,484500.0,5135.7,1.93,Banks,SQLF,SBI AMC,2026-08
INE921L01032,Powerica Ltd.,967000.0,5018.73,1.89,Electrical Equipment,SQLF,SBI AMC,2026-08
INE421D01022,CCL Products (India) Ltd.,455499.0,4918.48,1.85,Agricultural Food & other Products,SQLF,SBI AMC,2026-08
INE212H01026,AIA Engineering Ltd.,113588.0,4836.01,1.82,Industrial Products,SQLF,SBI AMC,2026-08
INE00XB01019,Sedemac Mechatronics Ltd.,149185.0,4608.92,1.73,Auto Components,SQLF,SBI AMC,2026-08
INE127D01025,HDFC Asset Management Co. Ltd.,165300.0,4334.33,1.63,Capital Markets,SQLF,SBI AMC,2026-08
INE881D01027,Oracle Financial Services Software Ltd.,32300.0,4050.42,1.52,IT - Software,SQLF,SBI AMC,2026-08
INE797F01020,Jubilant Foodworks Ltd.,800000.0,3968.0,1.49,Leisure Services,SQLF,SBI AMC,2026-08
INE860A01027,HCL Technologies Ltd.,300000.0,3936.6,1.48,IT - Software,SQLF,SBI AMC,2026-08
INE084101034,INDO-MIM Ltd.,398494.0,3488.62,1.31,Industrial Manufacturing,SQLF,SBI AMC,2026-08
INE200M01039,Varun Beverages Ltd.,868100.0,3476.31,1.31,Beverages,SQLF,SBI AMC,2026-08
INE745G01043,Multi Commodity Exchange of India Ltd.,88500.0,3009.0,1.13,Capital Markets,SQLF,SBI AMC,2026-08
INE2KCE01013,Kwality Walls India Ltd.,6521297.0,2959.36,1.11,Food Products,SQLF,SBI AMC,2026-08
INE280A01028,Titan Company Ltd.,57400.0,2928.78,1.1,Consumer Durables,SQLF,SBI AMC,2026-08
INE0CZ201020,Anthem Biosciences Ltd.,325337.0,2905.42,1.09,Pharmaceuticals & Biotechnology,SQLF,SBI AMC,2026-08
INE343H01029,Solar Industries India Ltd.,14000.0,2815.12,1.06,Chemicals & Petrochemicals,SQLF,SBI AMC,2026-08
INE498Q01014,Vintage Coffee And Beverages Ltd.,1500000.0,2786.55,1.05,Agricultural Food & other Products,SQLF,SBI AMC,2026-08
INE073K01018,Sona Blw Precision Forgings Ltd.,315000.0,2561.11,0.96,Auto Components,SQLF,SBI AMC,2026-08
INE066A01021,Eicher Motors Ltd.,32000.0,2545.12,0.96,Automobiles,SQLF,SBI AMC,2026-08
INE19RI01016,Tenneco Clean Air India Ltd.,470000.0,2488.18,0.94,Auto Components,SQLF,SBI AMC,2026-08
INE274Y01021,Ajax Engineering Ltd.,308541.0,1772.57,0.67,"Agricultural, Commercial & Construction Vehicles",SQLF,SBI AMC,2026-08
INE758T01015,Eternal Ltd.,475000.0,1558.48,0.59,Retailing,SQLF,SBI AMC,2026-08
INE267A01025,Hindustan Zinc Ltd.,230000.0,1369.54,0.52,Non - Ferrous Metals,SQLF,SBI AMC,2026-08
INE01NH01023,Dhoot Transmission Ltd.,7011.0,103.38,0.04,Auto Components,SQLF,SBI AMC,2026-08
INE1KZI01025,Tempsens Instruments (India) Ltd.,18041.0,101.68,0.04,Industrial Manufacturing,SQLF,SBI AMC,2026-08
INE947Q01028,Laurus Labs Ltd.,43210.0,827.47,6.32,Pharmaceuticals & Biotechnology,SNM150M50ETF,SBI AMC,2026-08
INE745G01043,Multi Commodity Exchange of India Ltd.,22121.0,752.11,5.74,Capital Markets,SNM150M50ETF,SBI AMC,2026-08
INE171A01029,The Federal Bank Ltd.,176603.0,629.94,4.81,Banks,SNM150M50ETF,SBI AMC,2026-08
INE257A01026,Bharat Heavy Electricals Ltd.,130748.0,578.76,4.42,Electrical Equipment,SNM150M50ETF,SBI AMC,2026-08
INE200A01026,GE Vernova T&D India Ltd.,12437.0,552.85,4.22,Electrical Equipment,SNM150M50ETF,SBI AMC,2026-08
INE118H01025,BSE Ltd.,16167.0,530.6,4.05,Capital Markets,SNM150M50ETF,SBI AMC,2026-08
INE465A01025,Bharat Forge Ltd.,24710.0,520.12,3.97,Auto Components,SNM150M50ETF,SBI AMC,2026-08
INE07Y701011,Hitachi Energy India Ltd.,1406.0,474.67,3.63,Electrical Equipment,SNM150M50ETF,SBI AMC,2026-08
INE139A01034,National Aluminium Company Ltd.,114809.0,438.0,3.35,Non - Ferrous Metals,SNM150M50ETF,SBI AMC,2026-08
INE455K01017,Polycab India Ltd.,4601.0,434.56,3.32,Industrial Products,SNM150M50ETF,SBI AMC,2026-08
INE949L01017,AU Small Finance Bank Ltd.,32322.0,351.08,2.68,Banks,SNM150M50ETF,SBI AMC,2026-08
INE669E01016,Vodafone Idea Ltd.,2325944.0,333.31,2.55,Telecom - Services,SNM150M50ETF,SBI AMC,2026-08
INE406A01037,Aurobindo Pharma Ltd.,17144.0,294.36,2.25,Pharmaceuticals & Biotechnology,SNM150M50ETF,SBI AMC,2026-08
INE095A01012,IndusInd Bank Ltd.,28905.0,293.85,2.24,Banks,SNM150M50ETF,SBI AMC,2026-08
INE326A01037,Lupin Ltd.,13240.0,289.74,2.21,Pharmaceuticals & Biotechnology,SNM150M50ETF,SBI AMC,2026-08
INE196A01026,Marico Ltd.,34468.0,282.64,2.16,Agricultural Food & other Products,SNM150M50ETF,SBI AMC,2026-08
INE935A01035,Glenmark Pharmaceuticals Ltd.,11211.0,278.03,2.12,Pharmaceuticals & Biotechnology,SNM150M50ETF,SBI AMC,2026-08
INE878B01027,KEI Industries Ltd.,4759.0,273.18,2.09,Industrial Products,SNM150M50ETF,SBI AMC,2026-08
INE114A01011,Steel Authority of India Ltd.,138129.0,269.35,2.06,Ferrous Metals,SNM150M50ETF,SBI AMC,2026-08
INE121J01017,Indus Towers Ltd.,63644.0,247.45,1.89,Telecom - Services,SNM150M50ETF,SBI AMC,2026-08
INE061F01013,Fortis Healthcare Ltd.,26841.0,243.42,1.86,Healthcare Services,SNM150M50ETF,SBI AMC,2026-08
INE372A01015,Apar Industries Ltd.,1332.0,235.79,1.8,Electrical Equipment,SNM150M50ETF,SBI AMC,2026-08
INE982J01020,One 97 Communications Ltd.,13593.0,233.41,1.78,Financial Technology (Fintech),SNM150M50ETF,SBI AMC,2026-08
INE208A01029,Ashok Leyland Ltd.,128621.0,225.91,1.73,"Agricultural, Commercial & Construction Vehicles",SNM150M50ETF,SBI AMC,2026-08
INE388Y01029,FSN E-Commerce Ventures Ltd.,63006.0,220.24,1.68,Retailing,SNM150M50ETF,SBI AMC,2026-08
INE674K01013,Aditya Birla Capital Ltd.,52764.0,216.02,1.65,Finance,SNM150M50ETF,SBI AMC,2026-08
INE944F01028,Radico Khaitan Ltd.,4497.0,201.69,1.54,Beverages,SNM150M50ETF,SBI AMC,2026-08
INE121E01018,JSW Energy Ltd.,37143.0,193.29,1.48,Power,SNM150M50ETF,SBI AMC,2026-08
INE584A01023,NMDC Ltd.,212632.0,187.54,1.43,Minerals & Mining,SNM150M50ETF,SBI AMC,2026-08
INE281B01032,Lloyds Metals And Energy Ltd.,9906.0,177.77,1.36,Minerals & Mining,SNM150M50ETF,SBI AMC,2026-08
INE881D01027,Oracle Financial Services Software Ltd.,1399.0,175.43,1.34,IT - Software,SNM150M50ETF,SBI AMC,2026-08
INE376G01013,Biocon Ltd.,39490.0,162.7,1.24,Pharmaceuticals & Biotechnology,SNM150M50ETF,SBI AMC,2026-08
INE152A01029,Thermax Ltd.,4118.0,160.67,1.23,Electrical Equipment,SNM150M50ETF,SBI AMC,2026-08
INE498L01015,L&T Finance Ltd.,49751.0,159.7,1.22,Finance,SNM150M50ETF,SBI AMC,2026-08
INE180A01020,Max Financial Services Ltd.,9867.0,155.22,1.19,Insurance,SNM150M50ETF,SBI AMC,2026-08
INE702C01027,APL Apollo Tubes Ltd.,6915.0,153.75,1.17,Industrial Products,SNM150M50ETF,SBI AMC,2026-08
INE562A01011,Indian Bank,16257.0,146.11,1.12,Banks,SNM150M50ETF,SBI AMC,2026-08
INE298J01013,Nippon Life India Asset Management Ltd.,12308.0,144.29,1.1,Capital Markets,SNM150M50ETF,SBI AMC,2026-08
INE457A01014,Bank of Maharashtra,161007.0,132.14,1.01,Banks,SNM150M50ETF,SBI AMC,2026-08
INE274J01014,Oil India Ltd.,27263.0,131.72,1.01,Oil,SNM150M50ETF,SBI AMC,2026-08
INE776C01039,GMR Airports Ltd.,126709.0,118.64,0.91,Transport Infrastructure,SNM150M50ETF,SBI AMC,2026-08
INE212H01026,AIA Engineering Ltd.,2400.0,102.18,0.78,Industrial Products,SNM150M50ETF,SBI AMC,2026-08
INE151A01013,Tata Communications Ltd.,5393.0,92.94,0.71,Telecom - Services,SNM150M50ETF,SBI AMC,2026-08
INE399L01023,Adani Total Gas Ltd.,14033.0,87.17,0.67,Gas,SNM150M50ETF,SBI AMC,2026-08
INE031B01049,Ajanta Pharma Ltd.,2340.0,84.28,0.64,Pharmaceuticals & Biotechnology,SNM150M50ETF,SBI AMC,2026-08
INE589A01014,NLC India Ltd.,29359.0,78.51,0.6,Power,SNM150M50ETF,SBI AMC,2026-08
INE473A01011,Linde India Ltd.,1009.0,64.43,0.49,Chemicals & Petrochemicals,SNM150M50ETF,SBI AMC,2026-08
INE084A01016,Bank of India,42472.0,60.14,0.46,Banks,SNM150M50ETF,SBI AMC,2026-08
INE220G01021,Jindal Stainless Ltd.,8562.0,60.12,0.46,Ferrous Metals,SNM150M50ETF,SBI AMC,2026-08
INE470A01017,3M India Ltd.,93.0,30.99,0.24,Diversified,SNM150M50ETF,SBI AMC,2026-08
INE118H01025,BSE Ltd.,1350.0,44.31,3.13,Capital Markets,SNM150ETF,SBI AMC,2026-08
INE171A01029,The Federal Bank Ltd.,8144.0,29.05,2.05,Banks,SNM150ETF,SBI AMC,2026-08
INE745G01043,Multi Commodity Exchange of India Ltd.,843.0,28.66,2.03,Capital Markets,SNM150ETF,SBI AMC,2026-08
INE947Q01028,Laurus Labs Ltd.,1286.0,24.63,1.74,Pharmaceuticals & Biotechnology,SNM150ETF,SBI AMC,2026-08
INE982J01020,One 97 Communications Ltd.,1391.0,23.88,1.69,Financial Technology (Fintech),SNM150ETF,SBI AMC,2026-08
INE158A01026,Hero MotoCorp Ltd.,429.0,23.38,1.65,Automobiles,SNM150ETF,SBI AMC,2026-08
INE591G01025,Coforge Ltd.,1150.0,22.83,1.61,IT - Software,SNM150ETF,SBI AMC,2026-08
INE095A01012,IndusInd Bank Ltd.,2176.0,22.12,1.56,Banks,SNM150ETF,SBI AMC,2026-08
INE417T01026,PB Fintech Ltd.,1143.0,21.43,1.51,Financial Technology (Fintech),SNM150ETF,SBI AMC,2026-08
INE257A01026,Bharat Heavy Electricals Ltd.,4817.0,21.32,1.51,Electrical Equipment,SNM150ETF,SBI AMC,2026-08
INE935N01020,Dixon Technologies (India) Ltd.,137.0,20.34,1.44,Consumer Durables,SNM150ETF,SBI AMC,2026-08
INE949L01017,AU Small Finance Bank Ltd.,1871.0,20.32,1.44,Banks,SNM150ETF,SBI AMC,2026-08
INE262H01021,Persistent Systems Ltd.,359.0,20.08,1.42,IT - Software,SNM150ETF,SBI AMC,2026-08
INE040H01021,Suzlon Energy Ltd.,40190.0,19.1,1.35,Electrical Equipment,SNM150ETF,SBI AMC,2026-08
INE092T01019,IDFC First Bank Ltd.,21923.0,18.85,1.33,Banks,SNM150ETF,SBI AMC,2026-08
INE465A01025,Bharat Forge Ltd.,881.0,18.54,1.31,Auto Components,SNM150ETF,SBI AMC,2026-08
INE200A01026,GE Vernova T&D India Ltd.,409.0,18.18,1.28,Electrical Equipment,SNM150ETF,SBI AMC,2026-08
INE326A01037,Lupin Ltd.,802.0,17.55,1.24,Pharmaceuticals & Biotechnology,SNM150ETF,SBI AMC,2026-08
INE0J1Y01017,Life Insurance Corporation of India,4192.0,17.52,1.24,Insurance,SNM150ETF,SBI AMC,2026-08
INE455K01017,Polycab India Ltd.,177.0,16.72,1.18,Industrial Products,SNM150ETF,SBI AMC,2026-08
INE663F01032,Info Edge (India) Ltd.,1265.0,16.61,1.17,Retailing,SNM150ETF,SBI AMC,2026-08
INE208A01029,Ashok Leyland Ltd.,9455.0,16.61,1.17,"Agricultural, Commercial & Construction Vehicles",SNM150ETF,SBI AMC,2026-08
INE121J01017,Indus Towers Ltd.,4258.0,16.56,1.17,Telecom - Services,SNM150ETF,SBI AMC,2026-08
INE388Y01029,FSN E-Commerce Ventures Ltd.,4522.0,15.81,1.12,Retailing,SNM150ETF,SBI AMC,2026-08
INE406A01037,Aurobindo Pharma Ltd.,915.0,15.71,1.11,Pharmaceuticals & Biotechnology,SNM150ETF,SBI AMC,2026-08
INE061F01013,Fortis Healthcare Ltd.,1722.0,15.62,1.1,Healthcare Services,SNM150ETF,SBI AMC,2026-08
INE196A01026,Marico Ltd.,1749.0,14.34,1.01,Agricultural Food & other Products,SNM150ETF,SBI AMC,2026-08
INE07Y701011,Hitachi Energy India Ltd.,42.0,14.18,1.0,Electrical Equipment,SNM150ETF,SBI AMC,2026-08
INE180A01020,Max Financial Services Ltd.,876.0,13.78,0.97,Insurance,SNM150ETF,SBI AMC,2026-08
INE702C01027,APL Apollo Tubes Ltd.,602.0,13.38,0.95,Industrial Products,SNM150ETF,SBI AMC,2026-08
INE528G01035,Yes Bank Ltd.,58040.0,13.25,0.94,Banks,SNM150ETF,SBI AMC,2026-08
INE00H001014,Swiggy Ltd.,4690.0,13.22,0.93,Retailing,SNM150ETF,SBI AMC,2026-08
INE669E01016,Vodafone Idea Ltd.,90971.0,13.04,0.92,Telecom - Services,SNM150ETF,SBI AMC,2026-08
INE765G01017,ICICI Lombard General Insurance Company Ltd.,803.0,12.58,0.89,Insurance,SNM150ETF,SBI AMC,2026-08
INE935A01035,Glenmark Pharmaceuticals Ltd.,498.0,12.35,0.87,Pharmaceuticals & Biotechnology,SNM150ETF,SBI AMC,2026-08
INE647A01010,SRF Ltd.,480.0,12.29,0.87,Chemicals & Petrochemicals,SNM150ETF,SBI AMC,2026-08
INE211B01039,The Phoenix Mills Ltd.,617.0,11.72,0.83,Realty,SNM150ETF,SBI AMC,2026-08
INE878B01027,KEI Industries Ltd.,204.0,11.71,0.83,Industrial Products,SNM150ETF,SBI AMC,2026-08
INE944F01028,Radico Khaitan Ltd.,259.0,11.62,0.82,Beverages,SNM150ETF,SBI AMC,2026-08
INE094A01015,Hindustan Petroleum Corporation Ltd.,3173.0,11.61,0.82,Petroleum Products,SNM150ETF,SBI AMC,2026-08
INE139A01034,National Aluminium Company Ltd.,2963.0,11.3,0.8,Non - Ferrous Metals,SNM150ETF,SBI AMC,2026-08
INE674K01013,Aditya Birla Capital Ltd.,2721.0,11.14,0.79,Finance,SNM150ETF,SBI AMC,2026-08
INE776C01039,GMR Airports Ltd.,11761.0,11.01,0.78,Transport Infrastructure,SNM150ETF,SBI AMC,2026-08
INE356A01018,Mphasis Ltd.,437.0,10.61,0.75,IT - Software,SNM150ETF,SBI AMC,2026-08
INE121E01018,JSW Energy Ltd.,2025.0,10.54,0.74,Power,SNM150ETF,SBI AMC,2026-08
INE562A01011,Indian Bank,1168.0,10.5,0.74,Banks,SNM150ETF,SBI AMC,2026-08
INE628A01036,UPL Ltd.,1853.0,10.42,0.74,Fertilizers & Agrochemicals,SNM150ETF,SBI AMC,2026-08
INE176B01034,Havells India Ltd.,833.0,10.36,0.73,Consumer Durables,SNM150ETF,SBI AMC,2026-08
INE660A01013,Sundaram Finance Ltd.,228.0,10.35,0.73,Finance,SNM150ETF,SBI AMC,2026-08
INE540L01014,Alkem Laboratories Ltd.,193.0,10.29,0.73,Pharmaceuticals & Biotechnology,SNM150ETF,SBI AMC,2026-08
INE01EA01019,Vishal Mega Mart Ltd.,9210.0,10.19,0.72,Retailing,SNM150ETF,SBI AMC,2026-08
INE584A01023,NMDC Ltd.,11421.0,10.07,0.71,Minerals & Mining,SNM150ETF,SBI AMC,2026-08
INE466L01038,360 ONE WAM Ltd.,856.0,10.06,0.71,Capital Markets,SNM150ETF,SBI AMC,2026-08
INE881D01027,Oracle Financial Services Software Ltd.,79.0,9.91,0.7,IT - Software,SNM150ETF,SBI AMC,2026-08
INE372A01015,Apar Industries Ltd.,56.0,9.91,0.7,Electrical Equipment,SNM150ETF,SBI AMC,2026-08
INE974X01010,Tube Investments of India Ltd.,353.0,9.81,0.69,Auto Components,SNM150ETF,SBI AMC,2026-08
INE376G01013,Biocon Ltd.,2357.0,9.71,0.69,Pharmaceuticals & Biotechnology,SNM150ETF,SBI AMC,2026-08
INE848E01016,NHPC Ltd.,12454.0,9.55,0.68,Power,SNM150ETF,SBI AMC,2026-08
INE883A01011,MRF Ltd.,7.0,9.36,0.66,Auto Components,SNM150ETF,SBI AMC,2026-08
INE114A01011,Steel Authority of India Ltd.,4777.0,9.32,0.66,Ferrous Metals,SNM150ETF,SBI AMC,2026-08
INE811K01011,Prestige Estates Projects Ltd.,557.0,9.1,0.64,Realty,SNM150ETF,SBI AMC,2026-08
INE571A01038,IPCA Laboratories Ltd.,459.0,9.06,0.64,Pharmaceuticals & Biotechnology,SNM150ETF,SBI AMC,2026-08
INE498L01015,L&T Finance Ltd.,2819.0,9.05,0.64,Finance,SNM150ETF,SBI AMC,2026-08
INE634S01028,Mankind Pharma Ltd.,374.0,9.05,0.64,Pharmaceuticals & Biotechnology,SNM150ETF,SBI AMC,2026-08
INE484J01027,Godrej Properties Ltd.,447.0,9.01,0.64,Realty,SNM150ETF,SBI AMC,2026-08
INE226A01021,Voltas Ltd.,753.0,8.99,0.64,Consumer Durables,SNM150ETF,SBI AMC,2026-08
INE274J01014,Oil India Ltd.,1802.0,8.71,0.62,Oil,SNM150ETF,SBI AMC,2026-08
INE259A01022,Colgate Palmolive (India) Ltd.,435.0,8.25,0.58,Personal Products,SNM150ETF,SBI AMC,2026-08
INE377N01017,Waaree Energies Ltd.,316.0,8.23,0.58,Electrical Equipment,SNM150ETF,SBI AMC,2026-08
INE774D01024,Mahindra & Mahindra Financial Services Ltd.,2186.0,8.15,0.58,Finance,SNM150ETF,SBI AMC,2026-08
INE281B01032,Lloyds Metals And Energy Ltd.,430.0,7.72,0.55,Minerals & Mining,SNM150ETF,SBI AMC,2026-08
INE405E01023,UNO Minda Ltd.,601.0,7.67,0.54,Auto Components,SNM150ETF,SBI AMC,2026-08
INE813H01021,Torrent Power Ltd.,628.0,7.63,0.54,Power,SNM150ETF,SBI AMC,2026-08
INE303R01014,Kalyan Jewellers India Ltd.,1270.0,7.63,0.54,Consumer Durables,SNM150ETF,SBI AMC,2026-08
INE195A01028,Supreme Industries Ltd.,213.0,7.58,0.54,Industrial Products,SNM150ETF,SBI AMC,2026-08
INE169A01031,Coromandel International Ltd.,395.0,7.53,0.53,Fertilizers & Agrochemicals,SNM150ETF,SBI AMC,2026-08
INE761H01022,Page Industries Ltd.,21.0,7.52,0.53,Textiles & Apparels,SNM150ETF,SBI AMC,2026-08
INE347G01014,Petronet LNG Ltd.,2476.0,7.44,0.53,Gas,SNM150ETF,SBI AMC,2026-08
INE016A01026,Dabur India Ltd.,1951.0,7.43,0.53,Personal Products,SNM150ETF,SBI AMC,2026-08
INE956O01016,Lenskart Solutions Ltd.,1108.0,7.34,0.52,Retailing,SNM150ETF,SBI AMC,2026-08
INE093I01010,Oberoi Realty Ltd.,389.0,7.27,0.51,Realty,SNM150ETF,SBI AMC,2026-08
INE220G01021,Jindal Stainless Ltd.,1035.0,7.27,0.51,Ferrous Metals,SNM150ETF,SBI AMC,2026-08
INE823G01014,JK Cement Ltd.,138.0,7.08,0.5,Cement & Cement Products,SNM150ETF,SBI AMC,2026-08
INE298J01013,Nippon Life India Asset Management Ltd.,592.0,6.94,0.49,Capital Markets,SNM150ETF,SBI AMC,2026-08
INE726G01019,ICICI Prudential Life Insurance Company Ltd.,1307.0,6.76,0.48,Insurance,SNM150ETF,SBI AMC,2026-08
INE880J01026,JSW Infrastructure Ltd.,1972.0,6.7,0.47,Transport Infrastructure,SNM150ETF,SBI AMC,2026-08
INE151A01013,Tata Communications Ltd.,388.0,6.69,0.47,Telecom - Services,SNM150ETF,SBI AMC,2026-08
INE302A01020,Exide Industries Ltd.,1503.0,6.62,0.47,Auto Components,SNM150ETF,SBI AMC,2026-08
INE09N301011,Gujarat Fluorochemicals Ltd.,139.0,6.52,0.46,Chemicals & Petrochemicals,SNM150ETF,SBI AMC,2026-08
INE797F01020,Jubilant Foodworks Ltd.,1293.0,6.41,0.45,Leisure Services,SNM150ETF,SBI AMC,2026-08
INE603J01030,PI Industries Ltd.,268.0,6.35,0.45,Fertilizers & Agrochemicals,SNM150ETF,SBI AMC,2026-08
INE018E01016,SBI Cards & Payment Services Ltd.,980.0,6.32,0.45,Finance,SNM150ETF,SBI AMC,2026-08
INE472A01039,Blue Star Ltd.,429.0,6.28,0.44,Consumer Durables,SNM150ETF,SBI AMC,2026-08
INE006I01046,Astral Ltd.,404.0,6.15,0.43,Industrial Products,SNM150ETF,SBI AMC,2026-08
INE787D01026,Balkrishna Industries Ltd.,265.0,6.04,0.43,Auto Components,SNM150ETF,SBI AMC,2026-08
INE379A01028,ITC Hotels Ltd.,3703.0,5.93,0.42,Leisure Services,SNM150ETF,SBI AMC,2026-08
INE111A01025,Container Corporation of India Ltd.,1141.0,5.84,0.41,Transport Services,SNM150ETF,SBI AMC,2026-08
INE324D01010,LG Electronics India Ltd.,337.0,5.72,0.4,Consumer Durables,SNM150ETF,SBI AMC,2026-08
INE399L01023,Adani Total Gas Ltd.,917.0,5.7,0.4,Gas,SNM150ETF,SBI AMC,2026-08
INE084A01016,Bank of India,4015.0,5.68,0.4,Banks,SNM150ETF,SBI AMC,2026-08
INE457A01014,Bank of Maharashtra,6728.0,5.52,0.39,Banks,SNM150ETF,SBI AMC,2026-08
INE212H01026,AIA Engineering Ltd.,128.0,5.45,0.39,Industrial Products,SNM150ETF,SBI AMC,2026-08
INE338I01027,Motilal Oswal Financial Services Ltd.,517.0,5.39,0.38,Capital Markets,SNM150ETF,SBI AMC,2026-08
INE115A01026,LIC Housing Finance Ltd.,993.0,5.35,0.38,Finance,SNM150ETF,SBI AMC,2026-08
INE513A01022,Schaeffler India Ltd.,133.0,5.34,0.38,Auto Components,SNM150ETF,SBI AMC,2026-08
INE031B01049,Ajanta Pharma Ltd.,139.0,5.01,0.35,Pharmaceuticals & Biotechnology,SNM150ETF,SBI AMC,2026-08
INE152A01029,Thermax Ltd.,128.0,4.99,0.35,Electrical Equipment,SNM150ETF,SBI AMC,2026-08
INE346A01027,ICICI Prudential Asset Management Company Ltd.,162.0,4.97,0.35,Capital Markets,SNM150ETF,SBI AMC,2026-08
INE206F01022,Authum Investment & Infrastructure Ltd.,875.0,4.91,0.35,Finance,SNM150ETF,SBI AMC,2026-08
INE00R701025,Dalmia Bharat Ltd.,263.0,4.88,0.35,Cement & Cement Products,SNM150ETF,SBI AMC,2026-08
INE0HOQ01053,Billionbrains Garage Ventures Ltd.,2543.0,4.88,0.35,Capital Markets,SNM150ETF,SBI AMC,2026-08
INE335Y01020,Indian Railway Catering & Tourism Corporation Ltd.,997.0,4.8,0.34,Leisure Services,SNM150ETF,SBI AMC,2026-08
INE756I01012,HDB Financial Services Ltd.,701.0,4.78,0.34,Finance,SNM150ETF,SBI AMC,2026-08
INE463A01038,Berger Paints India Ltd.,942.0,4.69,0.33,Consumer Durables,SNM150ETF,SBI AMC,2026-08
INE438A01022,Apollo Tyres Ltd.,1067.0,4.68,0.33,Auto Components,SNM150ETF,SBI AMC,2026-08
INE481Y01014,General Insurance Corporation of India,1312.0,4.65,0.33,Insurance,SNM150ETF,SBI AMC,2026-08
INE473A01011,Linde India Ltd.,70.0,4.47,0.32,Chemicals & Petrochemicals,SNM150ETF,SBI AMC,2026-08
INE358A01014,Abbott India Ltd.,17.0,4.39,0.31,Pharmaceuticals & Biotechnology,SNM150ETF,SBI AMC,2026-08
INE930H01031,K.P.R. Mill Ltd.,368.0,4.33,0.31,Textiles & Apparels,SNM150ETF,SBI AMC,2026-08
INE704P01025,Cochin Shipyard Ltd.,280.0,4.23,0.3,Industrial Manufacturing,SNM150ETF,SBI AMC,2026-08
INE474Q01031,Global Health Ltd.,283.0,4.19,0.3,Healthcare Services,SNM150ETF,SBI AMC,2026-08
INE159A01016,Glaxosmithkline Pharmaceuticals Ltd.,137.0,4.18,0.3,Pharmaceuticals & Biotechnology,SNM150ETF,SBI AMC,2026-08
INE670A01012,Tata Elxsi Ltd.,114.0,4.08,0.29,IT - Software,SNM150ETF,SBI AMC,2026-08
INE0BS701011,Premier Energies Ltd,392.0,4.06,0.29,Electrical Equipment,SNM150ETF,SBI AMC,2026-08
INE619A01035,Patanjali Foods Ltd.,1145.0,3.95,0.28,Agricultural Food & other Products,SNM150ETF,SBI AMC,2026-08
INE415G01027,Rail Vikas Nigam Ltd.,1876.0,3.94,0.28,Construction,SNM150ETF,SBI AMC,2026-08
INE007A01025,CRISIL Ltd.,81.0,3.91,0.28,Finance,SNM150ETF,SBI AMC,2026-08
INE171Z01026,Bharat Dynamics Ltd.,305.0,3.89,0.27,Aerospace & Defense,SNM150ETF,SBI AMC,2026-08
INE343G01021,Bharti Hexacom Ltd.,249.0,3.85,0.27,Telecom - Services,SNM150ETF,SBI AMC,2026-08
INE699H01024,AWL Agri Business Ltd.,1835.0,3.53,0.25,Agricultural Food & other Products,SNM150ETF,SBI AMC,2026-08
INE913H01037,Endurance Technologies Ltd.,117.0,3.36,0.24,Auto Components,SNM150ETF,SBI AMC,2026-08
INE042A01014,Escorts Kubota Ltd.,110.0,3.29,0.23,"Agricultural, Commercial & Construction Vehicles",SNM150ETF,SBI AMC,2026-08
INE010V01017,L&T Technology Services Ltd.,91.0,3.28,0.23,IT - Services,SNM150ETF,SBI AMC,2026-08
INE589A01014,NLC India Ltd.,1203.0,3.22,0.23,Power,SNM150ETF,SBI AMC,2026-08
INE04I401011,KPIT Technologies Ltd.,542.0,3.17,0.22,IT - Software,SNM150ETF,SBI AMC,2026-08
INE686F01025,United Breweries Ltd.,239.0,3.13,0.22,Beverages,SNM150ETF,SBI AMC,2026-08
INE377Y01014,Bajaj Housing Finance Ltd.,3659.0,3.07,0.22,Finance,SNM150ETF,SBI AMC,2026-08
INE202E01016,Indian Renewable Energy Development Agency Ltd.,2629.0,3.06,0.22,Finance,SNM150ETF,SBI AMC,2026-08
INE031A01017,Housing and Urban Development Corporation Ltd.,1658.0,3.02,0.21,Finance,SNM150ETF,SBI AMC,2026-08
INE470A01017,3M India Ltd.,9.0,3.0,0.21,Diversified,SNM150ETF,SBI AMC,2026-08
INE260B01028,Godfrey Phillips India Ltd.,135.0,2.84,0.2,Cigarettes & Tobacco Products,SNM150ETF,SBI AMC,2026-08
INE672A01026,Tata Investment Corporation Ltd.,431.0,2.77,0.2,Finance,SNM150ETF,SBI AMC,2026-08
INE0ONG01011,NTPC Green Energy Ltd.,3069.0,2.75,0.19,Power,SNM150ETF,SBI AMC,2026-08
INE093A01041,Hexaware Technologies Ltd.,490.0,2.72,0.19,IT - Software,SNM150ETF,SBI AMC,2026-08
INE0CZ201020,Anthem Biosciences Ltd.,294.0,2.63,0.19,Pharmaceuticals & Biotechnology,SNM150ETF,SBI AMC,2026-08
INE012A01025,ACC Ltd.,198.0,2.53,0.18,Cement & Cement Products,SNM150ETF,SBI AMC,2026-08
INE671A01010,Honeywell Automation India Ltd.,7.0,2.49,0.18,Industrial Manufacturing,SNM150ETF,SBI AMC,2026-08
INE233A01035,Godrej Industries Ltd.,143.0,1.62,0.11,Diversified,SNM150ETF,SBI AMC,2026-08
INE002L01015,SJVN Ltd.,2364.0,1.53,0.11,Power,SNM150ETF,SBI AMC,2026-08
INE470Y01017,The New India Assurance Co. Ltd.,795.0,1.52,0.11,Insurance,SNM150ETF,SBI AMC,2026-08
INE020B08FH7,REC Ltd.,10000.0,10008.77,9.13,CRISIL AAA,SCRIBXFS3-6M,SBI AMC,2026-08
INE403D08207,Bharti Telecom Ltd.,7500.0,7521.28,6.86,CRISIL AAA,SCRIBXFS3-6M,SBI AMC,2026-08
INE756I07EU9,HDB Financial Services Ltd.,5000.0,5012.99,4.57,CRISIL AAA,SCRIBXFS3-6M,SBI AMC,2026-08
INE115A07RA9,LIC Housing Finance Ltd.,5000.0,5006.95,4.57,CRISIL AAA,SCRIBXFS3-6M,SBI AMC,2026-08
INE115A07PN6,LIC Housing Finance Ltd.,500.0,4993.24,4.56,CRISIL AAA,SCRIBXFS3-6M,SBI AMC,2026-08
INE053F08338,Indian Railway Finance Corporation Ltd.,3000.0,3006.78,2.74,CRISIL AAA,SCRIBXFS3-6M,SBI AMC,2026-08
INE916DA7SP4,Kotak Mahindra Prime Ltd.,2500.0,2505.53,2.29,CRISIL AAA,SCRIBXFS3-6M,SBI AMC,2026-08
INE306N07NO7,TATA Capital Ltd.,2500.0,2504.14,2.28,[ICRA]AAA,SCRIBXFS3-6M,SBI AMC,2026-08
INE020B08EP3,REC Ltd.,2500.0,2501.79,2.28,CRISIL AAA,SCRIBXFS3-6M,SBI AMC,2026-08
INE660A07RU2,Sundaram Finance Ltd.,2500.0,2501.41,2.28,[ICRA]AAA,SCRIBXFS3-6M,SBI AMC,2026-08
INE134E08LS5,Power Finance Corporation Ltd.,100.0,1000.08,0.91,CRISIL AAA,SCRIBXFS3-6M,SBI AMC,2026-08
INE763G14H25,ICICI Securities Ltd.,1000.0,4951.23,4.52,CRISIL A1+,SCRIBXFS3-6M,SBI AMC,2026-08
INE976I14RT3,TATA Capital Ltd.,1000.0,4926.83,4.5,CRISIL A1+,SCRIBXFS3-6M,SBI AMC,2026-08
INE296A14D13,Bajaj Finance Ltd.,500.0,2469.73,2.25,CRISIL A1+,SCRIBXFS3-6M,SBI AMC,2026-08
INE476A16J41,Canara Bank,1500.0,7500.0,6.84,CRISIL A1+,SCRIBXFS3-6M,SBI AMC,2026-08
INE556F16BQ4,Small Industries Development Bank of India,1000.0,4942.41,4.51,CRISIL A1+,SCRIBXFS3-6M,SBI AMC,2026-08
INE028A16KO1,Bank of Baroda,1000.0,4917.68,4.49,IND A1+,SCRIBXFS3-6M,SBI AMC,2026-08
INE040A16IJ0,HDFC Bank Ltd.,1000.0,4909.08,4.48,CRISIL A1+,SCRIBXFS3-6M,SBI AMC,2026-08
INE556F16BS0,Small Industries Development Bank of India,700.0,3442.11,3.14,CRISIL A1+,SCRIBXFS3-6M,SBI AMC,2026-08
INE028A16KI3,Bank of Baroda,500.0,2471.49,2.25,IND A1+,SCRIBXFS3-6M,SBI AMC,2026-08
INE040A16HU9,HDFC Bank Ltd.,500.0,2471.23,2.25,CRISIL A1+,SCRIBXFS3-6M,SBI AMC,2026-08
INE556F16BR2,Small Industries Development Bank of India,500.0,2469.48,2.25,CRISIL A1+,SCRIBXFS3-6M,SBI AMC,2026-08
INE040A16HY1,HDFC Bank Ltd.,500.0,2465.64,2.25,CRISIL A1+,SCRIBXFS3-6M,SBI AMC,2026-08
INE238AD6BP3,Axis Bank Ltd.,500.0,2462.44,2.25,CRISIL A1+,SCRIBXFS3-6M,SBI AMC,2026-08
INE562A16QM0,Indian Bank,500.0,2458.84,2.24,CRISIL A1+,SCRIBXFS3-6M,SBI AMC,2026-08
INE028A16MQ2,Bank of Baroda,500.0,2457.84,2.24,IND A1+,SCRIBXFS3-6M,SBI AMC,2026-08
INE238AD6CN6,Axis Bank Ltd.,500.0,2457.49,2.24,CRISIL A1+,SCRIBXFS3-6M,SBI AMC,2026-08
INE476A16J90,Canara Bank,500.0,2457.12,2.24,CRISIL A1+,SCRIBXFS3-6M,SBI AMC,2026-08
INE160A16UT0,Punjab National Bank,300.0,1496.51,1.37,CRISIL A1+,SCRIBXFS3-6M,SBI AMC,2026-08
INE950O07453,Mahindra Rural Housing Finance Ltd.,2500.0,2510.28,6.84,CRISIL AAA,CRIBXFS9-12M,SBI AMC,2026-08
INE831R07391,Aditya Birla Housing Finance Ltd.,2500.0,2508.03,6.83,[ICRA]AAA,CRIBXFS9-12M,SBI AMC,2026-08
INE377Y07557,Bajaj Housing Finance Ltd.,2500.0,2495.83,6.8,CRISIL AAA,CRIBXFS9-12M,SBI AMC,2026-08
INE115A07PR7,LIC Housing Finance Ltd.,200.0,1992.37,5.43,CRISIL AAA,CRIBXFS9-12M,SBI AMC,2026-08
INE020B08AH8,REC Ltd.,100.0,1003.1,2.73,CRISIL AAA,CRIBXFS9-12M,SBI AMC,2026-08
INE774D14TL6,Mahindra & Mahindra Financial Services Ltd.,500.0,2418.12,6.59,CRISIL A1+,CRIBXFS9-12M,SBI AMC,2026-08
INE674K14BX6,Aditya Birla Capital Ltd.,500.0,2414.35,6.58,CRISIL A1+,CRIBXFS9-12M,SBI AMC,2026-08
INE296A14G28,Bajaj Finance Ltd.,500.0,2409.55,6.56,CRISIL A1+,CRIBXFS9-12M,SBI AMC,2026-08
INE028A16LD2,Bank of Baroda,500.0,2434.42,6.63,IND A1+,CRIBXFS9-12M,SBI AMC,2026-08
INE556F16BZ5,Small Industries Development Bank of India,500.0,2427.94,6.61,CRISIL A1+,CRIBXFS9-12M,SBI AMC,2026-08
INE160A16UI3,Punjab National Bank,500.0,2427.39,6.61,CRISIL A1+,CRIBXFS9-12M,SBI AMC,2026-08
INE692A16LU9,Union Bank of India,500.0,2414.13,6.58,[ICRA]A1+,CRIBXFS9-12M,SBI AMC,2026-08
INE556F16CC2,Small Industries Development Bank of India,400.0,1934.89,5.27,CRISIL A1+,CRIBXFS9-12M,SBI AMC,2026-08
INE028A16LR2,Bank of Baroda,400.0,1933.84,5.27,IND A1+,CRIBXFS9-12M,SBI AMC,2026-08
INE261F16AO8,National Bank for Agriculture and Rural Development,400.0,1930.83,5.26,CRISIL A1+,CRIBXFS9-12M,SBI AMC,2026-08
INE476A16H43,Canara Bank,200.0,967.09,2.63,CRISIL A1+,CRIBXFS9-12M,SBI AMC,2026-08
INE040A16IZ6,HDFC Bank Ltd.,200.0,965.51,2.63,CRISIL A1+,CRIBXFS9-12M,SBI AMC,2026-08
INE160A16UE2,Punjab National Bank,100.0,485.88,1.32,CRISIL A1+,CRIBXFS9-12M,SBI AMC,2026-08
INE029A01011,Bharat Petroleum Corporation Ltd.,9648.0,31.26,5.3,Petroleum Products,Nifty200Value30,SBI AMC,2026-08
INE062A01020,State Bank of India,2944.0,31.21,5.29,Banks,Nifty200Value30,SBI AMC,2026-08
INE213A01029,Oil & Natural Gas Corporation Ltd.,12691.0,29.42,4.99,Oil,Nifty200Value30,SBI AMC,2026-08
INE038A01020,Hindalco Industries Ltd.,2880.0,29.24,4.96,Non - Ferrous Metals,Nifty200Value30,SBI AMC,2026-08
INE733E01010,NTPC Ltd.,8530.0,27.93,4.73,Power,Nifty200Value30,SBI AMC,2026-08
INE522F01014,Coal India Ltd.,6895.0,27.7,4.7,Consumable Fuels,Nifty200Value30,SBI AMC,2026-08
INE242A01010,Indian Oil Corporation Ltd.,19573.0,27.23,4.62,Petroleum Products,Nifty200Value30,SBI AMC,2026-08
INE155A01022,Tata Motors Passenger Vehicles Ltd.,8710.0,26.9,4.56,Automobiles,Nifty200Value30,SBI AMC,2026-08
INE154A01025,ITC Ltd.,10490.0,26.8,4.54,Diversified FMCG,Nifty200Value30,SBI AMC,2026-08
INE047A01021,Grasim Industries Ltd.,769.0,25.92,4.39,Cement & Cement Products,Nifty200Value30,SBI AMC,2026-08
INE081A01020,Tata Steel Ltd.,13856.0,25.54,4.33,Ferrous Metals,Nifty200Value30,SBI AMC,2026-08
INE752E01010,Power Grid Corporation of India Ltd.,9619.0,25.35,4.3,Power,Nifty200Value30,SBI AMC,2026-08
INE205A01025,Vedanta Ltd.,9058.0,25.2,4.27,Diversified Metals,Nifty200Value30,SBI AMC,2026-08
INE134E01011,Power Finance Corporation Ltd.,6895.0,23.19,3.93,Finance,Nifty200Value30,SBI AMC,2026-08
INE094A01015,Hindustan Petroleum Corporation Ltd.,5111.0,18.69,3.17,Petroleum Products,Nifty200Value30,SBI AMC,2026-08
INE020B01018,REC Ltd.,5763.0,18.63,3.16,Finance,Nifty200Value30,SBI AMC,2026-08
INE028A01039,Bank of Baroda,7579.0,18.08,3.07,Banks,Nifty200Value30,SBI AMC,2026-08
INE095A01012,IndusInd Bank Ltd.,1725.0,17.54,2.97,Banks,Nifty200Value30,SBI AMC,2026-08
INE129A01019,GAIL (India) Ltd.,9874.0,17.53,2.97,Gas,Nifty200Value30,SBI AMC,2026-08
INE476A01022,Canara Bank,13359.0,16.95,2.87,Banks,Nifty200Value30,SBI AMC,2026-08
INE160A01022,Punjab National Bank,13953.0,15.94,2.7,Banks,Nifty200Value30,SBI AMC,2026-08
INE171A01029,The Federal Bank Ltd.,4351.0,15.52,2.63,Banks,Nifty200Value30,SBI AMC,2026-08
INE692A01016,Union Bank of India,7201.0,13.58,2.3,Banks,Nifty200Value30,SBI AMC,2026-08
INE562A01011,Indian Bank,1028.0,9.24,1.57,Banks,Nifty200Value30,SBI AMC,2026-08
INE084A01016,Bank of India,5633.0,7.98,1.35,Banks,Nifty200Value30,SBI AMC,2026-08
INE274J01014,Oil India Ltd.,1542.0,7.45,1.26,Oil,Nifty200Value30,SBI AMC,2026-08
INE584A01023,NMDC Ltd.,8229.0,7.26,1.23,Minerals & Mining,Nifty200Value30,SBI AMC,2026-08
INE115A01026,LIC Housing Finance Ltd.,1304.0,7.02,1.19,Finance,Nifty200Value30,SBI AMC,2026-08
INE628A01036,UPL Ltd.,1099.0,6.18,1.05,Fertilizers & Agrochemicals,Nifty200Value30,SBI AMC,2026-08
INE114A01011,Steel Authority of India Ltd.,3103.0,6.05,1.03,Ferrous Metals,Nifty200Value30,SBI AMC,2026-08
INE073K01018,Sona Blw Precision Forgings Ltd.,1706.0,13.87,1.65,Auto Components,NiftySmallCap250,SBI AMC,2026-08
INE0LEZ01016,Ather Energy Ltd.,730.0,12.54,1.49,Automobiles,NiftySmallCap250,SBI AMC,2026-08
INE036D01028,Karur Vysya Bank Ltd.,3595.0,12.5,1.48,Banks,NiftySmallCap250,SBI AMC,2026-08
INE048G01026,Navin Fluorine International Ltd.,140.0,12.15,1.44,Chemicals & Petrochemicals,NiftySmallCap250,SBI AMC,2026-08
INE191B01025,Welspun Corp Ltd.,499.0,11.93,1.42,Industrial Products,NiftySmallCap250,SBI AMC,2026-08
INE202B01038,Piramal Finance Ltd.,458.0,10.54,1.25,Finance,NiftySmallCap250,SBI AMC,2026-08
INE148O01028,Delhivery Ltd.,2132.0,9.73,1.16,Transport Services,NiftySmallCap250,SBI AMC,2026-08
INE548A01028,HFCL Ltd.,3898.0,9.71,1.15,Telecom - Services,NiftySmallCap250,SBI AMC,2026-08
INE736A01011,Central Depository Services (I) Ltd.,678.0,9.51,1.13,Capital Markets,NiftySmallCap250,SBI AMC,2026-08
INE976G01028,RBL Bank Ltd.,2352.0,8.95,1.06,Banks,NiftySmallCap250,SBI AMC,2026-08
INE068V01023,Gland Pharma Ltd.,303.0,8.74,1.04,Pharmaceuticals & Biotechnology,NiftySmallCap250,SBI AMC,2026-08
INE491A01021,City Union Bank Ltd.,3664.0,8.4,1.0,Banks,NiftySmallCap250,SBI AMC,2026-08
INE572E01012,PNB Housing Finance Ltd.,715.0,8.21,0.98,Finance,NiftySmallCap250,SBI AMC,2026-08
INE891D01026,Redington Ltd.,2261.0,8.09,0.96,Commercial Services & Supplies,NiftySmallCap250,SBI AMC,2026-08
INE914M01019,Aster DM Quality Care Ltd.,1018.0,7.7,0.91,Healthcare Services,NiftySmallCap250,SBI AMC,2026-08
INE570L01029,Sai Life Sciences Ltd.,525.0,7.66,0.91,Pharmaceuticals & Biotechnology,NiftySmallCap250,SBI AMC,2026-08
INE794A01010,Neuland Laboratories Ltd.,33.0,7.59,0.9,Pharmaceuticals & Biotechnology,NiftySmallCap250,SBI AMC,2026-08
INE463V01026,AnandRathi Wealth Ltd.,340.0,7.49,0.89,Capital Markets,NiftySmallCap250,SBI AMC,2026-08
INE967H01025,Krishna Institute of Medical Sciences Ltd.,987.0,7.46,0.89,Healthcare Services,NiftySmallCap250,SBI AMC,2026-08
INE596I01020,Computer Age Management Services Ltd.,915.0,7.16,0.85,Capital Markets,NiftySmallCap250,SBI AMC,2026-08
INE522D01027,Manappuram Finance Ltd.,2089.0,7.1,0.84,Finance,NiftySmallCap250,SBI AMC,2026-08
INE732I01021,Angel One Ltd.,2473.0,7.1,0.84,Capital Markets,NiftySmallCap250,SBI AMC,2026-08
INE146L01010,Kirloskar Oil Engines Ltd.,317.0,6.66,0.79,Industrial Products,NiftySmallCap250,SBI AMC,2026-08
INE531E01026,Hindustan Copper Ltd.,1249.0,6.56,0.78,Non - Ferrous Metals,NiftySmallCap250,SBI AMC,2026-08
INE371P01015,Amber Enterprises India Ltd.,83.0,6.32,0.75,Consumer Durables,NiftySmallCap250,SBI AMC,2026-08
INE511C01022,Poonawalla Fincorp Ltd.,1354.0,6.28,0.75,Finance,NiftySmallCap250,SBI AMC,2026-08
INE00FF01025,Acutaas Chemicals Ltd.,197.0,6.23,0.74,Pharmaceuticals & Biotechnology,NiftySmallCap250,SBI AMC,2026-08
INE00LO01017,Craftsman Automation Ltd.,55.0,6.16,0.73,Auto Components,NiftySmallCap250,SBI AMC,2026-08
INE220B01022,Kalpataru Projects International Ltd.,432.0,6.05,0.72,Construction,NiftySmallCap250,SBI AMC,2026-08
INE208C01025,Aegis Logistics Ltd.,478.0,6.04,0.72,Gas,NiftySmallCap250,SBI AMC,2026-08
INE049B01025,Wockhardt Ltd.,314.0,5.91,0.7,Pharmaceuticals & Biotechnology,NiftySmallCap250,SBI AMC,2026-08
INE019C01026,Himadri Speciality Chemical Ltd.,894.0,5.89,0.7,Chemicals & Petrochemicals,NiftySmallCap250,SBI AMC,2026-08
INE299U01018,Crompton Greaves Consumer Electricals Ltd.,2445.0,5.77,0.69,Consumer Durables,NiftySmallCap250,SBI AMC,2026-08
INE600L01024,Dr. Lal Path labs Ltd.,297.0,5.75,0.68,Healthcare Services,NiftySmallCap250,SBI AMC,2026-08
INE530B01024,IIFL Finance Ltd.,885.0,5.72,0.68,Finance,NiftySmallCap250,SBI AMC,2026-08
INE545U01014,Bandhan Bank Ltd.,3472.0,5.68,0.67,Banks,NiftySmallCap250,SBI AMC,2026-08
INE149A01033,Cholamandalam Financial Holdings Ltd.,377.0,5.6,0.67,Finance,NiftySmallCap250,SBI AMC,2026-08
INE142M01025,Tata Technologies Ltd.,654.0,5.44,0.65,IT - Services,NiftySmallCap250,SBI AMC,2026-08
INE0IX101010,Data Patterns (India) Ltd.,115.0,5.2,0.62,Aerospace & Defense,NiftySmallCap250,SBI AMC,2026-08
INE531F01023,Nuvama Wealth Management Ltd.,294.0,5.16,0.61,Capital Markets,NiftySmallCap250,SBI AMC,2026-08
INE285A01027,Elgi Equipments Ltd.,818.0,5.13,0.61,Industrial Products,NiftySmallCap250,SBI AMC,2026-08
INE596F01018,PTC Industries Ltd.,23.0,5.09,0.6,Industrial Products,NiftySmallCap250,SBI AMC,2026-08
INE575P01011,Star Health & Allied Insurance Co. Ltd.,893.0,5.07,0.6,Insurance,NiftySmallCap250,SBI AMC,2026-08
INE0DK501011,Piramal Pharma Ltd.,2367.0,5.07,0.6,Pharmaceuticals & Biotechnology,NiftySmallCap250,SBI AMC,2026-08
INE410P01011,Narayana Hrudayalaya Ltd.,263.0,5.02,0.6,Healthcare Services,NiftySmallCap250,SBI AMC,2026-08
INE138Y01010,Kfin Technologies Ltd.,509.0,4.94,0.59,Capital Markets,NiftySmallCap250,SBI AMC,2026-08
INE017A01032,The Great Eastern Shipping Co. Ltd.,377.0,4.91,0.58,Transport Services,NiftySmallCap250,SBI AMC,2026-08
INE120A01034,Carborundum Universal Ltd.,440.0,4.87,0.58,Industrial Products,NiftySmallCap250,SBI AMC,2026-08
INE290S01011,CarTrade Tech Ltd.,161.0,4.82,0.57,Retailing,NiftySmallCap250,SBI AMC,2026-08
INE791I01019,Brigade Enterprises Ltd.,705.0,4.62,0.55,Realty,NiftySmallCap250,SBI AMC,2026-08
INE288B01029,Deepak Nitrite Ltd.,261.0,4.57,0.54,Chemicals & Petrochemicals,NiftySmallCap250,SBI AMC,2026-08
INE101D01020,Granules India Ltd.,552.0,4.57,0.54,Pharmaceuticals & Biotechnology,NiftySmallCap250,SBI AMC,2026-08
INE013P01021,Onesource Specialty Pharma Ltd.,299.0,4.54,0.54,Pharmaceuticals & Biotechnology,NiftySmallCap250,SBI AMC,2026-08
INE439A01020,Asahi India Glass Ltd.,461.0,4.39,0.52,Auto Components,NiftySmallCap250,SBI AMC,2026-08
INE918Z01012,Kaynes Technology India Ltd.,119.0,4.39,0.52,Industrial Manufacturing,NiftySmallCap250,SBI AMC,2026-08
INE342J01019,ZF Commercial Vehicle Control Systems India Ltd.,173.0,4.38,0.52,Auto Components,NiftySmallCap250,SBI AMC,2026-08
INE0VDM01015,Meesho Ltd.,2120.0,4.35,0.52,Retailing,NiftySmallCap250,SBI AMC,2026-08
INE325A01013,Timken India Ltd.,137.0,4.31,0.51,Industrial Products,NiftySmallCap250,SBI AMC,2026-08
INE148I01020,Sammaan Capital Ltd.,2923.0,4.28,0.51,Finance,NiftySmallCap250,SBI AMC,2026-08
INE481N01025,Home First Finance Company India Ltd.,367.0,4.27,0.51,Finance,NiftySmallCap250,SBI AMC,2026-08
INE0DYJ01015,Syrma SGS Technology Ltd.,296.0,4.25,0.51,Industrial Manufacturing,NiftySmallCap250,SBI AMC,2026-08
INE331A01037,The Ramco Cements Ltd.,481.0,4.23,0.5,Cement & Cement Products,NiftySmallCap250,SBI AMC,2026-08
INE885A01032,Amara Raja Energy & Mobility Ltd.,466.0,4.16,0.49,Auto Components,NiftySmallCap250,SBI AMC,2026-08
INE0W2G01015,Sagility Ltd.,8764.0,4.12,0.49,IT - Services,NiftySmallCap250,SBI AMC,2026-08
INE769A01020,Aarti Industries Ltd.,783.0,4.11,0.49,Chemicals & Petrochemicals,NiftySmallCap250,SBI AMC,2026-08
INE203G01027,Indraprastha Gas Ltd.,2670.0,4.02,0.48,Gas,NiftySmallCap250,SBI AMC,2026-08
INE128S01021,Five Star Business Finance Ltd.,737.0,3.94,0.47,Finance,NiftySmallCap250,SBI AMC,2026-08
INE217B01036,Kajaria Ceramics Ltd.,315.0,3.92,0.47,Consumer Durables,NiftySmallCap250,SBI AMC,2026-08
INE100A01010,Atul Ltd.,61.0,3.9,0.46,Chemicals & Petrochemicals,NiftySmallCap250,SBI AMC,2026-08
INE00WC01027,AFFLE 3I Ltd.,241.0,3.85,0.46,IT - Services,NiftySmallCap250,SBI AMC,2026-08
INE092A01019,Tata Chemicals Ltd.,596.0,3.83,0.46,Chemicals & Petrochemicals,NiftySmallCap250,SBI AMC,2026-08
INE180C01042,Capri Global Capital Ltd.,1471.0,3.77,0.45,Finance,NiftySmallCap250,SBI AMC,2026-08
INE0NT901020,Netweb Technologies India Ltd.,72.0,3.74,0.44,IT - Services,NiftySmallCap250,SBI AMC,2026-08
INE819V01029,Aditya Infotech Ltd.,103.0,3.67,0.44,Industrial Manufacturing,NiftySmallCap250,SBI AMC,2026-08
INE777K01022,R R Kabel Ltd.,125.0,3.66,0.43,Industrial Products,NiftySmallCap250,SBI AMC,2026-08
INE022Q01020,Indian Energy Exchange Ltd.,3025.0,3.65,0.43,Capital Markets,NiftySmallCap250,SBI AMC,2026-08
INE235A01022,Finolex Cables Ltd.,288.0,3.59,0.43,Industrial Products,NiftySmallCap250,SBI AMC,2026-08
INE501A01019,Deepak Fertilizers and Petrochemicals Corporation Ltd.,255.0,3.59,0.43,Chemicals & Petrochemicals,NiftySmallCap250,SBI AMC,2026-08
INE457L01029,PG Electroplast Ltd.,614.0,3.57,0.42,Consumer Durables,NiftySmallCap250,SBI AMC,2026-08
INE0FS801015,Motherson Sumi Wiring India Ltd.,9676.0,3.56,0.42,Auto Components,NiftySmallCap250,SBI AMC,2026-08
INE0LXG01040,Ola Electric Mobility Ltd.,8587.0,3.53,0.42,Automobiles,NiftySmallCap250,SBI AMC,2026-08
INE486A01021,CESC Ltd.,2400.0,3.51,0.42,Power,NiftySmallCap250,SBI AMC,2026-08
INE242C01024,Anant Raj Ltd.,581.0,3.51,0.42,Realty,NiftySmallCap250,SBI AMC,2026-08
INE136B01020,Cyient Ltd.,298.0,3.5,0.42,IT - Services,NiftySmallCap250,SBI AMC,2026-08
INE524A01029,Gabriel India Ltd.,241.0,3.47,0.41,Auto Components,NiftySmallCap250,SBI AMC,2026-08
INE228A01035,Usha Martin Ltd.,693.0,3.46,0.41,Industrial Products,NiftySmallCap250,SBI AMC,2026-08
INE095N01031,NBCC (India) Ltd.,3941.0,3.4,0.4,Construction,NiftySmallCap250,SBI AMC,2026-08
INE115Q01022,Inventurus Knowledge Solutions Ltd.,195.0,3.38,0.4,IT - Services,NiftySmallCap250,SBI AMC,2026-08
INE172A01027,Castrol India Ltd.,1821.0,3.36,0.4,Petroleum Products,NiftySmallCap250,SBI AMC,2026-08
INE852O01025,Aptus Value Housing Finance India Ltd.,1348.0,3.35,0.4,Finance,NiftySmallCap250,SBI AMC,2026-08
INE894V01022,Belrise Industries Ltd.,1434.0,3.33,0.4,Auto Components,NiftySmallCap250,SBI AMC,2026-08
INE191H01014,PVR Inox Ltd.,271.0,3.27,0.39,Entertainment,NiftySmallCap250,SBI AMC,2026-08
INE256A01028,Zee Entertainment Enterprises Ltd.,3494.0,3.27,0.39,Entertainment,NiftySmallCap250,SBI AMC,2026-08
INE980O01024,Jyoti CNC Automation Ltd.,324.0,3.22,0.38,Industrial Manufacturing,NiftySmallCap250,SBI AMC,2026-08
INE684F01012,Firstsource Solutions Ltd.,1206.0,3.19,0.38,Commercial Services & Supplies,NiftySmallCap250,SBI AMC,2026-08
INE451A01017,Force Motors Ltd.,18.0,3.15,0.37,Automobiles,NiftySmallCap250,SBI AMC,2026-08
INE126A01031,E.I.D-Parry (India) Ltd.,391.0,3.13,0.37,Food Products,NiftySmallCap250,SBI AMC,2026-08
INE251B01027,Zen Technologies Ltd.,176.0,3.13,0.37,Aerospace & Defense,NiftySmallCap250,SBI AMC,2026-08
INE622W01025,Acme Solar Holdings Ltd.,767.0,3.08,0.37,Power,NiftySmallCap250,SBI AMC,2026-08
INE738I01010,eClerx Services Ltd.,155.0,3.06,0.36,Commercial Services & Supplies,NiftySmallCap250,SBI AMC,2026-08
INE351F01018,Jaiprakash Power Ventures Ltd.,18530.0,3.05,0.36,Power,NiftySmallCap250,SBI AMC,2026-08
INE725A01030,Nava Ltd.,528.0,3.0,0.36,Power,NiftySmallCap250,SBI AMC,2026-08
INE810G01011,Shyam Metalics and Energy Ltd.,268.0,2.93,0.35,Industrial Products,NiftySmallCap250,SBI AMC,2026-08
INE399G01023,Ramkrishna Forgings Ltd.,392.0,2.91,0.35,Auto Components,NiftySmallCap250,SBI AMC,2026-08
INE404A01024,Aditya Birla Sun Life Amc Ltd.,277.0,2.91,0.35,Capital Markets,NiftySmallCap250,SBI AMC,2026-08
INE398R01022,Syngene International Ltd.,724.0,2.9,0.34,Healthcare Services,NiftySmallCap250,SBI AMC,2026-08
INE421D01022,CCL Products (India) Ltd.,269.0,2.9,0.35,Agricultural Food & other Products,NiftySmallCap250,SBI AMC,2026-08
INE821I01022,IRB Infrastructure Developers Ltd.,14929.0,2.89,0.34,Construction,NiftySmallCap250,SBI AMC,2026-08
INE987B01026,Natco Pharma Ltd.,342.0,2.88,0.34,Pharmaceuticals & Biotechnology,NiftySmallCap250,SBI AMC,2026-08
INE119A01028,Balrampur Chini Mills Ltd.,414.0,2.87,0.34,Agricultural Food & other Products,NiftySmallCap250,SBI AMC,2026-08
INE382Z01011,Garden Reach Shipbuilders & Engineers Ltd.,111.0,2.85,0.34,Aerospace & Defense,NiftySmallCap250,SBI AMC,2026-08
INE258A01024,BEML Ltd.,146.0,2.83,0.34,"Agricultural, Commercial & Construction Vehicles",NiftySmallCap250,SBI AMC,2026-08
INE03QK01018,Cohance Lifesciences Ltd.,619.0,2.82,0.34,Pharmaceuticals & Biotechnology,NiftySmallCap250,SBI AMC,2026-08
INE043W01024,Vijaya Diagnostic Centre Ltd.,186.0,2.82,0.34,Healthcare Services,NiftySmallCap250,SBI AMC,2026-08
INE292B01021,HBL Engineering Ltd.,429.0,2.82,0.34,Industrial Products,NiftySmallCap250,SBI AMC,2026-08
INE741K01010,CreditAccess Grameen Ltd.,206.0,2.81,0.33,Finance,NiftySmallCap250,SBI AMC,2026-08
INE482A01020,CEAT Ltd.,80.0,2.74,0.33,Auto Components,NiftySmallCap250,SBI AMC,2026-08
INE324A01032,Jindal Saw Ltd.,886.0,2.74,0.33,Industrial Products,NiftySmallCap250,SBI AMC,2026-08
INE548C01032,Emami Ltd.,750.0,2.73,0.32,Personal Products,NiftySmallCap250,SBI AMC,2026-08
INE510A01028,Engineers India Ltd.,1042.0,2.73,0.32,Construction,NiftySmallCap250,SBI AMC,2026-08
INE182A01018,Pfizer Ltd.,58.0,2.72,0.32,Pharmaceuticals & Biotechnology,NiftySmallCap250,SBI AMC,2026-08
INE839M01018,Schneider Electric Infrastructure Ltd.,223.0,2.72,0.32,Electrical Equipment,NiftySmallCap250,SBI AMC,2026-08
INE055A01016,Aditya Birla Real Estate Ltd.,199.0,2.7,0.32,Realty,NiftySmallCap250,SBI AMC,2026-08
INE700A01033,Jubilant Pharmova Ltd.,306.0,2.7,0.32,Pharmaceuticals & Biotechnology,NiftySmallCap250,SBI AMC,2026-08
INE961O01016,Rainbow Children's Medicare Ltd.,190.0,2.69,0.32,Healthcare Services,NiftySmallCap250,SBI AMC,2026-08
INE406M01024,Eris Lifesciences Ltd.,206.0,2.67,0.32,Pharmaceuticals & Biotechnology,NiftySmallCap250,SBI AMC,2026-08
INE088F01024,Paradeep Phosphates Ltd.,1645.0,2.63,0.31,Fertilizers & Agrochemicals,NiftySmallCap250,SBI AMC,2026-08
INE686A01026,Cemindia Projects Ltd.,212.0,2.6,0.31,Construction,NiftySmallCap250,SBI AMC,2026-08
INE066P01011,Inox Wind Ltd.,3670.0,2.58,0.31,Electrical Equipment,NiftySmallCap250,SBI AMC,2026-08
INE152M01016,Triveni Turbine Ltd.,445.0,2.57,0.31,Electrical Equipment,NiftySmallCap250,SBI AMC,2026-08
INE477A01020,Can Fin Homes Ltd.,321.0,2.55,0.3,Finance,NiftySmallCap250,SBI AMC,2026-08
INE205C01021,Polymedicure Ltd.,145.0,2.55,0.3,Healthcare Equipment & Supplies,NiftySmallCap250,SBI AMC,2026-08
INE102B01014,Choice International Ltd.,324.0,2.53,0.3,Finance,NiftySmallCap250,SBI AMC,2026-08
INE168A01041,The Jammu & Kashmir Bank Ltd.,1697.0,2.51,0.3,Banks,NiftySmallCap250,SBI AMC,2026-08
INE615H01020,Titagarh Rail Systems Ltd.,305.0,2.5,0.3,Industrial Manufacturing,NiftySmallCap250,SBI AMC,2026-08
INE178A01016,Chennai Petroleum Corporation Ltd.,183.0,2.5,0.3,Petroleum Products,NiftySmallCap250,SBI AMC,2026-08
INE0J5401028,Honasa Consumer Ltd.,518.0,2.49,0.3,Personal Products,NiftySmallCap250,SBI AMC,2026-08
INE427F01016,Chalet Hotels Ltd.,272.0,2.46,0.29,Leisure Services,NiftySmallCap250,SBI AMC,2026-08
INE614G01033,Reliance Power Ltd.,11040.0,2.44,0.29,Power,NiftySmallCap250,SBI AMC,2026-08
INE168P01015,Emcure Pharmaceuticals Ltd.,131.0,2.43,0.29,Pharmaceuticals & Biotechnology,NiftySmallCap250,SBI AMC,2026-08
INE258G01013,Sumitomo Chemical India Ltd.,467.0,2.42,0.29,Fertilizers & Agrochemicals,NiftySmallCap250,SBI AMC,2026-08
INE065X01017,Indegene Ltd.,394.0,2.41,0.29,Healthcare Services,NiftySmallCap250,SBI AMC,2026-08
INE0LP301011,Physicswallah Ltd.,2059.0,2.39,0.28,Other Consumer Services,NiftySmallCap250,SBI AMC,2026-08
INE192B01031,Welspun Living Ltd.,1210.0,2.37,0.28,Textiles & Apparels,NiftySmallCap250,SBI AMC,2026-08
INE03JT01014,GO Digit General Insurance Ltd.,916.0,2.36,0.28,Insurance,NiftySmallCap250,SBI AMC,2026-08
INE818H01020,LT Foods Ltd.,524.0,2.34,0.28,Agricultural Food & other Products,NiftySmallCap250,SBI AMC,2026-08
INE306R01017,Intellect Design Arena Ltd.,343.0,2.34,0.28,IT - Software,NiftySmallCap250,SBI AMC,2026-08
INE716A01013,Whirlpool of India Ltd.,290.0,2.33,0.28,Consumer Durables,NiftySmallCap250,SBI AMC,2026-08
INE085A01013,Chambal Fertilisers and Chemicals Ltd.,566.0,2.32,0.28,Fertilizers & Agrochemicals,NiftySmallCap250,SBI AMC,2026-08
INE002S01010,Mahanagar Gas Ltd.,217.0,2.32,0.28,Gas,NiftySmallCap250,SBI AMC,2026-08
INE545A01024,HEG Ltd.,316.0,2.3,0.27,Industrial Products,NiftySmallCap250,SBI AMC,2026-08
INE673O01025,TBO Tek Ltd.,131.0,2.29,0.27,Leisure Services,NiftySmallCap250,SBI AMC,2026-08
INE868B01028,NCC Ltd.,1540.0,2.28,0.27,Construction,NiftySmallCap250,SBI AMC,2026-08
INE177H01039,Godawari Power & Ispat Ltd.,935.0,2.28,0.27,Industrial Products,NiftySmallCap250,SBI AMC,2026-08
INE039A01010,IFCI Ltd.,2534.0,2.27,0.27,Finance,NiftySmallCap250,SBI AMC,2026-08
INE322A01010,Gillette India Ltd.,31.0,2.27,0.27,Personal Products,NiftySmallCap250,SBI AMC,2026-08
INE872J01023,Devyani International Ltd.,1621.0,2.25,0.27,Leisure Services,NiftySmallCap250,SBI AMC,2026-08
INE842C01021,Minda Corporation Ltd.,306.0,2.18,0.26,Auto Components,NiftySmallCap250,SBI AMC,2026-08
INE825A01020,Vardhman Textiles Ltd.,380.0,2.17,0.26,Textiles & Apparels,NiftySmallCap250,SBI AMC,2026-08
INE024L01027,Gravita India Ltd.,120.0,2.16,0.26,Minerals & Mining,NiftySmallCap250,SBI AMC,2026-08
INE269A01021,Sonata Software Ltd.,739.0,2.16,0.26,IT - Software,NiftySmallCap250,SBI AMC,2026-08
INE0BY001018,Jubilant Ingrevia Ltd.,319.0,2.15,0.26,Chemicals & Petrochemicals,NiftySmallCap250,SBI AMC,2026-08
INE0CAZ01013,Urban Company Ltd.,1284.0,2.15,0.25,Retailing,NiftySmallCap250,SBI AMC,2026-08
INE230A01023,EIH Ltd.,754.0,2.13,0.25,Leisure Services,NiftySmallCap250,SBI AMC,2026-08
INE671H01015,Sobha Ltd.,169.0,2.12,0.25,Realty,NiftySmallCap250,SBI AMC,2026-08
INE602A01031,PCBL Chemical Ltd.,668.0,2.12,0.25,Chemicals & Petrochemicals,NiftySmallCap250,SBI AMC,2026-08
INE806T01020,Sapphire Foods India Ltd.,901.0,2.11,0.25,Leisure Services,NiftySmallCap250,SBI AMC,2026-08
INE133A01011,JSW Dulux Ltd.,66.0,2.09,0.25,Consumer Durables,NiftySmallCap250,SBI AMC,2026-08
INE389H01022,KEC International Ltd.,494.0,2.06,0.24,Construction,NiftySmallCap250,SBI AMC,2026-08
INE933S01016,Indiamart Intermesh Ltd.,117.0,2.05,0.24,Retailing,NiftySmallCap250,SBI AMC,2026-08
INE0NNS01018,NMDC Steel Ltd.,4385.0,2.03,0.24,Ferrous Metals,NiftySmallCap250,SBI AMC,2026-08
INE970X01018,Lemon Tree Hotels Ltd.,1890.0,2.01,0.24,Leisure Services,NiftySmallCap250,SBI AMC,2026-08
INE520A01027,Zensar Technologies Ltd.,434.0,2.0,0.24,IT - Software,NiftySmallCap250,SBI AMC,2026-08
INE260D01016,Olectra Greentech Ltd.,156.0,1.99,0.24,Automobiles,NiftySmallCap250,SBI AMC,2026-08
INE483A01010,Central Bank of India,6498.0,1.96,0.23,Banks,NiftySmallCap250,SBI AMC,2026-08
INE462A01022,Bayer Cropscience Ltd.,49.0,1.95,0.23,Fertilizers & Agrochemicals,NiftySmallCap250,SBI AMC,2026-08
INE188A01015,Fertilisers And Chemicals Travancore Ltd.,237.0,1.95,0.23,Fertilizers & Agrochemicals,NiftySmallCap250,SBI AMC,2026-08
INE008A01015,IDBI Bank Ltd.,2134.0,1.94,0.23,Banks,NiftySmallCap250,SBI AMC,2026-08
INE768C01028,Zydus Wellness Ltd.,366.0,1.94,0.23,Food Products,NiftySmallCap250,SBI AMC,2026-08
INE216P01012,Aavas Financiers Ltd.,152.0,1.92,0.23,Finance,NiftySmallCap250,SBI AMC,2026-08
INE14LE01019,Aditya Birla Lifestyle Brands Ltd.,2210.0,1.92,0.23,Retailing,NiftySmallCap250,SBI AMC,2026-08
INE475E01026,Caplin Point Laboratories Ltd.,76.0,1.91,0.23,Pharmaceuticals & Biotechnology,NiftySmallCap250,SBI AMC,2026-08
INE883F01010,Aadhar Housing Finance Ltd.,409.0,1.91,0.23,Finance,NiftySmallCap250,SBI AMC,2026-08
INE995S01015,Niva Bupa Health Insurance Company Ltd.,2355.0,1.91,0.23,Insurance,NiftySmallCap250,SBI AMC,2026-08
INE536H01010,CIE Automotive India Ltd.,485.0,1.9,0.23,Auto Components,NiftySmallCap250,SBI AMC,2026-08
INE285K01026,Techno Electric & Engineering Company Ltd.,191.0,1.88,0.22,Construction,NiftySmallCap250,SBI AMC,2026-08
INE780C01023,JM Financial Ltd.,1465.0,1.88,0.22,Finance,NiftySmallCap250,SBI AMC,2026-08
INE109A01011,Shipping Corporation of India Ltd.,644.0,1.87,0.22,Transport Services,NiftySmallCap250,SBI AMC,2026-08
INE836A01035,Birlasoft Ltd.,631.0,1.84,0.22,IT - Software,NiftySmallCap250,SBI AMC,2026-08
INE19RI01016,Tenneco Clean Air India Ltd.,346.0,1.83,0.22,Auto Components,NiftySmallCap250,SBI AMC,2026-08
INE338H01029,Concord Biotech Ltd.,126.0,1.82,0.22,Pharmaceuticals & Biotechnology,NiftySmallCap250,SBI AMC,2026-08
INE573A01042,JK Tyre & Industries Ltd.,476.0,1.8,0.21,Auto Components,NiftySmallCap250,SBI AMC,2026-08
INE565A01014,Indian Overseas Bank,5557.0,1.8,0.21,Banks,NiftySmallCap250,SBI AMC,2026-08
INE371A01025,Graphite India Ltd.,254.0,1.78,0.21,Industrial Products,NiftySmallCap250,SBI AMC,2026-08
INE131A01031,Gujarat Mineral Development Corporation Ltd.,315.0,1.77,0.21,Minerals & Mining,NiftySmallCap250,SBI AMC,2026-08
INE010J01012,Tejas Networks Ltd.,314.0,1.76,0.21,Telecom - Equipment & Accessories,NiftySmallCap250,SBI AMC,2026-08
INE424H01027,Sun TV Network Ltd.,376.0,1.75,0.21,Entertainment,NiftySmallCap250,SBI AMC,2026-08
INE663A01033,Supreme Petrochem Ltd.,240.0,1.75,0.21,Chemicals & Petrochemicals,NiftySmallCap250,SBI AMC,2026-08
INE385C01021,Sarda Energy & Minerals Ltd.,350.0,1.75,0.21,Ferrous Metals,NiftySmallCap250,SBI AMC,2026-08
INE0AQ201015,Leela Palaces Hotels & Resorts Ltd.,307.0,1.75,0.21,Leisure Services,NiftySmallCap250,SBI AMC,2026-08
INE731H01025,Action Construction Equipment Ltd.,157.0,1.74,0.21,"Agricultural, Commercial & Construction Vehicles",NiftySmallCap250,SBI AMC,2026-08
INE101I01011,Afcons Infrastructure Ltd.,595.0,1.7,0.2,Construction,NiftySmallCap250,SBI AMC,2026-08
INE176A01028,Bata India Ltd.,243.0,1.66,0.2,Consumer Durables,NiftySmallCap250,SBI AMC,2026-08
INE1C6T01020,Emmvee Photovoltaic Power Ltd.,510.0,1.64,0.19,Electrical Equipment,NiftySmallCap250,SBI AMC,2026-08
INE02RE01045,Brainbees Solutions Ltd.,859.0,1.57,0.19,Retailing,NiftySmallCap250,SBI AMC,2026-08
INE665A01038,Swan Corp Ltd.,531.0,1.56,0.19,Chemicals & Petrochemicals,NiftySmallCap250,SBI AMC,2026-08
INE00E101023,Bikaji Foods International Ltd.,250.0,1.56,0.19,Food Products,NiftySmallCap250,SBI AMC,2026-08
INE423Y01016,SBFC Finance Ltd.,1568.0,1.55,0.18,Finance,NiftySmallCap250,SBI AMC,2026-08
INE499A01024,DCM Shriram Ltd.,151.0,1.54,0.18,Diversified,NiftySmallCap250,SBI AMC,2026-08
INE321T01012,Doms Industries Ltd.,69.0,1.54,0.18,Household Products,NiftySmallCap250,SBI AMC,2026-08
INE227W01023,Clean Science & Technology Ltd.,182.0,1.5,0.18,Chemicals & Petrochemicals,NiftySmallCap250,SBI AMC,2026-08
INE962Y01021,Ircon International Ltd.,1240.0,1.48,0.18,Construction,NiftySmallCap250,SBI AMC,2026-08
INE0INX01018,Aegis Vopak Terminals Ltd.,549.0,1.48,0.18,Oil,NiftySmallCap250,SBI AMC,2026-08
INE930P01018,Anupam Rasayan India Ltd.,115.0,1.45,0.17,Chemicals & Petrochemicals,NiftySmallCap250,SBI AMC,2026-08
INE01TY01017,Canara HSBC Life Insurance Co.Ltd.,897.0,1.4,0.17,Insurance,NiftySmallCap250,SBI AMC,2026-08
INE094J01016,UTI Asset Management Co. Ltd.,160.0,1.39,0.17,Capital Markets,NiftySmallCap250,SBI AMC,2026-08
INE205B01031,Elecon Engineering Company Ltd.,335.0,1.38,0.16,Electrical Equipment,NiftySmallCap250,SBI AMC,2026-08
INE15B701018,Pine Labs Ltd.,824.0,1.35,0.16,Financial Technology (Fintech),NiftySmallCap250,SBI AMC,2026-08
INE979A01025,SAREGAMA India Ltd.,275.0,1.32,0.16,Entertainment,NiftySmallCap250,SBI AMC,2026-08
INE0Q9301021,International Gemological Institute Ltd.,387.0,1.32,0.16,Commercial Services & Supplies,NiftySmallCap250,SBI AMC,2026-08
INE619B01017,Newgen Software Technologies Ltd.,243.0,1.29,0.15,IT - Software,NiftySmallCap250,SBI AMC,2026-08
INE763I01026,Transformers & Rectifiers (India) Ltd.,408.0,1.28,0.15,Electrical Equipment,NiftySmallCap250,SBI AMC,2026-08
INE718I01012,JSW Cement Ltd.,1015.0,1.28,0.15,Cement & Cement Products,NiftySmallCap250,SBI AMC,2026-08
INE552Z01027,Allied Blenders And Distillers Ltd.,204.0,1.26,0.15,Beverages,NiftySmallCap250,SBI AMC,2026-08
INE209L01016,Jupiter Wagons Ltd.,517.0,1.24,0.15,Industrial Manufacturing,NiftySmallCap250,SBI AMC,2026-08
INE118D01016,Nuvoco Vistas Corporation Ltd.,381.0,1.22,0.14,Cement & Cement Products,NiftySmallCap250,SBI AMC,2026-08
INE647O01011,Aditya Birla Fashion and Retail Ltd.,2240.0,1.17,0.14,Retailing,NiftySmallCap250,SBI AMC,2026-08
INE064C01022,Trident Ltd.,4756.0,1.15,0.14,Textiles & Apparels,NiftySmallCap250,SBI AMC,2026-08
INE903U01023,Signatureglobal (India) Ltd.,149.0,1.15,0.14,Realty,NiftySmallCap250,SBI AMC,2026-08
INE103A01014,Mangalore Refinery and Petrochemicals Ltd.,671.0,1.14,0.14,Petroleum Products,NiftySmallCap250,SBI AMC,2026-08
INE233B01017,Blue Dart Express Ltd.,23.0,1.13,0.13,Transport Services,NiftySmallCap250,SBI AMC,2026-08
INE0KBH01020,Blue Jet Healthcare Ltd.,194.0,1.12,0.13,Pharmaceuticals & Biotechnology,NiftySmallCap250,SBI AMC,2026-08
INE153T01027,BLS International Services Ltd.,461.0,1.11,0.13,Leisure Services,NiftySmallCap250,SBI AMC,2026-08
INE320J01015,Rites Ltd.,510.0,1.11,0.13,Construction,NiftySmallCap250,SBI AMC,2026-08
INE691A01018,UCO Bank,4327.0,1.08,0.13,Banks,NiftySmallCap250,SBI AMC,2026-08
INE011K01018,Tega Industries Ltd.,63.0,1.0,0.12,Industrial Manufacturing,NiftySmallCap250,SBI AMC,2026-08
INE050A01025,The Bombay Burmah Trading Corporation Ltd.,66.0,0.99,0.12,Food Products,NiftySmallCap250,SBI AMC,2026-08
INE248A01017,ITI Ltd.,367.0,0.99,0.12,Telecom - Equipment & Accessories,NiftySmallCap250,SBI AMC,2026-08
INE383A01012,The India Cements Ltd.,262.0,0.97,0.12,Cement & Cement Products,NiftySmallCap250,SBI AMC,2026-08
INE927D01051,JBM Auto Ltd.,153.0,0.95,0.11,Auto Components,NiftySmallCap250,SBI AMC,2026-08
INE0DD101019,Railtel Corporation of India Ltd.,333.0,0.92,0.11,Telecom - Services,NiftySmallCap250,SBI AMC,2026-08
INE103V01028,Travel Food Services Ltd.,69.0,0.9,0.11,Leisure Services,NiftySmallCap250,SBI AMC,2026-08
INE743M01012,RHI Magnesita India Ltd.,231.0,0.86,0.1,Industrial Products,NiftySmallCap250,SBI AMC,2026-08
INE0I7C01011,Latent View Analytics Ltd.,275.0,0.74,0.09,IT - Software,NiftySmallCap250,SBI AMC,2026-08
INE517B01013,Tata Teleservices (Maharastra) Ltd.,1913.0,0.74,0.09,Telecom - Services,NiftySmallCap250,SBI AMC,2026-08
INE0YD401026,Jain Resource Recycling Ltd.,269.0,0.74,0.09,Diversified Metals,NiftySmallCap250,SBI AMC,2026-08
INE367G01038,Prime Focus Ltd.,253.0,0.73,0.09,Entertainment,NiftySmallCap250,SBI AMC,2026-08
INE0BV301023,C.E.Info Systems Ltd.,66.0,0.67,0.08,IT - Software,NiftySmallCap250,SBI AMC,2026-08
INE297H01019,Gallantt Ispat Ltd.,114.0,0.65,0.08,Industrial Products,NiftySmallCap250,SBI AMC,2026-08
INE123F01029,MMTC LTD,576.0,0.36,0.04,Commercial Services & Supplies,NiftySmallCap250,SBI AMC,2026-08
IN0020160118,6.79% CGL 2029,450000.0,454.53,10.61,Sovereign,CRIIBX10-90GiltSDL29,SBI AMC,2026-08
IN3120250482,6.77% State Government of Tamil Nadu 2029,1000000.0,992.47,23.16,Sovereign,CRIIBX10-90GiltSDL29,SBI AMC,2026-08
IN3320190157,7.29% State Government of Uttar Pradesh 2029,500000.0,502.9,11.73,Sovereign,CRIIBX10-90GiltSDL29,SBI AMC,2026-08
IN1920190114,7.14% State Government of Karnataka 2029,500000.0,501.43,11.7,Sovereign,CRIIBX10-90GiltSDL29,SBI AMC,2026-08
IN1720250118,6.75% State Government of Himachal Pradesh 2029,500000.0,495.57,11.56,Sovereign,CRIIBX10-90GiltSDL29,SBI AMC,2026-08
IN3120250391,6.55% State Government of Tamil Nadu 2029,500000.0,493.2,11.51,Sovereign,CRIIBX10-90GiltSDL29,SBI AMC,2026-08
IN1520190159,7.26% State Government of Gujarat 2029,350000.0,352.22,8.22,Sovereign,CRIIBX10-90GiltSDL29,SBI AMC,2026-08
IN1520190142,7.24% State Government of Gujarat 2029,150000.0,150.85,3.52,Sovereign,CRIIBX10-90GiltSDL29,SBI AMC,2026-08
IN3120190217,7.17% State Government of Tamil Nadu 2029,100000.0,100.37,2.34,Sovereign,CRIIBX10-90GiltSDL29,SBI AMC,2026-08
IN0020210095,6.10% CGL 2031,1570000.0,1539.12,89.05,Sovereign,G-Sec Jul2031,SBI AMC,2026-08
IN0020240076,7.02% CGL 2031,120000.0,122.16,7.07,Sovereign,G-Sec Jul2031,SBI AMC,2026-08
IN1920230316,7.36% State Government of Karnataka 2034,2500000.0,2484.38,77.31,Sovereign,CRIIBXSDLIndexJune34,SBI AMC,2026-08
IN2220260045,7.55% State Government of Maharashtra 2034,570200.0,572.43,17.81,Sovereign,CRIIBXSDLIndexJune34,SBI AMC,2026-08
INF200KB1AJ0,SBI Nifty Midcap 150 Momentum 50 ETF,18195000.0,11743.05,100.2,Mutual Fund/ETF,SNM150Mom50ETFFOF,SBI AMC,2026-08
INE423A01024,Adani Enterprises Ltd.,60000.0,1715.46,0.94,Metals & Minerals Trading,SBHF,SBI AMC,2026-08
INE338H01029,Concord Biotech Ltd.,115960.0,1676.9,0.92,Pharmaceuticals & Biotechnology,SBHF,SBI AMC,2026-08
INE787D01026,Balkrishna Industries Ltd.,60000.0,1367.52,0.75,Auto Components,SBHF,SBI AMC,2026-08
INE323A01026,Bosch Ltd.,2000.0,1000.0,0.55,Auto Components,SBHF,SBI AMC,2026-08
INE044A01036,Sun Pharmaceutical Industries Ltd.,50000.0,992.4,0.54,Pharmaceuticals & Biotechnology,SBHF,SBI AMC,2026-08
INE361B01024,Divi's Laboratories Ltd.,10000.0,946.7,0.52,Pharmaceuticals & Biotechnology,SBHF,SBI AMC,2026-08
INE048G01026,Navin Fluorine International Ltd.,10000.0,867.55,0.48,Chemicals & Petrochemicals,SBHF,SBI AMC,2026-08
INE0V6F01027,Hyundai Motor India Ltd.,22000.0,485.1,0.27,Automobiles,SBHF,SBI AMC,2026-08
INE473B01035,Hatsun Agro Product Ltd.,370241.0,4407.53,5.99,Food Products,SBIRIOS,SBI AMC,2026-08
INE062A01020,State Bank of India,340000.0,3604.0,4.9,Banks,SBIRIOS,SBI AMC,2026-08
INE423A01024,Adani Enterprises Ltd.,110000.0,3145.01,4.27,Metals & Minerals Trading,SBIRIOS,SBI AMC,2026-08
INE1KZI01025,Tempsens Instruments (India) Ltd.,554300.0,3124.03,4.24,Industrial Manufacturing,SBIRIOS,SBI AMC,2026-08
INE918I01026,Bajaj Finserv Ltd.,150000.0,3031.5,4.12,Finance,SBIRIOS,SBI AMC,2026-08
INE237A01036,Kotak Mahindra Bank Ltd.,700000.0,2935.8,3.99,Banks,SBIRIOS,SBI AMC,2026-08
INE0VDM01015,Meesho Ltd.,1250000.0,2567.38,3.49,Retailing,SBIRIOS,SBI AMC,2026-08
INE331A01037,The Ramco Cements Ltd.,290000.0,2550.7,3.47,Cement & Cement Products,SBIRIOS,SBI AMC,2026-08
INE121R01077,Amagi Media Labs Ltd.,440381.0,2499.16,3.4,IT - Services,SBIRIOS,SBI AMC,2026-08
INE921L01032,Powerica Ltd.,470000.0,2439.3,3.31,Electrical Equipment,SBIRIOS,SBI AMC,2026-08
INE271C01023,DLF Ltd.,350000.0,2418.68,3.29,Realty,SBIRIOS,SBI AMC,2026-08
INE498Q01014,Vintage Coffee And Beverages Ltd.,1300000.0,2415.01,3.28,Agricultural Food & other Products,SBIRIOS,SBI AMC,2026-08
INE126A01031,E.I.D-Parry (India) Ltd.,300000.0,2398.2,3.26,Food Products,SBIRIOS,SBI AMC,2026-08
INE880J01026,JSW Infrastructure Ltd.,700000.0,2380.0,3.23,Transport Infrastructure,SBIRIOS,SBI AMC,2026-08
INE120A01034,Carborundum Universal Ltd.,210000.0,2323.86,3.16,Industrial Products,SBIRIOS,SBI AMC,2026-08
INE439A01020,Asahi India Glass Ltd.,236745.0,2253.93,3.06,Auto Components,SBIRIOS,SBI AMC,2026-08
INE797F01020,Jubilant Foodworks Ltd.,450000.0,2232.0,3.03,Leisure Services,SBIRIOS,SBI AMC,2026-08
INE019A01038,JSW Steel Ltd.,170000.0,2223.09,3.02,Ferrous Metals,SBIRIOS,SBI AMC,2026-08
INE090A01021,ICICI Bank Ltd.,150000.0,2181.0,2.96,Banks,SBIRIOS,SBI AMC,2026-08
INE121A01024,Cholamandalam Investment & Finance Co. Ltd.,115000.0,2136.01,2.9,Finance,SBIRIOS,SBI AMC,2026-08
INE894V01022,Belrise Industries Ltd.,900000.0,2091.06,2.84,Auto Components,SBIRIOS,SBI AMC,2026-08
INE321T01012,Doms Industries Ltd.,91000.0,2031.58,2.76,Household Products,SBIRIOS,SBI AMC,2026-08
INE048G01026,Navin Fluorine International Ltd.,22169.0,1923.27,2.61,Chemicals & Petrochemicals,SBIRIOS,SBI AMC,2026-08
INE0ILV01024,Capillary Technologies India Ltd.,370000.0,1827.43,2.48,IT - Software,SBIRIOS,SBI AMC,2026-08
INE227J01012,Kalpataru Ltd.,647301.0,1796.91,2.44,Realty,SBIRIOS,SBI AMC,2026-08
INE414G01012,Muthoot Finance Ltd.,59000.0,1757.08,2.39,Finance,SBIRIOS,SBI AMC,2026-08
INE501A01019,Deepak Fertilizers and Petrochemicals Corporation Ltd.,123031.0,1731.05,2.35,Chemicals & Petrochemicals,SBIRIOS,SBI AMC,2026-08
INE979B01015,Hawkins Cookers Ltd.,20000.0,1623.3,2.21,Consumer Durables,SBIRIOS,SBI AMC,2026-08
INE0JPD01013,Sanathan Textiles Ltd.,340000.0,1537.65,2.09,Textiles & Apparels,SBIRIOS,SBI AMC,2026-08
INE463A01038,Berger Paints India Ltd.,150000.0,746.63,1.01,Consumer Durables,SBIRIOS,SBI AMC,2026-08
