isin,instrument_name,quantity,market_value_lakhs,pct_nav,industry,scheme_name,amc_name,report_month
INE090A01021,ICICI Bank Ltd.,3390000.0,48660.06,8.9,Banks,SMEEF,SBI AMC,2026-07
INE040A01034,HDFC Bank Ltd.,5389800.0,40323.79,7.37,Banks,SMEEF,SBI AMC,2026-07
INE238A01034,Axis Bank Ltd.,2065000.0,25389.18,4.64,Banks,SMEEF,SBI AMC,2026-07
INE296A01032,Bajaj Finance Ltd.,2100000.0,23965.2,4.38,Finance,SMEEF,SBI AMC,2026-07
INE009A01021,Infosys Ltd.,2106277.0,23803.04,4.35,IT - Software,SMEEF,SBI AMC,2026-07
INE585B01010,Maruti Suzuki India Ltd.,154000.0,21920.36,4.01,Automobiles,SMEEF,SBI AMC,2026-07
INE018A01030,Larsen & Toubro Ltd.,555709.0,21888.82,4.0,Construction,SMEEF,SBI AMC,2026-07
INE062A01020,State Bank of India,2000000.0,20548.0,3.76,Banks,SMEEF,SBI AMC,2026-07
INE237A01036,Kotak Mahindra Bank Ltd.,5165000.0,20159.0,3.69,Banks,SMEEF,SBI AMC,2026-07
INE494B01023,TVS Motor Company Ltd.,389000.0,16777.96,3.07,Automobiles,SMEEF,SBI AMC,2026-07
INE021A01026,Asian Paints Ltd.,600000.0,16483.8,3.01,Consumer Durables,SMEEF,SBI AMC,2026-07
INE019A01038,JSW Steel Ltd.,1230000.0,15621.0,2.86,Ferrous Metals,SMEEF,SBI AMC,2026-07
INE481G01011,Ultratech Cement Ltd.,127000.0,15116.81,2.76,Cement & Cement Products,SMEEF,SBI AMC,2026-07
INE214T01019,LTM Ltd.,270000.0,11777.67,2.15,IT - Software,SMEEF,SBI AMC,2026-07
INE318A01026,Pidilite Industries Ltd.,698725.0,11259.25,2.06,Chemicals & Petrochemicals,SMEEF,SBI AMC,2026-07
INE003A01024,Siemens Ltd.,292000.0,10979.2,2.01,Electrical Equipment,SMEEF,SBI AMC,2026-07
INE718I01012,JSW Cement Ltd.,7984138.0,10626.89,1.94,Cement & Cement Products,SMEEF,SBI AMC,2026-07
INE117A01022,ABB India Ltd.,145000.0,10562.53,1.93,Electrical Equipment,SMEEF,SBI AMC,2026-07
INE361B01024,Divi's Laboratories Ltd.,130000.0,10472.8,1.91,Pharmaceuticals & Biotechnology,SMEEF,SBI AMC,2026-07
INE736A01011,Central Depository Services (I) Ltd.,770000.0,10264.1,1.88,Capital Markets,SMEEF,SBI AMC,2026-07
INE053A01029,The Indian Hotels Company Ltd.,1204792.0,8897.99,1.63,Leisure Services,SMEEF,SBI AMC,2026-07
INE073K01018,Sona Blw Precision Forgings Ltd.,1140000.0,8771.16,1.6,Auto Components,SMEEF,SBI AMC,2026-07
INE325A01013,Timken India Ltd.,276000.0,8681.3,1.59,Industrial Products,SMEEF,SBI AMC,2026-07
INE388Y01029,FSN E-Commerce Ventures Ltd.,2457530.0,8193.41,1.5,Retailing,SMEEF,SBI AMC,2026-07
INE152A01029,Thermax Ltd.,184435.0,7941.77,1.45,Electrical Equipment,SMEEF,SBI AMC,2026-07
INE093I01010,Oberoi Realty Ltd.,432000.0,7895.66,1.44,Realty,SMEEF,SBI AMC,2026-07
INE002A01018,Reliance Industries Ltd.,585000.0,7650.63,1.4,Petroleum Products,SMEEF,SBI AMC,2026-07
INE513A01022,Schaeffler India Ltd.,185000.0,7546.52,1.38,Auto Components,SMEEF,SBI AMC,2026-07
INE216A01030,Britannia Industries Ltd.,135000.0,7312.28,1.34,Food Products,SMEEF,SBI AMC,2026-07
INE484J01027,Godrej Properties Ltd.,345000.0,7264.67,1.33,Realty,SMEEF,SBI AMC,2026-07
INE726G01019,ICICI Prudential Life Insurance Company Ltd.,1350000.0,6957.9,1.27,Insurance,SMEEF,SBI AMC,2026-07
INE671A01010,Honeywell Automation India Ltd.,17000.0,6486.35,1.19,Industrial Manufacturing,SMEEF,SBI AMC,2026-07
INE634S01028,Mankind Pharma Ltd.,250000.0,6174.0,1.13,Pharmaceuticals & Biotechnology,SMEEF,SBI AMC,2026-07
INE761H01022,Page Industries Ltd.,15000.0,6056.25,1.11,Textiles & Apparels,SMEEF,SBI AMC,2026-07
INE010V01017,L&T Technology Services Ltd.,165000.0,5866.41,1.07,IT - Services,SMEEF,SBI AMC,2026-07
INE463A01038,Berger Paints India Ltd.,1100000.0,5724.95,1.05,Consumer Durables,SMEEF,SBI AMC,2026-07
INE226A01021,Voltas Ltd.,420000.0,5581.38,1.02,Consumer Durables,SMEEF,SBI AMC,2026-07
INE376G01013,Biocon Ltd.,1300000.0,5534.1,1.01,Pharmaceuticals & Biotechnology,SMEEF,SBI AMC,2026-07
INE970X01018,Lemon Tree Hotels Ltd.,5000000.0,5465.0,1.0,Leisure Services,SMEEF,SBI AMC,2026-07
INE797F01020,Jubilant Foodworks Ltd.,1136255.0,4979.64,0.91,Leisure Services,SMEEF,SBI AMC,2026-07
INE259A01022,Colgate Palmolive (India) Ltd.,135666.0,2816.56,0.51,Personal Products,SMEEF,SBI AMC,2026-07
INE217B01036,Kajaria Ceramics Ltd.,209133.0,2506.04,0.46,Consumer Durables,SMEEF,SBI AMC,2026-07
INE791I01019,Brigade Enterprises Ltd.,325034.0,1885.85,0.34,Realty,SMEEF,SBI AMC,2026-07
INE703F01010,Numero Uno International Ltd.,80000.0,0.0,,IT - Services,SMEEF,SBI AMC,2026-07
IN002025Z344,364 DAY T-BILL 19.11.26,500000.0,492.01,0.09,Sovereign,SMEEF,SBI AMC,2026-07
INE040A01034,HDFC Bank Ltd.,38000000.0,284297.0,6.72,Banks,SLMF,SBI AMC,2026-07
INE090A01021,ICICI Bank Ltd.,11600000.0,166506.4,3.93,Banks,SLMF,SBI AMC,2026-07
INE238A01034,Axis Bank Ltd.,11000000.0,135245.0,3.2,Banks,SLMF,SBI AMC,2026-07
INE062A01020,State Bank of India,11500000.0,118151.0,2.79,Banks,SLMF,SBI AMC,2026-07
INE021A01026,Asian Paints Ltd.,3844000.0,105606.21,2.5,Consumer Durables,SLMF,SBI AMC,2026-07
INE463A01038,Berger Paints India Ltd.,20000000.0,104090.0,2.46,Consumer Durables,SLMF,SBI AMC,2026-07
INE465A01025,Bharat Forge Ltd.,4700000.0,103390.6,2.44,Auto Components,SLMF,SBI AMC,2026-07
INE423A01024,Adani Enterprises Ltd.,3426861.0,103131.38,2.44,Metals & Minerals Trading,SLMF,SBI AMC,2026-07
INE787D01026,Balkrishna Industries Ltd.,4070000.0,100671.45,2.38,Auto Components,SLMF,SBI AMC,2026-07
INE376G01013,Biocon Ltd.,23500000.0,100039.5,2.36,Pharmaceuticals & Biotechnology,SLMF,SBI AMC,2026-07
INE1TAE01010,Tata Motors Ltd.,21332552.0,93180.59,2.2,"Agricultural, Commercial & Construction Vehicles",SLMF,SBI AMC,2026-07
INE208A01029,Ashok Leyland Ltd.,56000000.0,93060.8,2.2,"Agricultural, Commercial & Construction Vehicles",SLMF,SBI AMC,2026-07
INE813H01021,Torrent Power Ltd.,6500000.0,91864.5,2.17,Power,SLMF,SBI AMC,2026-07
INE00H001014,Swiggy Ltd.,30800000.0,87736.88,2.07,Retailing,SLMF,SBI AMC,2026-07
INE070A01015,Shree Cement Ltd.,335000.0,87284.25,2.06,Cement & Cement Products,SLMF,SBI AMC,2026-07
INE259A01022,Colgate Palmolive (India) Ltd.,4160742.0,86381.16,2.04,Personal Products,SLMF,SBI AMC,2026-07
INE358A01014,Abbott India Ltd.,308000.0,85624.0,2.02,Pharmaceuticals & Biotechnology,SLMF,SBI AMC,2026-07
INE540L01014,Alkem Laboratories Ltd.,1476712.0,84933.09,2.01,Pharmaceuticals & Biotechnology,SLMF,SBI AMC,2026-07
INE406A01037,Aurobindo Pharma Ltd.,5356608.0,84645.12,2.0,Pharmaceuticals & Biotechnology,SLMF,SBI AMC,2026-07
INE686F01025,United Breweries Ltd.,5720000.0,81155.36,1.92,Beverages,SLMF,SBI AMC,2026-07
INE068V01023,Gland Pharma Ltd.,3170000.0,79341.93,1.87,Pharmaceuticals & Biotechnology,SLMF,SBI AMC,2026-07
INE749A01030,Jindal Steel Ltd.,7121675.0,78509.35,1.85,Ferrous Metals,SLMF,SBI AMC,2026-07
INE214T01019,LTM Ltd.,1760000.0,76772.96,1.81,IT - Software,SLMF,SBI AMC,2026-07
INE795G01014,HDFC Life Insurance Company Ltd.,13673204.0,74997.52,1.77,Insurance,SLMF,SBI AMC,2026-07
INE093A01041,Hexaware Technologies Ltd.,12005153.0,67426.94,1.59,IT - Software,SLMF,SBI AMC,2026-07
INE361B01024,Divi's Laboratories Ltd.,830000.0,66864.8,1.58,Pharmaceuticals & Biotechnology,SLMF,SBI AMC,2026-07
INE346A01027,ICICI Prudential Asset Management Company Ltd.,2000000.0,62318.0,1.47,Capital Markets,SLMF,SBI AMC,2026-07
INE030A01027,Hindustan Unilever Ltd.,2900000.0,60937.7,1.44,Diversified FMCG,SLMF,SBI AMC,2026-07
INE388Y01029,FSN E-Commerce Ventures Ltd.,18000000.0,60012.0,1.42,Retailing,SLMF,SBI AMC,2026-07
INE121J01017,Indus Towers Ltd.,14114908.0,55203.41,1.3,Telecom - Services,SLMF,SBI AMC,2026-07
INE102D01028,Godrej Consumer Products Ltd.,4700000.0,50308.8,1.19,Personal Products,SLMF,SBI AMC,2026-07
INE761H01022,Page Industries Ltd.,121443.0,49032.61,1.16,Textiles & Apparels,SLMF,SBI AMC,2026-07
INE212H01026,AIA Engineering Ltd.,1054511.0,48412.6,1.14,Industrial Products,SLMF,SBI AMC,2026-07
INE797F01020,Jubilant Foodworks Ltd.,11000000.0,48207.5,1.14,Leisure Services,SLMF,SBI AMC,2026-07
INE387A01021,Sundram Fasteners Ltd.,4700000.0,45940.15,1.09,Auto Components,SLMF,SBI AMC,2026-07
INE931S01010,Adani Energy Solutions Ltd.,2720000.0,44754.88,1.06,Power,SLMF,SBI AMC,2026-07
INE148O01028,Delhivery Ltd.,9200000.0,44339.4,1.05,Transport Services,SLMF,SBI AMC,2026-07
INE331A01037,The Ramco Cements Ltd.,4700000.0,43157.75,1.02,Cement & Cement Products,SLMF,SBI AMC,2026-07
INE342J01019,ZF Commercial Vehicle Control Systems India Ltd.,1734360.0,41935.09,0.99,Auto Components,SLMF,SBI AMC,2026-07
INE918I01026,Bajaj Finserv Ltd.,2060000.0,41799.46,0.99,Finance,SLMF,SBI AMC,2026-07
INE121E01018,JSW Energy Ltd.,7523810.0,41730.81,0.99,Power,SLMF,SBI AMC,2026-07
INE775A01035,Samvardhana Motherson International Ltd.,27300000.0,41154.75,0.97,Auto Components,SLMF,SBI AMC,2026-07
INE009A01021,Infosys Ltd.,3492334.0,39466.87,0.93,IT - Software,SLMF,SBI AMC,2026-07
INE326A01037,Lupin Ltd.,1599424.0,38626.09,0.91,Pharmaceuticals & Biotechnology,SLMF,SBI AMC,2026-07
INE131B01039,Relaxo Footwears Ltd.,7697000.0,31092.03,0.73,Consumer Durables,SLMF,SBI AMC,2026-07
INE860A01027,HCL Technologies Ltd.,2185000.0,29429.77,0.7,IT - Software,SLMF,SBI AMC,2026-07
INE622W01025,Acme Solar Holdings Ltd.,7477639.0,27113.92,0.64,Power,SLMF,SBI AMC,2026-07
INE177A01018,Ingersoll Rand (India) Ltd.,616702.0,26737.73,0.63,Industrial Products,SLMF,SBI AMC,2026-07
INE081A01020,Tata Steel Ltd.,13867373.0,26305.02,0.62,Ferrous Metals,SLMF,SBI AMC,2026-07
INE548C01032,Emami Ltd.,6500000.0,25873.25,0.61,Personal Products,SLMF,SBI AMC,2026-07
INE226A01021,Voltas Ltd.,1875000.0,24916.88,0.59,Consumer Durables,SLMF,SBI AMC,2026-07
INE600L01024,Dr. Lal Path labs Ltd.,1300000.0,24767.6,0.59,Healthcare Services,SLMF,SBI AMC,2026-07
INE742F01042,Adani Ports and Special Economic Zone Ltd.,1430369.0,24266.21,0.57,Transport Infrastructure,SLMF,SBI AMC,2026-07
INE671A01010,Honeywell Automation India Ltd.,61631.0,23515.31,0.56,Industrial Manufacturing,SLMF,SBI AMC,2026-07
INE217B01036,Kajaria Ceramics Ltd.,1954741.0,23423.66,0.55,Consumer Durables,SLMF,SBI AMC,2026-07
INE075A01022,Wipro Ltd.,12699654.0,23322.91,0.55,IT - Software,SLMF,SBI AMC,2026-07
INE149A01033,Cholamandalam Financial Holdings Ltd.,1432535.0,21977.95,0.52,Finance,SLMF,SBI AMC,2026-07
INE823G01014,JK Cement Ltd.,380000.0,20687.2,0.49,Cement & Cement Products,SLMF,SBI AMC,2026-07
INE201P01022,G R Infra projects Ltd.,2264279.0,20018.49,0.47,Construction,SLMF,SBI AMC,2026-07
INE118D01016,Nuvoco Vistas Corporation Ltd.,5604494.0,19315.89,0.46,Cement & Cement Products,SLMF,SBI AMC,2026-07
INE012A01025,ACC Ltd.,1358440.0,18439.46,0.44,Cement & Cement Products,SLMF,SBI AMC,2026-07
INE1CDF01017,Vedanta Aluminium Metal Ltd.,4025841.0,18285.37,0.43,Non - Ferrous Metals,SLMF,SBI AMC,2026-07
INE325A01013,Timken India Ltd.,560000.0,17614.24,0.42,Industrial Products,SLMF,SBI AMC,2026-07
INE473B01035,Hatsun Agro Product Ltd.,1912000.0,16928.85,0.4,Food Products,SLMF,SBI AMC,2026-07
INE522F01014,Coal India Ltd.,4070000.0,16855.91,0.4,Consumable Fuels,SLMF,SBI AMC,2026-07
INE324D01010,LG Electronics India Ltd.,1100000.0,16395.5,0.39,Consumer Durables,SLMF,SBI AMC,2026-07
INE136S01016,Neogen Chemicals Ltd.,764082.0,15458.14,0.37,Chemicals & Petrochemicals,SLMF,SBI AMC,2026-07
INE00FF01025,Acutaas Chemicals Ltd.,470000.0,14593.03,0.34,Pharmaceuticals & Biotechnology,SLMF,SBI AMC,2026-07
INE127D01025,HDFC Asset Management Co. Ltd.,555697.0,14535.92,0.34,Capital Markets,SLMF,SBI AMC,2026-07
INE158A01026,Hero MotoCorp Ltd.,264235.0,14231.7,0.34,Automobiles,SLMF,SBI AMC,2026-07
INE018E01016,SBI Cards & Payment Services Ltd.,2000000.0,13203.0,0.31,Finance,SLMF,SBI AMC,2026-07
INE155A01022,Tata Motors Passenger Vehicles Ltd.,3520000.0,11959.2,0.28,Automobiles,SLMF,SBI AMC,2026-07
INE0FS801015,Motherson Sumi Wiring India Ltd.,28667307.0,11641.79,0.28,Auto Components,SLMF,SBI AMC,2026-07
INE916U01025,Sheela Foam Ltd.,1440401.0,11289.86,0.27,Consumer Durables,SLMF,SBI AMC,2026-07
INE006I01046,Astral Ltd.,736203.0,10664.64,0.25,Industrial Products,SLMF,SBI AMC,2026-07
INE845D01014,Ganesha Ecosphere Ltd.,857462.0,10150.64,0.24,Textiles & Apparels,SLMF,SBI AMC,2026-07
INE094A01015,Hindustan Petroleum Corporation Ltd.,2602792.0,10144.38,0.24,Petroleum Products,SLMF,SBI AMC,2026-07
INE844O01030,Gujarat Energy Ltd.,2923076.0,8023.84,0.19,Gas,SLMF,SBI AMC,2026-07
INE970X01018,Lemon Tree Hotels Ltd.,4210285.0,4601.84,0.11,Leisure Services,SLMF,SBI AMC,2026-07
INE1TUG01013,GSPL Transmission Ltd.,974358.0,1461.54,0.03,Gas,SLMF,SBI AMC,2026-07
INE122R01018,Manpasand Beverages Ltd.,1682520.0,0.0,,Beverages,SLMF,SBI AMC,2026-07
INE703F01010,Numero Uno International Ltd.,500000.0,0.0,,IT - Services,SLMF,SBI AMC,2026-07
INE114B01019,Padmini Technologies Ltd.,250.0,0.0,,Diversified,SLMF,SBI AMC,2026-07
IN002026X099,91 DAY T-BILL 03.09.26,20000000.0,19906.32,0.47,Sovereign,SLMF,SBI AMC,2026-07
IN002026X081,91 DAY T-BILL 28.08.26,5000000.0,4980.87,0.12,Sovereign,SLMF,SBI AMC,2026-07
IN002025Z344,364 DAY T-BILL 19.11.26,3500000.0,3444.06,0.08,Sovereign,SLMF,SBI AMC,2026-07
INE090A01021,ICICI Bank Ltd.,19002013.0,272754.89,8.44,Banks,SLTEF,SBI AMC,2026-07
INE040A01034,HDFC Bank Ltd.,34086506.0,255018.19,7.9,Banks,SLTEF,SBI AMC,2026-07
INE237A01036,Kotak Mahindra Bank Ltd.,45686609.0,178314.83,5.52,Banks,SLTEF,SBI AMC,2026-07
INE002A01018,Reliance Industries Ltd.,9775148.0,127839.39,3.96,Petroleum Products,SLTEF,SBI AMC,2026-07
INE423A01024,Adani Enterprises Ltd.,3434305.0,103355.41,3.2,Metals & Minerals Trading,SLTEF,SBI AMC,2026-07
INE296A01032,Bajaj Finance Ltd.,8638732.0,98585.21,3.05,Finance,SLTEF,SBI AMC,2026-07
INE018A01030,Larsen & Toubro Ltd.,2268231.0,89343.35,2.77,Construction,SLTEF,SBI AMC,2026-07
INE813H01021,Torrent Power Ltd.,5610813.0,79297.62,2.46,Power,SLTEF,SBI AMC,2026-07
INE059A01026,Cipla Ltd.,4756637.0,70074.78,2.17,Pharmaceuticals & Biotechnology,SLTEF,SBI AMC,2026-07
INE212H01026,AIA Engineering Ltd.,1484340.0,68146.05,2.11,Industrial Products,SLTEF,SBI AMC,2026-07
INE081A01020,Tata Steel Ltd.,34812247.0,66035.35,2.04,Ferrous Metals,SLTEF,SBI AMC,2026-07
INE669C01036,Tech Mahindra Ltd.,3780741.0,62431.38,1.93,IT - Software,SLTEF,SBI AMC,2026-07
INE397D01024,Bharti Airtel Ltd.,3063576.0,60413.72,1.87,Telecom - Services,SLTEF,SBI AMC,2026-07
INE388Y01029,FSN E-Commerce Ventures Ltd.,18000000.0,60012.0,1.86,Retailing,SLTEF,SBI AMC,2026-07
INE795G01014,HDFC Life Insurance Company Ltd.,10183940.0,55858.91,1.73,Insurance,SLTEF,SBI AMC,2026-07
INE044A01036,Sun Pharmaceutical Industries Ltd.,2721203.0,54165.55,1.68,Pharmaceuticals & Biotechnology,SLTEF,SBI AMC,2026-07
INE213A01029,Oil & Natural Gas Corporation Ltd.,22000000.0,53356.6,1.65,Oil,SLTEF,SBI AMC,2026-07
INE121A01024,Cholamandalam Investment & Finance Co. Ltd.,2600000.0,48097.4,1.49,Finance,SLTEF,SBI AMC,2026-07
INE129A01019,GAIL (India) Ltd.,26493555.0,48069.91,1.49,Gas,SLTEF,SBI AMC,2026-07
INE062A01020,State Bank of India,4604168.0,47303.22,1.46,Banks,SLTEF,SBI AMC,2026-07
INE326A01037,Lupin Ltd.,1945123.0,46974.72,1.45,Pharmaceuticals & Biotechnology,SLTEF,SBI AMC,2026-07
INE038A01020,Hindalco Industries Ltd.,4581423.0,44643.68,1.38,Non - Ferrous Metals,SLTEF,SBI AMC,2026-07
INE021A01026,Asian Paints Ltd.,1591000.0,43709.54,1.35,Consumer Durables,SLTEF,SBI AMC,2026-07
INE536A01023,Grindwell Norton Ltd.,1887280.0,40014.11,1.24,Industrial Products,SLTEF,SBI AMC,2026-07
INE216A01030,Britannia Industries Ltd.,738579.0,40005.13,1.24,Food Products,SLTEF,SBI AMC,2026-07
INE105A01035,TVS Holdings Ltd.,268476.0,39500.87,1.22,Finance,SLTEF,SBI AMC,2026-07
INE931S01010,Adani Energy Solutions Ltd.,2254796.0,37100.41,1.15,Power,SLTEF,SBI AMC,2026-07
INE726G01019,ICICI Prudential Life Insurance Company Ltd.,6904842.0,35587.56,1.1,Insurance,SLTEF,SBI AMC,2026-07
INE813A01018,Mahindra Lifespace Developers Ltd.,8973058.0,35232.71,1.09,Realty,SLTEF,SBI AMC,2026-07
INE1TAE01010,Tata Motors Ltd.,7989722.0,34899.11,1.08,"Agricultural, Commercial & Construction Vehicles",SLTEF,SBI AMC,2026-07
INE522D01027,Manappuram Finance Ltd.,8752740.0,32547.06,1.01,Finance,SLTEF,SBI AMC,2026-07
INE916U01025,Sheela Foam Ltd.,4131262.0,32380.83,1.0,Consumer Durables,SLTEF,SBI AMC,2026-07
INE465A01025,Bharat Forge Ltd.,1469271.0,32321.02,1.0,Auto Components,SLTEF,SBI AMC,2026-07
INE467B01029,Tata Consultancy Services Ltd.,1349100.0,31914.31,0.99,IT - Software,SLTEF,SBI AMC,2026-07
INE093A01041,Hexaware Technologies Ltd.,5404493.0,30354.33,0.94,IT - Software,SLTEF,SBI AMC,2026-07
INE009A01021,Infosys Ltd.,2670498.0,30179.3,0.93,IT - Software,SLTEF,SBI AMC,2026-07
INE148O01028,Delhivery Ltd.,6043971.0,29128.92,0.9,Transport Services,SLTEF,SBI AMC,2026-07
INE414G01012,Muthoot Finance Ltd.,931411.0,29056.3,0.9,Finance,SLTEF,SBI AMC,2026-07
INE804L01022,Medplus Health Services Ltd.,4067968.0,28677.14,0.89,Retailing,SLTEF,SBI AMC,2026-07
INE151A01013,Tata Communications Ltd.,1601448.0,28127.83,0.87,Telecom - Services,SLTEF,SBI AMC,2026-07
INE121E01018,JSW Energy Ltd.,4476190.0,24827.19,0.77,Power,SLTEF,SBI AMC,2026-07
INE0Q3R01026,Sundaram Clayton Ltd.,1921616.0,24089.38,0.75,Auto Components,SLTEF,SBI AMC,2026-07
INE406A01037,Aurobindo Pharma Ltd.,1500000.0,23703.0,0.73,Pharmaceuticals & Biotechnology,SLTEF,SBI AMC,2026-07
INE102D01028,Godrej Consumer Products Ltd.,2000000.0,21408.0,0.66,Personal Products,SLTEF,SBI AMC,2026-07
INE298A01020,Cummins India Ltd.,383190.0,21148.26,0.65,Industrial Products,SLTEF,SBI AMC,2026-07
INE066A01021,Eicher Motors Ltd.,234844.0,18396.5,0.57,Automobiles,SLTEF,SBI AMC,2026-07
INE323A01026,Bosch Ltd.,44596.0,18322.27,0.57,Auto Components,SLTEF,SBI AMC,2026-07
INE028A01039,Bank of Baroda,7447712.0,18068.15,0.56,Banks,SLTEF,SBI AMC,2026-07
INE048G01026,Navin Fluorine International Ltd.,231974.0,17554.63,0.54,Chemicals & Petrochemicals,SLTEF,SBI AMC,2026-07
INE376G01013,Biocon Ltd.,4072215.0,17335.42,0.54,Pharmaceuticals & Biotechnology,SLTEF,SBI AMC,2026-07
INE686F01025,United Breweries Ltd.,1219590.0,17303.54,0.54,Beverages,SLTEF,SBI AMC,2026-07
INE070A01015,Shree Cement Ltd.,64693.0,16855.76,0.52,Cement & Cement Products,SLTEF,SBI AMC,2026-07
INE463A01038,Berger Paints India Ltd.,3192103.0,16613.3,0.51,Consumer Durables,SLTEF,SBI AMC,2026-07
INE063P01018,Equitas Small Finance Bank Ltd.,21891166.0,16464.35,0.51,Banks,SLTEF,SBI AMC,2026-07
INE149A01033,Cholamandalam Financial Holdings Ltd.,1050000.0,16109.1,0.5,Finance,SLTEF,SBI AMC,2026-07
INE217B01036,Kajaria Ceramics Ltd.,1331129.0,15950.92,0.49,Consumer Durables,SLTEF,SBI AMC,2026-07
INE718I01012,JSW Cement Ltd.,11611984.0,15455.55,0.48,Cement & Cement Products,SLTEF,SBI AMC,2026-07
INE036D01028,Karur Vysya Bank Ltd.,4185296.0,14332.55,0.44,Banks,SLTEF,SBI AMC,2026-07
INE787D01026,Balkrishna Industries Ltd.,571087.0,14125.84,0.44,Auto Components,SLTEF,SBI AMC,2026-07
INE995S01015,Niva Bupa Health Insurance Company Ltd.,16098757.0,14007.53,0.43,Insurance,SLTEF,SBI AMC,2026-07
INE797F01020,Jubilant Foodworks Ltd.,3000000.0,13147.5,0.41,Leisure Services,SLTEF,SBI AMC,2026-07
INE578A01017,HeidelbergCement India Ltd.,7655191.0,11688.71,0.36,Cement & Cement Products,SLTEF,SBI AMC,2026-07
INE010A01011,Prism Johnson Ltd.,10196398.0,10855.09,0.34,Cement & Cement Products,SLTEF,SBI AMC,2026-07
INE967H01025,Krishna Institute of Medical Sciences Ltd.,1324503.0,10658.28,0.33,Healthcare Services,SLTEF,SBI AMC,2026-07
INE450D01021,Pitti Engineering Ltd.,1100000.0,10169.5,0.31,Industrial Manufacturing,SLTEF,SBI AMC,2026-07
INE844O01030,Gujarat Energy Ltd.,3597148.0,9874.17,0.31,Gas,SLTEF,SBI AMC,2026-07
INE596I01020,Computer Age Management Services Ltd.,1200000.0,9553.8,0.3,Capital Markets,SLTEF,SBI AMC,2026-07
INE216P01012,Aavas Financiers Ltd.,648860.0,8823.2,0.27,Finance,SLTEF,SBI AMC,2026-07
INE683A01023,The South Indian Bank Ltd.,17059824.0,7966.94,0.25,Banks,SLTEF,SBI AMC,2026-07
INE545U01014,Bandhan Bank Ltd.,3993243.0,6953.43,0.22,Banks,SLTEF,SBI AMC,2026-07
INE152A01029,Thermax Ltd.,120624.0,5194.07,0.16,Electrical Equipment,SLTEF,SBI AMC,2026-07
INE325A01013,Timken India Ltd.,162028.0,5096.43,0.16,Industrial Products,SLTEF,SBI AMC,2026-07
INE775A01035,Samvardhana Motherson International Ltd.,3197601.0,4820.38,0.15,Auto Components,SLTEF,SBI AMC,2026-07
INE501A01019,Deepak Fertilizers and Petrochemicals Corporation Ltd.,260381.0,4043.2,0.13,Chemicals & Petrochemicals,SLTEF,SBI AMC,2026-07
INE613A01020,Rallis India Ltd.,1454194.0,3157.64,0.1,Fertilizers & Agrochemicals,SLTEF,SBI AMC,2026-07
INE343H01029,Solar Industries India Ltd.,12784.0,2351.11,0.07,Chemicals & Petrochemicals,SLTEF,SBI AMC,2026-07
INE1TUG01013,GSPL Transmission Ltd.,1199049.0,1798.57,0.06,Gas,SLTEF,SBI AMC,2026-07
INE058A01010,Sanofi India Ltd.,47876.0,1588.53,0.05,Pharmaceuticals & Biotechnology,SLTEF,SBI AMC,2026-07
INE976I01016,TATA Capital Ltd.,88780.0,324.4,0.01,Finance,SLTEF,SBI AMC,2026-07
INE732I01021,Angel One Ltd.,270.0,0.8,,Capital Markets,SLTEF,SBI AMC,2026-07
INE122R01018,Manpasand Beverages Ltd.,1035288.0,0.0,,Beverages,SLTEF,SBI AMC,2026-07
IN002025Z344,364 DAY T-BILL 19.11.26,4000000.0,3936.06,0.12,Sovereign,SLTEF,SBI AMC,2026-07
INE298A01020,Cummins India Ltd.,600000.0,33114.0,5.11,Industrial Products,SMGLF,SBI AMC,2026-07
INE361B01024,Divi's Laboratories Ltd.,400000.0,32224.0,4.97,Pharmaceuticals & Biotechnology,SMGLF,SBI AMC,2026-07
INE1CDF01017,Vedanta Aluminium Metal Ltd.,6000000.0,27252.0,4.2,Non - Ferrous Metals,SMGLF,SBI AMC,2026-07
INE044A01036,Sun Pharmaceutical Industries Ltd.,1200000.0,23886.0,3.69,Pharmaceuticals & Biotechnology,SMGLF,SBI AMC,2026-07
INE073K01018,Sona Blw Precision Forgings Ltd.,3000000.0,23082.0,3.56,Auto Components,SMGLF,SBI AMC,2026-07
INE585B01010,Maruti Suzuki India Ltd.,150000.0,21351.0,3.29,Automobiles,SMGLF,SBI AMC,2026-07
INE048G01026,Navin Fluorine International Ltd.,280000.0,21189.0,3.27,Chemicals & Petrochemicals,SMGLF,SBI AMC,2026-07
INE0BWX01014,Aether Industries Ltd.,1360000.0,20938.56,3.23,Chemicals & Petrochemicals,SMGLF,SBI AMC,2026-07
INE323A01026,Bosch Ltd.,50000.0,20542.5,3.17,Auto Components,SMGLF,SBI AMC,2026-07
INE376G01013,Biocon Ltd.,4500000.0,19156.5,2.96,Pharmaceuticals & Biotechnology,SMGLF,SBI AMC,2026-07
INE406A01037,Aurobindo Pharma Ltd.,1200000.0,18962.4,2.93,Pharmaceuticals & Biotechnology,SMGLF,SBI AMC,2026-07
INE003A01024,Siemens Ltd.,500000.0,18800.0,2.9,Electrical Equipment,SMGLF,SBI AMC,2026-07
INE0CZ201020,Anthem Biosciences Ltd.,2320000.0,18773.44,2.9,Pharmaceuticals & Biotechnology,SMGLF,SBI AMC,2026-07
INE117A01022,ABB India Ltd.,250000.0,18211.25,2.81,Electrical Equipment,SMGLF,SBI AMC,2026-07
INE536A01023,Grindwell Norton Ltd.,840000.0,17809.68,2.75,Industrial Products,SMGLF,SBI AMC,2026-07
INE0V6F01027,Hyundai Motor India Ltd.,800000.0,17445.6,2.69,Automobiles,SMGLF,SBI AMC,2026-07
INE216A01030,Britannia Industries Ltd.,300000.0,16249.5,2.51,Food Products,SMGLF,SBI AMC,2026-07
INE421D01022,CCL Products (India) Ltd.,1313472.0,15174.54,2.34,Agricultural Food & other Products,SMGLF,SBI AMC,2026-07
INE775A01035,Samvardhana Motherson International Ltd.,10000000.0,15075.0,2.33,Auto Components,SMGLF,SBI AMC,2026-07
INE205A01025,Vedanta Ltd.,5600000.0,14798.0,2.28,Diversified Metals,SMGLF,SBI AMC,2026-07
INE121R01077,Amagi Media Labs Ltd.,2272467.0,14786.94,2.28,IT - Services,SMGLF,SBI AMC,2026-07
INE059A01026,Cipla Ltd.,1000000.0,14732.0,2.27,Pharmaceuticals & Biotechnology,SMGLF,SBI AMC,2026-07
INE465A01025,Bharat Forge Ltd.,600000.0,13198.8,2.04,Auto Components,SMGLF,SBI AMC,2026-07
INE259A01022,Colgate Palmolive (India) Ltd.,600000.0,12456.6,1.92,Personal Products,SMGLF,SBI AMC,2026-07
INE591G01025,Coforge Ltd.,700000.0,12047.0,1.86,IT - Software,SMGLF,SBI AMC,2026-07
INE030A01027,Hindustan Unilever Ltd.,560000.0,11767.28,1.82,Diversified FMCG,SMGLF,SBI AMC,2026-07
INE276A01018,Garware Technical Fibres Ltd.,1600000.0,11726.4,1.81,Textiles & Apparels,SMGLF,SBI AMC,2026-07
INE887G01027,Gokaldas Exports Ltd.,1400000.0,11409.3,1.76,Textiles & Apparels,SMGLF,SBI AMC,2026-07
INE19RI01016,Tenneco Clean Air India Ltd.,1988237.0,10695.72,1.65,Auto Components,SMGLF,SBI AMC,2026-07
INE914M01019,Aster DM Quality Care Ltd.,1200000.0,9865.8,1.52,Healthcare Services,SMGLF,SBI AMC,2026-07
INE342J01019,ZF Commercial Vehicle Control Systems India Ltd.,400000.0,9671.6,1.49,Auto Components,SMGLF,SBI AMC,2026-07
INE205C01021,Polymedicure Ltd.,560000.0,9531.2,1.47,Healthcare Equipment & Supplies,SMGLF,SBI AMC,2026-07
INE03QK01018,Cohance Lifesciences Ltd.,2200000.0,9351.1,1.44,Pharmaceuticals & Biotechnology,SMGLF,SBI AMC,2026-07
INE717A01029,Kennametal India Ltd.,320000.0,9028.48,1.39,Industrial Manufacturing,SMGLF,SBI AMC,2026-07
INE325A01013,Timken India Ltd.,240000.0,7548.96,1.16,Industrial Products,SMGLF,SBI AMC,2026-07
INE959A01019,Privi Speciality Chemicals Ltd.,191741.0,6935.46,1.07,Chemicals & Petrochemicals,SMGLF,SBI AMC,2026-07
INE358A01014,Abbott India Ltd.,24000.0,6672.0,1.03,Pharmaceuticals & Biotechnology,SMGLF,SBI AMC,2026-07
INE0QPI01025,Sudeep Pharma Ltd.,687500.0,6057.22,0.93,Chemicals & Petrochemicals,SMGLF,SBI AMC,2026-07
INE947N01017,Aequs Ltd.,2000000.0,4583.2,0.71,Aerospace & Defense,SMGLF,SBI AMC,2026-07
INE239A01024,Nestle India Ltd.,300000.0,4528.8,0.7,Food Products,SMGLF,SBI AMC,2026-07
INE227W01023,Clean Science & Technology Ltd.,514884.0,3779.51,0.58,Chemicals & Petrochemicals,SMGLF,SBI AMC,2026-07
INE326A01037,Lupin Ltd.,150000.0,3622.5,0.56,Pharmaceuticals & Biotechnology,SMGLF,SBI AMC,2026-07
INE787D01026,Balkrishna Industries Ltd.,131677.0,3257.03,0.5,Auto Components,SMGLF,SBI AMC,2026-07
INE084101034,INDO-MIM Ltd.,412380.0,3200.69,0.49,Industrial Manufacturing,SMGLF,SBI AMC,2026-07
INE068V01023,Gland Pharma Ltd.,69519.0,1739.99,0.27,Pharmaceuticals & Biotechnology,SMGLF,SBI AMC,2026-07
INE704J01044,Vedanta Oil and Gas Ltd.,3000000.0,1066.2,0.16,Oil,SMGLF,SBI AMC,2026-07
INE694L01019,Vedanta Power Ltd.,3000000.0,1035.6,0.16,Power,SMGLF,SBI AMC,2026-07
IN002025Z344,364 DAY T-BILL 19.11.26,2000000.0,1968.03,0.3,Sovereign,SMGLF,SBI AMC,2026-07
INE090A01021,ICICI Bank Ltd.,27000000.0,387558.0,4.4,Banks,SEHF,SBI AMC,2026-07
INE062A01020,State Bank of India,33000000.0,339042.0,3.85,Banks,SEHF,SBI AMC,2026-07
INE931S01010,Adani Energy Solutions Ltd.,20174466.0,331950.66,3.77,Power,SEHF,SBI AMC,2026-07
INE343H01029,Solar Industries India Ltd.,1790000.0,329198.9,3.74,Chemicals & Petrochemicals,SEHF,SBI AMC,2026-07
INE814H01029,Adani Power Ltd.,130000000.0,274703.0,3.12,Power,SEHF,SBI AMC,2026-07
INE237A01036,Kotak Mahindra Bank Ltd.,70000000.0,273210.0,3.1,Banks,SEHF,SBI AMC,2026-07
INE296A01032,Bajaj Finance Ltd.,23000000.0,262476.0,2.98,Finance,SEHF,SBI AMC,2026-07
INE397D01024,Bharti Airtel Ltd.,13000000.0,256360.0,2.91,Telecom - Services,SEHF,SBI AMC,2026-07
INE883A01011,MRF Ltd.,170000.0,225709.0,2.56,Auto Components,SEHF,SBI AMC,2026-07
INE423A01024,Adani Enterprises Ltd.,7460874.0,224535.0,2.55,Metals & Minerals Trading,SEHF,SBI AMC,2026-07
INE414G01012,Muthoot Finance Ltd.,7000000.0,218372.0,2.48,Finance,SEHF,SBI AMC,2026-07
INE646L01027,Interglobe Aviation Ltd.,4000000.0,206840.0,2.35,Transport Services,SEHF,SBI AMC,2026-07
INE018A01030,Larsen & Toubro Ltd.,5153000.0,202971.52,2.31,Construction,SEHF,SBI AMC,2026-07
INE040A01034,HDFC Bank Ltd.,27000000.0,202000.5,2.29,Banks,SEHF,SBI AMC,2026-07
INE002A01018,Reliance Industries Ltd.,15000000.0,196170.0,2.23,Petroleum Products,SEHF,SBI AMC,2026-07
INE361B01024,Divi's Laboratories Ltd.,2300000.0,185288.0,2.1,Pharmaceuticals & Biotechnology,SEHF,SBI AMC,2026-07
INE591G01025,Coforge Ltd.,9875000.0,169948.75,1.93,IT - Software,SEHF,SBI AMC,2026-07
INE467B01029,Tata Consultancy Services Ltd.,7000000.0,165592.0,1.88,IT - Software,SEHF,SBI AMC,2026-07
INE070A01015,Shree Cement Ltd.,590000.0,153724.5,1.75,Cement & Cement Products,SEHF,SBI AMC,2026-07
INE021A01026,Asian Paints Ltd.,5500000.0,151101.5,1.72,Consumer Durables,SEHF,SBI AMC,2026-07
INE009A01021,Infosys Ltd.,13000000.0,146913.0,1.67,IT - Software,SEHF,SBI AMC,2026-07
INE121E01018,JSW Energy Ltd.,25000000.0,138662.5,1.58,Power,SEHF,SBI AMC,2026-07
INE212H01026,AIA Engineering Ltd.,2900000.0,133139.0,1.51,Industrial Products,SEHF,SBI AMC,2026-07
INE192R01011,Avenue Supermarts Ltd.,3300000.0,129393.0,1.47,Retailing,SEHF,SBI AMC,2026-07
INE956O01016,Lenskart Solutions Ltd.,23000000.0,129122.0,1.47,Retailing,SEHF,SBI AMC,2026-07
INE761H01022,Page Industries Ltd.,317411.0,128154.69,1.46,Textiles & Apparels,SEHF,SBI AMC,2026-07
INE522F01014,Coal India Ltd.,29000000.0,120103.5,1.36,Consumable Fuels,SEHF,SBI AMC,2026-07
INE271C01023,DLF Ltd.,13000000.0,85709.0,0.97,Realty,SEHF,SBI AMC,2026-07
INE093I01010,Oberoi Realty Ltd.,4491899.0,82098.44,0.93,Realty,SEHF,SBI AMC,2026-07
INE749A01030,Jindal Steel Ltd.,7000000.0,77168.0,0.88,Ferrous Metals,SEHF,SBI AMC,2026-07
INE027H01010,Max Healthcare Institute Ltd.,7000000.0,76895.0,0.87,Healthcare Services,SEHF,SBI AMC,2026-07
INE006I01046,Astral Ltd.,5300000.0,76775.8,0.87,Industrial Products,SEHF,SBI AMC,2026-07
INE01EA01019,Vishal Mega Mart Ltd.,70000000.0,74970.0,0.85,Retailing,SEHF,SBI AMC,2026-07
INE686F01025,United Breweries Ltd.,5000000.0,70940.0,0.81,Beverages,SEHF,SBI AMC,2026-07
INE00H001014,Swiggy Ltd.,23000000.0,65517.8,0.74,Retailing,SEHF,SBI AMC,2026-07
INE154A01025,ITC Ltd.,23000000.0,64630.0,0.73,Diversified FMCG,SEHF,SBI AMC,2026-07
INE0VDM01015,Meesho Ltd.,35403347.0,64501.36,0.73,Retailing,SEHF,SBI AMC,2026-07
INE038A01020,Hindalco Industries Ltd.,4033594.0,39305.36,0.45,Non - Ferrous Metals,SEHF,SBI AMC,2026-07
INE274F01020,Westlife Foodworld Ltd.,7700000.0,39046.7,0.44,Leisure Services,SEHF,SBI AMC,2026-07
INE179A01014,Procter & Gamble Hygiene and Health Care Ltd.,430000.0,36954.2,0.42,Personal Products,SEHF,SBI AMC,2026-07
INE825V01034,Vedant Fashions Ltd.,5000000.0,20732.5,0.24,Retailing,SEHF,SBI AMC,2026-07
INE200M01039,Varun Beverages Ltd.,3331748.0,14736.32,0.17,Beverages,SEHF,SBI AMC,2026-07
INE663F01032,Info Edge (India) Ltd.,949124.0,11638.63,0.13,Retailing,SEHF,SBI AMC,2026-07
INE775A08105,Samvardhana Motherson International Ltd.,36200.0,40518.49,0.46,Auto Components,SEHF,SBI AMC,2026-07
INE703F01010,Numero Uno International Ltd.,80000.0,0.0,,IT - Services,SEHF,SBI AMC,2026-07
INE814H07208,Adani Power Ltd.,100000.0,99623.4,1.13,CRISIL AA,SEHF,SBI AMC,2026-07
INE121A07SU3,Cholamandalam Investment & Finance Co. Ltd.,87500.0,87420.81,0.99,[ICRA]AA+,SEHF,SBI AMC,2026-07
INE0GCN07047,Adani Airport Holdings Ltd.,100690.0,64004.0,0.73,CRISIL AA-,SEHF,SBI AMC,2026-07
INE0KXY07059,Vertis Infrastructure Trust,60000.0,59243.4,0.67,CRISIL AAA,SEHF,SBI AMC,2026-07
INE776C08075,GMR Airports Ltd.,54500.0,57905.65,0.66,CRISIL A+,SEHF,SBI AMC,2026-07
INE660A07SB0,Sundaram Finance Ltd.,56000.0,55228.43,0.63,CRISIL AAA,SEHF,SBI AMC,2026-07
INE0AY207061,Renserv Global Pvt Ltd.,51500.0,51504.38,0.59,CARE A(CE),SEHF,SBI AMC,2026-07
INE062A08496,State Bank of India( Tier II Bond under Basel III ),500.0,50005.1,0.57,CRISIL AAA,SEHF,SBI AMC,2026-07
INE414G07JZ7,Muthoot Finance Ltd.,47500.0,47524.27,0.54,CRISIL AA+,SEHF,SBI AMC,2026-07
INE105A08022,TVS Holdings Ltd.,45000.0,45204.44,0.51,CRISIL AA+,SEHF,SBI AMC,2026-07
INE582L08078,Tata Housing Development Co. Ltd.,45000.0,44578.85,0.51,CARE AA,SEHF,SBI AMC,2026-07
INE121A08PY9,Cholamandalam Investment & Finance Co. Ltd.,35000.0,34488.48,0.39,[ICRA]AA+,SEHF,SBI AMC,2026-07
INE556F08LE6,Small Industries Development Bank of India,29761.0,29873.26,0.34,CRISIL AAA,SEHF,SBI AMC,2026-07
INE787H08212,India Infrastructure Finance Company Ltd.,30000.0,29725.02,0.34,IND AAA,SEHF,SBI AMC,2026-07
INE115A07RF8,LIC Housing Finance Ltd.,29500.0,29488.08,0.33,CRISIL AAA,SEHF,SBI AMC,2026-07
INE607M08105,Tata Power Renewable Energy Ltd. (Guaranteed by Tata Power Ltd.),25000.0,25123.5,0.29,[ICRA]AA+,SEHF,SBI AMC,2026-07
INE01QP08016,Aditya Birla Renewables Ltd.,25000.0,25070.8,0.28,CRISIL AA,SEHF,SBI AMC,2026-07
INE813H07325,Torrent Power Ltd.,17000.0,17189.09,0.2,CRISIL AA+,SEHF,SBI AMC,2026-07
INE055A08052,Aditya Birla Real Estate Ltd.,15500.0,15577.62,0.18,CRISIL AA,SEHF,SBI AMC,2026-07
INE507T07153,Summit Digitel Infrastructure Pvt. Ltd.,15000.0,15042.71,0.17,CRISIL AAA,SEHF,SBI AMC,2026-07
INE414G07KC4,Muthoot Finance Ltd.,15000.0,14996.7,0.17,CRISIL AA+,SEHF,SBI AMC,2026-07
INE476A08167,Canara Bank( AT1 Bond under Basel III ),128.0,12858.92,0.15,CRISIL AA+,SEHF,SBI AMC,2026-07
INE403D08264,Bharti Telecom Ltd.,12500.0,12711.54,0.14,CRISIL AAA,SEHF,SBI AMC,2026-07
INE476A08266,Canara Bank( AT1 Bond under Basel III ),125.0,12245.54,0.14,[ICRA]AA+,SEHF,SBI AMC,2026-07
INE939L08013,Torrent Investments Ltd.,11500.0,11486.84,0.13,CRISIL AA+,SEHF,SBI AMC,2026-07
INE476A08241,Canara Bank( AT1 Bond under Basel III ),88.0,8835.39,0.1,[ICRA]AA+,SEHF,SBI AMC,2026-07
INE062A08439,State Bank of India,8000.0,7986.34,0.09,CRISIL AAA,SEHF,SBI AMC,2026-07
INE813H07275,Torrent Power Ltd.,7500.0,7699.7,0.09,CRISIL AA+,SEHF,SBI AMC,2026-07
INE020B08FP0,REC Ltd.,57.0,5816.42,0.07,CRISIL AAA,SEHF,SBI AMC,2026-07
INE134E08MA1,Power Finance Corporation Ltd.,5500.0,5571.46,0.06,CRISIL AAA,SEHF,SBI AMC,2026-07
INE121A07RP5,Cholamandalam Investment & Finance Co. Ltd.,5000.0,5009.31,0.06,[ICRA]AA+,SEHF,SBI AMC,2026-07
INE414G07JN3,Muthoot Finance Ltd.,5000.0,4996.25,0.06,CRISIL AA+,SEHF,SBI AMC,2026-07
INE282H07083,Jio Credit Ltd.,5000.0,4995.98,0.06,CRISIL AAA,SEHF,SBI AMC,2026-07
INE756I07DX5,HDB Financial Services Ltd.,500.0,4994.84,0.06,CRISIL AAA,SEHF,SBI AMC,2026-07
INE414G07II5,Muthoot Finance Ltd.,5000.0,4986.91,0.06,CRISIL AA+,SEHF,SBI AMC,2026-07
INE296A07SV1,Bajaj Finance Ltd.,5000.0,4984.11,0.06,CRISIL AAA,SEHF,SBI AMC,2026-07
INE062A08314,State Bank of India( AT1 Bond under Basel III ),45.0,4512.19,0.05,CRISIL AA+,SEHF,SBI AMC,2026-07
INE813H07309,Torrent Power Ltd.,4000.0,4106.51,0.05,CRISIL AA+,SEHF,SBI AMC,2026-07
INE414G07JQ6,Muthoot Finance Ltd.,3500.0,3480.51,0.04,CRISIL AA+,SEHF,SBI AMC,2026-07
INE813H07333,Torrent Power Ltd.,3000.0,3021.09,0.03,CRISIL AA+,SEHF,SBI AMC,2026-07
INE403D08256,Bharti Telecom Ltd.,2500.0,2533.5,0.03,CRISIL AAA,SEHF,SBI AMC,2026-07
INE403D08280,Bharti Telecom Ltd.,2500.0,2466.26,0.03,CRISIL AAA,SEHF,SBI AMC,2026-07
INE084A08169,Bank of India( AT1 Bond Under Basel III ),14.0,1413.28,0.02,CRISIL AA,SEHF,SBI AMC,2026-07
INE020B08EW9,REC Ltd.,1000.0,1001.8,0.01,CRISIL AAA,SEHF,SBI AMC,2026-07
INE2QI808033,JSW Kalinga Steel Ltd.,87500.0,90307.7,1.03,CRISIL AA,SEHF,SBI AMC,2026-07
INE02PE08036,JTPM Metal Traders Ltd.,65000.0,69854.79,0.79,CRISIL AA,SEHF,SBI AMC,2026-07
INE0H7R07058,National Highways Infra Trust,5000.0,2648.25,0.03,IND AAA,SEHF,SBI AMC,2026-07
INE1CBK15029,India Universal Trust AL2 (Obligor - HDFC Bank Ltd.),300.0,18251.88,0.21,CRISIL AAA(SO),SEHF,SBI AMC,2026-07
IN0020260025,6.94% CGL 2036,402000000.0,405093.39,4.6,Sovereign,SEHF,SBI AMC,2026-07
IN0020250018,6.90% CGL 2065,12500000.0,11428.7,0.13,Sovereign,SEHF,SBI AMC,2026-07
IN0020210095,6.10% CGL 2031,350000.0,345.25,,Sovereign,SEHF,SBI AMC,2026-07
IN0020160118,6.79% CGL 2029,250000.0,252.96,,Sovereign,SEHF,SBI AMC,2026-07
IN3420250489,8.06% State Government of West Bengal 2049,80000000.0,82704.8,0.94,Sovereign,SEHF,SBI AMC,2026-07
IN3420250240,7.57% State Government of West Bengal 2046,35400000.0,34967.31,0.4,Sovereign,SEHF,SBI AMC,2026-07
IN3120250474,7.52% State Government of Tamil Nadu 2055,25000000.0,24581.2,0.28,Sovereign,SEHF,SBI AMC,2026-07
IN2920260030,7.64% State Government of Rajasthan 2036,10500000.0,10595.33,0.12,Sovereign,SEHF,SBI AMC,2026-07
INE261F14PT0,National Bank for Agriculture and Rural Development,500.0,2482.07,0.03,CRISIL A1+,SEHF,SBI AMC,2026-07
INE028A16MV2,Bank of Baroda,10000.0,47098.9,0.53,IND A1+,SEHF,SBI AMC,2026-07
INE556F16BL5,Small Industries Development Bank of India,2000.0,9865.53,0.11,CRISIL A1+,SEHF,SBI AMC,2026-07
INE556F16CC2,Small Industries Development Bank of India,100.0,480.6,0.01,CRISIL A1+,SEHF,SBI AMC,2026-07
INE261F16AO8,National Bank for Agriculture and Rural Development,100.0,479.53,0.01,CRISIL A1+,SEHF,SBI AMC,2026-07
IN002026Z011,364 DAY T-BILL 08.04.27,50000000.0,48154.8,0.55,Sovereign,SEHF,SBI AMC,2026-07
IN000826C023,GOI 22.08.2026 GOV,257000.0,256.19,,Sovereign,SEHF,SBI AMC,2026-07
INE0NR623014,Cube Highways Trust,4605263.0,7228.42,0.08,Transport Infrastructure,SEHF,SBI AMC,2026-07
INE0H7R23014,National Highways Infra Trust,1240.0,2.12,,Transport Infrastructure,SEHF,SBI AMC,2026-07
INE414G07JZ7,Muthoot Finance Ltd.,10000.0,10005.11,4.88,CRISIL AA+,SMIF,SBI AMC,2026-07
INE813H07283,Torrent Power Ltd.,7500.0,7671.11,3.74,CRISIL AA+,SMIF,SBI AMC,2026-07
INE020B08GD4,REC Ltd.,7500.0,7514.23,3.66,CRISIL AAA,SMIF,SBI AMC,2026-07
INE896L07AM2,Indostar Capital Finance Ltd.,7000.0,6976.91,3.4,CARE AA-,SMIF,SBI AMC,2026-07
INE814H07190,Adani Power Ltd.,7000.0,6967.29,3.4,CRISIL AA,SMIF,SBI AMC,2026-07
INE154Z07011,Renew Solar Energy (Jharkhand Five) Pvt. Ltd.,7500.0,6826.77,3.33,CARE AA,SMIF,SBI AMC,2026-07
INE01WN07128,Motilal Oswal Finvest Ltd.,6000.0,6041.53,2.95,CRISIL AA+,SMIF,SBI AMC,2026-07
INE926X08015,H.G. Infra Engineering Ltd.,6000.0,5944.6,2.9,[ICRA]AA-,SMIF,SBI AMC,2026-07
INE607M08105,Tata Power Renewable Energy Ltd. (Guaranteed by Tata Power Ltd.),5000.0,5024.7,2.45,[ICRA]AA+,SMIF,SBI AMC,2026-07
INE556F08LF3,Small Industries Development Bank of India,5000.0,5008.58,2.44,CRISIL AAA,SMIF,SBI AMC,2026-07
INE651J07960,JM Financial Credit Solutions Ltd.,5000.0,5008.22,2.44,[ICRA]AA,SMIF,SBI AMC,2026-07
INE087P07501,Avanse Financial Services Ltd.,5000.0,4981.73,2.43,IND AA,SMIF,SBI AMC,2026-07
INE403D08264,Bharti Telecom Ltd.,2500.0,2542.31,1.24,CRISIL AAA,SMIF,SBI AMC,2026-07
INE813H07440,Torrent Power Ltd.,2500.0,2523.38,1.23,CRISIL AA+,SMIF,SBI AMC,2026-07
INE020B08EK4,REC Ltd.,2500.0,2506.39,1.22,CRISIL AAA,SMIF,SBI AMC,2026-07
INE245A08307,Tata Power Company Ltd.,2500.0,2497.25,1.22,CRISIL AA+,SMIF,SBI AMC,2026-07
INE316Z08022,Godrej Seeds & Genetics Ltd.,2500.0,2483.54,1.21,CRISIL AA,SMIF,SBI AMC,2026-07
INE316Z08048,Godrej Seeds & Genetics Ltd.,2500.0,2480.13,1.21,CRISIL AA,SMIF,SBI AMC,2026-07
INE316Z08030,Godrej Seeds & Genetics Ltd.,2500.0,2475.68,1.21,CRISIL AA,SMIF,SBI AMC,2026-07
INE316Z08014,Godrej Seeds & Genetics Ltd.,2500.0,2473.91,1.21,CRISIL AA,SMIF,SBI AMC,2026-07
INE403D08280,Bharti Telecom Ltd.,2500.0,2466.26,1.2,CRISIL AAA,SMIF,SBI AMC,2026-07
INE2QI808033,JSW Kalinga Steel Ltd.,7500.0,7740.66,3.77,CRISIL AA,SMIF,SBI AMC,2026-07
INE02PE08036,JTPM Metal Traders Ltd.,6000.0,6448.13,3.14,CRISIL AA,SMIF,SBI AMC,2026-07
INE0H7R07058,National Highways Infra Trust,7500.0,3972.38,1.94,IND AAA,SMIF,SBI AMC,2026-07
INE2I7F15012,Siddhivinayak Securitisation Trust (Obligor - Digital Fibre Infrastructure Trust),50.0,4912.32,2.39,CRISIL AAA(SO),SMIF,SBI AMC,2026-07
INE2I7G15010,Shivshakti Securitisation Trust (Obligor - Digital Fibre Infrastructure Trust),50.0,4883.93,2.38,CRISIL AAA(SO),SMIF,SBI AMC,2026-07
IN0020250075,7.24% CGL 2055,20000000.0,19461.56,9.49,Sovereign,SMIF,SBI AMC,2026-07
IN0020250042,6.68% CGL 2040,15000000.0,14557.04,7.1,Sovereign,SMIF,SBI AMC,2026-07
IN0020260025,6.94% CGL 2036,7500000.0,7557.71,3.68,Sovereign,SMIF,SBI AMC,2026-07
IN0020250018,6.90% CGL 2065,5000000.0,4571.48,2.23,Sovereign,SMIF,SBI AMC,2026-07
IN1320250021,6.90% State Government of Bihar 2035,10000000.0,9657.97,4.71,Sovereign,SMIF,SBI AMC,2026-07
INF0RQ622028,Corporate Debt Market Development Fund-A2,5273.498,628.64,0.31,CDMDF,SMIF,SBI AMC,2026-07
INE2PB023011,Raajmarg Infra Investment Trust,517566.0,602.65,0.29,Transport Infrastructure,SMIF,SBI AMC,2026-07
INE101A01026,Mahindra & Mahindra Ltd.,500000.0,16992.5,5.74,Automobiles,SCOF,SBI AMC,2026-07
INE021A01026,Asian Paints Ltd.,525000.0,14423.33,4.87,Consumer Durables,SCOF,SBI AMC,2026-07
INE585B01010,Maruti Suzuki India Ltd.,90000.0,12810.6,4.33,Automobiles,SCOF,SBI AMC,2026-07
INE797F01020,Jubilant Foodworks Ltd.,2640600.0,11572.43,3.91,Leisure Services,SCOF,SBI AMC,2026-07
INE463A01038,Berger Paints India Ltd.,2200000.0,11449.9,3.87,Consumer Durables,SCOF,SBI AMC,2026-07
INE686F01025,United Breweries Ltd.,780000.0,11066.64,3.74,Beverages,SCOF,SBI AMC,2026-07
INE216A01030,Britannia Industries Ltd.,200000.0,10833.0,3.66,Food Products,SCOF,SBI AMC,2026-07
INE758T01015,Eternal Ltd.,3500000.0,10585.75,3.58,Retailing,SCOF,SBI AMC,2026-07
INE030A01027,Hindustan Unilever Ltd.,500000.0,10506.5,3.55,Diversified FMCG,SCOF,SBI AMC,2026-07
INE761H01022,Page Industries Ltd.,25809.0,10420.38,3.52,Textiles & Apparels,SCOF,SBI AMC,2026-07
INE200M01039,Varun Beverages Ltd.,2336875.0,10336.0,3.49,Beverages,SCOF,SBI AMC,2026-07
INE259A01022,Colgate Palmolive (India) Ltd.,475000.0,9861.48,3.33,Personal Products,SCOF,SBI AMC,2026-07
INE280A01028,Titan Company Ltd.,200000.0,9750.4,3.3,Consumer Durables,SCOF,SBI AMC,2026-07
INE397D01024,Bharti Airtel Ltd.,475000.0,9367.0,3.17,Telecom - Services,SCOF,SBI AMC,2026-07
INE066A01021,Eicher Motors Ltd.,110000.0,8616.85,2.91,Automobiles,SCOF,SBI AMC,2026-07
INE849A01020,Trent Ltd.,252478.0,7589.24,2.56,Retailing,SCOF,SBI AMC,2026-07
INE494B01023,TVS Motor Company Ltd.,175000.0,7547.93,2.55,Automobiles,SCOF,SBI AMC,2026-07
INE321T01012,Doms Industries Ltd.,318200.0,7191.32,2.43,Household Products,SCOF,SBI AMC,2026-07
INE230A01023,EIH Ltd.,2184044.0,7141.82,2.41,Leisure Services,SCOF,SBI AMC,2026-07
INE226A01021,Voltas Ltd.,500750.0,6654.47,2.25,Consumer Durables,SCOF,SBI AMC,2026-07
INE1TAE01010,Tata Motors Ltd.,1500000.0,6552.0,2.21,"Agricultural, Commercial & Construction Vehicles",SCOF,SBI AMC,2026-07
INE845D01014,Ganesha Ecosphere Ltd.,550000.0,6510.9,2.2,Textiles & Apparels,SCOF,SBI AMC,2026-07
INE192R01011,Avenue Supermarts Ltd.,150000.0,5881.5,1.99,Retailing,SCOF,SBI AMC,2026-07
INE00H001014,Swiggy Ltd.,2000000.0,5697.2,1.93,Retailing,SCOF,SBI AMC,2026-07
INE102D01028,Godrej Consumer Products Ltd.,497850.0,5328.99,1.8,Personal Products,SCOF,SBI AMC,2026-07
INE979B01015,Hawkins Cookers Ltd.,61501.0,5258.03,1.78,Consumer Durables,SCOF,SBI AMC,2026-07
INE00Y201027,Flair Writing Industries Ltd.,1550000.0,4016.05,1.36,Household Products,SCOF,SBI AMC,2026-07
INE01EA01019,Vishal Mega Mart Ltd.,3700000.0,3962.7,1.34,Retailing,SCOF,SBI AMC,2026-07
INE02RE01045,Brainbees Solutions Ltd.,1699255.0,3606.84,1.22,Retailing,SCOF,SBI AMC,2026-07
INE239A01024,Nestle India Ltd.,215666.0,3255.69,1.1,Food Products,SCOF,SBI AMC,2026-07
INE472A01039,Blue Star Ltd.,185547.0,3119.42,1.05,Consumer Durables,SCOF,SBI AMC,2026-07
INE716A01013,Whirlpool of India Ltd.,385766.0,3097.32,1.05,Consumer Durables,SCOF,SBI AMC,2026-07
INE668F01031,Jyothy Labs Ltd.,1500000.0,2982.75,1.01,Household Products,SCOF,SBI AMC,2026-07
INE531A01024,Kansai Nerolac Paints Ltd.,1489205.0,2929.86,0.99,Consumer Durables,SCOF,SBI AMC,2026-07
INE274F01020,Westlife Foodworld Ltd.,561453.0,2847.13,0.96,Leisure Services,SCOF,SBI AMC,2026-07
INE970X01018,Lemon Tree Hotels Ltd.,2500000.0,2732.5,0.92,Leisure Services,SCOF,SBI AMC,2026-07
INE951I01027,V-Guard Industries Ltd.,812502.0,2555.32,0.86,Consumer Durables,SCOF,SBI AMC,2026-07
INE916U01025,Sheela Foam Ltd.,300000.0,2351.4,0.79,Consumer Durables,SCOF,SBI AMC,2026-07
INE278Y01022,Campus Activewear Ltd.,1000000.0,2223.5,0.75,Consumer Durables,SCOF,SBI AMC,2026-07
INE782A01015,Bosch Home Comfort India Ltd.,150000.0,2086.95,0.71,Consumer Durables,SCOF,SBI AMC,2026-07
INE0VDM01015,Meesho Ltd.,1000000.0,1821.9,0.62,Retailing,SCOF,SBI AMC,2026-07
INE548C01032,Emami Ltd.,443454.0,1765.17,0.6,Personal Products,SCOF,SBI AMC,2026-07
INE0ISX01025,Kusumgar Ltd.,274593.0,1600.47,0.54,Textiles & Apparels,SCOF,SBI AMC,2026-07
INE142Q01026,Sula Vineyards Ltd.,807441.0,1378.38,0.47,Beverages,SCOF,SBI AMC,2026-07
INE131B01039,Relaxo Footwears Ltd.,290000.0,1171.46,0.4,Consumer Durables,SCOF,SBI AMC,2026-07
INE03NU01014,Brigade Hotel Ventures Ltd.,1115234.0,663.01,0.22,Leisure Services,SCOF,SBI AMC,2026-07
INE690A01028,TTK Prestige Ltd.,43875.0,281.5,0.1,Consumer Durables,SCOF,SBI AMC,2026-07
INE021O01019,Dodla Dairy Ltd.,15874.0,165.18,0.06,Food Products,SCOF,SBI AMC,2026-07
INE122R01018,Manpasand Beverages Ltd.,777068.0,0.0,,Beverages,SCOF,SBI AMC,2026-07
IN002025Z344,364 DAY T-BILL 19.11.26,300000.0,295.2,0.1,Sovereign,SCOF,SBI AMC,2026-07
INE397D01024,Bharti Airtel Ltd.,4000000.0,78880.0,17.18,Telecom - Services,STOF,SBI AMC,2026-07
INE009A01021,Infosys Ltd.,4395176.0,49669.88,10.82,IT - Software,STOF,SBI AMC,2026-07
INE467B01029,Tata Consultancy Services Ltd.,1420000.0,33591.52,7.31,IT - Software,STOF,SBI AMC,2026-07
INE758T01015,Eternal Ltd.,10600000.0,32059.7,6.98,Retailing,STOF,SBI AMC,2026-07
INE214T01019,LTM Ltd.,500000.0,21810.5,4.75,IT - Software,STOF,SBI AMC,2026-07
INE121R01077,Amagi Media Labs Ltd.,3174791.0,20658.37,4.5,IT - Services,STOF,SBI AMC,2026-07
INE591G01025,Coforge Ltd.,1200000.0,20652.0,4.5,IT - Software,STOF,SBI AMC,2026-07
INE684F01012,Firstsource Solutions Ltd.,6000000.0,18127.2,3.95,Commercial Services & Supplies,STOF,SBI AMC,2026-07
INE00H001014,Swiggy Ltd.,5000000.0,14243.0,3.1,Retailing,STOF,SBI AMC,2026-07
INE663F01032,Info Edge (India) Ltd.,1000000.0,12262.5,2.67,Retailing,STOF,SBI AMC,2026-07
INE262H01021,Persistent Systems Ltd.,220000.0,12207.8,2.66,IT - Software,STOF,SBI AMC,2026-07
INE0UIZ01018,BlackBuck Ltd.,2200000.0,11935.0,2.6,Transport Services,STOF,SBI AMC,2026-07
INE860A01027,HCL Technologies Ltd.,800000.0,10775.2,2.35,IT - Software,STOF,SBI AMC,2026-07
INE093A01041,Hexaware Technologies Ltd.,1800011.0,10109.76,2.2,IT - Software,STOF,SBI AMC,2026-07
INE417T01026,PB Fintech Ltd.,609031.0,9753.63,2.12,Financial Technology (Fintech),STOF,SBI AMC,2026-07
INE669C01036,Tech Mahindra Ltd.,500000.0,8256.5,1.8,IT - Software,STOF,SBI AMC,2026-07
INE010V01017,L&T Technology Services Ltd.,200000.0,7110.8,1.55,IT - Services,STOF,SBI AMC,2026-07
INE388Y01029,FSN E-Commerce Ventures Ltd.,2000000.0,6668.0,1.45,Retailing,STOF,SBI AMC,2026-07
INE673O01025,TBO Tek Ltd.,400006.0,6124.89,1.33,Leisure Services,STOF,SBI AMC,2026-07
INE065X01017,Indegene Ltd.,892860.0,4599.57,1.0,Healthcare Services,STOF,SBI AMC,2026-07
INE0ILV01024,Capillary Technologies India Ltd.,800000.0,3978.8,0.87,IT - Software,STOF,SBI AMC,2026-07
INE468B01019,SIP Technologies  Ltd.,35014.0,0.0,,IT - Software,STOF,SBI AMC,2026-07
IN002025Z344,364 DAY T-BILL 19.11.26,300000.0,295.2,0.06,Sovereign,STOF,SBI AMC,2026-07
INE044A01036,Sun Pharmaceutical Industries Ltd.,3450000.0,68672.25,12.72,Pharmaceuticals & Biotechnology,SHOF,SBI AMC,2026-07
INE361B01024,Divi's Laboratories Ltd.,500000.0,40280.0,7.46,Pharmaceuticals & Biotechnology,SHOF,SBI AMC,2026-07
INE00FF01025,Acutaas Chemicals Ltd.,900000.0,27944.1,5.17,Pharmaceuticals & Biotechnology,SHOF,SBI AMC,2026-07
INE059A01026,Cipla Ltd.,1860000.0,27401.52,5.07,Pharmaceuticals & Biotechnology,SHOF,SBI AMC,2026-07
INE437A01024,Apollo Hospitals Enterprise Ltd.,300000.0,26871.0,4.98,Healthcare Services,SHOF,SBI AMC,2026-07
INE685A01028,Torrent Pharmaceuticals Ltd.,500000.0,25614.0,4.74,Pharmaceuticals & Biotechnology,SHOF,SBI AMC,2026-07
INE027H01010,Max Healthcare Institute Ltd.,2250000.0,24716.25,4.58,Healthcare Services,SHOF,SBI AMC,2026-07
INE947Q01028,Laurus Labs Ltd.,1200000.0,21794.4,4.04,Pharmaceuticals & Biotechnology,SHOF,SBI AMC,2026-07
INE406A01037,Aurobindo Pharma Ltd.,1320000.0,20858.64,3.86,Pharmaceuticals & Biotechnology,SHOF,SBI AMC,2026-07
INE914M01019,Aster DM Quality Care Ltd.,2400000.0,19731.6,3.65,Healthcare Services,SHOF,SBI AMC,2026-07
INE376G01013,Biocon Ltd.,3750000.0,15963.75,2.96,Pharmaceuticals & Biotechnology,SHOF,SBI AMC,2026-07
INE682M01020,Jupiter Life Line Hospitals Ltd.,4688843.0,15543.51,2.88,Healthcare Services,SHOF,SBI AMC,2026-07
INE0CZ201020,Anthem Biosciences Ltd.,1880000.0,15212.96,2.82,Pharmaceuticals & Biotechnology,SHOF,SBI AMC,2026-07
INE068V01023,Gland Pharma Ltd.,600000.0,15017.4,2.78,Pharmaceuticals & Biotechnology,SHOF,SBI AMC,2026-07
INE061F01013,Fortis Healthcare Ltd.,1500000.0,14175.0,2.63,Healthcare Services,SHOF,SBI AMC,2026-07
INE570L01029,Sai Life Sciences Ltd.,1000000.0,13151.0,2.44,Pharmaceuticals & Biotechnology,SHOF,SBI AMC,2026-07
INE0BWX01014,Aether Industries Ltd.,800000.0,12316.8,2.28,Chemicals & Petrochemicals,SHOF,SBI AMC,2026-07
INE0QPI01025,Sudeep Pharma Ltd.,1360000.0,11982.28,2.22,Chemicals & Petrochemicals,SHOF,SBI AMC,2026-07
INE205C01021,Polymedicure Ltd.,640000.0,10892.8,2.02,Healthcare Equipment & Supplies,SHOF,SBI AMC,2026-07
INE967H01025,Krishna Institute of Medical Sciences Ltd.,1331126.0,10711.57,1.98,Healthcare Services,SHOF,SBI AMC,2026-07
INE031B01049,Ajanta Pharma Ltd.,300000.0,10395.6,1.93,Pharmaceuticals & Biotechnology,SHOF,SBI AMC,2026-07
INE338H01029,Concord Biotech Ltd.,720000.0,10229.76,1.89,Pharmaceuticals & Biotechnology,SHOF,SBI AMC,2026-07
INE634S01028,Mankind Pharma Ltd.,400000.0,9878.4,1.83,Pharmaceuticals & Biotechnology,SHOF,SBI AMC,2026-07
INE326A01037,Lupin Ltd.,400000.0,9660.0,1.79,Pharmaceuticals & Biotechnology,SHOF,SBI AMC,2026-07
INE03QK01018,Cohance Lifesciences Ltd.,2200000.0,9351.1,1.73,Pharmaceuticals & Biotechnology,SHOF,SBI AMC,2026-07
INE474Q01031,Global Health Ltd.,640000.0,8995.84,1.67,Healthcare Services,SHOF,SBI AMC,2026-07
INE428V01029,Nephrocare Health Service Pvt. Ltd.,952899.0,6495.44,1.2,Healthcare Services,SHOF,SBI AMC,2026-07
INE600L01024,Dr. Lal Path labs Ltd.,300000.0,5715.6,1.06,Healthcare Services,SHOF,SBI AMC,2026-07
INE358A01014,Abbott India Ltd.,20000.0,5560.0,1.03,Pharmaceuticals & Biotechnology,SHOF,SBI AMC,2026-07
INE398R01022,Syngene International Ltd.,1336533.0,5157.68,0.96,Healthcare Services,SHOF,SBI AMC,2026-07
INE961O01016,Rainbow Children's Medicare Ltd.,300000.0,4576.2,0.85,Healthcare Services,SHOF,SBI AMC,2026-07
INE075I01017,Healthcare Global Enterprises Ltd.,588982.0,3953.25,0.73,Healthcare Services,SHOF,SBI AMC,2026-07
INE742B01025,Gufic Biosciences Ltd.,500000.0,1949.25,0.36,Pharmaceuticals & Biotechnology,SHOF,SBI AMC,2026-07
IN002025Z344,364 DAY T-BILL 19.11.26,300000.0,295.2,0.05,Sovereign,SHOF,SBI AMC,2026-07
INE002A01018,Reliance Industries Ltd.,17717567.0,231710.34,4.8,Petroleum Products,SCF,SBI AMC,2026-07
INE040A01034,HDFC Bank Ltd.,30449258.0,227806.12,4.72,Banks,SCF,SBI AMC,2026-07
INE090A01021,ICICI Bank Ltd.,14881550.0,213609.77,4.43,Banks,SCF,SBI AMC,2026-07
INE376G01013,Biocon Ltd.,40073925.0,170594.7,3.53,Pharmaceuticals & Biotechnology,SCF,SBI AMC,2026-07
INE160A01022,Punjab National Bank,115846832.0,130570.96,2.71,Banks,SCF,SBI AMC,2026-07
INE813H01021,Torrent Power Ltd.,8982410.0,126948.4,2.63,Power,SCF,SBI AMC,2026-07
INE121J01017,Indus Towers Ltd.,32126692.0,125647.49,2.6,Telecom - Services,SCF,SBI AMC,2026-07
INE237A01036,Kotak Mahindra Bank Ltd.,32028840.0,125008.56,2.59,Banks,SCF,SBI AMC,2026-07
INE129A01019,GAIL (India) Ltd.,61513788.0,111610.62,2.31,Gas,SCF,SBI AMC,2026-07
INE774D01024,Mahindra & Mahindra Financial Services Ltd.,27007230.0,104180.39,2.16,Finance,SCF,SBI AMC,2026-07
INE081A01020,Tata Steel Ltd.,52067300.0,98766.46,2.05,Ferrous Metals,SCF,SBI AMC,2026-07
INE669C01036,Tech Mahindra Ltd.,5295681.0,87447.58,1.81,IT - Software,SCF,SBI AMC,2026-07
INE154A01025,ITC Ltd.,31014741.0,87151.42,1.81,Diversified FMCG,SCF,SBI AMC,2026-07
INE016A01026,Dabur India Ltd.,18846663.0,79429.26,1.65,Personal Products,SCF,SBI AMC,2026-07
INE062A01020,State Bank of India,7500519.0,77060.33,1.6,Banks,SCF,SBI AMC,2026-07
INE914M01019,Aster DM Quality Care Ltd.,9199605.0,75634.55,1.57,Healthcare Services,SCF,SBI AMC,2026-07
INE388Y01029,FSN E-Commerce Ventures Ltd.,22188917.0,73977.85,1.53,Retailing,SCF,SBI AMC,2026-07
INE148O01028,Delhivery Ltd.,13884606.0,66916.86,1.39,Transport Services,SCF,SBI AMC,2026-07
INE545U01014,Bandhan Bank Ltd.,38278980.0,66655.19,1.38,Banks,SCF,SBI AMC,2026-07
INE917I01010,Bajaj Auto Ltd.,557588.0,64236.93,1.33,Automobiles,SCF,SBI AMC,2026-07
INE880J01026,JSW Infrastructure Ltd.,20000000.0,62480.0,1.29,Transport Infrastructure,SCF,SBI AMC,2026-07
INE397D01024,Bharti Airtel Ltd.,3152051.0,62158.45,1.29,Telecom - Services,SCF,SBI AMC,2026-07
INE238A01034,Axis Bank Ltd.,4904255.0,60297.82,1.25,Banks,SCF,SBI AMC,2026-07
INE213A01029,Oil & Natural Gas Corporation Ltd.,23896662.0,57956.57,1.2,Oil,SCF,SBI AMC,2026-07
INE059A01026,Cipla Ltd.,3836985.0,56526.46,1.17,Pharmaceuticals & Biotechnology,SCF,SBI AMC,2026-07
INE726G01019,ICICI Prudential Life Insurance Company Ltd.,10936099.0,56364.65,1.17,Insurance,SCF,SBI AMC,2026-07
INE585B01010,Maruti Suzuki India Ltd.,393463.0,56005.52,1.16,Automobiles,SCF,SBI AMC,2026-07
INE038A01020,Hindalco Industries Ltd.,5640000.0,54958.98,1.14,Non - Ferrous Metals,SCF,SBI AMC,2026-07
INE1TAE01010,Tata Motors Ltd.,12394339.0,54138.47,1.12,"Agricultural, Commercial & Construction Vehicles",SCF,SBI AMC,2026-07
INE628A01036,UPL Ltd.,8755000.0,52906.47,1.1,Fertilizers & Agrochemicals,SCF,SBI AMC,2026-07
INE848E01016,NHPC Ltd.,67000000.0,52749.1,1.09,Power,SCF,SBI AMC,2026-07
INE242A01010,Indian Oil Corporation Ltd.,36049578.0,50530.69,1.05,Petroleum Products,SCF,SBI AMC,2026-07
INE775A01035,Samvardhana Motherson International Ltd.,33270766.0,50155.68,1.04,Auto Components,SCF,SBI AMC,2026-07
INE347G01014,Petronet LNG Ltd.,17474315.0,49059.14,1.02,Gas,SCF,SBI AMC,2026-07
INE854D01024,United Spirits Ltd.,2937085.0,44523.27,0.92,Beverages,SCF,SBI AMC,2026-07
INE155A01022,Tata Motors Passenger Vehicles Ltd.,12394339.0,42109.77,0.87,Automobiles,SCF,SBI AMC,2026-07
INE121E01018,JSW Energy Ltd.,7523810.0,41730.81,0.86,Power,SCF,SBI AMC,2026-07
INE018A01030,Larsen & Toubro Ltd.,1005000.0,39585.95,0.82,Construction,SCF,SBI AMC,2026-07
INE019A01038,JSW Steel Ltd.,2900000.0,36830.0,0.76,Ferrous Metals,SCF,SBI AMC,2026-07
INE486A01021,CESC Ltd.,21853430.0,36182.72,0.75,Power,SCF,SBI AMC,2026-07
INE047A01021,Grasim Industries Ltd.,1115585.0,34592.06,0.72,Cement & Cement Products,SCF,SBI AMC,2026-07
INE634S01028,Mankind Pharma Ltd.,1328039.0,32797.25,0.68,Pharmaceuticals & Biotechnology,SCF,SBI AMC,2026-07
INE716A01013,Whirlpool of India Ltd.,4040000.0,32437.16,0.67,Consumer Durables,SCF,SBI AMC,2026-07
INE536A01023,Grindwell Norton Ltd.,1496647.0,31731.91,0.66,Industrial Products,SCF,SBI AMC,2026-07
INE009A01021,Infosys Ltd.,2767311.0,31273.38,0.65,IT - Software,SCF,SBI AMC,2026-07
INE118D01016,Nuvoco Vistas Corporation Ltd.,8370435.0,28848.7,0.6,Cement & Cement Products,SCF,SBI AMC,2026-07
INE365D01021,Ashiana Housing Ltd.,7189147.0,28084.4,0.58,Realty,SCF,SBI AMC,2026-07
INE068V01023,Gland Pharma Ltd.,1113026.0,27857.93,0.58,Pharmaceuticals & Biotechnology,SCF,SBI AMC,2026-07
INE0J1Y01017,Life Insurance Corporation of India,6202440.0,26341.76,0.55,Insurance,SCF,SBI AMC,2026-07
INE136S01016,Neogen Chemicals Ltd.,1248272.0,25253.79,0.52,Chemicals & Petrochemicals,SCF,SBI AMC,2026-07
INE063P01018,Equitas Small Finance Bank Ltd.,33102195.0,24896.16,0.52,Banks,SCF,SBI AMC,2026-07
INE406A01037,Aurobindo Pharma Ltd.,1564966.0,24729.59,0.51,Pharmaceuticals & Biotechnology,SCF,SBI AMC,2026-07
INE584A01023,NMDC Ltd.,28539000.0,24269.57,0.5,Minerals & Mining,SCF,SBI AMC,2026-07
INE158A01026,Hero MotoCorp Ltd.,448770.0,24170.75,0.5,Automobiles,SCF,SBI AMC,2026-07
INE326A01037,Lupin Ltd.,995000.0,24029.25,0.5,Pharmaceuticals & Biotechnology,SCF,SBI AMC,2026-07
INE010A01011,Prism Johnson Ltd.,21918254.0,23334.17,0.48,Cement & Cement Products,SCF,SBI AMC,2026-07
INE467B01029,Tata Consultancy Services Ltd.,932400.0,22056.85,0.46,IT - Software,SCF,SBI AMC,2026-07
INE613A01020,Rallis India Ltd.,9179514.0,19932.4,0.41,Fertilizers & Agrochemicals,SCF,SBI AMC,2026-07
INE930H01031,K.P.R. Mill Ltd.,1886132.0,19800.61,0.41,Textiles & Apparels,SCF,SBI AMC,2026-07
INE012A01025,ACC Ltd.,1443171.0,19589.6,0.41,Cement & Cement Products,SCF,SBI AMC,2026-07
INE331A01037,The Ramco Cements Ltd.,2106875.0,19346.38,0.4,Cement & Cement Products,SCF,SBI AMC,2026-07
INE120A01034,Carborundum Universal Ltd.,1813724.0,19294.4,0.4,Industrial Products,SCF,SBI AMC,2026-07
INE127D01025,HDFC Asset Management Co. Ltd.,648536.0,16964.4,0.35,Capital Markets,SCF,SBI AMC,2026-07
INE201P01022,G R Infra projects Ltd.,1805754.0,15964.67,0.33,Construction,SCF,SBI AMC,2026-07
INE126A01031,E.I.D-Parry (India) Ltd.,2018414.0,15340.96,0.32,Food Products,SCF,SBI AMC,2026-07
INE022Q01020,Indian Energy Exchange Ltd.,11172975.0,14775.14,0.31,Capital Markets,SCF,SBI AMC,2026-07
INE131C01011,Disa India Ltd.,114711.0,14023.42,0.29,Industrial Manufacturing,SCF,SBI AMC,2026-07
INE274C01019,WENDT (India) Ltd.,166363.0,13654.24,0.28,Industrial Products,SCF,SBI AMC,2026-07
INE325A01013,Timken India Ltd.,362333.0,11396.82,0.24,Industrial Products,SCF,SBI AMC,2026-07
INE860A01027,HCL Technologies Ltd.,766100.0,10318.6,0.21,IT - Software,SCF,SBI AMC,2026-07
INE177A01018,Ingersoll Rand (India) Ltd.,229555.0,9952.59,0.21,Industrial Products,SCF,SBI AMC,2026-07
INE951I01027,V-Guard Industries Ltd.,2706470.0,8511.85,0.18,Consumer Durables,SCF,SBI AMC,2026-07
INE114A01011,Steel Authority of India Ltd.,5000000.0,8451.5,0.18,Ferrous Metals,SCF,SBI AMC,2026-07
INE058A01010,Sanofi India Ltd.,251576.0,8347.29,0.17,Pharmaceuticals & Biotechnology,SCF,SBI AMC,2026-07
INE079J01017,Gateway Distriparks Ltd.,9934596.0,5759.09,0.12,Transport Services,SCF,SBI AMC,2026-07
INE084A01016,Bank of India,3286400.0,4533.59,0.09,Banks,SCF,SBI AMC,2026-07
INE0FS801015,Motherson Sumi Wiring India Ltd.,10586727.0,4299.27,0.09,Auto Components,SCF,SBI AMC,2026-07
INE461C01038,Greenply Industries Ltd.,1350179.0,3844.63,0.08,Consumer Durables,SCF,SBI AMC,2026-07
INE449A01011,Automotive Axles Ltd.,200000.0,3602.4,0.07,Auto Components,SCF,SBI AMC,2026-07
INE142Q01026,Sula Vineyards Ltd.,2036417.0,3476.37,0.07,Beverages,SCF,SBI AMC,2026-07
INE0NNS01018,NMDC Steel Ltd.,2606407.0,1121.28,0.02,Ferrous Metals,SCF,SBI AMC,2026-07
INE398R01022,Syngene International Ltd.,226193.0,872.88,0.02,Healthcare Services,SCF,SBI AMC,2026-07
INE041025011,Embassy Office Parks Reit,10516950.0,46063.19,0.95,Realty,SCF,SBI AMC,2026-07
IN002026X065,91 DAY T-BILL 13.08.26,50000000.0,49914.7,1.03,Sovereign,SCF,SBI AMC,2026-07
IN002026X099,91 DAY T-BILL 03.09.26,50000000.0,49765.8,1.03,Sovereign,SCF,SBI AMC,2026-07
IN002025Z344,364 DAY T-BILL 19.11.26,1500000.0,1476.02,0.03,Sovereign,SCF,SBI AMC,2026-07
INE040A01034,HDFC Bank Ltd.,19291031.0,144325.85,10.23,Banks,SNIF,SBI AMC,2026-07
INE090A01021,ICICI Bank Ltd.,9024544.0,129538.3,9.18,Banks,SNIF,SBI AMC,2026-07
INE002A01018,Reliance Industries Ltd.,8510498.0,111300.29,7.89,Petroleum Products,SNIF,SBI AMC,2026-07
INE397D01024,Bharti Airtel Ltd.,3830765.0,75542.69,5.35,Telecom - Services,SNIF,SBI AMC,2026-07
INE018A01030,Larsen & Toubro Ltd.,1474474.0,58078.06,4.11,Construction,SNIF,SBI AMC,2026-07
INE062A01020,State Bank of India,5207163.0,53498.39,3.79,Banks,SNIF,SBI AMC,2026-07
INE009A01021,Infosys Ltd.,4418620.0,49934.82,3.54,IT - Software,SNIF,SBI AMC,2026-07
INE238A01034,Axis Bank Ltd.,3617925.0,44482.39,3.15,Banks,SNIF,SBI AMC,2026-07
INE296A01032,Bajaj Finance Ltd.,3376444.0,38531.98,2.73,Finance,SNIF,SBI AMC,2026-07
INE101A01026,Mahindra & Mahindra Ltd.,1124690.0,38222.59,2.71,Automobiles,SNIF,SBI AMC,2026-07
INE237A01036,Kotak Mahindra Bank Ltd.,9275025.0,36200.42,2.56,Banks,SNIF,SBI AMC,2026-07
INE154A01025,ITC Ltd.,12143696.0,34123.79,2.42,Diversified FMCG,SNIF,SBI AMC,2026-07
INE467B01029,Tata Consultancy Services Ltd.,1286190.0,30426.11,2.16,IT - Software,SNIF,SBI AMC,2026-07
INE758T01015,Eternal Ltd.,9107486.0,27545.59,1.95,Retailing,SNIF,SBI AMC,2026-07
INE044A01036,Sun Pharmaceutical Industries Ltd.,1333934.0,26551.96,1.88,Pharmaceuticals & Biotechnology,SNIF,SBI AMC,2026-07
INE280A01028,Titan Company Ltd.,520111.0,25356.45,1.8,Consumer Durables,SNIF,SBI AMC,2026-07
INE030A01027,Hindustan Unilever Ltd.,1117642.0,23485.01,1.66,Diversified FMCG,SNIF,SBI AMC,2026-07
INE585B01010,Maruti Suzuki India Ltd.,164342.0,23392.44,1.66,Automobiles,SNIF,SBI AMC,2026-07
INE733E01010,NTPC Ltd.,5972333.0,20738.93,1.47,Power,SNIF,SBI AMC,2026-07
INE081A01020,Tata Steel Ltd.,10413298.0,19752.98,1.4,Ferrous Metals,SNIF,SBI AMC,2026-07
INE721A01047,Shriram Finance Ltd.,1764276.0,18466.68,1.31,Finance,SNIF,SBI AMC,2026-07
INE860A01027,HCL Technologies Ltd.,1328148.0,17888.83,1.27,IT - Software,SNIF,SBI AMC,2026-07
INE038A01020,Hindalco Industries Ltd.,1824008.0,17774.05,1.26,Non - Ferrous Metals,SNIF,SBI AMC,2026-07
INE481G01011,Ultratech Cement Ltd.,149076.0,17744.52,1.26,Cement & Cement Products,SNIF,SBI AMC,2026-07
INE263A01024,Bharat Electronics Ltd.,4512094.0,17500.16,1.24,Aerospace & Defense,SNIF,SBI AMC,2026-07
INE752E01010,Power Grid Corporation of India Ltd.,5704907.0,16216.2,1.15,Power,SNIF,SBI AMC,2026-07
INE917I01010,Bajaj Auto Ltd.,139522.0,16073.63,1.14,Automobiles,SNIF,SBI AMC,2026-07
INE742F01042,Adani Ports and Special Economic Zone Ltd.,929375.0,15766.85,1.12,Transport Infrastructure,SNIF,SBI AMC,2026-07
INE021A01026,Asian Paints Ltd.,569697.0,15651.29,1.11,Consumer Durables,SNIF,SBI AMC,2026-07
INE019A01038,JSW Steel Ltd.,1181585.0,15006.13,1.06,Ferrous Metals,SNIF,SBI AMC,2026-07
INE918I01026,Bajaj Finserv Ltd.,729303.0,14798.29,1.05,Finance,SNIF,SBI AMC,2026-07
INE646L01027,Interglobe Aviation Ltd.,285152.0,14745.21,1.04,Transport Services,SNIF,SBI AMC,2026-07
INE047A01021,Grasim Industries Ltd.,475319.0,14738.69,1.04,Cement & Cement Products,SNIF,SBI AMC,2026-07
INE239A01024,Nestle India Ltd.,903263.0,13635.66,0.97,Food Products,SNIF,SBI AMC,2026-07
INE066A01021,Eicher Motors Ltd.,173613.0,13599.97,0.96,Automobiles,SNIF,SBI AMC,2026-07
INE669C01036,Tech Mahindra Ltd.,800059.0,13211.37,0.94,IT - Software,SNIF,SBI AMC,2026-07
INE849A01020,Trent Ltd.,419192.0,12600.49,0.89,Retailing,SNIF,SBI AMC,2026-07
INE522F01014,Coal India Ltd.,3017513.0,12497.03,0.89,Consumable Fuels,SNIF,SBI AMC,2026-07
INE213A01029,Oil & Natural Gas Corporation Ltd.,4893541.0,11868.3,0.84,Oil,SNIF,SBI AMC,2026-07
INE437A01024,Apollo Hospitals Enterprise Ltd.,129641.0,11611.94,0.82,Healthcare Services,SNIF,SBI AMC,2026-07
INE423A01024,Adani Enterprises Ltd.,363527.0,10940.35,0.78,Metals & Minerals Trading,SNIF,SBI AMC,2026-07
INE123W01016,SBI Life Insurance Co. Ltd.,566036.0,10652.8,0.75,Insurance,SNIF,SBI AMC,2026-07
INE758E01017,Jio Financial Services Ltd.,4133398.0,10600.51,0.75,Finance,SNIF,SBI AMC,2026-07
INE059A01026,Cipla Ltd.,708847.0,10442.73,0.74,Pharmaceuticals & Biotechnology,SNIF,SBI AMC,2026-07
INE027H01010,Max Healthcare Institute Ltd.,937560.0,10299.1,0.73,Healthcare Services,SNIF,SBI AMC,2026-07
INE155A01022,Tata Motors Passenger Vehicles Ltd.,2632819.0,8945.0,0.63,Automobiles,SNIF,SBI AMC,2026-07
INE192A01025,Tata Consumer Products Ltd.,820385.0,8885.59,0.63,Agricultural Food & other Products,SNIF,SBI AMC,2026-07
INE089A01031,Dr. Reddy's Laboratories Ltd.,767927.0,8816.57,0.62,Pharmaceuticals & Biotechnology,SNIF,SBI AMC,2026-07
INE795G01014,HDFC Life Insurance Company Ltd.,1355190.0,7433.22,0.53,Insurance,SNIF,SBI AMC,2026-07
INE075A01022,Wipro Ltd.,3411710.0,6265.61,0.44,IT - Software,SNIF,SBI AMC,2026-07
INE921L01032,Powerica Ltd.,63289.0,335.18,2.29,Electrical Equipment,SMCBF-SP,SBI AMC,2026-07
INE084101034,INDO-MIM Ltd.,41250.0,320.16,2.19,Industrial Manufacturing,SMCBF-SP,SBI AMC,2026-07
INE414G01012,Muthoot Finance Ltd.,7000.0,218.37,1.49,Finance,SMCBF-SP,SBI AMC,2026-07
INE979B01015,Hawkins Cookers Ltd.,2300.0,196.64,1.34,Consumer Durables,SMCBF-SP,SBI AMC,2026-07
INE622W01025,Acme Solar Holdings Ltd.,50000.0,181.3,1.24,Power,SMCBF-SP,SBI AMC,2026-07
INE931S01010,Adani Energy Solutions Ltd.,11000.0,180.99,1.24,Power,SMCBF-SP,SBI AMC,2026-07
INE473B01035,Hatsun Agro Product Ltd.,20000.0,177.08,1.21,Food Products,SMCBF-SP,SBI AMC,2026-07
INE0JPD01013,Sanathan Textiles Ltd.,37000.0,175.73,1.2,Textiles & Apparels,SMCBF-SP,SBI AMC,2026-07
INE085J01014,Thangamayil Jewellery Ltd.,3300.0,172.47,1.18,Consumer Durables,SMCBF-SP,SBI AMC,2026-07
INE073K01018,Sona Blw Precision Forgings Ltd.,21000.0,161.57,1.1,Auto Components,SMCBF-SP,SBI AMC,2026-07
INE423A01024,Adani Enterprises Ltd.,5000.0,150.48,1.03,Metals & Minerals Trading,SMCBF-SP,SBI AMC,2026-07
INE930H01031,K.P.R. Mill Ltd.,14000.0,146.97,1.0,Textiles & Apparels,SMCBF-SP,SBI AMC,2026-07
INE126A01031,E.I.D-Parry (India) Ltd.,19000.0,144.41,0.99,Food Products,SMCBF-SP,SBI AMC,2026-07
INE321T01012,Doms Industries Ltd.,5500.0,124.3,0.85,Household Products,SMCBF-SP,SBI AMC,2026-07
INE450D01021,Pitti Engineering Ltd.,13000.0,120.19,0.82,Industrial Manufacturing,SMCBF-SP,SBI AMC,2026-07
INE276A01018,Garware Technical Fibres Ltd.,15049.0,110.29,0.75,Textiles & Apparels,SMCBF-SP,SBI AMC,2026-07
INE230A01023,EIH Ltd.,33000.0,107.91,0.74,Leisure Services,SMCBF-SP,SBI AMC,2026-07
INE880J01026,JSW Infrastructure Ltd.,33000.0,103.09,0.7,Transport Infrastructure,SMCBF-SP,SBI AMC,2026-07
INE845D01014,Ganesha Ecosphere Ltd.,7000.0,82.87,0.57,Textiles & Apparels,SMCBF-SP,SBI AMC,2026-07
INE066O01014,Wonderla Holidays Ltd.,13000.0,62.1,0.42,Leisure Services,SMCBF-SP,SBI AMC,2026-07
INE131B01039,Relaxo Footwears Ltd.,14495.0,58.55,0.4,Consumer Durables,SMCBF-SP,SBI AMC,2026-07
INE122R01018,Manpasand Beverages Ltd.,103000.0,0.0,,Beverages,SMCBF-SP,SBI AMC,2026-07
INE020B08EW9,REC Ltd.,500.0,500.9,3.42,CRISIL AAA,SMCBF-SP,SBI AMC,2026-07
INE556F08KX8,Small Industries Development Bank of India,500.0,500.9,3.42,CRISIL AAA,SMCBF-SP,SBI AMC,2026-07
INE261F08EO7,National Bank for Agriculture and Rural Development,500.0,500.33,3.42,CRISIL AAA,SMCBF-SP,SBI AMC,2026-07
INE787H08220,India Infrastructure Finance Company Ltd.,500.0,500.1,3.41,[ICRA]AAA,SMCBF-SP,SBI AMC,2026-07
INE670K07315,Lodha Developers Ltd.,500.0,499.99,3.41,CRISIL AA,SMCBF-SP,SBI AMC,2026-07
INE115A07RF8,LIC Housing Finance Ltd.,500.0,499.8,3.41,CRISIL AAA,SMCBF-SP,SBI AMC,2026-07
INE414G07IS4,Muthoot Finance Ltd.,300.0,301.74,2.06,CRISIL AA+,SMCBF-SP,SBI AMC,2026-07
INE752E07OF7,Power Grid Corporation of India Ltd.,2.0,20.03,0.14,CRISIL AAA,SMCBF-SP,SBI AMC,2026-07
INE752E07OG5,Power Grid Corporation of India Ltd.,1.0,10.01,0.07,CRISIL AAA,SMCBF-SP,SBI AMC,2026-07
INE2QI808033,JSW Kalinga Steel Ltd.,500.0,516.04,3.52,CRISIL AA,SMCBF-SP,SBI AMC,2026-07
IN0020250042,6.68% CGL 2040,1500000.0,1455.7,9.94,Sovereign,SMCBF-SP,SBI AMC,2026-07
IN0020230085,7.18% CGL 2033,1000000.0,1027.5,7.01,Sovereign,SMCBF-SP,SBI AMC,2026-07
IN0020250091,6.48% CGL 2035,500000.0,488.58,3.34,Sovereign,SMCBF-SP,SBI AMC,2026-07
IN3120260028,7.73% State Government of Tamil Nadu 2036,500000.0,510.15,3.48,Sovereign,SMCBF-SP,SBI AMC,2026-07
IN2920260030,7.64% State Government of Rajasthan 2036,500000.0,504.54,3.44,Sovereign,SMCBF-SP,SBI AMC,2026-07
IN2920250395,7.44% State Government of Rajasthan 2033,500000.0,503.53,3.44,Sovereign,SMCBF-SP,SBI AMC,2026-07
IN1320260053,7.66% State Government of Bihar 2041,500000.0,501.95,3.43,Sovereign,SMCBF-SP,SBI AMC,2026-07
IN1920250256,7.47% State Government of Karnataka 2036,500000.0,501.32,3.42,Sovereign,SMCBF-SP,SBI AMC,2026-07
IN3120250854,7.57% State Government of Tamil Nadu 2038,419500.0,422.59,2.88,Sovereign,SMCBF-SP,SBI AMC,2026-07
INE160A16UH5,Punjab National Bank,100.0,482.46,3.29,CRISIL A1+,SMCBF-SP,SBI AMC,2026-07
IN001226C074,GOI 16.12.2026 GOV,375000.0,367.35,2.51,Sovereign,SMCBF-SP,SBI AMC,2026-07
INE2PB023011,Raajmarg Infra Investment Trust,25876.0,30.13,0.21,Transport Infrastructure,SMCBF-SP,SBI AMC,2026-07
IN002026X057,91 DAY T-BILL 06.08.26,25000000.0,24982.38,0.84,Sovereign,SOF,SBI AMC,2026-07
IN002026X065,91 DAY T-BILL 13.08.26,25000000.0,24957.35,0.84,Sovereign,SOF,SBI AMC,2026-07
IN002026X073,91 DAY T-BILL 20.08.26,20000000.0,19946.12,0.67,Sovereign,SOF,SBI AMC,2026-07
IN002026X081,91 DAY T-BILL 28.08.26,20000000.0,19923.48,0.67,Sovereign,SOF,SBI AMC,2026-07
IN002025Y479,182 DAY T-BILL 27.08.26,10000000.0,9963.24,0.33,Sovereign,SOF,SBI AMC,2026-07
IN002025Z211,364 DAY T-BILL 20.08.26,6000000.0,5983.82,0.2,Sovereign,SOF,SBI AMC,2026-07
INE041025011,Embassy Office Parks Reit,1700000.0,7445.83,1.15,Realty,SMMDF,SBI AMC,2026-07
INE0CCU25019,Mindspace Business Parks Reit,1145004.0,5634.91,0.87,Realty,SMMDF,SBI AMC,2026-07
INE0FDU25010,Brookfield India Real Estate Trust,700000.0,2390.36,0.37,Realty,SMMDF,SBI AMC,2026-07
INE484J08055,Godrej Properties Ltd.,30000.0,30122.22,4.64,[ICRA]AA+,SMMDF,SBI AMC,2026-07
INE528G08345,Yes Bank Ltd.,2250.0,22475.63,3.46,CRISIL AA-,SMMDF,SBI AMC,2026-07
INE055A08052,Aditya Birla Real Estate Ltd.,22000.0,22110.18,3.4,CRISIL AA,SMMDF,SBI AMC,2026-07
INE154Z07011,Renew Solar Energy (Jharkhand Five) Pvt. Ltd.,24000.0,21845.66,3.36,CARE AA,SMMDF,SBI AMC,2026-07
INE0AY207061,Renserv Global Pvt Ltd.,20500.0,20501.74,3.15,CARE A(CE),SMMDF,SBI AMC,2026-07
INE01WN07128,Motilal Oswal Finvest Ltd.,20000.0,20138.42,3.1,CRISIL AA+,SMMDF,SBI AMC,2026-07
INE776C08075,GMR Airports Ltd.,18000.0,19124.8,2.94,CRISIL A+,SMMDF,SBI AMC,2026-07
INE192U07384,Kogta Financial (India) Ltd.,18500.0,18409.55,2.83,CARE AA-,SMMDF,SBI AMC,2026-07
INE1BEC07011,Gaursons India Pvt. Ltd.,18000.0,17879.9,2.75,[ICRA]A-,SMMDF,SBI AMC,2026-07
INE926X08015,H.G. Infra Engineering Ltd.,18000.0,17833.79,2.74,[ICRA]AA-,SMMDF,SBI AMC,2026-07
INE403D08264,Bharti Telecom Ltd.,15000.0,15253.85,2.35,CRISIL AAA,SMMDF,SBI AMC,2026-07
INE607M08105,Tata Power Renewable Energy Ltd. (Guaranteed by Tata Power Ltd.),14000.0,14069.16,2.17,[ICRA]AA+,SMMDF,SBI AMC,2026-07
INE916DA7TM9,Kotak Mahindra Prime Ltd.,13270.0,13317.1,2.05,CRISIL AAA,SMMDF,SBI AMC,2026-07
INE115A07QK0,LIC Housing Finance Ltd.,750.0,7507.07,1.16,CRISIL AAA,SMMDF,SBI AMC,2026-07
INE414G07JZ7,Muthoot Finance Ltd.,7500.0,7503.83,1.15,CRISIL AA+,SMMDF,SBI AMC,2026-07
INE427F07021,Chalet Hotels Ltd.,7500.0,7495.54,1.15,CRISIL AA-,SMMDF,SBI AMC,2026-07
INE245A08307,Tata Power Company Ltd.,7500.0,7491.75,1.15,CRISIL AA+,SMMDF,SBI AMC,2026-07
INE316Z08022,Godrej Seeds & Genetics Ltd.,6500.0,6457.2,0.99,CRISIL AA,SMMDF,SBI AMC,2026-07
INE316Z08048,Godrej Seeds & Genetics Ltd.,6500.0,6448.33,0.99,CRISIL AA,SMMDF,SBI AMC,2026-07
INE316Z08030,Godrej Seeds & Genetics Ltd.,6500.0,6436.76,0.99,CRISIL AA,SMMDF,SBI AMC,2026-07
INE316Z08014,Godrej Seeds & Genetics Ltd.,6500.0,6432.17,0.99,CRISIL AA,SMMDF,SBI AMC,2026-07
INE813H07234,Torrent Power Ltd.,500.0,5041.61,0.78,CRISIL AA+,SMMDF,SBI AMC,2026-07
INE896L07AP5,Indostar Capital Finance Ltd.,5000.0,5013.58,0.77,CARE AA-,SMMDF,SBI AMC,2026-07
INE020B08GD4,REC Ltd.,5000.0,5009.49,0.77,CRISIL AAA,SMMDF,SBI AMC,2026-07
INE0MT207015,NJ Capital Pvt. Ltd.,5000.0,4957.89,0.76,[ICRA]AA-,SMMDF,SBI AMC,2026-07
INE261F08EQ2,National Bank for Agriculture and Rural Development,5000.0,4933.66,0.76,[ICRA]AAA,SMMDF,SBI AMC,2026-07
INE563J08023,Astec Lifesciences Ltd.,4900.0,4897.46,0.75,[ICRA]AA-,SMMDF,SBI AMC,2026-07
INE813H07242,Torrent Power Ltd.,430.0,4406.09,0.68,CRISIL AA+,SMMDF,SBI AMC,2026-07
INE087P07501,Avanse Financial Services Ltd.,4000.0,3985.38,0.61,IND AA,SMMDF,SBI AMC,2026-07
INE752E08783,Power Grid Corporation of India Ltd.,3000.0,2931.34,0.45,CRISIL AAA,SMMDF,SBI AMC,2026-07
INE813H07283,Torrent Power Ltd.,2500.0,2557.04,0.39,CRISIL AA+,SMMDF,SBI AMC,2026-07
INE403D08256,Bharti Telecom Ltd.,2500.0,2533.5,0.39,CRISIL AAA,SMMDF,SBI AMC,2026-07
INE556F08LD8,Small Industries Development Bank of India,2500.0,2513.53,0.39,CRISIL AAA,SMMDF,SBI AMC,2026-07
INE658R07448,Motilal Oswal Home Finance Ltd.,2500.0,2508.24,0.39,[ICRA]AA+,SMMDF,SBI AMC,2026-07
INE406M08011,Eris Lifesciences Ltd.,2500.0,2506.26,0.39,IND AA,SMMDF,SBI AMC,2026-07
INE670K07315,Lodha Developers Ltd.,2000.0,1999.96,0.31,CRISIL AA,SMMDF,SBI AMC,2026-07
INE556F08KX8,Small Industries Development Bank of India,1500.0,1502.7,0.23,CRISIL AAA,SMMDF,SBI AMC,2026-07
INE2QI808033,JSW Kalinga Steel Ltd.,27000.0,27866.38,4.29,CRISIL AA,SMMDF,SBI AMC,2026-07
INE02PE08036,JTPM Metal Traders Ltd.,20000.0,21493.78,3.31,CRISIL AA,SMMDF,SBI AMC,2026-07
INE2I7F15012,Siddhivinayak Securitisation Trust (Obligor - Digital Fibre Infrastructure Trust),125.0,12280.8,1.89,CRISIL AAA(SO),SMMDF,SBI AMC,2026-07
INE2I7G15010,Shivshakti Securitisation Trust (Obligor - Digital Fibre Infrastructure Trust),125.0,12209.81,1.88,CRISIL AAA(SO),SMMDF,SBI AMC,2026-07
IN0020200120,6.75% CGL 2033,4500000.0,4676.75,0.72,Sovereign,SMMDF,SBI AMC,2026-07
IN0020260025,6.94% CGL 2036,52000000.0,52400.14,8.06,Sovereign,SMMDF,SBI AMC,2026-07
IN0020250042,6.68% CGL 2040,32500000.0,31540.24,4.85,Sovereign,SMMDF,SBI AMC,2026-07
IN0020250091,6.48% CGL 2035,14500000.0,14168.83,2.18,Sovereign,SMMDF,SBI AMC,2026-07
IN0020250018,6.90% CGL 2065,2500000.0,2285.74,0.35,Sovereign,SMMDF,SBI AMC,2026-07
IN0020250075,7.24% CGL 2055,500000.0,486.54,0.07,Sovereign,SMMDF,SBI AMC,2026-07
IN2920260030,7.64% State Government of Rajasthan 2036,11500000.0,11604.41,1.79,Sovereign,SMMDF,SBI AMC,2026-07
IN3120260028,7.73% State Government of Tamil Nadu 2036,7000000.0,7142.16,1.1,Sovereign,SMMDF,SBI AMC,2026-07
IN3120260051,7.74% State Government of Tamil Nadu 2036,5000000.0,5105.64,0.79,Sovereign,SMMDF,SBI AMC,2026-07
IN1520260101,7.61% State Government of Gujarat 2039,5000000.0,5031.24,0.77,Sovereign,SMMDF,SBI AMC,2026-07
IN3320260042,7.82% State Government of Uttar Pradesh 2046,2500000.0,2535.7,0.39,Sovereign,SMMDF,SBI AMC,2026-07
IN2920250163,7.49% State Government of Rajasthan 2035,2500000.0,2511.35,0.39,Sovereign,SMMDF,SBI AMC,2026-07
IN1320260053,7.66% State Government of Bihar 2041,2500000.0,2509.77,0.39,Sovereign,SMMDF,SBI AMC,2026-07
INE556F16CE8,Small Industries Development Bank of India,1500.0,7063.41,1.09,CRISIL A1+,SMMDF,SBI AMC,2026-07
INF0RQ622028,Corporate Debt Market Development Fund-A2,17860.507,2129.09,0.33,CDMDF,SMMDF,SBI AMC,2026-07
INE0NR623014,Cube Highways Trust,9400000.0,14754.24,2.27,Transport Infrastructure,SMMDF,SBI AMC,2026-07
INE2PB023011,Raajmarg Infra Investment Trust,4700000.0,5472.68,0.84,Transport Infrastructure,SMMDF,SBI AMC,2026-07
INE0KXY23015,Vertis Infrastructure Trust,4500000.0,4792.5,0.74,Transport Infrastructure,SMMDF,SBI AMC,2026-07
INE0Z8Z23013,Capital Infra Trust,900000.0,667.17,0.1,Construction,SMMDF,SBI AMC,2026-07
INE0H7R23014,National Highways Infra Trust,272701.0,466.4,0.07,Transport Infrastructure,SMMDF,SBI AMC,2026-07
INE556F08KH1,Small Industries Development Bank of India,54500.0,54514.33,0.65,CRISIL AAA,SLF,SBI AMC,2026-07
INE033L07IC6,Tata Capital Housing Finance Ltd.,22500.0,22525.27,0.27,CRISIL AAA,SLF,SBI AMC,2026-07
INE692Q07449,Toyota Financial Services India Ltd.,20000.0,20012.08,0.24,[ICRA]AAA,SLF,SBI AMC,2026-07
INE936D07174,Jamnagar Utilities & Power Pvt. Ltd.,1000.0,9983.82,0.12,CRISIL AAA,SLF,SBI AMC,2026-07
IN0020160035,6.97% CGL 2026,3000000.0,3004.11,0.04,Sovereign,SLF,SBI AMC,2026-07
IN1520210130,6.04% State Government of Gujarat 2026,10000000.0,10010.01,0.12,Sovereign,SLF,SBI AMC,2026-07
IN2920160156,7.38% State Government of Rajasthan 2026,3000000.0,3006.32,0.04,Sovereign,SLF,SBI AMC,2026-07
IN3120160103,7.37% State Government of Tamil Nadu 2026,2500000.0,2505.48,0.03,Sovereign,SLF,SBI AMC,2026-07
INE261F14PN3,National Bank for Agriculture and Rural Development,61500.0,305722.65,3.64,CRISIL A1+,SLF,SBI AMC,2026-07
INE556F14MO1,Small Industries Development Bank of India,40000.0,196757.6,2.34,CRISIL A1+,SLF,SBI AMC,2026-07
INE115A14FV6,LIC Housing Finance Ltd.,30000.0,149322.0,1.78,CRISIL A1+,SLF,SBI AMC,2026-07
INE790Z14059,Interise Trust,30000.0,149091.0,1.77,[ICRA]A1+,SLF,SBI AMC,2026-07
INE261F14PT0,National Bank for Agriculture and Rural Development,30000.0,148924.35,1.77,CRISIL A1+,SLF,SBI AMC,2026-07
INE128M14BJ8,L&T Metro Rail (Hyderabad) Ltd.,26300.0,130182.24,1.55,CRISIL A1+,SLF,SBI AMC,2026-07
INE081A14GZ9,Tata Steel Ltd.,22000.0,109478.27,1.3,[ICRA]A1+,SLF,SBI AMC,2026-07
INE296A14I00,Bajaj Finance Ltd.,20000.0,99116.9,1.18,CRISIL A1+,SLF,SBI AMC,2026-07
INE556F14MN3,Small Industries Development Bank of India,20000.0,98977.7,1.18,CRISIL A1+,SLF,SBI AMC,2026-07
INE763G14L11,ICICI Securities Ltd.,16000.0,79283.76,0.94,CRISIL A1+,SLF,SBI AMC,2026-07
INE763G14K53,ICICI Securities Ltd.,15000.0,74443.65,0.89,CRISIL A1+,SLF,SBI AMC,2026-07
INE763G14C12,ICICI Securities Ltd.,15000.0,74273.1,0.88,CRISIL A1+,SLF,SBI AMC,2026-07
INE700G14VA3,HDFC Securities Ltd.,15000.0,73884.9,0.88,CRISIL A1+,SLF,SBI AMC,2026-07
INE572E14KL1,PNB Housing Finance Ltd.,14000.0,69417.18,0.83,CRISIL A1+,SLF,SBI AMC,2026-07
INE128M14BH2,L&T Metro Rail (Hyderabad) Ltd.,12000.0,59896.2,0.71,CRISIL A1+,SLF,SBI AMC,2026-07
INE018A14LX6,Larsen & Toubro Ltd.,12000.0,59642.04,0.71,CRISIL A1+,SLF,SBI AMC,2026-07
INE121A14YT9,Cholamandalam Investment & Finance Co. Ltd.,11500.0,57290.76,0.68,CRISIL A1+,SLF,SBI AMC,2026-07
INE029A14BW6,Bharat Petroleum Corporation Ltd.,11000.0,54972.12,0.65,CRISIL A1+,SLF,SBI AMC,2026-07
INE282H14121,Jio Credit Ltd.,11000.0,54512.21,0.65,CRISIL A1+,SLF,SBI AMC,2026-07
INE377Y14CG0,Bajaj Housing Finance Ltd.,10000.0,49763.3,0.59,CRISIL A1+,SLF,SBI AMC,2026-07
INE338I14MQ3,Motilal Oswal Financial Services Ltd.,10000.0,49716.65,0.59,CRISIL A1+,SLF,SBI AMC,2026-07
INE115A14FW4,LIC Housing Finance Ltd.,10000.0,49655.4,0.59,CRISIL A1+,SLF,SBI AMC,2026-07
INE081A14HC6,Tata Steel Ltd.,10000.0,49642.5,0.59,[ICRA]A1+,SLF,SBI AMC,2026-07
INE700G14UG2,HDFC Securities Ltd.,10000.0,49637.8,0.59,CRISIL A1+,SLF,SBI AMC,2026-07
INE511C14ZP2,Poonawalla Fincorp Ltd.,10000.0,49636.7,0.59,CRISIL A1+,SLF,SBI AMC,2026-07
INE338I14MW1,Motilal Oswal Financial Services Ltd.,10000.0,49627.0,0.59,CRISIL A1+,SLF,SBI AMC,2026-07
INE763G14K61,ICICI Securities Ltd.,10000.0,49619.9,0.59,CRISIL A1+,SLF,SBI AMC,2026-07
INE763G14I81,ICICI Securities Ltd.,10000.0,49583.1,0.59,CRISIL A1+,SLF,SBI AMC,2026-07
INE028E14XB8,Kotak Securities Ltd.,10000.0,49582.5,0.59,CRISIL A1+,SLF,SBI AMC,2026-07
INE028E14XC6,Kotak Securities Ltd.,10000.0,49570.2,0.59,CRISIL A1+,SLF,SBI AMC,2026-07
INE535H14JT6,SMFG India Credit Company Ltd.,10000.0,49547.15,0.59,CRISIL A1+,SLF,SBI AMC,2026-07
INE257A14AJ2,Bharat Heavy Electricals Ltd.,10000.0,49497.3,0.59,CRISIL A1+,SLF,SBI AMC,2026-07
INE733E14CE1,NTPC Ltd.,10000.0,49398.7,0.59,CRISIL A1+,SLF,SBI AMC,2026-07
INE733E14CF8,NTPC Ltd.,10000.0,49362.2,0.59,CRISIL A1+,SLF,SBI AMC,2026-07
INE700G14VD7,HDFC Securities Ltd.,10000.0,49139.7,0.58,CRISIL A1+,SLF,SBI AMC,2026-07
INE01C314FZ1,Bajaj Financial Securities Ltd.,9000.0,44690.13,0.53,CRISIL A1+,SLF,SBI AMC,2026-07
INE572E14KM9,PNB Housing Finance Ltd.,8000.0,39612.32,0.47,CRISIL A1+,SLF,SBI AMC,2026-07
INE733E14CG6,NTPC Ltd.,7500.0,37382.59,0.44,CRISIL A1+,SLF,SBI AMC,2026-07
INE831R14GC0,Aditya Birla Housing Finance Ltd.,7000.0,34945.16,0.42,CRISIL A1+,SLF,SBI AMC,2026-07
INE01C314FK3,Bajaj Financial Securities Ltd.,7000.0,34930.81,0.42,CRISIL A1+,SLF,SBI AMC,2026-07
INE094A14KD1,Hindustan Petroleum Corporation Ltd.,7000.0,34709.92,0.41,CRISIL A1+,SLF,SBI AMC,2026-07
INE02KN14739,Godrej Finance Ltd.,7000.0,34699.6,0.41,CRISIL A1+,SLF,SBI AMC,2026-07
INE09OL14JO3,Birla Group Holding Pvt. Ltd.,7000.0,34679.61,0.41,CRISIL A1+,SLF,SBI AMC,2026-07
INE128M14BI0,L&T Metro Rail (Hyderabad) Ltd.,6900.0,34231.04,0.41,CRISIL A1+,SLF,SBI AMC,2026-07
INE831R14GB2,Aditya Birla Housing Finance Ltd.,6000.0,29974.83,0.36,CRISIL A1+,SLF,SBI AMC,2026-07
INE028E14WQ8,Kotak Securities Ltd.,6000.0,29836.56,0.35,CRISIL A1+,SLF,SBI AMC,2026-07
INE02FN14929,IGH Holdings Pvt Ltd.,6000.0,29823.96,0.35,CRISIL A1+,SLF,SBI AMC,2026-07
INE028E14WU0,Kotak Securities Ltd.,6000.0,29815.89,0.35,CRISIL A1+,SLF,SBI AMC,2026-07
INE01C314GA2,Bajaj Financial Securities Ltd.,6000.0,29782.35,0.35,CRISIL A1+,SLF,SBI AMC,2026-07
INE338I14MY7,Motilal Oswal Financial Services Ltd.,6000.0,29742.06,0.35,CRISIL A1+,SLF,SBI AMC,2026-07
INE028E14XE2,Kotak Securities Ltd.,6000.0,29731.02,0.35,CRISIL A1+,SLF,SBI AMC,2026-07
INE09OL14JP0,Birla Group Holding Pvt. Ltd.,6000.0,29708.4,0.35,CRISIL A1+,SLF,SBI AMC,2026-07
INE929O14FA5,Reliance Retail Ventures Ltd.,5000.0,24858.35,0.3,CRISIL A1+,SLF,SBI AMC,2026-07
INE556F14MI3,Small Industries Development Bank of India,5000.0,24855.85,0.3,CRISIL A1+,SLF,SBI AMC,2026-07
INE929O14FB3,Reliance Retail Ventures Ltd.,5000.0,24831.98,0.3,CRISIL A1+,SLF,SBI AMC,2026-07
INE261F14PS2,National Bank for Agriculture and Rural Development,5000.0,24825.08,0.3,CRISIL A1+,SLF,SBI AMC,2026-07
INE763G14K38,ICICI Securities Ltd.,5000.0,24823.75,0.3,CRISIL A1+,SLF,SBI AMC,2026-07
INE01C314GB0,Bajaj Financial Securities Ltd.,5000.0,24814.0,0.3,CRISIL A1+,SLF,SBI AMC,2026-07
INE028E14XA0,Kotak Securities Ltd.,5000.0,24809.65,0.3,CRISIL A1+,SLF,SBI AMC,2026-07
INE02KN14721,Godrej Finance Ltd.,5000.0,24804.35,0.3,CRISIL A1+,SLF,SBI AMC,2026-07
INE556F14ML7,Small Industries Development Bank of India,5000.0,24803.83,0.3,CRISIL A1+,SLF,SBI AMC,2026-07
INE891K14QA2,Axis Finance Ltd.,5000.0,24777.3,0.29,CRISIL A1+,SLF,SBI AMC,2026-07
INE020B14706,REC Ltd.,5000.0,24775.0,0.29,CRISIL A1+,SLF,SBI AMC,2026-07
INE338I14NA5,Motilal Oswal Financial Services Ltd.,5000.0,24774.0,0.29,CRISIL A1+,SLF,SBI AMC,2026-07
INE522D14OT3,Manappuram Finance Ltd.,5000.0,24773.65,0.29,CRISIL A1+,SLF,SBI AMC,2026-07
INE729N14IR9,TVS Credit Services Ltd.,5000.0,24773.35,0.29,CRISIL A1+,SLF,SBI AMC,2026-07
INE422H14529,DSP Finance Pvt. Ltd.,5000.0,24740.1,0.29,CRISIL A1+,SLF,SBI AMC,2026-07
INE511C14ZT4,Poonawalla Fincorp Ltd.,5000.0,24642.85,0.29,CRISIL A1+,SLF,SBI AMC,2026-07
INE403D14627,Bharti Telecom Ltd.,4500.0,22357.55,0.27,CRISIL A1+,SLF,SBI AMC,2026-07
INE976I14RP1,TATA Capital Ltd.,4500.0,22343.81,0.27,CRISIL A1+,SLF,SBI AMC,2026-07
INE01C314FQ0,Bajaj Financial Securities Ltd.,4000.0,19928.22,0.24,CRISIL A1+,SLF,SBI AMC,2026-07
INE02FN14937,IGH Holdings Pvt Ltd.,4000.0,19875.12,0.24,CRISIL A1+,SLF,SBI AMC,2026-07
INE976I14QM0,TATA Capital Ltd.,4000.0,19830.94,0.24,CRISIL A1+,SLF,SBI AMC,2026-07
INE486A14GD7,CESC Ltd.,4000.0,19824.28,0.24,[ICRA]A1+,SLF,SBI AMC,2026-07
INE725H14EE6,Tata Projects Ltd.,4000.0,19810.8,0.24,CRISIL A1+,SLF,SBI AMC,2026-07
INE572E14KQ0,PNB Housing Finance Ltd.,4000.0,19668.78,0.23,CRISIL A1+,SLF,SBI AMC,2026-07
INE094A14KI0,Hindustan Petroleum Corporation Ltd.,3000.0,14992.52,0.18,CRISIL A1+,SLF,SBI AMC,2026-07
INE110O14IQ2,Axis Securities Ltd.,3000.0,14904.9,0.18,CRISIL A1+,SLF,SBI AMC,2026-07
INE957N14KN1,Hero FinCorp Ltd.,3000.0,14885.69,0.18,CRISIL A1+,SLF,SBI AMC,2026-07
INE957N14KO9,Hero FinCorp Ltd.,3000.0,14882.78,0.18,CRISIL A1+,SLF,SBI AMC,2026-07
INE484J14D57,Godrej Properties Ltd.,3000.0,14867.43,0.18,[ICRA]A1+,SLF,SBI AMC,2026-07
INE484J14D65,Godrej Properties Ltd.,3000.0,14864.64,0.18,[ICRA]A1+,SLF,SBI AMC,2026-07
INE422H14495,DSP Finance Pvt. Ltd.,3000.0,14861.55,0.18,CRISIL A1+,SLF,SBI AMC,2026-07
INE02FN14945,IGH Holdings Pvt Ltd.,2500.0,12410.21,0.15,CRISIL A1+,SLF,SBI AMC,2026-07
INE09OL14JM7,Birla Group Holding Pvt. Ltd.,2000.0,9924.14,0.12,CRISIL A1+,SLF,SBI AMC,2026-07
INE484J14D40,Godrej Properties Ltd.,2000.0,9913.48,0.12,[ICRA]A1+,SLF,SBI AMC,2026-07
INE563J14DP5,Astec Lifesciences Ltd.,500.0,2475.47,0.03,[ICRA]A1+,SLF,SBI AMC,2026-07
INE563J14DO8,Astec Lifesciences Ltd.,500.0,2473.41,0.03,[ICRA]A1+,SLF,SBI AMC,2026-07
INE040A16JO8,HDFC Bank Ltd.,60000.0,298066.2,3.55,CRISIL A1+,SLF,SBI AMC,2026-07
INE476A16K55,Canara Bank,44000.0,216942.0,2.58,CRISIL A1+,SLF,SBI AMC,2026-07
INE476A16J33,Canara Bank,40000.0,198969.8,2.37,CRISIL A1+,SLF,SBI AMC,2026-07
INE040A16HL8,HDFC Bank Ltd.,35000.0,173781.13,2.07,CRISIL A1+,SLF,SBI AMC,2026-07
INE028A16MR0,Bank of Baroda,30000.0,148943.55,1.77,IND A1+,SLF,SBI AMC,2026-07
INE028A16MS8,Bank of Baroda,30000.0,148841.25,1.77,IND A1+,SLF,SBI AMC,2026-07
INE692A16MS1,Union Bank of India,30000.0,148000.2,1.76,[ICRA]A1+,SLF,SBI AMC,2026-07
INE692A16MX1,Union Bank of India,30000.0,147907.35,1.76,[ICRA]A1+,SLF,SBI AMC,2026-07
INE160A16VE0,Punjab National Bank,24000.0,119359.92,1.42,CRISIL A1+,SLF,SBI AMC,2026-07
INE040A16JG4,HDFC Bank Ltd.,20500.0,102414.52,1.22,CRISIL A1+,SLF,SBI AMC,2026-07
INE090AD6360,ICICI Bank Ltd.,20000.0,99485.7,1.18,[ICRA]A1+,SLF,SBI AMC,2026-07
INE238AD6CL0,Axis Bank Ltd.,20000.0,99461.5,1.18,CRISIL A1+,SLF,SBI AMC,2026-07
INE160A16VJ9,Punjab National Bank,20000.0,99184.6,1.18,CRISIL A1+,SLF,SBI AMC,2026-07
INE040A16JT7,HDFC Bank Ltd.,20000.0,98592.8,1.17,CRISIL A1+,SLF,SBI AMC,2026-07
INE095A165E1,IndusInd Bank Ltd.,19000.0,94614.02,1.13,CRISIL A1+,SLF,SBI AMC,2026-07
INE092T16ZP2,IDFC First Bank Ltd.,18500.0,91843.25,1.09,CRISIL A1+,SLF,SBI AMC,2026-07
INE040A16JQ3,HDFC Bank Ltd.,15500.0,76872.95,0.91,CRISIL A1+,SLF,SBI AMC,2026-07
INE092T16ZQ0,IDFC First Bank Ltd.,15000.0,74454.3,0.89,CRISIL A1+,SLF,SBI AMC,2026-07
INE608A16TK9,Punjab & Sind Bank,15000.0,74409.23,0.89,[ICRA]A1+,SLF,SBI AMC,2026-07
INE160A16VR2,Punjab National Bank,15000.0,74167.05,0.88,CRISIL A1+,SLF,SBI AMC,2026-07
INE168A16NI1,The Jammu & Kashmir Bank Ltd.,13000.0,64722.13,0.77,CRISIL A1+,SLF,SBI AMC,2026-07
INE483A16KV3,Central Bank of India,10500.0,52137.23,0.62,CRISIL A1+,SLF,SBI AMC,2026-07
INE063P16BN7,Equitas Small Finance Bank Ltd.,10000.0,49745.55,0.59,CRISIL A1+,SLF,SBI AMC,2026-07
INE692A16MJ0,Union Bank of India,10000.0,49706.0,0.59,[ICRA]A1+,SLF,SBI AMC,2026-07
INE608A16TL7,Punjab & Sind Bank,10000.0,49593.15,0.59,[ICRA]A1+,SLF,SBI AMC,2026-07
INE692A16ML6,Union Bank of India,9000.0,44622.81,0.53,[ICRA]A1+,SLF,SBI AMC,2026-07
INE028A16MK5,Bank of Baroda,7000.0,34861.61,0.41,IND A1+,SLF,SBI AMC,2026-07
INE008A161B2,IDBI Bank Ltd.,6000.0,29784.03,0.35,CRISIL A1+,SLF,SBI AMC,2026-07
INE01GA16301,DBS Bank Ltd.,6000.0,29728.05,0.35,CRISIL A1+,SLF,SBI AMC,2026-07
INE028A16MO7,Bank of Baroda,5000.0,24853.8,0.3,IND A1+,SLF,SBI AMC,2026-07
INE028A16MP4,Bank of Baroda,5000.0,24840.98,0.3,IND A1+,SLF,SBI AMC,2026-07
INE692A16MK8,Union Bank of India,5000.0,24839.8,0.3,[ICRA]A1+,SLF,SBI AMC,2026-07
INE168A16NG5,The Jammu & Kashmir Bank Ltd.,5000.0,24794.28,0.29,CRISIL A1+,SLF,SBI AMC,2026-07
INE028A16MI9,Bank of Baroda,4000.0,19934.64,0.24,IND A1+,SLF,SBI AMC,2026-07
INE238AD6CQ9,Axis Bank Ltd.,3500.0,17358.46,0.21,CRISIL A1+,SLF,SBI AMC,2026-07
INE692A16MH4,Union Bank of India,2000.0,9960.31,0.12,[ICRA]A1+,SLF,SBI AMC,2026-07
INE040A16HF0,HDFC Bank Ltd.,1000.0,4996.67,0.06,CRISIL A1+,SLF,SBI AMC,2026-07
INE949L16DQ5,AU Small Finance Bank Ltd.,500.0,2488.03,0.03,CRISIL A1+,SLF,SBI AMC,2026-07
IN002026X107,91 DAY T-BILL 10.09.26,600000000.0,596597.4,7.1,Sovereign,SLF,SBI AMC,2026-07
IN002026X156,91 DAY T-BILL 15.10.26,175000000.0,173114.73,2.06,Sovereign,SLF,SBI AMC,2026-07
IN002025Y479,182 DAY T-BILL 27.08.26,165250000.0,164642.54,1.96,Sovereign,SLF,SBI AMC,2026-07
IN002026X123,91 DAY T-BILL 24.09.26,150000000.0,148846.8,1.77,Sovereign,SLF,SBI AMC,2026-07
IN002026X065,91 DAY T-BILL 13.08.26,105500000.0,105320.02,1.25,Sovereign,SLF,SBI AMC,2026-07
IN002026X057,91 DAY T-BILL 06.08.26,97500000.0,97431.26,1.16,Sovereign,SLF,SBI AMC,2026-07
IN002025Z211,364 DAY T-BILL 20.08.26,80000000.0,79784.24,0.95,Sovereign,SLF,SBI AMC,2026-07
IN002026X115,91 DAY T-BILL 17.09.26,75000000.0,74498.63,0.89,Sovereign,SLF,SBI AMC,2026-07
IN002025Z252,364 DAY T-BILL 17.09.26,48000000.0,47679.12,0.57,Sovereign,SLF,SBI AMC,2026-07
IN002026X081,91 DAY T-BILL 28.08.26,30000000.0,29885.22,0.36,Sovereign,SLF,SBI AMC,2026-07
IN002025Z237,364 DAY T-BILL 03.09.26,20000000.0,19906.32,0.24,Sovereign,SLF,SBI AMC,2026-07
IN002025Z203,364 DAY T-BILL 13.08.26,10000000.0,9982.94,0.12,Sovereign,SLF,SBI AMC,2026-07
IN000826C023,GOI 22.08.2026 GOV,4500000.0,4485.88,0.05,Sovereign,SLF,SBI AMC,2026-07
IN000826C031,GOI 05.08.2026 GOV,1500000.0,1499.09,0.02,Sovereign,SLF,SBI AMC,2026-07
INF0RQ622028,Corporate Debt Market Development Fund-A2,169786.288,20239.66,0.24,CDMDF,SLF,SBI AMC,2026-07
INE261F08EV2,National Bank for Agriculture and Rural Development,22500.0,22334.63,6.07,[ICRA]AAA,SDBF,SBI AMC,2026-07
INE507T07104,Summit Digitel Infrastructure Pvt. Ltd.,1500.0,15689.72,4.26,CRISIL AAA,SDBF,SBI AMC,2026-07
INE020B08EW9,REC Ltd.,12500.0,12522.51,3.4,CRISIL AAA,SDBF,SBI AMC,2026-07
INE115A07RF8,LIC Housing Finance Ltd.,10000.0,9995.96,2.71,CRISIL AAA,SDBF,SBI AMC,2026-07
INE0MIZ07038,Anzen India Energy Yield Plus Trust,10000.0,9965.47,2.71,CRISIL AAA,SDBF,SBI AMC,2026-07
INE0H7R07058,National Highways Infra Trust,22500.0,11917.13,3.24,IND AAA,SDBF,SBI AMC,2026-07
INE2I7F15012,Siddhivinayak Securitisation Trust (Obligor - Digital Fibre Infrastructure Trust),100.0,9824.64,2.67,CRISIL AAA(SO),SDBF,SBI AMC,2026-07
INE1CBK15029,India Universal Trust AL2 (Obligor - HDFC Bank Ltd.),147.0,8943.42,2.43,CRISIL AAA(SO),SDBF,SBI AMC,2026-07
INE2I7G15010,Shivshakti Securitisation Trust (Obligor - Digital Fibre Infrastructure Trust),75.0,7325.89,1.99,CRISIL AAA(SO),SDBF,SBI AMC,2026-07
IN0020260025,6.94% CGL 2036,90000000.0,90692.55,24.63,Sovereign,SDBF,SBI AMC,2026-07
IN0020260033,7.71% CGL 2066,47500000.0,48393.57,13.14,Sovereign,SDBF,SBI AMC,2026-07
IN1020260072,7.28% State Government of Andhra Pradesh 2032,25000000.0,25126.9,6.82,Sovereign,SDBF,SBI AMC,2026-07
IN2220220064,7.70% State Government of Maharashtra 2032,15000000.0,15405.57,4.18,Sovereign,SDBF,SBI AMC,2026-07
IN3120220097,7.80% State Government of Tamil Nadu 2032,10000000.0,10315.74,2.8,Sovereign,SDBF,SBI AMC,2026-07
IN1320250278,7.86% State Government of Bihar 2039,5000000.0,5099.79,1.39,Sovereign,SDBF,SBI AMC,2026-07
INE238AD6CP1,Axis Bank Ltd.,5000.0,24047.15,6.53,CRISIL A1+,SDBF,SBI AMC,2026-07
INE692A16LP9,Union Bank of India,2000.0,9589.13,2.6,[ICRA]A1+,SDBF,SBI AMC,2026-07
INE556F16CB4,Small Industries Development Bank of India,200.0,962.63,0.26,CRISIL A1+,SDBF,SBI AMC,2026-07
IN002026X115,91 DAY T-BILL 17.09.26,12500000.0,12416.44,3.37,Sovereign,SDBF,SBI AMC,2026-07
INF0RQ622028,Corporate Debt Market Development Fund-A2,10712.037,1276.95,0.35,CDMDF,SDBF,SBI AMC,2026-07
IN0020170026,6.79% CGL 2027,50000000.0,50400.45,1.49,Sovereign,SSF,SBI AMC,2026-07
IN3320170043,7.52% State Government of Uttar Pradesh 2027,32500000.0,32885.68,0.97,Sovereign,SSF,SBI AMC,2026-07
IN3720160024,7.40% State Government of Jharkhand 2026,6476000.0,6504.84,0.19,Sovereign,SSF,SBI AMC,2026-07
IN1520210130,6.04% State Government of Gujarat 2026,5000000.0,5005.01,0.15,Sovereign,SSF,SBI AMC,2026-07
IN2020160072,7.61% State Government of Kerala 2026,5000000.0,5002.37,0.15,Sovereign,SSF,SBI AMC,2026-07
IN4520160115,7.40% State Government of Telangana 2026,4533200.0,4553.3,0.13,Sovereign,SSF,SBI AMC,2026-07
IN1720160028,7.39% State Government of Himachal Pradesh 2026,4274100.0,4293.14,0.13,Sovereign,SSF,SBI AMC,2026-07
IN1220160023,7.42% State Government of Assam 2026,3885600.0,3902.5,0.12,Sovereign,SSF,SBI AMC,2026-07
IN1020160413,7.25% State Government of Andhra Pradesh 2026,2611300.0,2627.28,0.08,Sovereign,SSF,SBI AMC,2026-07
IN3420160084,7.25% State Government of West Bengal 2026,2590400.0,2600.1,0.08,Sovereign,SSF,SBI AMC,2026-07
IN3320160226,7.39% State Government of Uttar Pradesh 2026,2590400.0,2595.98,0.08,Sovereign,SSF,SBI AMC,2026-07
IN2120160030,7.38% State Government of Madhya Pradesh 2026,2500000.0,2505.31,0.07,Sovereign,SSF,SBI AMC,2026-07
INE115A14FS2,LIC Housing Finance Ltd.,30000.0,144623.25,4.27,CRISIL A1+,SSF,SBI AMC,2026-07
INE282H14097,Jio Credit Ltd.,20000.0,95590.8,2.82,CRISIL A1+,SSF,SBI AMC,2026-07
INE121A14YM4,Cholamandalam Investment & Finance Co. Ltd.,10000.0,47933.25,1.41,CRISIL A1+,SSF,SBI AMC,2026-07
INE282H14105,Jio Credit Ltd.,10000.0,47859.6,1.41,CRISIL A1+,SSF,SBI AMC,2026-07
INE498L14FQ3,L&T Finance Ltd.,10000.0,47799.7,1.41,CRISIL A1+,SSF,SBI AMC,2026-07
INE549K14CH1,Muthoot Fincorp Ltd.,7000.0,33927.74,1.0,CRISIL A1+,SSF,SBI AMC,2026-07
INE414G14VO2,Muthoot Finance Ltd.,7000.0,33447.19,0.99,CRISIL A1+,SSF,SBI AMC,2026-07
INE087P14846,Avanse Financial Services Ltd.,6000.0,29773.95,0.88,CRISIL A1+,SSF,SBI AMC,2026-07
INE121A14YV5,Cholamandalam Investment & Finance Co. Ltd.,6000.0,29703.15,0.88,CRISIL A1+,SSF,SBI AMC,2026-07
INE660A14YX8,Sundaram Finance Ltd.,6000.0,28860.27,0.85,CRISIL A1+,SSF,SBI AMC,2026-07
INE742F14RF4,Adani Ports and Special Economic Zone Ltd.,5000.0,24928.0,0.74,CRISIL A1+,SSF,SBI AMC,2026-07
INE549K14CQ2,Muthoot Fincorp Ltd.,5000.0,24261.23,0.72,CRISIL A1+,SSF,SBI AMC,2026-07
INE417C14AP5,Pilani Investment & Industries Corporation Ltd.,5000.0,23899.08,0.71,CRISIL A1+,SSF,SBI AMC,2026-07
INE685A14187,Torrent Pharmaceuticals Ltd.,4500.0,21887.73,0.65,[ICRA]A1+,SSF,SBI AMC,2026-07
INE087P14838,Avanse Financial Services Ltd.,4000.0,19886.68,0.59,CRISIL A1+,SSF,SBI AMC,2026-07
INE549K14CP4,Muthoot Fincorp Ltd.,4000.0,19796.96,0.58,CRISIL A1+,SSF,SBI AMC,2026-07
INE535H14JS8,SMFG India Credit Company Ltd.,4000.0,19781.54,0.58,CRISIL A1+,SSF,SBI AMC,2026-07
INE957N14KR2,Hero FinCorp Ltd.,4000.0,19483.58,0.57,CRISIL A1+,SSF,SBI AMC,2026-07
INE957N14KS0,Hero FinCorp Ltd.,4000.0,19479.46,0.57,CRISIL A1+,SSF,SBI AMC,2026-07
INE674K14BX6,Aditya Birla Capital Ltd.,4000.0,19194.38,0.57,CRISIL A1+,SSF,SBI AMC,2026-07
INE414G14VM6,Muthoot Finance Ltd.,4000.0,19159.28,0.57,CRISIL A1+,SSF,SBI AMC,2026-07
INE692Q14BV9,Toyota Financial Services India Ltd.,4000.0,19132.9,0.56,CRISIL A1+,SSF,SBI AMC,2026-07
INE763G14L37,ICICI Securities Ltd.,4000.0,19086.18,0.56,CRISIL A1+,SSF,SBI AMC,2026-07
INE976I14RR7,TATA Capital Ltd.,3000.0,14359.14,0.42,CRISIL A1+,SSF,SBI AMC,2026-07
INE02JD14815,Godrej Housing Finance Ltd.,3000.0,14331.59,0.42,CRISIL A1+,SSF,SBI AMC,2026-07
INE338I14ME9,Motilal Oswal Financial Services Ltd.,3000.0,14330.88,0.42,CRISIL A1+,SSF,SBI AMC,2026-07
INE742F14RH0,Adani Ports and Special Economic Zone Ltd.,2000.0,9969.4,0.29,CRISIL A1+,SSF,SBI AMC,2026-07
INE0CCU14138,Mindspace Business Parks Reit,2000.0,9917.65,0.29,[ICRA]A1+,SSF,SBI AMC,2026-07
INE422H14545,Dsp Investment Manager Pvt. Ltd.,2000.0,9810.55,0.29,CRISIL A1+,SSF,SBI AMC,2026-07
INE414G14VP9,Muthoot Finance Ltd.,2000.0,9565.85,0.28,CRISIL A1+,SSF,SBI AMC,2026-07
INE090AD6303,ICICI Bank Ltd.,30000.0,143775.9,4.24,[ICRA]A1+,SSF,SBI AMC,2026-07
INE0KUG16020,National Bank for Financing Infrastructure and Development,29000.0,139242.2,4.11,IND A1+,SSF,SBI AMC,2026-07
INE476A16H92,Canara Bank,28000.0,134336.86,3.96,CRISIL A1+,SSF,SBI AMC,2026-07
INE692A16KQ9,Union Bank of India,20000.0,97602.2,2.88,[ICRA]A1+,SSF,SBI AMC,2026-07
INE237AD6174,Kotak Mahindra Bank Ltd.,20000.0,96001.7,2.83,CRISIL A1+,SSF,SBI AMC,2026-07
INE160A16UQ6,Punjab National Bank,20000.0,96001.6,2.83,CRISIL A1+,SSF,SBI AMC,2026-07
INE160A16UD4,Punjab National Bank,17500.0,84508.29,2.49,CRISIL A1+,SSF,SBI AMC,2026-07
INE556F16CA6,Small Industries Development Bank of India,17000.0,81960.49,2.42,CRISIL A1+,SSF,SBI AMC,2026-07
INE261F16AQ3,National Bank for Agriculture and Rural Development,17100.0,81878.39,2.42,CRISIL A1+,SSF,SBI AMC,2026-07
INE476A16H43,Canara Bank,16900.0,81199.77,2.4,CRISIL A1+,SSF,SBI AMC,2026-07
INE028A16LR2,Bank of Baroda,16000.0,76857.12,2.27,IND A1+,SSF,SBI AMC,2026-07
INE040A16IZ6,HDFC Bank Ltd.,15100.0,72424.73,2.14,CRISIL A1+,SSF,SBI AMC,2026-07
INE008A168A9,IDBI Bank Ltd.,12000.0,57487.74,1.7,CRISIL A1+,SSF,SBI AMC,2026-07
INE562A16QH0,Indian Bank,10000.0,48304.0,1.43,CRISIL A1+,SSF,SBI AMC,2026-07
INE238AD6CP1,Axis Bank Ltd.,10000.0,48094.3,1.42,CRISIL A1+,SSF,SBI AMC,2026-07
INE040A16IQ5,HDFC Bank Ltd.,10000.0,48051.15,1.42,CRISIL A1+,SSF,SBI AMC,2026-07
INE261F16AO8,National Bank for Agriculture and Rural Development,10000.0,47953.05,1.41,CRISIL A1+,SSF,SBI AMC,2026-07
INE028A16LI1,Bank of Baroda,9000.0,43401.24,1.28,IND A1+,SSF,SBI AMC,2026-07
INE040A16IO0,HDFC Bank Ltd.,8000.0,38483.2,1.14,CRISIL A1+,SSF,SBI AMC,2026-07
INE692A16LP9,Union Bank of India,7500.0,35959.24,1.06,[ICRA]A1+,SSF,SBI AMC,2026-07
INE556F16CB4,Small Industries Development Bank of India,7000.0,33691.98,0.99,CRISIL A1+,SSF,SBI AMC,2026-07
INE160A16UX2,Punjab National Bank,7000.0,33545.68,0.99,CRISIL A1+,SSF,SBI AMC,2026-07
INE565A16BT0,Indian Overseas Bank,6000.0,28850.76,0.85,CARE A1+,SSF,SBI AMC,2026-07
INE063P16BO5,Equitas Small Finance Bank Ltd.,5000.0,24319.55,0.72,CRISIL A1+,SSF,SBI AMC,2026-07
INE063P16BP2,Equitas Small Finance Bank Ltd.,5000.0,24314.63,0.72,CRISIL A1+,SSF,SBI AMC,2026-07
INE476A16G44,Canara Bank,5000.0,24155.25,0.71,CRISIL A1+,SSF,SBI AMC,2026-07
INE028A16LW2,Bank of Baroda,5000.0,23994.48,0.71,IND A1+,SSF,SBI AMC,2026-07
INE476A16H84,Canara Bank,5000.0,23993.08,0.71,CRISIL A1+,SSF,SBI AMC,2026-07
INE168A16NM3,The Jammu & Kashmir Bank Ltd.,5000.0,23964.4,0.71,CRISIL A1+,SSF,SBI AMC,2026-07
INE556F16CE8,Small Industries Development Bank of India,5000.0,23544.7,0.69,CRISIL A1+,SSF,SBI AMC,2026-07
INE556F16CC2,Small Industries Development Bank of India,4500.0,21626.96,0.64,CRISIL A1+,SSF,SBI AMC,2026-07
INE090AD6279,ICICI Bank Ltd.,4000.0,19348.14,0.57,[ICRA]A1+,SSF,SBI AMC,2026-07
INE692A16LM6,Union Bank of India,4000.0,19226.14,0.57,[ICRA]A1+,SSF,SBI AMC,2026-07
INE028A16LD2,Bank of Baroda,2400.0,11611.75,0.34,IND A1+,SSF,SBI AMC,2026-07
INE160A16UH5,Punjab National Bank,2400.0,11579.11,0.34,CRISIL A1+,SSF,SBI AMC,2026-07
INE556F16BT8,Small Industries Development Bank of India,2300.0,11205.8,0.33,CRISIL A1+,SSF,SBI AMC,2026-07
INE028A16KK9,Bank of Baroda,2000.0,9787.21,0.29,IND A1+,SSF,SBI AMC,2026-07
INE160A16TZ9,Punjab National Bank,2000.0,9751.12,0.29,CRISIL A1+,SSF,SBI AMC,2026-07
INE476A16H35,Canara Bank,2000.0,9612.92,0.28,CRISIL A1+,SSF,SBI AMC,2026-07
INE040A16IU7,HDFC Bank Ltd.,2000.0,9604.96,0.28,CRISIL A1+,SSF,SBI AMC,2026-07
INE028A16LS0,Bank of Baroda,2000.0,9602.74,0.28,IND A1+,SSF,SBI AMC,2026-07
INE160A16UV6,Punjab National Bank,2000.0,9594.93,0.28,CRISIL A1+,SSF,SBI AMC,2026-07
INE556F16CD0,Small Industries Development Bank of India,1500.0,7173.03,0.21,CRISIL A1+,SSF,SBI AMC,2026-07
INE028A16KI3,Bank of Baroda,1000.0,4910.72,0.14,IND A1+,SSF,SBI AMC,2026-07
INE028A16KO1,Bank of Baroda,1000.0,4885.52,0.14,IND A1+,SSF,SBI AMC,2026-07
INE476A16I00,Canara Bank,1000.0,4809.97,0.14,CRISIL A1+,SSF,SBI AMC,2026-07
INE261F16AM2,National Bank for Agriculture and Rural Development,1000.0,4802.43,0.14,CRISIL A1+,SSF,SBI AMC,2026-07
INE556F16BQ4,Small Industries Development Bank of India,500.0,2454.38,0.07,CRISIL A1+,SSF,SBI AMC,2026-07
IN002026Y121,182 DAY T-BILL 24.12.26,130000000.0,127236.85,3.75,Sovereign,SSF,SBI AMC,2026-07
IN002025Z484,364 DAY T-BILL 04.03.27,130000000.0,125862.62,3.71,Sovereign,SSF,SBI AMC,2026-07
IN002025Z476,364 DAY T-BILL 25.02.27,75000000.0,72685.65,2.14,Sovereign,SSF,SBI AMC,2026-07
IN002026X123,91 DAY T-BILL 24.09.26,25000000.0,24807.8,0.73,Sovereign,SSF,SBI AMC,2026-07
INF0RQ622028,Corporate Debt Market Development Fund-A2,81864.61,9758.81,0.29,CDMDF,SSF,SBI AMC,2026-07
INE154Z07011,Renew Solar Energy (Jharkhand Five) Pvt. Ltd.,11000.0,10012.6,4.59,CARE AA,SCRF,SBI AMC,2026-07
INE670K07315,Lodha Developers Ltd.,10000.0,9999.81,4.59,CRISIL AA,SCRF,SBI AMC,2026-07
INE725H08287,Tata Projects Ltd.,10000.0,9960.69,4.57,IND AA,SCRF,SBI AMC,2026-07
INE0MT207015,NJ Capital Pvt. Ltd.,10000.0,9915.77,4.55,[ICRA]AA-,SCRF,SBI AMC,2026-07
INE926X08015,H.G. Infra Engineering Ltd.,10000.0,9907.66,4.54,[ICRA]AA-,SCRF,SBI AMC,2026-07
INE0AY207061,Renserv Global Pvt Ltd.,8000.0,8000.68,3.67,CARE A(CE),SCRF,SBI AMC,2026-07
INE658R07448,Motilal Oswal Home Finance Ltd.,7500.0,7524.72,3.45,[ICRA]AA+,SCRF,SBI AMC,2026-07
INE01QP08016,Aditya Birla Renewables Ltd.,7500.0,7521.24,3.45,CRISIL AA,SCRF,SBI AMC,2026-07
INE192U07384,Kogta Financial (India) Ltd.,6500.0,6468.22,2.97,CARE AA-,SCRF,SBI AMC,2026-07
INE776C08075,GMR Airports Ltd.,6000.0,6374.93,2.92,CRISIL A+,SCRF,SBI AMC,2026-07
INE087P07501,Avanse Financial Services Ltd.,6000.0,5978.07,2.74,IND AA,SCRF,SBI AMC,2026-07
INE1BEC07011,Gaursons India Pvt. Ltd.,6000.0,5959.97,2.73,[ICRA]A-,SCRF,SBI AMC,2026-07
INE055A08052,Aditya Birla Real Estate Ltd.,5000.0,5025.04,2.3,CRISIL AA,SCRF,SBI AMC,2026-07
INE556F08LF3,Small Industries Development Bank of India,5000.0,5008.58,2.3,CRISIL AAA,SCRF,SBI AMC,2026-07
INE406M08029,Eris Lifesciences Ltd.,4500.0,4513.54,2.07,IND AA,SCRF,SBI AMC,2026-07
INE406M08011,Eris Lifesciences Ltd.,4000.0,4010.02,1.84,IND AA,SCRF,SBI AMC,2026-07
INE916DA7TM9,Kotak Mahindra Prime Ltd.,2500.0,2508.87,1.15,CRISIL AAA,SCRF,SBI AMC,2026-07
INE896L07AP5,Indostar Capital Finance Ltd.,2500.0,2506.79,1.15,CARE AA-,SCRF,SBI AMC,2026-07
INE316Z08022,Godrej Seeds & Genetics Ltd.,2500.0,2483.54,1.14,CRISIL AA,SCRF,SBI AMC,2026-07
INE316Z08048,Godrej Seeds & Genetics Ltd.,2500.0,2480.13,1.14,CRISIL AA,SCRF,SBI AMC,2026-07
INE316Z08030,Godrej Seeds & Genetics Ltd.,2500.0,2475.68,1.14,CRISIL AA,SCRF,SBI AMC,2026-07
INE316Z08014,Godrej Seeds & Genetics Ltd.,2500.0,2473.91,1.13,CRISIL AA,SCRF,SBI AMC,2026-07
INE787H08220,India Infrastructure Finance Company Ltd.,2000.0,2000.38,0.92,[ICRA]AAA,SCRF,SBI AMC,2026-07
INE528G08345,Yes Bank Ltd.,200.0,1997.83,0.92,CRISIL AA-,SCRF,SBI AMC,2026-07
INE916U08012,Sheela Foam Ltd.,1875.0,1875.08,0.86,IND AA,SCRF,SBI AMC,2026-07
INE153A08113,Mahanagar Telephone Nigam Ltd.,150.0,1486.54,0.68,IND AAA(CE),SCRF,SBI AMC,2026-07
INE556F08KX8,Small Industries Development Bank of India,500.0,500.9,0.23,CRISIL AAA,SCRF,SBI AMC,2026-07
INE02PE08036,JTPM Metal Traders Ltd.,9000.0,9672.2,4.44,CRISIL AA,SCRF,SBI AMC,2026-07
INE2QI808033,JSW Kalinga Steel Ltd.,7500.0,7740.66,3.55,CRISIL AA,SCRF,SBI AMC,2026-07
IN0020250091,6.48% CGL 2035,6500000.0,6351.55,2.91,Sovereign,SCRF,SBI AMC,2026-07
IN0020250042,6.68% CGL 2040,3000000.0,2911.41,1.34,Sovereign,SCRF,SBI AMC,2026-07
IN1920250256,7.47% State Government of Karnataka 2036,5000000.0,5013.17,2.3,Sovereign,SCRF,SBI AMC,2026-07
IN1320260053,7.66% State Government of Bihar 2041,4500000.0,4517.58,2.07,Sovereign,SCRF,SBI AMC,2026-07
IN3120260028,7.73% State Government of Tamil Nadu 2036,2500000.0,2550.77,1.17,Sovereign,SCRF,SBI AMC,2026-07
IN3320260026,7.72% State Government of Uttar Pradesh 2036,2205600.0,2241.21,1.03,Sovereign,SCRF,SBI AMC,2026-07
IN2220260045,7.55% State Government of Maharashtra 2034,514800.0,520.58,0.24,Sovereign,SCRF,SBI AMC,2026-07
IN2920260030,7.64% State Government of Rajasthan 2036,500000.0,504.54,0.23,Sovereign,SCRF,SBI AMC,2026-07
INE087P14846,Avanse Financial Services Ltd.,1000.0,4962.33,2.28,CRISIL A1+,SCRF,SBI AMC,2026-07
IN002025Z435,364 DAY T-BILL 28.01.27,5000000.0,4865.98,2.23,Sovereign,SCRF,SBI AMC,2026-07
INF0RQ622028,Corporate Debt Market Development Fund-A2,7082.646,844.3,0.39,CDMDF,SCRF,SBI AMC,2026-07
INE2PB023011,Raajmarg Infra Investment Trust,5814694.0,6770.63,3.1,Transport Infrastructure,SCRF,SBI AMC,2026-07
INE0NHL23019,Indus Infra Trust,4201681.0,5541.18,2.54,Transport Infrastructure,SCRF,SBI AMC,2026-07
INE0NR623014,Cube Highways Trust,3400000.0,5336.64,2.45,Transport Infrastructure,SCRF,SBI AMC,2026-07
INE0KXY23015,Vertis Infrastructure Trust,1900000.0,2023.5,0.93,Transport Infrastructure,SCRF,SBI AMC,2026-07
INE0Z8Z23013,Capital Infra Trust,1870610.0,1386.68,0.64,Construction,SCRF,SBI AMC,2026-07
INE296A01032,Bajaj Finance Ltd.,40362161.0,460612.98,9.2,Finance,SFEF,SBI AMC,2026-07
INE090A01021,ICICI Bank Ltd.,27000000.0,387558.0,7.74,Banks,SFEF,SBI AMC,2026-07
INE062A01020,State Bank of India,30000000.0,308220.0,6.16,Banks,SFEF,SBI AMC,2026-07
INE397D01024,Bharti Airtel Ltd.,14000000.0,276080.0,5.52,Telecom - Services,SFEF,SBI AMC,2026-07
INE237A01036,Kotak Mahindra Bank Ltd.,70000000.0,273210.0,5.46,Banks,SFEF,SBI AMC,2026-07
INE931S01010,Adani Energy Solutions Ltd.,15000000.0,246810.0,4.93,Power,SFEF,SBI AMC,2026-07
INE814H01029,Adani Power Ltd.,110000000.0,232441.0,4.65,Power,SFEF,SBI AMC,2026-07
INE414G01012,Muthoot Finance Ltd.,7000000.0,218372.0,4.36,Finance,SFEF,SBI AMC,2026-07
INE343H01029,Solar Industries India Ltd.,1100000.0,202301.0,4.04,Chemicals & Petrochemicals,SFEF,SBI AMC,2026-07
INE423A01024,Adani Enterprises Ltd.,4900000.0,147465.5,2.95,Metals & Minerals Trading,SFEF,SBI AMC,2026-07
INE073K01018,Sona Blw Precision Forgings Ltd.,19000000.0,146186.0,2.92,Auto Components,SFEF,SBI AMC,2026-07
INE361B01024,Divi's Laboratories Ltd.,1570000.0,126479.2,2.53,Pharmaceuticals & Biotechnology,SFEF,SBI AMC,2026-07
INE918I01026,Bajaj Finserv Ltd.,5789000.0,117464.6,2.35,Finance,SFEF,SBI AMC,2026-07
INE271C01023,DLF Ltd.,17312675.0,114142.47,2.28,Realty,SFEF,SBI AMC,2026-07
INE066A01021,Eicher Motors Ltd.,1400000.0,109669.0,2.19,Automobiles,SFEF,SBI AMC,2026-07
INE797F01020,Jubilant Foodworks Ltd.,25000000.0,109562.5,2.19,Leisure Services,SFEF,SBI AMC,2026-07
INE0VDM01015,Meesho Ltd.,58049785.0,105760.9,2.11,Retailing,SFEF,SBI AMC,2026-07
INE956O01016,Lenskart Solutions Ltd.,17734337.0,99560.57,1.99,Retailing,SFEF,SBI AMC,2026-07
INE152A01029,Thermax Ltd.,2300000.0,99038.0,1.98,Electrical Equipment,SFEF,SBI AMC,2026-07
INE813H01021,Torrent Power Ltd.,7000000.0,98931.0,1.98,Power,SFEF,SBI AMC,2026-07
INE473B01035,Hatsun Agro Product Ltd.,9200000.0,81456.8,1.63,Food Products,SFEF,SBI AMC,2026-07
INE179A01014,Procter & Gamble Hygiene and Health Care Ltd.,900000.0,77346.0,1.55,Personal Products,SFEF,SBI AMC,2026-07
INE01EA01019,Vishal Mega Mart Ltd.,70000000.0,74970.0,1.5,Retailing,SFEF,SBI AMC,2026-07
INE775A08105,Samvardhana Motherson International Ltd.,36300.0,40630.42,0.81,Auto Components,SFEF,SBI AMC,2026-07
IN002025Z344,364 DAY T-BILL 19.11.26,7500000.0,7380.12,0.15,Sovereign,SFEF,SBI AMC,2026-07
INE473D01015,Kingfa Science & Technology India Ltd.,344040.0,18056.94,1.77,Industrial Products,SCHF,SBI AMC,2026-07
INE376G01013,Biocon Ltd.,3800000.0,16176.6,1.58,Pharmaceuticals & Biotechnology,SCHF,SBI AMC,2026-07
INE021A01026,Asian Paints Ltd.,560000.0,15384.88,1.51,Consumer Durables,SCHF,SBI AMC,2026-07
INE090A01021,ICICI Bank Ltd.,920000.0,13205.68,1.29,Banks,SCHF,SBI AMC,2026-07
INE918I01026,Bajaj Finserv Ltd.,650000.0,13189.15,1.29,Finance,SCHF,SBI AMC,2026-07
INE238A01034,Axis Bank Ltd.,1010000.0,12417.95,1.22,Banks,SCHF,SBI AMC,2026-07
INE002A01018,Reliance Industries Ltd.,920000.0,12031.76,1.18,Petroleum Products,SCHF,SBI AMC,2026-07
INE536A01023,Grindwell Norton Ltd.,481630.0,10211.52,1.0,Industrial Products,SCHF,SBI AMC,2026-07
INE795G01014,HDFC Life Insurance Company Ltd.,1650000.0,9050.25,0.89,Insurance,SCHF,SBI AMC,2026-07
INE040A01034,HDFC Bank Ltd.,1100000.0,8229.65,0.81,Banks,SCHF,SBI AMC,2026-07
INE068V01023,Gland Pharma Ltd.,318846.0,7980.4,0.78,Pharmaceuticals & Biotechnology,SCHF,SBI AMC,2026-07
INE371A01025,Graphite India Ltd.,1160283.0,7616.1,0.75,Industrial Products,SCHF,SBI AMC,2026-07
INE473B01035,Hatsun Agro Product Ltd.,765778.0,6780.2,0.66,Food Products,SCHF,SBI AMC,2026-07
INE180A01020,Max Financial Services Ltd.,400000.0,5996.0,0.59,Insurance,SCHF,SBI AMC,2026-07
INE066O01014,Wonderla Holidays Ltd.,1125384.0,5375.96,0.53,Leisure Services,SCHF,SBI AMC,2026-07
INE070A01015,Shree Cement Ltd.,20000.0,5211.0,0.51,Cement & Cement Products,SCHF,SBI AMC,2026-07
INE120A01034,Carborundum Universal Ltd.,470000.0,4999.86,0.49,Industrial Products,SCHF,SBI AMC,2026-07
INE710A01016,VST Industries Ltd.,2230896.0,4941.43,0.48,Cigarettes & Tobacco Products,SCHF,SBI AMC,2026-07
INE201P01022,G R Infra projects Ltd.,550000.0,4862.55,0.48,Construction,SCHF,SBI AMC,2026-07
INE102D01028,Godrej Consumer Products Ltd.,398000.0,4260.19,0.42,Personal Products,SCHF,SBI AMC,2026-07
INE871C01038,Avanti Feeds Ltd.,470000.0,4228.12,0.41,Food Products,SCHF,SBI AMC,2026-07
INE183A01024,Finolex Industries Ltd.,2476176.0,4020.57,0.39,Industrial Products,SCHF,SBI AMC,2026-07
INE435A01051,Andhra Paper Ltd.,6400000.0,3905.92,0.38,"Paper, Forest & Jute Products",SCHF,SBI AMC,2026-07
INE797F01020,Jubilant Foodworks Ltd.,830000.0,3637.48,0.36,Leisure Services,SCHF,SBI AMC,2026-07
INE852O01025,Aptus Value Housing Finance India Ltd.,1371296.0,3581.83,0.35,Finance,SCHF,SBI AMC,2026-07
INE0BWX01014,Aether Industries Ltd.,227000.0,3494.89,0.34,Chemicals & Petrochemicals,SCHF,SBI AMC,2026-07
INE603J01030,PI Industries Ltd.,110000.0,3026.32,0.3,Fertilizers & Agrochemicals,SCHF,SBI AMC,2026-07
INE195J01029,PNC Infratech Ltd.,1141215.0,2808.76,0.28,Construction,SCHF,SBI AMC,2026-07
INE189B01011,Styrenix Performance Materials Ltd.,110000.0,2724.15,0.27,Chemicals & Petrochemicals,SCHF,SBI AMC,2026-07
INE02YR01019,Electronics Mart India Ltd.,2000000.0,2603.2,0.25,Retailing,SCHF,SBI AMC,2026-07
INE916U01025,Sheela Foam Ltd.,318337.0,2495.13,0.24,Consumer Durables,SCHF,SBI AMC,2026-07
INE118D01016,Nuvoco Vistas Corporation Ltd.,650000.0,2240.23,0.22,Cement & Cement Products,SCHF,SBI AMC,2026-07
INE782A01015,Bosch Home Comfort India Ltd.,155000.0,2156.52,0.21,Consumer Durables,SCHF,SBI AMC,2026-07
INE101I01011,Afcons Infrastructure Ltd.,754823.0,2046.7,0.2,Construction,SCHF,SBI AMC,2026-07
INE387A01021,Sundram Fasteners Ltd.,200000.0,1954.9,0.19,Auto Components,SCHF,SBI AMC,2026-07
INE845D01014,Ganesha Ecosphere Ltd.,159858.0,1892.4,0.19,Textiles & Apparels,SCHF,SBI AMC,2026-07
INE276A01018,Garware Technical Fibres Ltd.,208297.0,1526.61,0.15,Textiles & Apparels,SCHF,SBI AMC,2026-07
INE531A01024,Kansai Nerolac Paints Ltd.,757445.0,1490.2,0.15,Consumer Durables,SCHF,SBI AMC,2026-07
INE596I01020,Computer Age Management Services Ltd.,146000.0,1162.38,0.11,Capital Markets,SCHF,SBI AMC,2026-07
INE261F08EV2,National Bank for Agriculture and Rural Development,32500.0,32261.13,3.16,[ICRA]AAA,SCHF,SBI AMC,2026-07
INE660A07RN7,Sundaram Finance Ltd.,30000.0,30028.17,2.94,CRISIL AAA,SCHF,SBI AMC,2026-07
INE814H07190,Adani Power Ltd.,30000.0,29859.81,2.92,CRISIL AA,SCHF,SBI AMC,2026-07
INE813H07440,Torrent Power Ltd.,25000.0,25233.83,2.47,CRISIL AA+,SCHF,SBI AMC,2026-07
INE245A08307,Tata Power Company Ltd.,25000.0,24972.5,2.45,CRISIL AA+,SCHF,SBI AMC,2026-07
INE01QP08016,Aditya Birla Renewables Ltd.,22500.0,22563.72,2.21,CRISIL AA,SCHF,SBI AMC,2026-07
INE115A07RF8,LIC Housing Finance Ltd.,22500.0,22490.91,2.2,CRISIL AAA,SCHF,SBI AMC,2026-07
INE020B08GG7,REC Ltd.,22500.0,22482.54,2.2,CRISIL AAA,SCHF,SBI AMC,2026-07
INE121A08PT9,Cholamandalam Investment & Finance Co. Ltd.,20000.0,20172.84,1.98,[ICRA]AA+,SCHF,SBI AMC,2026-07
INE776C08075,GMR Airports Ltd.,17500.0,18593.56,1.82,CRISIL A+,SCHF,SBI AMC,2026-07
INE403D08256,Bharti Telecom Ltd.,18000.0,18241.16,1.79,CRISIL AAA,SCHF,SBI AMC,2026-07
INE115A07RJ0,LIC Housing Finance Ltd.,17500.0,17507.0,1.71,CRISIL AAA,SCHF,SBI AMC,2026-07
INE233A08170,Godrej Industries Ltd.,17500.0,17263.45,1.69,CRISIL AA+,SCHF,SBI AMC,2026-07
INE01WN07128,Motilal Oswal Finvest Ltd.,17000.0,17117.66,1.68,CRISIL AA+,SCHF,SBI AMC,2026-07
INE403D08264,Bharti Telecom Ltd.,15000.0,15253.85,1.49,CRISIL AAA,SCHF,SBI AMC,2026-07
INE261F08EM1,National Bank for Agriculture and Rural Development,15000.0,15016.58,1.47,[ICRA]AAA,SCHF,SBI AMC,2026-07
INE377Y07672,Bajaj Housing Finance Ltd.,15000.0,15002.16,1.47,CRISIL AAA,SCHF,SBI AMC,2026-07
INE414G07JX2,Muthoot Finance Ltd.,15000.0,14954.57,1.46,CRISIL AA+,SCHF,SBI AMC,2026-07
INE153A08113,Mahanagar Telephone Nigam Ltd.,1500.0,14865.42,1.46,IND AAA(CE),SCHF,SBI AMC,2026-07
INE725H08162,Tata Projects Ltd.,12500.0,12517.78,1.23,IND AA,SCHF,SBI AMC,2026-07
INE121A08PU7,Cholamandalam Investment & Finance Co. Ltd.,12000.0,11950.99,1.17,[ICRA]AA+,SCHF,SBI AMC,2026-07
INE725H08287,Tata Projects Ltd.,10500.0,10458.72,1.02,IND AA,SCHF,SBI AMC,2026-07
INE219X07447,IndiGrid Infrastructure Trust,10000.0,10106.82,0.99,CRISIL AAA,SCHF,SBI AMC,2026-07
INE556F08LE6,Small Industries Development Bank of India,10000.0,10037.72,0.98,CRISIL AAA,SCHF,SBI AMC,2026-07
INE507T07153,Summit Digitel Infrastructure Pvt. Ltd.,10000.0,10028.47,0.98,CRISIL AAA,SCHF,SBI AMC,2026-07
INE261F08EU4,National Bank for Agriculture and Rural Development,10000.0,10014.41,0.98,CRISIL AAA,SCHF,SBI AMC,2026-07
INE316Z08014,Godrej Seeds & Genetics Ltd.,10000.0,9895.64,0.97,CRISIL AA,SCHF,SBI AMC,2026-07
INE936D07190,Jamnagar Utilities & Power Pvt. Ltd.,10000.0,9887.96,0.97,CRISIL AAA,SCHF,SBI AMC,2026-07
INE756I07FH3,HDB Financial Services Ltd.,10000.0,9882.79,0.97,CRISIL AAA,SCHF,SBI AMC,2026-07
INE414G07JG7,Muthoot Finance Ltd.,7500.0,7592.76,0.74,CRISIL AA+,SCHF,SBI AMC,2026-07
INE296A07SV1,Bajaj Finance Ltd.,7500.0,7476.16,0.73,CRISIL AAA,SCHF,SBI AMC,2026-07
INE414G07IS4,Muthoot Finance Ltd.,7000.0,7040.57,0.69,CRISIL AA+,SCHF,SBI AMC,2026-07
INE153A08105,Mahanagar Telephone Nigam Ltd.,600.0,5985.61,0.59,IND AAA(CE),SCHF,SBI AMC,2026-07
INE219X07439,IndiGrid Infrastructure Trust,5000.0,5053.56,0.49,CRISIL AAA,SCHF,SBI AMC,2026-07
INE916DA7TM9,Kotak Mahindra Prime Ltd.,5000.0,5017.75,0.49,CRISIL AAA,SCHF,SBI AMC,2026-07
INE115A07QW5,LIC Housing Finance Ltd.,5000.0,5010.48,0.49,CRISIL AAA,SCHF,SBI AMC,2026-07
INE414G07IR6,Muthoot Finance Ltd.,5000.0,5009.67,0.49,CRISIL AA+,SCHF,SBI AMC,2026-07
INE020B08GD4,REC Ltd.,5000.0,5009.49,0.49,CRISIL AAA,SCHF,SBI AMC,2026-07
INE774D07VP7,Mahindra & Mahindra Financial Services Ltd.,5000.0,5008.43,0.49,CRISIL AAA,SCHF,SBI AMC,2026-07
INE261F08EO7,National Bank for Agriculture and Rural Development,5000.0,5003.29,0.49,CRISIL AAA,SCHF,SBI AMC,2026-07
INE774D07VQ5,Mahindra & Mahindra Financial Services Ltd.,5000.0,4998.43,0.49,CRISIL AAA,SCHF,SBI AMC,2026-07
INE316Z08022,Godrej Seeds & Genetics Ltd.,5000.0,4967.08,0.49,CRISIL AA,SCHF,SBI AMC,2026-07
INE316Z08048,Godrej Seeds & Genetics Ltd.,5000.0,4960.25,0.49,CRISIL AA,SCHF,SBI AMC,2026-07
INE316Z08030,Godrej Seeds & Genetics Ltd.,5000.0,4951.35,0.48,CRISIL AA,SCHF,SBI AMC,2026-07
INE033L07IP8,Tata Capital Housing Finance Ltd.,5000.0,4908.2,0.48,CRISIL AAA,SCHF,SBI AMC,2026-07
INE160A08282,Punjab National Bank( AT1 Bond under Basel III ),47.0,4736.91,0.46,IND AA+,SCHF,SBI AMC,2026-07
INE233A08212,Godrej Industries Ltd.,3125.0,3140.94,0.31,CRISIL AA+,SCHF,SBI AMC,2026-07
INE233A08204,Godrej Industries Ltd.,3125.0,3139.98,0.31,CRISIL AA+,SCHF,SBI AMC,2026-07
INE692A08193,Union Bank of India( AT1 Bond under Basel III ),30.0,3014.62,0.3,CRISIL AA+,SCHF,SBI AMC,2026-07
INE02PE08036,JTPM Metal Traders Ltd.,27500.0,29553.95,2.89,CRISIL AA,SCHF,SBI AMC,2026-07
INE2QI808033,JSW Kalinga Steel Ltd.,22500.0,23221.98,2.27,CRISIL AA,SCHF,SBI AMC,2026-07
INE2I7F15012,Siddhivinayak Securitisation Trust (Obligor - Digital Fibre Infrastructure Trust),125.0,12280.8,1.2,CRISIL AAA(SO),SCHF,SBI AMC,2026-07
INE2I7G15010,Shivshakti Securitisation Trust (Obligor - Digital Fibre Infrastructure Trust),125.0,12209.81,1.2,CRISIL AAA(SO),SCHF,SBI AMC,2026-07
IN0020240191,6.79% CGL 2031,7500000.0,7602.92,0.74,Sovereign,SCHF,SBI AMC,2026-07
IN0020250141,6.36% CGL 2031,3000000.0,2989.7,0.29,Sovereign,SCHF,SBI AMC,2026-07
IN3120250474,7.52% State Government of Tamil Nadu 2055,24500000.0,24089.58,2.36,Sovereign,SCHF,SBI AMC,2026-07
IN2920230355,7.74% State Government of Rajasthan 2033,307200.0,314.63,0.03,Sovereign,SCHF,SBI AMC,2026-07
INE556F16CE8,Small Industries Development Bank of India,2000.0,9417.88,0.92,CRISIL A1+,SCHF,SBI AMC,2026-07
INE028A16LE0,Bank of Baroda,1000.0,4830.28,0.47,IND A1+,SCHF,SBI AMC,2026-07
INE476A16H92,Canara Bank,1000.0,4797.75,0.47,CRISIL A1+,SCHF,SBI AMC,2026-07
INE028A16LS0,Bank of Baroda,500.0,2400.69,0.24,IND A1+,SCHF,SBI AMC,2026-07
INE261F16AP5,National Bank for Agriculture and Rural Development,500.0,2394.55,0.23,CRISIL A1+,SCHF,SBI AMC,2026-07
INE160A16UE2,Punjab National Bank,300.0,1448.45,0.14,CRISIL A1+,SCHF,SBI AMC,2026-07
INF0RQ622028,Corporate Debt Market Development Fund-A2,25187.649,3002.54,0.29,CDMDF,SCHF,SBI AMC,2026-07
INE151A08349,Tata Communications Ltd.,55000.0,55028.88,4.93,CARE AAA,SMUSD,SBI AMC,2026-07
INE414G07JQ6,Muthoot Finance Ltd.,32500.0,32318.98,2.89,CRISIL AA+,SMUSD,SBI AMC,2026-07
INE814H07190,Adani Power Ltd.,30000.0,29859.81,2.67,CRISIL AA,SMUSD,SBI AMC,2026-07
INE087P07501,Avanse Financial Services Ltd.,25000.0,24908.63,2.23,IND AA,SMUSD,SBI AMC,2026-07
INE414G07JZ7,Muthoot Finance Ltd.,20000.0,20010.22,1.79,CRISIL AA+,SMUSD,SBI AMC,2026-07
INE406M08011,Eris Lifesciences Ltd.,15000.0,15037.56,1.35,IND AA,SMUSD,SBI AMC,2026-07
INE1TAE08049,Tata Motors Ltd.,1500.0,15009.99,1.34,CRISIL AA+,SMUSD,SBI AMC,2026-07
INE896L07AN0,Indostar Capital Finance Ltd.,15000.0,14937.09,1.34,CARE AA-,SMUSD,SBI AMC,2026-07
INE115A07RA9,LIC Housing Finance Ltd.,12500.0,12509.25,1.12,CRISIL AAA,SMUSD,SBI AMC,2026-07
INE093I07074,Oberoi Realty Ltd.,20000.0,11218.14,1.0,CARE AA+,SMUSD,SBI AMC,2026-07
INE634S07025,Mankind Pharma Ltd.,10000.0,10012.01,0.9,CRISIL AA+,SMUSD,SBI AMC,2026-07
INE725H08196,Tata Projects Ltd.,10000.0,10010.32,0.9,CRISIL AA,SMUSD,SBI AMC,2026-07
INE658R07430,Motilal Oswal Home Finance Ltd.,10000.0,10008.23,0.9,[ICRA]AA+,SMUSD,SBI AMC,2026-07
INE012I07116,JM Financial Services Ltd.,7500.0,7463.99,0.67,CRISIL AA,SMUSD,SBI AMC,2026-07
INE725H08204,Tata Projects Ltd.,5500.0,5503.03,0.49,IND AA,SMUSD,SBI AMC,2026-07
INE414G07JB8,Muthoot Finance Ltd.,5000.0,5017.69,0.45,CRISIL AA+,SMUSD,SBI AMC,2026-07
INE163K07139,Phoenix Arc Pvt. Ltd.,5000.0,4988.76,0.45,CRISIL AA,SMUSD,SBI AMC,2026-07
INE163K07147,Phoenix Arc Pvt. Ltd.,5000.0,4988.21,0.45,CRISIL AA,SMUSD,SBI AMC,2026-07
INE163K07154,Phoenix Arc Pvt. Ltd.,5000.0,4987.35,0.45,CRISIL AA,SMUSD,SBI AMC,2026-07
INE916U08012,Sheela Foam Ltd.,3500.0,3500.15,0.31,IND AA,SMUSD,SBI AMC,2026-07
INE523H07CB9,JM Financial Products Ltd.,5000.0,3336.47,0.3,CRISIL AA,SMUSD,SBI AMC,2026-07
INE813H07382,Torrent Power Ltd.,3100.0,3108.82,0.28,CRISIL AA+,SMUSD,SBI AMC,2026-07
INE651J07960,JM Financial Credit Solutions Ltd.,2500.0,2504.11,0.22,[ICRA]AA,SMUSD,SBI AMC,2026-07
INE721A07RQ0,Shriram Finance Ltd.,2500.0,2502.98,0.22,CRISIL AAA,SMUSD,SBI AMC,2026-07
INE134E08MS3,Power Finance Corporation Ltd.,10000.0,9957.45,0.89,CRISIL AAA,SMUSD,SBI AMC,2026-07
INE2I7H15018,Radhakrishna Securitisation Trust (Obligor - Digital Fibre Infrastructure Trust),255.0,24822.64,2.22,CRISIL AAA(SO),SMUSD,SBI AMC,2026-07
INE1CBK15011,India Universal Trust AL2 (Obligor - HDFC Bank Ltd.),400.0,956.24,0.09,CRISIL AAA(SO),SMUSD,SBI AMC,2026-07
IN3520190015,7.03% State Government of Chhattisgarh 2026,15000000.0,15017.79,1.35,Sovereign,SMUSD,SBI AMC,2026-07
IN1520210130,6.04% State Government of Gujarat 2026,11500000.0,11511.51,1.03,Sovereign,SMUSD,SBI AMC,2026-07
IN2220160088,7.15% State Government of Maharashtra 2026,4000000.0,4012.1,0.36,Sovereign,SMUSD,SBI AMC,2026-07
IN1020160371,7.42% State Government of Andhra Pradesh 2026,3500000.0,3515.55,0.31,Sovereign,SMUSD,SBI AMC,2026-07
IN1920160117,7.86% State Government of Karnataka 2027,2500000.0,2531.27,0.23,Sovereign,SMUSD,SBI AMC,2026-07
INE549K14CO7,Muthoot Fincorp Ltd.,8000.0,37994.4,3.4,CRISIL A1+,SMUSD,SBI AMC,2026-07
INE012I14SA5,JM Financial Services Ltd.,5000.0,24799.18,2.22,CRISIL A1+,SMUSD,SBI AMC,2026-07
INE549K14CC2,Muthoot Fincorp Ltd.,4000.0,19762.82,1.77,CRISIL A1+,SMUSD,SBI AMC,2026-07
INE261F16AM2,National Bank for Agriculture and Rural Development,17000.0,81641.23,7.31,CRISIL A1+,SMUSD,SBI AMC,2026-07
INE237AD6166,Kotak Mahindra Bank Ltd.,16000.0,76857.2,6.88,CRISIL A1+,SMUSD,SBI AMC,2026-07
INE040A16IZ6,HDFC Bank Ltd.,13000.0,62352.42,5.58,CRISIL A1+,SMUSD,SBI AMC,2026-07
INE160A16UD4,Punjab National Bank,11000.0,53119.5,4.76,CRISIL A1+,SMUSD,SBI AMC,2026-07
INE556F16CB4,Small Industries Development Bank of India,7800.0,37542.49,3.36,CRISIL A1+,SMUSD,SBI AMC,2026-07
INE028A16LS0,Bank of Baroda,5000.0,24006.85,2.15,IND A1+,SMUSD,SBI AMC,2026-07
INE028A16LE0,Bank of Baroda,4000.0,19321.12,1.73,IND A1+,SMUSD,SBI AMC,2026-07
INE160A16UE2,Punjab National Bank,4000.0,19312.64,1.73,CRISIL A1+,SMUSD,SBI AMC,2026-07
INE028A16LI1,Bank of Baroda,4000.0,19289.44,1.73,IND A1+,SMUSD,SBI AMC,2026-07
INE040A16IQ5,HDFC Bank Ltd.,4000.0,19220.46,1.72,CRISIL A1+,SMUSD,SBI AMC,2026-07
INE476A16H43,Canara Bank,4000.0,19218.88,1.72,CRISIL A1+,SMUSD,SBI AMC,2026-07
INE160A16UM5,Punjab National Bank,4000.0,19217.78,1.72,CRISIL A1+,SMUSD,SBI AMC,2026-07
INE261F16AQ3,National Bank for Agriculture and Rural Development,3000.0,14364.63,1.29,CRISIL A1+,SMUSD,SBI AMC,2026-07
INE476A16I26,Canara Bank,3000.0,14359.38,1.29,CRISIL A1+,SMUSD,SBI AMC,2026-07
INE476A16I42,Canara Bank,2000.0,9924.33,0.89,CRISIL A1+,SMUSD,SBI AMC,2026-07
INE556F16BY8,Small Industries Development Bank of India,2000.0,9651.4,0.86,CRISIL A1+,SMUSD,SBI AMC,2026-07
INE476A16H01,Canara Bank,2000.0,9644.48,0.86,CRISIL A1+,SMUSD,SBI AMC,2026-07
INE476A16H35,Canara Bank,2000.0,9612.92,0.86,CRISIL A1+,SMUSD,SBI AMC,2026-07
INE028A16KW4,Bank of Baroda,1000.0,4875.72,0.44,IND A1+,SMUSD,SBI AMC,2026-07
INE476A16G44,Canara Bank,1000.0,4831.05,0.43,CRISIL A1+,SMUSD,SBI AMC,2026-07
INE160A16UI3,Punjab National Bank,1000.0,4823.75,0.43,CRISIL A1+,SMUSD,SBI AMC,2026-07
INE692A16LU9,Union Bank of India,1000.0,4798.03,0.43,[ICRA]A1+,SMUSD,SBI AMC,2026-07
INE692A16LP9,Union Bank of India,1000.0,4794.57,0.43,[ICRA]A1+,SMUSD,SBI AMC,2026-07
INE476A16I00,Canara Bank,500.0,2404.98,0.22,CRISIL A1+,SMUSD,SBI AMC,2026-07
IN002026X164,91 DAY T-BILL 22.10.26,80000000.0,79054.48,7.08,Sovereign,SMUSD,SBI AMC,2026-07
IN001226C074,GOI 16.12.2026 GOV,4500000.0,4408.16,0.39,Sovereign,SMUSD,SBI AMC,2026-07
INF0RQ622028,Corporate Debt Market Development Fund-A2,41089.532,4898.15,0.44,CDMDF,SMUSD,SBI AMC,2026-07
INE007A01025,CRISIL Ltd.,1700000.0,74116.6,3.04,Finance,SMIDCAP,SBI AMC,2026-07
INE813H01021,Torrent Power Ltd.,5000000.0,70665.0,2.9,Power,SMIDCAP,SBI AMC,2026-07
INE195A01028,Supreme Industries Ltd.,2000000.0,69308.0,2.85,Industrial Products,SMIDCAP,SBI AMC,2026-07
INE376G01013,Biocon Ltd.,15598584.0,66403.17,2.73,Pharmaceuticals & Biotechnology,SMIDCAP,SBI AMC,2026-07
INE931S01010,Adani Energy Solutions Ltd.,4000000.0,65816.0,2.7,Power,SMIDCAP,SBI AMC,2026-07
INE070A01015,Shree Cement Ltd.,250000.0,65137.5,2.67,Cement & Cement Products,SMIDCAP,SBI AMC,2026-07
INE660A01013,Sundaram Finance Ltd.,1393043.0,64993.81,2.67,Finance,SMIDCAP,SBI AMC,2026-07
INE765G01017,ICICI Lombard General Insurance Company Ltd.,3999975.0,64947.59,2.67,Insurance,SMIDCAP,SBI AMC,2026-07
INE171A01029,The Federal Bank Ltd.,18000000.0,64593.0,2.65,Banks,SMIDCAP,SBI AMC,2026-07
INE257A01026,Bharat Heavy Electricals Ltd.,15000000.0,61050.0,2.51,Electrical Equipment,SMIDCAP,SBI AMC,2026-07
INE388Y01029,FSN E-Commerce Ventures Ltd.,18000000.0,60012.0,2.46,Retailing,SMIDCAP,SBI AMC,2026-07
INE465A01025,Bharat Forge Ltd.,2700000.0,59394.6,2.44,Auto Components,SMIDCAP,SBI AMC,2026-07
INE745G01043,Multi Commodity Exchange of India Ltd.,2200000.0,59228.4,2.43,Capital Markets,SMIDCAP,SBI AMC,2026-07
INE647A01010,SRF Ltd.,2100000.0,55072.5,2.26,Chemicals & Petrochemicals,SMIDCAP,SBI AMC,2026-07
INE536A01023,Grindwell Norton Ltd.,2500000.0,53005.0,2.18,Industrial Products,SMIDCAP,SBI AMC,2026-07
INE726G01019,ICICI Prudential Life Insurance Company Ltd.,10000000.0,51540.0,2.12,Insurance,SMIDCAP,SBI AMC,2026-07
INE326A01037,Lupin Ltd.,2100000.0,50715.0,2.08,Pharmaceuticals & Biotechnology,SMIDCAP,SBI AMC,2026-07
INE093I01010,Oberoi Realty Ltd.,2700000.0,49347.9,2.03,Realty,SMIDCAP,SBI AMC,2026-07
INE463A01038,Berger Paints India Ltd.,9404856.0,48947.57,2.01,Consumer Durables,SMIDCAP,SBI AMC,2026-07
INE756I01012,HDB Financial Services Ltd.,7099742.0,48729.08,2.0,Finance,SMIDCAP,SBI AMC,2026-07
INE406A01037,Aurobindo Pharma Ltd.,3038512.0,48014.57,1.97,Pharmaceuticals & Biotechnology,SMIDCAP,SBI AMC,2026-07
INE212H01026,AIA Engineering Ltd.,1000000.0,45910.0,1.89,Industrial Products,SMIDCAP,SBI AMC,2026-07
INE003A01024,Siemens Ltd.,1173300.0,44116.08,1.81,Electrical Equipment,SMIDCAP,SBI AMC,2026-07
INE761H01022,Page Industries Ltd.,105709.0,42680.01,1.75,Textiles & Apparels,SMIDCAP,SBI AMC,2026-07
INE0FS801015,Motherson Sumi Wiring India Ltd.,104411470.0,42401.5,1.74,Auto Components,SMIDCAP,SBI AMC,2026-07
INE00R701025,Dalmia Bharat Ltd.,2300000.0,41393.1,1.7,Cement & Cement Products,SMIDCAP,SBI AMC,2026-07
INE466L01038,360 ONE WAM Ltd.,3600000.0,40870.8,1.68,Capital Markets,SMIDCAP,SBI AMC,2026-07
INE387A01021,Sundram Fasteners Ltd.,4000000.0,39098.0,1.61,Auto Components,SMIDCAP,SBI AMC,2026-07
INE774D01024,Mahindra & Mahindra Financial Services Ltd.,10000000.0,38575.0,1.58,Finance,SMIDCAP,SBI AMC,2026-07
INE019A01038,JSW Steel Ltd.,3000000.0,38100.0,1.56,Ferrous Metals,SMIDCAP,SBI AMC,2026-07
INE575P01011,Star Health & Allied Insurance Co. Ltd.,6315774.0,37957.8,1.56,Insurance,SMIDCAP,SBI AMC,2026-07
INE211B01039,The Phoenix Mills Ltd.,2000000.0,37866.0,1.55,Realty,SMIDCAP,SBI AMC,2026-07
INE0CAZ01013,Urban Company Ltd.,29107786.0,37662.56,1.55,Retailing,SMIDCAP,SBI AMC,2026-07
INE259A01022,Colgate Palmolive (India) Ltd.,1800000.0,37369.8,1.53,Personal Products,SMIDCAP,SBI AMC,2026-07
INE603J01030,PI Industries Ltd.,1345928.0,37029.17,1.52,Fertilizers & Agrochemicals,SMIDCAP,SBI AMC,2026-07
INE121J01017,Indus Towers Ltd.,9393514.0,36738.03,1.51,Telecom - Services,SMIDCAP,SBI AMC,2026-07
INE513A01022,Schaeffler India Ltd.,900000.0,36712.8,1.51,Auto Components,SMIDCAP,SBI AMC,2026-07
INE121E01018,JSW Energy Ltd.,6300373.0,34945.02,1.43,Power,SMIDCAP,SBI AMC,2026-07
INE0CZ201020,Anthem Biosciences Ltd.,4318200.0,34942.87,1.43,Pharmaceuticals & Biotechnology,SMIDCAP,SBI AMC,2026-07
INE423A01024,Adani Enterprises Ltd.,1159469.0,34894.22,1.43,Metals & Minerals Trading,SMIDCAP,SBI AMC,2026-07
INE343H01029,Solar Industries India Ltd.,180000.0,33103.8,1.36,Chemicals & Petrochemicals,SMIDCAP,SBI AMC,2026-07
INE120A01034,Carborundum Universal Ltd.,3000000.0,31914.0,1.31,Industrial Products,SMIDCAP,SBI AMC,2026-07
INE159A01016,Glaxosmithkline Pharmaceuticals Ltd.,1200000.0,31864.8,1.31,Pharmaceuticals & Biotechnology,SMIDCAP,SBI AMC,2026-07
INE00H001014,Swiggy Ltd.,9999900.0,28485.72,1.17,Retailing,SMIDCAP,SBI AMC,2026-07
INE823G01014,JK Cement Ltd.,500000.0,27220.0,1.12,Cement & Cement Products,SMIDCAP,SBI AMC,2026-07
INE880J01026,JSW Infrastructure Ltd.,8700000.0,27178.8,1.12,Transport Infrastructure,SMIDCAP,SBI AMC,2026-07
INE0HOQ01053,Billionbrains Garage Ventures Ltd.,13900000.0,27017.43,1.11,Capital Markets,SMIDCAP,SBI AMC,2026-07
INE179A01014,Procter & Gamble Hygiene and Health Care Ltd.,311000.0,26727.34,1.1,Personal Products,SMIDCAP,SBI AMC,2026-07
INE473B01035,Hatsun Agro Product Ltd.,3000000.0,26562.0,1.09,Food Products,SMIDCAP,SBI AMC,2026-07
INE152A01029,Thermax Ltd.,600000.0,25836.0,1.06,Electrical Equipment,SMIDCAP,SBI AMC,2026-07
INE010V01017,L&T Technology Services Ltd.,500000.0,17777.0,0.73,IT - Services,SMIDCAP,SBI AMC,2026-07
INE180A01020,Max Financial Services Ltd.,1000000.0,14990.0,0.62,Insurance,SMIDCAP,SBI AMC,2026-07
INE383A01012,The India Cements Ltd.,2855975.0,11366.78,0.47,Cement & Cement Products,SMIDCAP,SBI AMC,2026-07
INE084101034,INDO-MIM Ltd.,317839.0,2466.91,0.1,Industrial Manufacturing,SMIDCAP,SBI AMC,2026-07
INE122R01018,Manpasand Beverages Ltd.,2562406.0,0.0,,Beverages,SMIDCAP,SBI AMC,2026-07
IN002026X099,91 DAY T-BILL 03.09.26,15000000.0,14929.74,0.61,Sovereign,SMIDCAP,SBI AMC,2026-07
IN002025Z344,364 DAY T-BILL 19.11.26,3000000.0,2952.05,0.12,Sovereign,SMIDCAP,SBI AMC,2026-07
IN0020260025,6.94% CGL 2036,61000000.0,61469.4,37.54,Sovereign,SMCMF,SBI AMC,2026-07
IN0020250091,6.48% CGL 2035,55000000.0,53743.86,32.83,Sovereign,SMCMF,SBI AMC,2026-07
IN0020230077,7.18% CGL 2037,23999500.0,24599.92,15.02,Sovereign,SMCMF,SBI AMC,2026-07
IN0020240126,6.79% CGL 2034,10500000.0,10507.36,6.42,Sovereign,SMCMF,SBI AMC,2026-07
IN2220250533,7.57% State Government of Maharashtra 2036,10000000.0,10092.07,6.16,Sovereign,SMCMF,SBI AMC,2026-07
INE081A01020,Tata Steel Ltd.,4276000.0,8111.14,6.84,Ferrous Metals,SMCOMMA,SBI AMC,2026-07
INE019A01038,JSW Steel Ltd.,500000.0,6350.0,5.36,Ferrous Metals,SMCOMMA,SBI AMC,2026-07
INE0QPI01025,Sudeep Pharma Ltd.,687500.0,6057.22,5.11,Chemicals & Petrochemicals,SMCOMMA,SBI AMC,2026-07
INE213A01029,Oil & Natural Gas Corporation Ltd.,2266750.0,5497.55,4.64,Oil,SMCOMMA,SBI AMC,2026-07
INE486A01021,CESC Ltd.,3170000.0,5248.57,4.43,Power,SMCOMMA,SBI AMC,2026-07
INE887G01027,Gokaldas Exports Ltd.,583507.0,4755.29,4.01,Textiles & Apparels,SMCOMMA,SBI AMC,2026-07
INE481G01011,Ultratech Cement Ltd.,34000.0,4047.02,3.42,Cement & Cement Products,SMCOMMA,SBI AMC,2026-07
INE114A01011,Steel Authority of India Ltd.,2350000.0,3972.21,3.35,Ferrous Metals,SMCOMMA,SBI AMC,2026-07
INE034A01011,Arvind Ltd.,760000.0,3900.32,3.29,Textiles & Apparels,SMCOMMA,SBI AMC,2026-07
INE119A01028,Balrampur Chini Mills Ltd.,650000.0,3810.3,3.22,Agricultural Food & other Products,SMCOMMA,SBI AMC,2026-07
INE274J01014,Oil India Ltd.,785000.0,3600.01,3.04,Oil,SMCOMMA,SBI AMC,2026-07
INE584A01023,NMDC Ltd.,4127919.0,3510.38,2.96,Minerals & Mining,SMCOMMA,SBI AMC,2026-07
INE628A01036,UPL Ltd.,540000.0,3263.22,2.75,Fertilizers & Agrochemicals,SMCOMMA,SBI AMC,2026-07
INE136S01016,Neogen Chemicals Ltd.,152080.0,3076.73,2.6,Chemicals & Petrochemicals,SMCOMMA,SBI AMC,2026-07
INE718I01012,JSW Cement Ltd.,2224816.0,2961.23,2.5,Cement & Cement Products,SMCOMMA,SBI AMC,2026-07
INE227W01023,Clean Science & Technology Ltd.,394423.0,2895.26,2.44,Chemicals & Petrochemicals,SMCOMMA,SBI AMC,2026-07
INE522F01014,Coal India Ltd.,650000.0,2691.98,2.27,Consumable Fuels,SMCOMMA,SBI AMC,2026-07
INE752E01010,Power Grid Corporation of India Ltd.,930000.0,2643.53,2.23,Power,SMCOMMA,SBI AMC,2026-07
INE002A01018,Reliance Industries Ltd.,182732.0,2389.77,2.02,Petroleum Products,SMCOMMA,SBI AMC,2026-07
INE810G01011,Shyam Metalics and Energy Ltd.,228093.0,2352.32,1.98,Industrial Products,SMCOMMA,SBI AMC,2026-07
INE094A01015,Hindustan Petroleum Corporation Ltd.,600000.0,2338.5,1.97,Petroleum Products,SMCOMMA,SBI AMC,2026-07
INE220G01021,Jindal Stainless Ltd.,316744.0,2327.43,1.96,Ferrous Metals,SMCOMMA,SBI AMC,2026-07
INE00WV01027,CMR Green Technologies Ltd.,1041690.0,2257.34,1.9,Industrial Products,SMCOMMA,SBI AMC,2026-07
INE022Q01020,Indian Energy Exchange Ltd.,1650000.0,2181.96,1.84,Capital Markets,SMCOMMA,SBI AMC,2026-07
INE848E01016,NHPC Ltd.,2700000.0,2125.71,1.79,Power,SMCOMMA,SBI AMC,2026-07
INE038A01020,Hindalco Industries Ltd.,217600.0,2120.4,1.79,Non - Ferrous Metals,SMCOMMA,SBI AMC,2026-07
INE242A01010,Indian Oil Corporation Ltd.,1500000.0,2102.55,1.77,Petroleum Products,SMCOMMA,SBI AMC,2026-07
INE118D01016,Nuvoco Vistas Corporation Ltd.,600000.0,2067.9,1.74,Cement & Cement Products,SMCOMMA,SBI AMC,2026-07
INE129A01019,GAIL (India) Ltd.,1100000.0,1995.84,1.68,Gas,SMCOMMA,SBI AMC,2026-07
INE267A01025,Hindustan Zinc Ltd.,370000.0,1995.04,1.68,Non - Ferrous Metals,SMCOMMA,SBI AMC,2026-07
INE813H01021,Torrent Power Ltd.,130000.0,1837.29,1.55,Power,SMCOMMA,SBI AMC,2026-07
INE169A01031,Coromandel International Ltd.,85000.0,1762.56,1.49,Fertilizers & Agrochemicals,SMCOMMA,SBI AMC,2026-07
INE0ISX01025,Kusumgar Ltd.,274628.0,1600.67,1.35,Textiles & Apparels,SMCOMMA,SBI AMC,2026-07
INE421D01022,CCL Products (India) Ltd.,135000.0,1559.66,1.32,Agricultural Food & other Products,SMCOMMA,SBI AMC,2026-07
INE1CDF01017,Vedanta Aluminium Metal Ltd.,325000.0,1476.15,1.25,Non - Ferrous Metals,SMCOMMA,SBI AMC,2026-07
INE079A01024,Ambuja Cements Ltd.,325000.0,1404.65,1.19,Cement & Cement Products,SMCOMMA,SBI AMC,2026-07
INE088F01024,Paradeep Phosphates Ltd.,700000.0,1031.31,0.87,Fertilizers & Agrochemicals,SMCOMMA,SBI AMC,2026-07
INE0NNS01018,NMDC Steel Ltd.,2300000.0,989.46,0.83,Ferrous Metals,SMCOMMA,SBI AMC,2026-07
INE205A01025,Vedanta Ltd.,325000.0,858.81,0.72,Diversified Metals,SMCOMMA,SBI AMC,2026-07
INE229C01021,Sagar Cements Ltd.,366286.0,637.19,0.54,Cement & Cement Products,SMCOMMA,SBI AMC,2026-07
INE694L01019,Vedanta Power Ltd.,325000.0,112.19,0.09,Power,SMCOMMA,SBI AMC,2026-07
IN002025Z344,364 DAY T-BILL 19.11.26,300000.0,295.2,0.25,Sovereign,SMCOMMA,SBI AMC,2026-07
IN0020260033,7.71% CGL 2066,294000000.0,299530.73,36.06,Sovereign,SMGF,SBI AMC,2026-07
IN0020260025,6.94% CGL 2036,225000000.0,226731.38,27.3,Sovereign,SMGF,SBI AMC,2026-07
IN0020250117,7.43% CGL 2076,32000000.0,31376.1,3.78,Sovereign,SMGF,SBI AMC,2026-07
IN2220260045,7.55% State Government of Maharashtra 2034,70750000.0,71544.17,8.61,Sovereign,SMGF,SBI AMC,2026-07
IN1020260072,7.28% State Government of Andhra Pradesh 2032,54249400.0,54524.77,6.56,Sovereign,SMGF,SBI AMC,2026-07
IN3420250430,7.79% State Government of West Bengal 2045,33916800.0,34374.24,4.14,Sovereign,SMGF,SBI AMC,2026-07
IN3120220097,7.80% State Government of Tamil Nadu 2032,20000000.0,20631.48,2.48,Sovereign,SMGF,SBI AMC,2026-07
IN3420250232,7.58% State Government of West Bengal 2042,17000000.0,16899.46,2.03,Sovereign,SMGF,SBI AMC,2026-07
IN2020250253,7.66% State Government of Kerala 2039,16500000.0,16551.73,1.99,Sovereign,SMGF,SBI AMC,2026-07
IN1320250278,7.86% State Government of Bihar 2039,15000000.0,15299.37,1.84,Sovereign,SMGF,SBI AMC,2026-07
IN2220220064,7.70% State Government of Maharashtra 2032,7500000.0,7702.79,0.93,Sovereign,SMGF,SBI AMC,2026-07
IN2520250092,7.85% State Government of Mizoram 2042,1000000.0,1014.48,0.12,Sovereign,SMGF,SBI AMC,2026-07
IN3520260016,7.37% State Government of Chhattisgarh 2031,809200.0,817.85,0.1,Sovereign,SMGF,SBI AMC,2026-07
IN002025Y495,182 DAY T-BILL 10.09.26,14000000.0,13920.52,1.68,Sovereign,SMGF,SBI AMC,2026-07
INE090A01021,ICICI Bank Ltd.,11535955.0,165587.1,7.23,Banks,SFLEXI,SBI AMC,2026-07
INE040A01034,HDFC Bank Ltd.,17179960.0,128531.87,5.61,Banks,SFLEXI,SBI AMC,2026-07
INE018A01030,Larsen & Toubro Ltd.,2219697.0,87431.65,3.82,Construction,SFLEXI,SBI AMC,2026-07
INE917I01010,Bajaj Auto Ltd.,737963.0,85017.03,3.71,Automobiles,SFLEXI,SBI AMC,2026-07
INE880J01026,JSW Infrastructure Ltd.,20856937.0,65157.07,2.85,Transport Infrastructure,SFLEXI,SBI AMC,2026-07
INE238A01034,Axis Bank Ltd.,5193500.0,63854.08,2.79,Banks,SFLEXI,SBI AMC,2026-07
INE406A01037,Aurobindo Pharma Ltd.,4007877.0,63332.47,2.77,Pharmaceuticals & Biotechnology,SFLEXI,SBI AMC,2026-07
INE591G01025,Coforge Ltd.,3474000.0,59787.54,2.61,IT - Software,SFLEXI,SBI AMC,2026-07
INE066A01021,Eicher Motors Ltd.,761000.0,59612.94,2.6,Automobiles,SFLEXI,SBI AMC,2026-07
INE062A01020,State Bank of India,4992425.0,51292.17,2.24,Banks,SFLEXI,SBI AMC,2026-07
INE044A01036,Sun Pharmaceutical Industries Ltd.,2551650.0,50790.59,2.22,Pharmaceuticals & Biotechnology,SFLEXI,SBI AMC,2026-07
INE437A01024,Apollo Hospitals Enterprise Ltd.,565751.0,50674.32,2.21,Healthcare Services,SFLEXI,SBI AMC,2026-07
INE280A01028,Titan Company Ltd.,1007000.0,49093.26,2.14,Consumer Durables,SFLEXI,SBI AMC,2026-07
INE134E01011,Power Finance Corporation Ltd.,11542000.0,48978.48,2.14,Finance,SFLEXI,SBI AMC,2026-07
INE200M01039,Varun Beverages Ltd.,10540248.0,46619.52,2.04,Beverages,SFLEXI,SBI AMC,2026-07
INE388Y01029,FSN E-Commerce Ventures Ltd.,13972214.0,46583.36,2.03,Retailing,SFLEXI,SBI AMC,2026-07
INE002A01018,Reliance Industries Ltd.,3269667.0,42760.71,1.87,Petroleum Products,SFLEXI,SBI AMC,2026-07
INE949L01017,AU Small Finance Bank Ltd.,3848000.0,40300.1,1.76,Banks,SFLEXI,SBI AMC,2026-07
INE361B01024,Divi's Laboratories Ltd.,391000.0,31498.96,1.38,Pharmaceuticals & Biotechnology,SFLEXI,SBI AMC,2026-07
INE721A01047,Shriram Finance Ltd.,2956600.0,30946.73,1.35,Finance,SFLEXI,SBI AMC,2026-07
INE376G01013,Biocon Ltd.,6986253.0,29740.48,1.3,Pharmaceuticals & Biotechnology,SFLEXI,SBI AMC,2026-07
INE940H01022,Pearl Global Industries Ltd.,1415125.0,29219.5,1.28,Textiles & Apparels,SFLEXI,SBI AMC,2026-07
INE298A01020,Cummins India Ltd.,514244.0,28381.13,1.24,Industrial Products,SFLEXI,SBI AMC,2026-07
INE171A01029,The Federal Bank Ltd.,7817267.0,28052.26,1.23,Banks,SFLEXI,SBI AMC,2026-07
INE1CDF01017,Vedanta Aluminium Metal Ltd.,6001637.0,27259.44,1.19,Non - Ferrous Metals,SFLEXI,SBI AMC,2026-07
INE118D01016,Nuvoco Vistas Corporation Ltd.,7829028.0,26982.75,1.18,Cement & Cement Products,SFLEXI,SBI AMC,2026-07
INE584A01023,NMDC Ltd.,31300000.0,26617.52,1.16,Minerals & Mining,SFLEXI,SBI AMC,2026-07
INE745G01043,Multi Commodity Exchange of India Ltd.,959038.0,25819.22,1.13,Capital Markets,SFLEXI,SBI AMC,2026-07
INE742F01042,Adani Ports and Special Economic Zone Ltd.,1482300.0,25147.22,1.1,Transport Infrastructure,SFLEXI,SBI AMC,2026-07
INE127D01025,HDFC Asset Management Co. Ltd.,960400.0,25122.14,1.1,Capital Markets,SFLEXI,SBI AMC,2026-07
INE00H001014,Swiggy Ltd.,8800000.0,25067.68,1.09,Retailing,SFLEXI,SBI AMC,2026-07
INE212H01026,AIA Engineering Ltd.,544951.0,25018.7,1.09,Industrial Products,SFLEXI,SBI AMC,2026-07
INE073K01018,Sona Blw Precision Forgings Ltd.,3161371.0,24323.59,1.06,Auto Components,SFLEXI,SBI AMC,2026-07
INE765G01017,ICICI Lombard General Insurance Company Ltd.,1489863.0,24190.91,1.06,Insurance,SFLEXI,SBI AMC,2026-07
INE029A01011,Bharat Petroleum Corporation Ltd.,7512500.0,24021.22,1.05,Petroleum Products,SFLEXI,SBI AMC,2026-07
INE397D01024,Bharti Airtel Ltd.,1209500.0,23851.34,1.04,Telecom - Services,SFLEXI,SBI AMC,2026-07
INE585B01010,Maruti Suzuki India Ltd.,166058.0,23636.7,1.03,Automobiles,SFLEXI,SBI AMC,2026-07
INE180A01020,Max Financial Services Ltd.,1525511.0,22867.41,1.0,Insurance,SFLEXI,SBI AMC,2026-07
INE271C01023,DLF Ltd.,3453141.0,22766.56,0.99,Realty,SFLEXI,SBI AMC,2026-07
INE976G01028,RBL Bank Ltd.,6048644.0,22712.66,0.99,Banks,SFLEXI,SBI AMC,2026-07
INE237A01036,Kotak Mahindra Bank Ltd.,5786500.0,22584.71,0.99,Banks,SFLEXI,SBI AMC,2026-07
INE545U01014,Bandhan Bank Ltd.,12739859.0,22183.92,0.97,Banks,SFLEXI,SBI AMC,2026-07
INE168P01015,Emcure Pharmaceuticals Ltd.,1128993.0,22129.39,0.97,Pharmaceuticals & Biotechnology,SFLEXI,SBI AMC,2026-07
INE208A01029,Ashok Leyland Ltd.,13210000.0,21952.38,0.96,"Agricultural, Commercial & Construction Vehicles",SFLEXI,SBI AMC,2026-07
INE121E01018,JSW Energy Ltd.,3873667.0,21485.29,0.94,Power,SFLEXI,SBI AMC,2026-07
INE775A01035,Samvardhana Motherson International Ltd.,13529561.0,20395.81,0.89,Auto Components,SFLEXI,SBI AMC,2026-07
INE120A01034,Carborundum Universal Ltd.,1772819.0,18859.25,0.82,Industrial Products,SFLEXI,SBI AMC,2026-07
INE852O01025,Aptus Value Housing Finance India Ltd.,7066720.0,18458.27,0.81,Finance,SFLEXI,SBI AMC,2026-07
INE473D01015,Kingfa Science & Technology India Ltd.,345821.0,18150.42,0.79,Industrial Products,SFLEXI,SBI AMC,2026-07
INE211R01019,Power Mech Projects Ltd.,688729.0,17675.54,0.77,Construction,SFLEXI,SBI AMC,2026-07
INE460H01021,Star Cement Ltd.,8471560.0,17178.63,0.75,Cement & Cement Products,SFLEXI,SBI AMC,2026-07
INE15B701018,Pine Labs Ltd.,11207829.0,15575.52,0.68,Financial Technology (Fintech),SFLEXI,SBI AMC,2026-07
INE031B01049,Ajanta Pharma Ltd.,430000.0,14900.36,0.65,Pharmaceuticals & Biotechnology,SFLEXI,SBI AMC,2026-07
INE421D01022,CCL Products (India) Ltd.,1126846.0,13018.45,0.57,Agricultural Food & other Products,SFLEXI,SBI AMC,2026-07
INE758T01015,Eternal Ltd.,4105000.0,12415.57,0.54,Retailing,SFLEXI,SBI AMC,2026-07
INE718I01012,JSW Cement Ltd.,8730638.0,11620.48,0.51,Cement & Cement Products,SFLEXI,SBI AMC,2026-07
INE463A01038,Berger Paints India Ltd.,1980000.0,10304.91,0.45,Consumer Durables,SFLEXI,SBI AMC,2026-07
INE054A01027,VIP Industries Ltd.,3231978.0,9662.0,0.42,Consumer Durables,SFLEXI,SBI AMC,2026-07
INE536A01023,Grindwell Norton Ltd.,400000.0,8480.8,0.37,Industrial Products,SFLEXI,SBI AMC,2026-07
INE414G01012,Muthoot Finance Ltd.,152274.0,4750.34,0.21,Finance,SFLEXI,SBI AMC,2026-07
INE813H01021,Torrent Power Ltd.,87041.0,1230.15,0.05,Power,SFLEXI,SBI AMC,2026-07
INE048G01026,Navin Fluorine International Ltd.,14747.0,1115.98,0.05,Chemicals & Petrochemicals,SFLEXI,SBI AMC,2026-07
INE084101034,INDO-MIM Ltd.,33772.0,262.12,0.01,Industrial Manufacturing,SFLEXI,SBI AMC,2026-07
IN002026X081,91 DAY T-BILL 28.08.26,10000000.0,9961.74,0.44,Sovereign,SFLEXI,SBI AMC,2026-07
IN002025Z344,364 DAY T-BILL 19.11.26,3000000.0,2952.05,0.13,Sovereign,SFLEXI,SBI AMC,2026-07
INE129A01019,GAIL (India) Ltd.,23350297.0,42366.78,2.09,Gas,SMAAF,SBI AMC,2026-07
INE148O01028,Delhivery Ltd.,8638573.0,41633.6,2.06,Transport Services,SMAAF,SBI AMC,2026-07
INE040A01034,HDFC Bank Ltd.,5262000.0,39367.65,1.95,Banks,SMAAF,SBI AMC,2026-07
INE545U01014,Bandhan Bank Ltd.,20500000.0,35696.65,1.76,Banks,SMAAF,SBI AMC,2026-07
INE774D01024,Mahindra & Mahindra Financial Services Ltd.,9232926.0,35616.01,1.76,Finance,SMAAF,SBI AMC,2026-07
INE376G01013,Biocon Ltd.,7920476.0,33717.47,1.67,Pharmaceuticals & Biotechnology,SMAAF,SBI AMC,2026-07
INE090A01021,ICICI Bank Ltd.,2320000.0,33301.28,1.65,Banks,SMAAF,SBI AMC,2026-07
INE121J01017,Indus Towers Ltd.,8200000.0,32070.2,1.58,Telecom - Services,SMAAF,SBI AMC,2026-07
INE486A01021,CESC Ltd.,17537753.0,29037.26,1.43,Power,SMAAF,SBI AMC,2026-07
INE213A01029,Oil & Natural Gas Corporation Ltd.,11500000.0,27890.95,1.38,Oil,SMAAF,SBI AMC,2026-07
INE398R01022,Syngene International Ltd.,7000000.0,27013.0,1.33,Healthcare Services,SMAAF,SBI AMC,2026-07
INE237A01036,Kotak Mahindra Bank Ltd.,6696701.0,26137.22,1.29,Banks,SMAAF,SBI AMC,2026-07
INE775A01035,Samvardhana Motherson International Ltd.,16255579.0,24505.29,1.21,Auto Components,SMAAF,SBI AMC,2026-07
INE160A01022,Punjab National Bank,21000000.0,23669.1,1.17,Banks,SMAAF,SBI AMC,2026-07
INE918I01026,Bajaj Finserv Ltd.,1120650.0,22739.11,1.12,Finance,SMAAF,SBI AMC,2026-07
INE002A01018,Reliance Industries Ltd.,1720000.0,22494.16,1.11,Petroleum Products,SMAAF,SBI AMC,2026-07
INE238A01034,Axis Bank Ltd.,1800000.0,22131.0,1.09,Banks,SMAAF,SBI AMC,2026-07
INE03QK01018,Cohance Lifesciences Ltd.,5200000.0,22102.6,1.09,Pharmaceuticals & Biotechnology,SMAAF,SBI AMC,2026-07
INE388Y01029,FSN E-Commerce Ventures Ltd.,6346875.0,21160.48,1.05,Retailing,SMAAF,SBI AMC,2026-07
INE628A01036,UPL Ltd.,3260348.0,19702.28,0.97,Fertilizers & Agrochemicals,SMAAF,SBI AMC,2026-07
INE848E01016,NHPC Ltd.,22800000.0,17950.44,0.89,Power,SMAAF,SBI AMC,2026-07
INE887G01027,Gokaldas Exports Ltd.,2180000.0,17765.91,0.88,Textiles & Apparels,SMAAF,SBI AMC,2026-07
INE200M01039,Varun Beverages Ltd.,3820000.0,16895.86,0.83,Beverages,SMAAF,SBI AMC,2026-07
INE813A01018,Mahindra Lifespace Developers Ltd.,4276508.0,16791.71,0.83,Realty,SMAAF,SBI AMC,2026-07
INE959A01019,Privi Speciality Chemicals Ltd.,449670.0,16265.01,0.8,Chemicals & Petrochemicals,SMAAF,SBI AMC,2026-07
INE406A01037,Aurobindo Pharma Ltd.,967117.0,15282.38,0.76,Pharmaceuticals & Biotechnology,SMAAF,SBI AMC,2026-07
INE404A01024,Aditya Birla Sun Life Amc Ltd.,1484416.0,15019.32,0.74,Capital Markets,SMAAF,SBI AMC,2026-07
INE242A01010,Indian Oil Corporation Ltd.,10000000.0,14017.0,0.69,Petroleum Products,SMAAF,SBI AMC,2026-07
INE366I01010,VRL Logistics Ltd.,4740000.0,12591.81,0.62,Transport Services,SMAAF,SBI AMC,2026-07
INE169A01031,Coromandel International Ltd.,600000.0,12441.6,0.61,Fertilizers & Agrochemicals,SMAAF,SBI AMC,2026-07
INE073K01018,Sona Blw Precision Forgings Ltd.,1531250.0,11781.44,0.58,Auto Components,SMAAF,SBI AMC,2026-07
INE119A01028,Balrampur Chini Mills Ltd.,2000000.0,11724.0,0.58,Agricultural Food & other Products,SMAAF,SBI AMC,2026-07
INE15B701018,Pine Labs Ltd.,8272795.0,11496.7,0.57,Financial Technology (Fintech),SMAAF,SBI AMC,2026-07
INE274J01014,Oil India Ltd.,2471200.0,11332.92,0.56,Oil,SMAAF,SBI AMC,2026-07
INE022Q01020,Indian Energy Exchange Ltd.,8500000.0,11240.4,0.56,Capital Markets,SMAAF,SBI AMC,2026-07
INE154A01025,ITC Ltd.,3800000.0,10678.0,0.53,Diversified FMCG,SMAAF,SBI AMC,2026-07
INE860A01027,HCL Technologies Ltd.,780000.0,10505.82,0.52,IT - Software,SMAAF,SBI AMC,2026-07
INE114A01011,Steel Authority of India Ltd.,6173203.0,10434.57,0.52,Ferrous Metals,SMAAF,SBI AMC,2026-07
INE016A01026,Dabur India Ltd.,2400000.0,10114.8,0.5,Personal Products,SMAAF,SBI AMC,2026-07
INE054A01027,VIP Industries Ltd.,3374277.0,10087.4,0.5,Consumer Durables,SMAAF,SBI AMC,2026-07
INE062A01020,State Bank of India,950000.0,9760.3,0.48,Banks,SMAAF,SBI AMC,2026-07
INE028A01039,Bank of Baroda,3900000.0,9461.4,0.47,Banks,SMAAF,SBI AMC,2026-07
INE342J01019,ZF Commercial Vehicle Control Systems India Ltd.,381300.0,9219.45,0.46,Auto Components,SMAAF,SBI AMC,2026-07
INE220B01022,Kalpataru Projects International Ltd.,561076.0,7235.64,0.36,Construction,SMAAF,SBI AMC,2026-07
INE259A01022,Colgate Palmolive (India) Ltd.,300000.0,6228.3,0.31,Personal Products,SMAAF,SBI AMC,2026-07
INE214T01019,LTM Ltd.,135247.0,5899.61,0.29,IT - Software,SMAAF,SBI AMC,2026-07
INE229C01021,Sagar Cements Ltd.,3338867.0,5808.29,0.29,Cement & Cement Products,SMAAF,SBI AMC,2026-07
INE075A01022,Wipro Ltd.,3000000.0,5509.5,0.27,IT - Software,SMAAF,SBI AMC,2026-07
INE01EA01019,Vishal Mega Mart Ltd.,5000000.0,5355.0,0.26,Retailing,SMAAF,SBI AMC,2026-07
INE726G01019,ICICI Prudential Life Insurance Company Ltd.,1012032.0,5216.01,0.26,Insurance,SMAAF,SBI AMC,2026-07
INE578A01017,HeidelbergCement India Ltd.,3044266.0,4648.29,0.23,Cement & Cement Products,SMAAF,SBI AMC,2026-07
INE00XB01019,Sedemac Mechatronics Ltd.,159305.0,4276.38,0.21,Auto Components,SMAAF,SBI AMC,2026-07
INE0J1Y01017,Life Insurance Corporation of India,1000000.0,4247.0,0.21,Insurance,SMAAF,SBI AMC,2026-07
INE548C01032,Emami Ltd.,1000000.0,3980.5,0.2,Personal Products,SMAAF,SBI AMC,2026-07
INE009A01021,Infosys Ltd.,349234.0,3946.69,0.19,IT - Software,SMAAF,SBI AMC,2026-07
INE442H01029,Ashoka Buildcon Ltd.,3080630.0,3730.33,0.18,Construction,SMAAF,SBI AMC,2026-07
INE081A01020,Tata Steel Ltd.,1935803.0,3672.02,0.18,Ferrous Metals,SMAAF,SBI AMC,2026-07
INE365D01021,Ashiana Housing Ltd.,829665.0,3241.09,0.16,Realty,SMAAF,SBI AMC,2026-07
INE397D01024,Bharti Airtel Ltd.,160000.0,3155.2,0.16,Telecom - Services,SMAAF,SBI AMC,2026-07
INE797F01020,Jubilant Foodworks Ltd.,639295.0,2801.71,0.14,Leisure Services,SMAAF,SBI AMC,2026-07
INE665J01013,V-Mart Retail Ltd.,282904.0,2204.11,0.11,Retailing,SMAAF,SBI AMC,2026-07
INE101I01011,Afcons Infrastructure Ltd.,800000.0,2169.2,0.11,Construction,SMAAF,SBI AMC,2026-07
INE063P01018,Equitas Small Finance Bank Ltd.,2063798.0,1552.18,0.08,Banks,SMAAF,SBI AMC,2026-07
INE613A01020,Rallis India Ltd.,500000.0,1085.7,0.05,Fertilizers & Agrochemicals,SMAAF,SBI AMC,2026-07
INE191H01014,PVR Inox Ltd.,75000.0,847.95,0.04,Entertainment,SMAAF,SBI AMC,2026-07
INE050401020,Elin Electronics Ltd.,658724.0,662.68,0.03,Consumer Durables,SMAAF,SBI AMC,2026-07
INE0ISX01025,Kusumgar Ltd.,28096.0,163.76,0.01,Textiles & Apparels,SMAAF,SBI AMC,2026-07
INE00WV01027,CMR Green Technologies Ltd.,28981.0,62.8,,Industrial Products,SMAAF,SBI AMC,2026-07
INE0FDU25010,Brookfield India Real Estate Trust,15164234.0,51782.83,2.56,Realty,SMAAF,SBI AMC,2026-07
INE041025011,Embassy Office Parks Reit,4900000.0,21461.51,1.06,Realty,SMAAF,SBI AMC,2026-07
INE261F08EV2,National Bank for Agriculture and Rural Development,32500.0,32261.13,1.59,[ICRA]AAA,SMAAF,SBI AMC,2026-07
INE814H07190,Adani Power Ltd.,27500.0,27371.49,1.35,CRISIL AA,SMAAF,SBI AMC,2026-07
INE414G07JZ7,Muthoot Finance Ltd.,25000.0,25012.78,1.24,CRISIL AA+,SMAAF,SBI AMC,2026-07
INE121A08PT9,Cholamandalam Investment & Finance Co. Ltd.,20000.0,20172.84,1.0,[ICRA]AA+,SMAAF,SBI AMC,2026-07
INE01QP08016,Aditya Birla Renewables Ltd.,20000.0,20056.64,0.99,CRISIL AA,SMAAF,SBI AMC,2026-07
INE556F08LC0,Small Industries Development Bank of India,20000.0,19901.66,0.98,CRISIL AAA,SMAAF,SBI AMC,2026-07
INE134E08OC3,Power Finance Corporation Ltd.,20000.0,19889.76,0.98,CRISIL AAA,SMAAF,SBI AMC,2026-07
INE756I07FH3,HDB Financial Services Ltd.,20000.0,19765.58,0.98,CRISIL AAA,SMAAF,SBI AMC,2026-07
INE776C08075,GMR Airports Ltd.,17500.0,18593.56,0.92,CRISIL A+,SMAAF,SBI AMC,2026-07
INE403D08264,Bharti Telecom Ltd.,17500.0,17796.15,0.88,CRISIL AAA,SMAAF,SBI AMC,2026-07
INE813H07440,Torrent Power Ltd.,17500.0,17663.68,0.87,CRISIL AA+,SMAAF,SBI AMC,2026-07
INE756I07FQ4,HDB Financial Services Ltd.,17500.0,17661.09,0.87,CRISIL AAA,SMAAF,SBI AMC,2026-07
INE660A07RN7,Sundaram Finance Ltd.,15000.0,15014.09,0.74,CRISIL AAA,SMAAF,SBI AMC,2026-07
INE414G07II5,Muthoot Finance Ltd.,15000.0,14960.73,0.74,CRISIL AA+,SMAAF,SBI AMC,2026-07
INE414G07JX2,Muthoot Finance Ltd.,15000.0,14954.57,0.74,CRISIL AA+,SMAAF,SBI AMC,2026-07
INE192U07392,Kogta Financial (India) Ltd.,15000.0,14924.63,0.74,CARE AA-,SMAAF,SBI AMC,2026-07
INE403D08280,Bharti Telecom Ltd.,15000.0,14797.58,0.73,CRISIL AAA,SMAAF,SBI AMC,2026-07
INE121A07SB3,Cholamandalam Investment & Finance Co. Ltd.,12500.0,12548.39,0.62,[ICRA]AA+,SMAAF,SBI AMC,2026-07
INE896L07AP5,Indostar Capital Finance Ltd.,12500.0,12533.94,0.62,CARE AA-,SMAAF,SBI AMC,2026-07
INE121A08PZ6,Cholamandalam Investment & Finance Co. Ltd.,12500.0,12455.19,0.62,[ICRA]AA+,SMAAF,SBI AMC,2026-07
INE01WN07128,Motilal Oswal Finvest Ltd.,12000.0,12083.05,0.6,CRISIL AA+,SMAAF,SBI AMC,2026-07
INE725H08162,Tata Projects Ltd.,10500.0,10514.93,0.52,IND AA,SMAAF,SBI AMC,2026-07
INE896L07AK6,Indostar Capital Finance Ltd.,10000.0,10033.18,0.5,CARE AA-,SMAAF,SBI AMC,2026-07
INE774D07VP7,Mahindra & Mahindra Financial Services Ltd.,10000.0,10016.85,0.49,CRISIL AAA,SMAAF,SBI AMC,2026-07
INE261F08EO7,National Bank for Agriculture and Rural Development,10000.0,10006.58,0.49,CRISIL AAA,SMAAF,SBI AMC,2026-07
INE233A08154,Godrej Industries Ltd.,10000.0,10002.42,0.49,CRISIL AA+,SMAAF,SBI AMC,2026-07
INE414G07KC4,Muthoot Finance Ltd.,10000.0,9997.8,0.49,CRISIL AA+,SMAAF,SBI AMC,2026-07
INE245A08307,Tata Power Company Ltd.,10000.0,9989.0,0.49,CRISIL AA+,SMAAF,SBI AMC,2026-07
INE087P07501,Avanse Financial Services Ltd.,10000.0,9963.45,0.49,IND AA,SMAAF,SBI AMC,2026-07
INE896L07AM2,Indostar Capital Finance Ltd.,8000.0,7973.62,0.39,CARE AA-,SMAAF,SBI AMC,2026-07
INE414G07IR6,Muthoot Finance Ltd.,7500.0,7514.51,0.37,CRISIL AA+,SMAAF,SBI AMC,2026-07
INE377Y07656,Bajaj Housing Finance Ltd.,5000.0,5098.17,0.25,CRISIL AAA,SMAAF,SBI AMC,2026-07
INE729N08055,TVS Credit Services Ltd.,50.0,5026.43,0.25,CRISIL AA+,SMAAF,SBI AMC,2026-07
INE950O07438,Mahindra Rural Housing Finance Ltd.,5000.0,5015.24,0.25,CRISIL AAA,SMAAF,SBI AMC,2026-07
INE213W07277,SMFG India Home Finance Co. Ltd.,5000.0,5012.06,0.25,CRISIL AAA,SMAAF,SBI AMC,2026-07
INE756I07FR2,HDB Financial Services Ltd.,5000.0,5005.1,0.25,CRISIL AAA,SMAAF,SBI AMC,2026-07
INE651J07978,JM Financial Credit Solutions Ltd.,5000.0,5002.09,0.25,[ICRA]AA,SMAAF,SBI AMC,2026-07
INE556F08KT6,Small Industries Development Bank of India,5000.0,4998.25,0.25,CRISIL AAA,SMAAF,SBI AMC,2026-07
INE316Z08014,Godrej Seeds & Genetics Ltd.,5000.0,4947.82,0.24,CRISIL AA,SMAAF,SBI AMC,2026-07
INE316Z08022,Godrej Seeds & Genetics Ltd.,4500.0,4470.37,0.22,CRISIL AA,SMAAF,SBI AMC,2026-07
INE316Z08048,Godrej Seeds & Genetics Ltd.,4500.0,4464.23,0.22,CRISIL AA,SMAAF,SBI AMC,2026-07
INE316Z08030,Godrej Seeds & Genetics Ltd.,4500.0,4456.22,0.22,CRISIL AA,SMAAF,SBI AMC,2026-07
INE950O07446,Mahindra Rural Housing Finance Ltd.,2500.0,2524.08,0.12,CRISIL AAA,SMAAF,SBI AMC,2026-07
INE02PE08036,JTPM Metal Traders Ltd.,25000.0,26867.23,1.33,CRISIL AA,SMAAF,SBI AMC,2026-07
INE2QI808033,JSW Kalinga Steel Ltd.,25000.0,25802.2,1.27,CRISIL AA,SMAAF,SBI AMC,2026-07
IN0020260025,6.94% CGL 2036,37500000.0,37788.56,1.87,Sovereign,SMAAF,SBI AMC,2026-07
IN0020250067,6.01% CGL 2030,10000000.0,9869.89,0.49,Sovereign,SMAAF,SBI AMC,2026-07
IN2120250450,7.56% State Government of Madhya Pradesh 2039,17000000.0,16956.91,0.84,Sovereign,SMAAF,SBI AMC,2026-07
IN2120250492,7.74% State Government of Madhya Pradesh 2047,5500000.0,5525.15,0.27,Sovereign,SMAAF,SBI AMC,2026-07
INE012I14SG2,JM Financial Services Ltd.,2000.0,9624.68,0.48,CRISIL A1+,SMAAF,SBI AMC,2026-07
INE556F16CB4,Small Industries Development Bank of India,1000.0,4813.14,0.24,CRISIL A1+,SMAAF,SBI AMC,2026-07
IN002026X073,91 DAY T-BILL 20.08.26,10000000.0,9973.06,0.49,Sovereign,SMAAF,SBI AMC,2026-07
INF200KA16D8,SBI Gold ETF,107591000.0,130012.96,6.42,Mutual Fund/ETF,SMAAF,SBI AMC,2026-07
INF200KB1217,SBI Silver ETF,34896178.0,73854.27,3.65,Mutual Fund/ETF,SMAAF,SBI AMC,2026-07
INE090A01021,ICICI Bank Ltd.,32850000.0,471528.9,8.51,Banks,SBLUECHIP,SBI AMC,2026-07
INE040A01034,HDFC Bank Ltd.,60500000.0,452630.75,8.17,Banks,SBLUECHIP,SBI AMC,2026-07
INE002A01018,Reliance Industries Ltd.,22996018.0,300741.92,5.43,Petroleum Products,SBLUECHIP,SBI AMC,2026-07
INE018A01030,Larsen & Toubro Ltd.,7400000.0,291478.6,5.26,Construction,SBLUECHIP,SBI AMC,2026-07
INE021A01026,Asian Paints Ltd.,7400000.0,203300.2,3.67,Consumer Durables,SBLUECHIP,SBI AMC,2026-07
INE009A01021,Infosys Ltd.,17817914.0,201360.25,3.63,IT - Software,SBLUECHIP,SBI AMC,2026-07
INE062A01020,State Bank of India,19106000.0,196295.04,3.54,Banks,SBLUECHIP,SBI AMC,2026-07
INE775A01035,Samvardhana Motherson International Ltd.,121700000.0,183462.75,3.31,Auto Components,SBLUECHIP,SBI AMC,2026-07
INE238A01034,Axis Bank Ltd.,13750000.0,169056.25,3.05,Banks,SBLUECHIP,SBI AMC,2026-07
INE1TAE01010,Tata Motors Ltd.,38000000.0,165984.0,2.99,"Agricultural, Commercial & Construction Vehicles",SBLUECHIP,SBI AMC,2026-07
INE361B01024,Divi's Laboratories Ltd.,2032024.0,163699.85,2.95,Pharmaceuticals & Biotechnology,SBLUECHIP,SBI AMC,2026-07
INE795G01014,HDFC Life Insurance Company Ltd.,29000000.0,159065.0,2.87,Insurance,SBLUECHIP,SBI AMC,2026-07
INE237A01036,Kotak Mahindra Bank Ltd.,38000000.0,148314.0,2.68,Banks,SBLUECHIP,SBI AMC,2026-07
INE761H01022,Page Industries Ltd.,317000.0,127988.75,2.31,Textiles & Apparels,SBLUECHIP,SBI AMC,2026-07
INE397D01024,Bharti Airtel Ltd.,6400000.0,126208.0,2.28,Telecom - Services,SBLUECHIP,SBI AMC,2026-07
INE070A01015,Shree Cement Ltd.,474600.0,123657.03,2.23,Cement & Cement Products,SBLUECHIP,SBI AMC,2026-07
INE121A01024,Cholamandalam Investment & Finance Co. Ltd.,6600000.0,122093.4,2.2,Finance,SBLUECHIP,SBI AMC,2026-07
INE192R01011,Avenue Supermarts Ltd.,3080000.0,120766.8,2.18,Retailing,SBLUECHIP,SBI AMC,2026-07
INE044A01036,Sun Pharmaceutical Industries Ltd.,5488994.0,109258.43,1.97,Pharmaceuticals & Biotechnology,SBLUECHIP,SBI AMC,2026-07
INE200M01039,Varun Beverages Ltd.,24500000.0,108363.5,1.95,Beverages,SBLUECHIP,SBI AMC,2026-07
INE669C01036,Tech Mahindra Ltd.,6500000.0,107334.5,1.94,IT - Software,SBLUECHIP,SBI AMC,2026-07
INE152A01029,Thermax Ltd.,2343447.0,100908.83,1.82,Electrical Equipment,SBLUECHIP,SBI AMC,2026-07
INE634S01028,Mankind Pharma Ltd.,4072930.0,100585.08,1.81,Pharmaceuticals & Biotechnology,SBLUECHIP,SBI AMC,2026-07
INE758T01015,Eternal Ltd.,29000000.0,87710.5,1.58,Retailing,SBLUECHIP,SBI AMC,2026-07
INE423A01024,Adani Enterprises Ltd.,2909998.0,87576.39,1.58,Metals & Minerals Trading,SBLUECHIP,SBI AMC,2026-07
INE030A01027,Hindustan Unilever Ltd.,4100000.0,86153.3,1.55,Diversified FMCG,SBLUECHIP,SBI AMC,2026-07
INE1CDF01017,Vedanta Aluminium Metal Ltd.,17300000.0,78576.6,1.42,Non - Ferrous Metals,SBLUECHIP,SBI AMC,2026-07
INE073K01018,Sona Blw Precision Forgings Ltd.,10000000.0,76940.0,1.39,Auto Components,SBLUECHIP,SBI AMC,2026-07
INE346A01027,ICICI Prudential Asset Management Company Ltd.,2025472.0,63111.68,1.14,Capital Markets,SBLUECHIP,SBI AMC,2026-07
INE603J01030,PI Industries Ltd.,2270000.0,62452.24,1.13,Fertilizers & Agrochemicals,SBLUECHIP,SBI AMC,2026-07
INE646L01027,Interglobe Aviation Ltd.,1100000.0,56881.0,1.03,Transport Services,SBLUECHIP,SBI AMC,2026-07
INE513A01022,Schaeffler India Ltd.,1314870.0,53636.18,0.97,Auto Components,SBLUECHIP,SBI AMC,2026-07
INE726G01019,ICICI Prudential Life Insurance Company Ltd.,10121950.0,52168.53,0.94,Insurance,SBLUECHIP,SBI AMC,2026-07
INE216A01030,Britannia Industries Ltd.,869125.0,47076.16,0.85,Food Products,SBLUECHIP,SBI AMC,2026-07
INE02RE01045,Brainbees Solutions Ltd.,20300000.0,43088.78,0.78,Retailing,SBLUECHIP,SBI AMC,2026-07
INE765G01017,ICICI Lombard General Insurance Company Ltd.,2554097.0,41470.87,0.75,Insurance,SBLUECHIP,SBI AMC,2026-07
INE481G01011,Ultratech Cement Ltd.,345000.0,41065.35,0.74,Cement & Cement Products,SBLUECHIP,SBI AMC,2026-07
INE931S01010,Adani Energy Solutions Ltd.,2494551.0,41045.34,0.74,Power,SBLUECHIP,SBI AMC,2026-07
INE019A01038,JSW Steel Ltd.,3100000.0,39370.0,0.71,Ferrous Metals,SBLUECHIP,SBI AMC,2026-07
INE081A01020,Tata Steel Ltd.,18635614.0,35349.9,0.64,Ferrous Metals,SBLUECHIP,SBI AMC,2026-07
INE742F01042,Adani Ports and Special Economic Zone Ltd.,2000000.0,33930.0,0.61,Transport Infrastructure,SBLUECHIP,SBI AMC,2026-07
INE0FS801015,Motherson Sumi Wiring India Ltd.,66096342.0,26841.72,0.48,Auto Components,SBLUECHIP,SBI AMC,2026-07
INE121J01017,Indus Towers Ltd.,6441100.0,25191.14,0.45,Telecom - Services,SBLUECHIP,SBI AMC,2026-07
INE2J8701016,SKF India (Industrial) Ltd.,791489.0,21686.01,0.39,Industrial Products,SBLUECHIP,SBI AMC,2026-07
INE813H01021,Torrent Power Ltd.,1119425.0,15820.83,0.29,Power,SBLUECHIP,SBI AMC,2026-07
INE640A01023,SKF India Ltd.,791489.0,11710.87,0.21,Auto Components,SBLUECHIP,SBI AMC,2026-07
INE059A01026,Cipla Ltd.,729000.0,10739.63,0.19,Pharmaceuticals & Biotechnology,SBLUECHIP,SBI AMC,2026-07
INE205A01025,Vedanta Ltd.,2751878.0,7271.84,0.13,Diversified Metals,SBLUECHIP,SBI AMC,2026-07
INE694L01019,Vedanta Power Ltd.,10511424.0,3628.54,0.07,Power,SBLUECHIP,SBI AMC,2026-07
INE704J01044,Vedanta Oil and Gas Ltd.,3190769.0,1134.0,0.02,Oil,SBLUECHIP,SBI AMC,2026-07
INE1CLE01013,Vedanta Iron and Steel Ltd.,3193292.0,1030.79,0.02,Ferrous Metals,SBLUECHIP,SBI AMC,2026-07
IN002026X099,91 DAY T-BILL 03.09.26,35000000.0,34836.06,0.63,Sovereign,SBLUECHIP,SBI AMC,2026-07
IN002025Z344,364 DAY T-BILL 19.11.26,7000000.0,6888.11,0.12,Sovereign,SBLUECHIP,SBI AMC,2026-07
INE040A01034,HDFC Bank Ltd.,28407600.0,212531.46,4.54,Banks,SAOF,SBI AMC,2026-07
INE002A01018,Reliance Industries Ltd.,13007000.0,170105.55,3.63,Petroleum Products,SAOF,SBI AMC,2026-07
INE062A01020,State Bank of India,15012000.0,154233.29,3.3,Banks,SAOF,SBI AMC,2026-07
INE090A01021,ICICI Bank Ltd.,8946000.0,128410.88,2.74,Banks,SAOF,SBI AMC,2026-07
INE238A01034,Axis Bank Ltd.,6839375.0,84090.12,1.8,Banks,SAOF,SBI AMC,2026-07
INE296A01032,Bajaj Finance Ltd.,7320750.0,83544.4,1.79,Finance,SAOF,SBI AMC,2026-07
INE397D01024,Bharti Airtel Ltd.,4221800.0,83253.9,1.78,Telecom - Services,SAOF,SBI AMC,2026-07
INE019A01038,JSW Steel Ltd.,5774625.0,73337.74,1.57,Ferrous Metals,SAOF,SBI AMC,2026-07
INE423A01024,Adani Enterprises Ltd.,2353344.0,70823.89,1.51,Metals & Minerals Trading,SAOF,SBI AMC,2026-07
INE263A01024,Bharat Electronics Ltd.,16329075.0,63332.32,1.35,Aerospace & Defense,SAOF,SBI AMC,2026-07
INE669E01016,Vodafone Idea Ltd.,400045575.0,52045.93,1.11,Telecom - Services,SAOF,SBI AMC,2026-07
INE237A01036,Kotak Mahindra Bank Ltd.,13300000.0,51909.9,1.11,Banks,SAOF,SBI AMC,2026-07
INE494B01023,TVS Motor Company Ltd.,1103900.0,47612.31,1.02,Automobiles,SAOF,SBI AMC,2026-07
INE931S01010,Adani Energy Solutions Ltd.,2843775.0,46791.47,1.0,Power,SAOF,SBI AMC,2026-07
INE154A01025,ITC Ltd.,16584150.0,46601.46,1.0,Diversified FMCG,SAOF,SBI AMC,2026-07
INE364U01010,Adani Green Energy Ltd.,3292200.0,45531.13,0.97,Power,SAOF,SBI AMC,2026-07
INE758E01017,Jio Financial Services Ltd.,16983450.0,43555.76,0.93,Finance,SAOF,SBI AMC,2026-07
INE476A01022,Canara Bank,34465500.0,43074.98,0.92,Banks,SAOF,SBI AMC,2026-07
INE134E01011,Power Finance Corporation Ltd.,10111400.0,42907.73,0.92,Finance,SAOF,SBI AMC,2026-07
INE721A01047,Shriram Finance Ltd.,4051575.0,42407.84,0.91,Finance,SAOF,SBI AMC,2026-07
INE257A01026,Bharat Heavy Electricals Ltd.,10240125.0,41677.31,0.89,Electrical Equipment,SAOF,SBI AMC,2026-07
INE018A01030,Larsen & Toubro Ltd.,1038450.0,40903.51,0.87,Construction,SAOF,SBI AMC,2026-07
INE020B01018,REC Ltd.,10642275.0,39690.36,0.85,Finance,SAOF,SBI AMC,2026-07
INE160A01022,Punjab National Bank,33456000.0,37708.26,0.81,Banks,SAOF,SBI AMC,2026-07
INE361B01024,Divi's Laboratories Ltd.,462100.0,37226.78,0.8,Pharmaceuticals & Biotechnology,SAOF,SBI AMC,2026-07
INE101A01026,Mahindra & Mahindra Ltd.,1091000.0,37077.64,0.79,Automobiles,SAOF,SBI AMC,2026-07
INE066F01020,Hindustan Aeronautics Ltd.,791250.0,36765.43,0.79,Aerospace & Defense,SAOF,SBI AMC,2026-07
INE192A01025,Tata Consumer Products Ltd.,3100900.0,33585.85,0.72,Agricultural Food & other Products,SAOF,SBI AMC,2026-07
INE121A01024,Cholamandalam Investment & Finance Co. Ltd.,1805000.0,33390.7,0.71,Finance,SAOF,SBI AMC,2026-07
INE814H01029,Adani Power Ltd.,15556100.0,32871.59,0.7,Power,SAOF,SBI AMC,2026-07
INE522F01014,Coal India Ltd.,7858350.0,32545.36,0.7,Consumable Fuels,SAOF,SBI AMC,2026-07
INE585B01010,Maruti Suzuki India Ltd.,228550.0,32531.81,0.7,Automobiles,SAOF,SBI AMC,2026-07
INE038A01020,Hindalco Industries Ltd.,3208100.0,31261.33,0.67,Non - Ferrous Metals,SAOF,SBI AMC,2026-07
INE121J01017,Indus Towers Ltd.,7735000.0,30251.59,0.65,Telecom - Services,SAOF,SBI AMC,2026-07
INE245A01021,Tata Power Company Ltd.,7831450.0,29814.33,0.64,Power,SAOF,SBI AMC,2026-07
INE053A01029,The Indian Hotels Company Ltd.,3967000.0,29298.28,0.63,Leisure Services,SAOF,SBI AMC,2026-07
INE155A01022,Tata Motors Passenger Vehicles Ltd.,8491200.0,28848.85,0.62,Automobiles,SAOF,SBI AMC,2026-07
INE733E01010,NTPC Ltd.,8280000.0,28752.3,0.61,Power,SAOF,SBI AMC,2026-07
INE947Q01028,Laurus Labs Ltd.,1575900.0,28621.5,0.61,Pharmaceuticals & Biotechnology,SAOF,SBI AMC,2026-07
INE030A01027,Hindustan Unilever Ltd.,1331400.0,27976.71,0.6,Diversified FMCG,SAOF,SBI AMC,2026-07
INE935A01035,Glenmark Pharmaceuticals Ltd.,1172250.0,26186.89,0.56,Pharmaceuticals & Biotechnology,SAOF,SBI AMC,2026-07
INE663F01032,Info Edge (India) Ltd.,2059200.0,25250.94,0.54,Retailing,SAOF,SBI AMC,2026-07
INE092T01019,IDFC First Bank Ltd.,29605800.0,25070.19,0.54,Banks,SAOF,SBI AMC,2026-07
INE776C01039,GMR Airports Ltd.,23770800.0,25021.14,0.53,Transport Infrastructure,SAOF,SBI AMC,2026-07
INE522D01027,Manappuram Finance Ltd.,6699000.0,24910.23,0.53,Finance,SAOF,SBI AMC,2026-07
INE200M01039,Varun Beverages Ltd.,5473575.0,24209.62,0.52,Beverages,SAOF,SBI AMC,2026-07
INE481G01011,Ultratech Cement Ltd.,199050.0,23692.92,0.51,Cement & Cement Products,SAOF,SBI AMC,2026-07
INE079A01024,Ambuja Cements Ltd.,5414400.0,23401.04,0.5,Cement & Cement Products,SAOF,SBI AMC,2026-07
INE028A01039,Bank of Baroda,9471150.0,22977.01,0.49,Banks,SAOF,SBI AMC,2026-07
INE114A01011,Steel Authority of India Ltd.,13254000.0,22403.24,0.48,Ferrous Metals,SAOF,SBI AMC,2026-07
INE066A01021,Eicher Motors Ltd.,285300.0,22348.98,0.48,Automobiles,SAOF,SBI AMC,2026-07
INE242A01010,Indian Oil Corporation Ltd.,15741375.0,22064.69,0.47,Petroleum Products,SAOF,SBI AMC,2026-07
INE081A01020,Tata Steel Ltd.,11594000.0,21992.66,0.47,Ferrous Metals,SAOF,SBI AMC,2026-07
INE303R01014,Kalyan Jewellers India Ltd.,3558600.0,21799.98,0.47,Consumer Durables,SAOF,SBI AMC,2026-07
INE982J01020,One 97 Communications Ltd.,1599350.0,21479.27,0.46,Financial Technology (Fintech),SAOF,SBI AMC,2026-07
INE271C01023,DLF Ltd.,3000100.0,19779.66,0.42,Realty,SAOF,SBI AMC,2026-07
INE299U01018,Crompton Greaves Consumer Electricals Ltd.,7305700.0,19009.43,0.41,Consumer Durables,SAOF,SBI AMC,2026-07
INE376G01013,Biocon Ltd.,4340000.0,18475.38,0.39,Pharmaceuticals & Biotechnology,SAOF,SBI AMC,2026-07
INE795G01014,HDFC Life Insurance Company Ltd.,3341800.0,18329.77,0.39,Insurance,SAOF,SBI AMC,2026-07
INE692A01016,Union Bank of India,10659825.0,18253.88,0.39,Banks,SAOF,SBI AMC,2026-07
INE437A01024,Apollo Hospitals Enterprise Ltd.,198625.0,17790.84,0.38,Healthcare Services,SAOF,SBI AMC,2026-07
INE584A01023,NMDC Ltd.,20358000.0,17312.44,0.37,Minerals & Mining,SAOF,SBI AMC,2026-07
INE742F01042,Adani Ports and Special Economic Zone Ltd.,1018875.0,17285.21,0.37,Transport Infrastructure,SAOF,SBI AMC,2026-07
INE280A01028,Titan Company Ltd.,354200.0,17267.96,0.37,Consumer Durables,SAOF,SBI AMC,2026-07
INE127D01025,HDFC Asset Management Co. Ltd.,639900.0,16738.5,0.36,Capital Markets,SAOF,SBI AMC,2026-07
INE674K01013,Aditya Birla Capital Ltd.,4045500.0,16355.96,0.35,Finance,SAOF,SBI AMC,2026-07
INE180A01020,Max Financial Services Ltd.,1082400.0,16225.18,0.35,Insurance,SAOF,SBI AMC,2026-07
INE343H01029,Solar Industries India Ltd.,86700.0,15945.0,0.34,Chemicals & Petrochemicals,SAOF,SBI AMC,2026-07
INE009A01021,Infosys Ltd.,1364400.0,15419.08,0.33,IT - Software,SAOF,SBI AMC,2026-07
INE171A01029,The Federal Bank Ltd.,4227500.0,15170.38,0.32,Banks,SAOF,SBI AMC,2026-07
INE406A01037,Aurobindo Pharma Ltd.,958650.0,15148.59,0.32,Pharmaceuticals & Biotechnology,SAOF,SBI AMC,2026-07
INE545U01014,Bandhan Bank Ltd.,8650800.0,15063.64,0.32,Banks,SAOF,SBI AMC,2026-07
INE118H01025,BSE Ltd.,404800.0,14759.82,0.32,Capital Markets,SAOF,SBI AMC,2026-07
INE752E01010,Power Grid Corporation of India Ltd.,5074900.0,14425.4,0.31,Power,SAOF,SBI AMC,2026-07
INE102D01028,Godrej Consumer Products Ltd.,1318500.0,14113.22,0.3,Personal Products,SAOF,SBI AMC,2026-07
INE646L01027,Interglobe Aviation Ltd.,271350.0,14031.51,0.3,Transport Services,SAOF,SBI AMC,2026-07
INE084A01016,Bank of India,9916400.0,13679.67,0.29,Banks,SAOF,SBI AMC,2026-07
INE016A01026,Dabur India Ltd.,3035000.0,12791.01,0.27,Personal Products,SAOF,SBI AMC,2026-07
INE208A01029,Ashok Leyland Ltd.,7540000.0,12529.97,0.27,"Agricultural, Commercial & Construction Vehicles",SAOF,SBI AMC,2026-07
INE047A01021,Grasim Industries Ltd.,403000.0,12496.22,0.27,Cement & Cement Products,SAOF,SBI AMC,2026-07
INE213A01029,Oil & Natural Gas Corporation Ltd.,5024250.0,12185.31,0.26,Oil,SAOF,SBI AMC,2026-07
INE976G01028,RBL Bank Ltd.,3143250.0,11802.9,0.25,Banks,SAOF,SBI AMC,2026-07
INE267A01025,Hindustan Zinc Ltd.,2118025.0,11420.39,0.24,Non - Ferrous Metals,SAOF,SBI AMC,2026-07
INE158A01026,Hero MotoCorp Ltd.,210600.0,11342.92,0.24,Automobiles,SAOF,SBI AMC,2026-07
INE949L01017,AU Small Finance Bank Ltd.,1078000.0,11289.89,0.24,Banks,SAOF,SBI AMC,2026-07
INE07Y701011,Hitachi Energy India Ltd.,34225.0,11011.89,0.24,Electrical Equipment,SAOF,SBI AMC,2026-07
INE726G01019,ICICI Prudential Life Insurance Company Ltd.,2125650.0,10955.6,0.23,Insurance,SAOF,SBI AMC,2026-07
INE917I01010,Bajaj Auto Ltd.,92850.0,10696.78,0.23,Automobiles,SAOF,SBI AMC,2026-07
INE095N01031,NBCC (India) Ltd.,11219000.0,10635.61,0.23,Construction,SAOF,SBI AMC,2026-07
INE562A01011,Indian Bank,1029000.0,8607.59,0.18,Banks,SAOF,SBI AMC,2026-07
INE139A01034,National Aluminium Company Ltd.,2435625.0,8525.91,0.18,Non - Ferrous Metals,SAOF,SBI AMC,2026-07
INE745G01043,Multi Commodity Exchange of India Ltd.,315225.0,8486.49,0.18,Capital Markets,SAOF,SBI AMC,2026-07
INE148O01028,Delhivery Ltd.,1753375.0,8450.39,0.18,Transport Services,SAOF,SBI AMC,2026-07
INE775A01035,Samvardhana Motherson International Ltd.,5535000.0,8344.01,0.18,Auto Components,SAOF,SBI AMC,2026-07
INE417T01026,PB Fintech Ltd.,511700.0,8194.88,0.18,Financial Technology (Fintech),SAOF,SBI AMC,2026-07
INE239A01024,Nestle India Ltd.,527500.0,7963.14,0.17,Food Products,SAOF,SBI AMC,2026-07
INE628A01036,UPL Ltd.,1303510.0,7877.11,0.17,Fertilizers & Agrochemicals,SAOF,SBI AMC,2026-07
INE749A01030,Jindal Steel Ltd.,702500.0,7744.36,0.17,Ferrous Metals,SAOF,SBI AMC,2026-07
INE021A01026,Asian Paints Ltd.,280250.0,7699.31,0.16,Consumer Durables,SAOF,SBI AMC,2026-07
INE323A01026,Bosch Ltd.,17950.0,7374.76,0.16,Auto Components,SAOF,SBI AMC,2026-07
INE298A01020,Cummins India Ltd.,131800.0,7274.04,0.16,Industrial Products,SAOF,SBI AMC,2026-07
INE758T01015,Eternal Ltd.,2403175.0,7268.4,0.16,Retailing,SAOF,SBI AMC,2026-07
INE123W01016,SBI Life Insurance Co. Ltd.,374625.0,7050.44,0.15,Insurance,SAOF,SBI AMC,2026-07
INE111A01025,Container Corporation of India Ltd.,1336250.0,7021.99,0.15,Transport Services,SAOF,SBI AMC,2026-07
INE918I01026,Bajaj Finserv Ltd.,342300.0,6945.61,0.15,Finance,SAOF,SBI AMC,2026-07
INE484J01027,Godrej Properties Ltd.,306475.0,6453.44,0.14,Realty,SAOF,SBI AMC,2026-07
INE059A01026,Cipla Ltd.,436475.0,6430.15,0.14,Pharmaceuticals & Biotechnology,SAOF,SBI AMC,2026-07
INE061F01013,Fortis Healthcare Ltd.,671925.0,6349.69,0.14,Healthcare Services,SAOF,SBI AMC,2026-07
INE067A01029,CG Power and Industrial Solutions Ltd.,707200.0,6105.96,0.13,Electrical Equipment,SAOF,SBI AMC,2026-07
INE176B01034,Havells India Ltd.,477500.0,6019.84,0.13,Consumer Durables,SAOF,SBI AMC,2026-07
INE044A01036,Sun Pharmaceutical Industries Ltd.,299600.0,5963.54,0.13,Pharmaceuticals & Biotechnology,SAOF,SBI AMC,2026-07
INE066P01011,Inox Wind Ltd.,7628800.0,5961.14,0.13,Electrical Equipment,SAOF,SBI AMC,2026-07
INE094A01015,Hindustan Petroleum Corporation Ltd.,1453950.0,5666.77,0.12,Petroleum Products,SAOF,SBI AMC,2026-07
INE371P01015,Amber Enterprises India Ltd.,75100.0,5587.82,0.12,Consumer Durables,SAOF,SBI AMC,2026-07
INE095A01012,IndusInd Bank Ltd.,548800.0,5556.33,0.12,Banks,SAOF,SBI AMC,2026-07
INE467B01029,Tata Consultancy Services Ltd.,229725.0,5434.37,0.12,IT - Software,SAOF,SBI AMC,2026-07
INE115A01026,LIC Housing Finance Ltd.,1026000.0,5367.01,0.11,Finance,SAOF,SBI AMC,2026-07
INE405E01023,UNO Minda Ltd.,435050.0,5135.77,0.11,Auto Components,SAOF,SBI AMC,2026-07
INE196A01026,Marico Ltd.,572400.0,4983.6,0.11,Agricultural Food & other Products,SAOF,SBI AMC,2026-07
INE318A01026,Pidilite Industries Ltd.,297000.0,4785.86,0.1,Chemicals & Petrochemicals,SAOF,SBI AMC,2026-07
INE029A01011,Bharat Petroleum Corporation Ltd.,1485200.0,4748.93,0.1,Petroleum Products,SAOF,SBI AMC,2026-07
INE129A01019,GAIL (India) Ltd.,2513400.0,4560.31,0.1,Gas,SAOF,SBI AMC,2026-07
INE211B01039,The Phoenix Mills Ltd.,240100.0,4545.81,0.1,Realty,SAOF,SBI AMC,2026-07
INE881D01027,Oracle Financial Services Software Ltd.,37700.0,4217.12,0.09,IT - Software,SAOF,SBI AMC,2026-07
INE634S01028,Mankind Pharma Ltd.,159000.0,3926.66,0.08,Pharmaceuticals & Biotechnology,SAOF,SBI AMC,2026-07
INE591G01025,Coforge Ltd.,217550.0,3744.04,0.08,IT - Software,SAOF,SBI AMC,2026-07
INE455K01017,Polycab India Ltd.,41000.0,3733.67,0.08,Industrial Products,SAOF,SBI AMC,2026-07
INE040H01021,Suzlon Energy Ltd.,7391400.0,3548.61,0.08,Electrical Equipment,SAOF,SBI AMC,2026-07
INE010B01027,Zydus Lifesciences Ltd.,314100.0,3539.28,0.08,Pharmaceuticals & Biotechnology,SAOF,SBI AMC,2026-07
INE388Y01029,FSN E-Commerce Ventures Ltd.,1043750.0,3479.86,0.07,Retailing,SAOF,SBI AMC,2026-07
INE121E01018,JSW Energy Ltd.,623500.0,3458.24,0.07,Power,SAOF,SBI AMC,2026-07
INE214T01019,LTM Ltd.,75300.0,3284.66,0.07,IT - Software,SAOF,SBI AMC,2026-07
INE216A01030,Britannia Industries Ltd.,60625.0,3283.75,0.07,Food Products,SAOF,SBI AMC,2026-07
INE226A01021,Voltas Ltd.,246375.0,3274.08,0.07,Consumer Durables,SAOF,SBI AMC,2026-07
INE572E01012,PNB Housing Finance Ltd.,310050.0,3265.14,0.07,Finance,SAOF,SBI AMC,2026-07
INE022Q01020,Indian Energy Exchange Ltd.,2414250.0,3192.6,0.07,Capital Markets,SAOF,SBI AMC,2026-07
INE195A01028,Supreme Industries Ltd.,88725.0,3074.68,0.07,Industrial Products,SAOF,SBI AMC,2026-07
INE118A01012,Bajaj Holdings & Investment Ltd.,27075.0,3071.12,0.07,Finance,SAOF,SBI AMC,2026-07
INE414G01012,Muthoot Finance Ltd.,98175.0,3062.67,0.07,Finance,SAOF,SBI AMC,2026-07
INE619A01035,Patanjali Foods Ltd.,792275.0,2809.41,0.06,Agricultural Food & other Products,SAOF,SBI AMC,2026-07
INE415G01027,Rail Vikas Nigam Ltd.,1233925.0,2782.25,0.06,Construction,SAOF,SBI AMC,2026-07
INE200A01026,GE Vernova T&D India Ltd.,63625.0,2750.7,0.06,Electrical Equipment,SAOF,SBI AMC,2026-07
INE540L01014,Alkem Laboratories Ltd.,46250.0,2660.07,0.06,Pharmaceuticals & Biotechnology,SAOF,SBI AMC,2026-07
INE765G01017,ICICI Lombard General Insurance Company Ltd.,163475.0,2654.34,0.06,Insurance,SAOF,SBI AMC,2026-07
INE702C01027,APL Apollo Tubes Ltd.,127050.0,2311.67,0.05,Industrial Products,SAOF,SBI AMC,2026-07
INE00R701025,Dalmia Bharat Ltd.,123175.0,2216.78,0.05,Cement & Cement Products,SAOF,SBI AMC,2026-07
INE854D01024,United Spirits Ltd.,142000.0,2152.58,0.05,Beverages,SAOF,SBI AMC,2026-07
INE205A01025,Vedanta Ltd.,749800.0,1981.35,0.04,Diversified Metals,SAOF,SBI AMC,2026-07
INE326A01037,Lupin Ltd.,81600.0,1970.64,0.04,Pharmaceuticals & Biotechnology,SAOF,SBI AMC,2026-07
INE027H01010,Max Healthcare Institute Ltd.,174300.0,1914.69,0.04,Healthcare Services,SAOF,SBI AMC,2026-07
INE093I01010,Oberoi Realty Ltd.,102900.0,1880.7,0.04,Realty,SAOF,SBI AMC,2026-07
INE04I401011,KPIT Technologies Ltd.,310000.0,1855.04,0.04,IT - Software,SAOF,SBI AMC,2026-07
INE0BS701011,Premier Energies Ltd,176800.0,1807.25,0.04,Electrical Equipment,SAOF,SBI AMC,2026-07
INE465A01025,Bharat Forge Ltd.,72500.0,1594.86,0.03,Auto Components,SAOF,SBI AMC,2026-07
INE347G01014,Petronet LNG Ltd.,475000.0,1333.56,0.03,Gas,SAOF,SBI AMC,2026-07
INE811K01011,Prestige Estates Projects Ltd.,81000.0,1309.12,0.03,Realty,SAOF,SBI AMC,2026-07
INE670A01012,Tata Elxsi Ltd.,35625.0,1308.47,0.03,IT - Software,SAOF,SBI AMC,2026-07
INE073K01018,Sona Blw Precision Forgings Ltd.,166600.0,1281.82,0.03,Auto Components,SAOF,SBI AMC,2026-07
INE259A01022,Colgate Palmolive (India) Ltd.,61325.0,1273.17,0.03,Personal Products,SAOF,SBI AMC,2026-07
INE736A01011,Central Depository Services (I) Ltd.,90725.0,1209.36,0.03,Capital Markets,SAOF,SBI AMC,2026-07
INE356A01018,Mphasis Ltd.,50875.0,1191.65,0.03,IT - Software,SAOF,SBI AMC,2026-07
INE457L01029,PG Electroplast Ltd.,189050.0,1159.54,0.02,Consumer Durables,SAOF,SBI AMC,2026-07
INE01EA01019,Vishal Mega Mart Ltd.,1037900.0,1111.59,0.02,Retailing,SAOF,SBI AMC,2026-07
INE117A01022,ABB India Ltd.,15125.0,1101.78,0.02,Electrical Equipment,SAOF,SBI AMC,2026-07
INE466L01038,360 ONE WAM Ltd.,96500.0,1095.56,0.02,Capital Markets,SAOF,SBI AMC,2026-07
INE860A01027,HCL Technologies Ltd.,79200.0,1066.74,0.02,IT - Software,SAOF,SBI AMC,2026-07
INE262H01021,Persistent Systems Ltd.,18375.0,1019.63,0.02,IT - Software,SAOF,SBI AMC,2026-07
INE596I01020,Computer Age Management Services Ltd.,106425.0,847.3,0.02,Capital Markets,SAOF,SBI AMC,2026-07
INE974X01010,Tube Investments of India Ltd.,22400.0,616.67,0.01,Auto Components,SAOF,SBI AMC,2026-07
INE647A01010,SRF Ltd.,21200.0,555.97,0.01,Chemicals & Petrochemicals,SAOF,SBI AMC,2026-07
INE451A01017,Force Motors Ltd.,2750.0,492.31,0.01,Automobiles,SAOF,SBI AMC,2026-07
INE053F01010,Indian Railway Finance Corporation Ltd.,542500.0,483.64,0.01,Finance,SAOF,SBI AMC,2026-07
INE944F01028,Radico Khaitan Ltd.,10200.0,442.76,0.01,Beverages,SAOF,SBI AMC,2026-07
INE918Z01012,Kaynes Technology India Ltd.,10650.0,405.19,0.01,Industrial Manufacturing,SAOF,SBI AMC,2026-07
INE338I01027,Motilal Oswal Financial Services Ltd.,46500.0,396.16,0.01,Capital Markets,SAOF,SBI AMC,2026-07
INE704P01025,Cochin Shipyard Ltd.,8400.0,119.53,,Industrial Manufacturing,SAOF,SBI AMC,2026-07
INE732I01021,Angel One Ltd.,35000.0,104.28,,Capital Markets,SAOF,SBI AMC,2026-07
INE274J01014,Oil India Ltd.,19600.0,89.89,,Oil,SAOF,SBI AMC,2026-07
INE849A01020,Trent Ltd.,2250.0,67.63,,Retailing,SAOF,SBI AMC,2026-07
INE018E01016,SBI Cards & Payment Services Ltd.,6400.0,42.25,,Finance,SAOF,SBI AMC,2026-07
INE494B04019,TVS Motor Company Ltd.,3025400.0,316.15,0.01,CARE A1+,SAOF,SBI AMC,2026-07
INE028A16MV2,Bank of Baroda,16000.0,75358.24,1.61,IND A1+,SAOF,SBI AMC,2026-07
INE476A16K14,Canara Bank,16000.0,75167.12,1.61,CRISIL A1+,SAOF,SBI AMC,2026-07
INE028A16LG5,Bank of Baroda,10000.0,48311.65,1.03,IND A1+,SAOF,SBI AMC,2026-07
INE556F16CE8,Small Industries Development Bank of India,9000.0,42380.46,0.91,CRISIL A1+,SAOF,SBI AMC,2026-07
INE040A16IZ6,HDFC Bank Ltd.,5000.0,23981.7,0.51,CRISIL A1+,SAOF,SBI AMC,2026-07
INE556F16CD0,Small Industries Development Bank of India,5000.0,23910.1,0.51,CRISIL A1+,SAOF,SBI AMC,2026-07
INE160A16UE2,Punjab National Bank,4500.0,21726.72,0.46,CRISIL A1+,SAOF,SBI AMC,2026-07
INE692A16LP9,Union Bank of India,4000.0,19178.26,0.41,[ICRA]A1+,SAOF,SBI AMC,2026-07
INE063P16BB2,Equitas Small Finance Bank Ltd.,3000.0,14854.2,0.32,CRISIL A1+,SAOF,SBI AMC,2026-07
INE160A16UD4,Punjab National Bank,2000.0,9658.09,0.21,CRISIL A1+,SAOF,SBI AMC,2026-07
INE090AD6337,ICICI Bank Ltd.,2000.0,9574.69,0.2,[ICRA]A1+,SAOF,SBI AMC,2026-07
INE261F16AO8,National Bank for Agriculture and Rural Development,500.0,2397.65,0.05,CRISIL A1+,SAOF,SBI AMC,2026-07
INE261F16AQ3,National Bank for Agriculture and Rural Development,500.0,2394.11,0.05,CRISIL A1+,SAOF,SBI AMC,2026-07
IN002025Z344,364 DAY T-BILL 19.11.26,2300000.0,2263.24,0.05,Sovereign,SAOF,SBI AMC,2026-07
INF200K01SZ5,SBI Savings Fund - Direct Plan - Growth Option,1234606835.485,587934.59,12.56,Mutual Fund/ETF,SAOF,SBI AMC,2026-07
INF200K01VM7,SBI Low Duration Fund - Direct Plan - Growth Option,3329931.995,129248.05,2.76,Mutual Fund/ETF,SAOF,SBI AMC,2026-07
INF200K01UT4,SBI Liquid Fund - Direct Plan - Growth Option,2908677.409,128206.6,2.74,Mutual Fund/ETF,SAOF,SBI AMC,2026-07
INE002A01018,Reliance Industries Ltd.,3600000.0,47080.8,9.55,Petroleum Products,SIF,SBI AMC,2026-07
INE397D01024,Bharti Airtel Ltd.,1600000.0,31552.0,6.4,Telecom - Services,SIF,SBI AMC,2026-07
INE070A01015,Shree Cement Ltd.,100000.0,26055.0,5.28,Cement & Cement Products,SIF,SBI AMC,2026-07
INE018A01030,Larsen & Toubro Ltd.,600000.0,23633.4,4.79,Construction,SIF,SBI AMC,2026-07
INE423A01024,Adani Enterprises Ltd.,705053.0,21218.57,4.3,Metals & Minerals Trading,SIF,SBI AMC,2026-07
INE742F01042,Adani Ports and Special Economic Zone Ltd.,1200000.0,20358.0,4.13,Transport Infrastructure,SIF,SBI AMC,2026-07
INE931S01010,Adani Energy Solutions Ltd.,1200000.0,19744.8,4.0,Power,SIF,SBI AMC,2026-07
INE003A01024,Siemens Ltd.,500000.0,18800.0,3.81,Electrical Equipment,SIF,SBI AMC,2026-07
INE813H01021,Torrent Power Ltd.,1200000.0,16959.6,3.44,Power,SIF,SBI AMC,2026-07
INE257A01026,Bharat Heavy Electricals Ltd.,4000000.0,16280.0,3.3,Electrical Equipment,SIF,SBI AMC,2026-07
INE536A01023,Grindwell Norton Ltd.,700000.0,14841.4,3.01,Industrial Products,SIF,SBI AMC,2026-07
INE481G01011,Ultratech Cement Ltd.,120000.0,14283.6,2.9,Cement & Cement Products,SIF,SBI AMC,2026-07
INE921L01032,Powerica Ltd.,2500000.0,13240.0,2.69,Electrical Equipment,SIF,SBI AMC,2026-07
INE213A01029,Oil & Natural Gas Corporation Ltd.,5000000.0,12126.5,2.46,Oil,SIF,SBI AMC,2026-07
INE121E01018,JSW Energy Ltd.,1904762.0,10564.76,2.14,Power,SIF,SBI AMC,2026-07
INE019A01038,JSW Steel Ltd.,800000.0,10160.0,2.06,Ferrous Metals,SIF,SBI AMC,2026-07
INE271C01023,DLF Ltd.,1500000.0,9889.5,2.01,Realty,SIF,SBI AMC,2026-07
INE758C01029,Ahluwalia Contracts (India) Ltd.,1200000.0,9856.8,2.0,Construction,SIF,SBI AMC,2026-07
INE121J01017,Indus Towers Ltd.,2500000.0,9777.5,1.98,Telecom - Services,SIF,SBI AMC,2026-07
INE343H01029,Solar Industries India Ltd.,50000.0,9195.5,1.86,Chemicals & Petrochemicals,SIF,SBI AMC,2026-07
INE08U801020,Samhi Hotels Ltd.,5000000.0,8992.0,1.82,Leisure Services,SIF,SBI AMC,2026-07
INE522F01014,Coal India Ltd.,2100000.0,8697.15,1.76,Consumable Fuels,SIF,SBI AMC,2026-07
INE134E01011,Power Finance Corporation Ltd.,2000000.0,8487.0,1.72,Finance,SIF,SBI AMC,2026-07
INE274Y01021,Ajax Engineering Ltd.,1300000.0,7541.95,1.53,"Agricultural, Commercial & Construction Vehicles",SIF,SBI AMC,2026-07
INE227J01012,Kalpataru Ltd.,2500000.0,7446.25,1.51,Realty,SIF,SBI AMC,2026-07
INE450D01021,Pitti Engineering Ltd.,800000.0,7396.0,1.5,Industrial Manufacturing,SIF,SBI AMC,2026-07
INE129A01019,GAIL (India) Ltd.,4000000.0,7257.6,1.47,Gas,SIF,SBI AMC,2026-07
INE120A01034,Carborundum Universal Ltd.,673021.0,7159.6,1.45,Industrial Products,SIF,SBI AMC,2026-07
INE718I01012,JSW Cement Ltd.,5000000.0,6655.0,1.35,Cement & Cement Products,SIF,SBI AMC,2026-07
INE084101034,INDO-MIM Ltd.,744312.0,5776.98,1.17,Industrial Manufacturing,SIF,SBI AMC,2026-07
INE285A01027,Elgi Equipments Ltd.,1000000.0,5696.5,1.16,Industrial Products,SIF,SBI AMC,2026-07
INE442H01029,Ashoka Buildcon Ltd.,4273550.0,5174.84,1.05,Construction,SIF,SBI AMC,2026-07
INE05C901015,Juniper Green Energy Ltd.,2222286.0,5000.14,1.01,Power,SIF,SBI AMC,2026-07
INE383A01012,The India Cements Ltd.,1250000.0,4975.0,1.01,Cement & Cement Products,SIF,SBI AMC,2026-07
INE201P01022,G R Infra projects Ltd.,500000.0,4420.5,0.9,Construction,SIF,SBI AMC,2026-07
INE813A01018,Mahindra Lifespace Developers Ltd.,715703.0,2810.21,0.57,Realty,SIF,SBI AMC,2026-07
INE725G01011,ICRA Ltd.,55374.0,2715.26,0.55,Capital Markets,SIF,SBI AMC,2026-07
INE717A01029,Kennametal India Ltd.,51431.0,1451.07,0.29,Industrial Manufacturing,SIF,SBI AMC,2026-07
IN002025Z344,364 DAY T-BILL 19.11.26,500000.0,492.01,0.1,Sovereign,SIF,SBI AMC,2026-07
INE0H7R23014,National Highways Infra Trust,2380.0,4.07,,Transport Infrastructure,SIF,SBI AMC,2026-07
INE403D08314,Bharti Telecom Ltd.,50000.0,49772.65,3.8,CRISIL AAA,SMLDF,SBI AMC,2026-07
INE031A08AC8,Housing and Urban Development Corporation Ltd.,45000.0,44850.83,3.42,[ICRA]AAA,SMLDF,SBI AMC,2026-07
INE556F08LF3,Small Industries Development Bank of India,32500.0,32555.74,2.48,CRISIL AAA,SMLDF,SBI AMC,2026-07
INE0KUG08142,National Bank for Financing Infrastructure and Development,28500.0,28433.4,2.17,CRISIL AAA,SMLDF,SBI AMC,2026-07
INE660A07SE4,Sundaram Finance Ltd.,25000.0,25119.53,1.92,CRISIL AAA,SMLDF,SBI AMC,2026-07
INE115A07RJ0,LIC Housing Finance Ltd.,25000.0,25010.0,1.91,CRISIL AAA,SMLDF,SBI AMC,2026-07
INE1TAE08056,Tata Motors Ltd.,2500.0,25004.4,1.91,CRISIL AA+,SMLDF,SBI AMC,2026-07
INE134E08OC3,Power Finance Corporation Ltd.,25000.0,24862.2,1.9,CRISIL AAA,SMLDF,SBI AMC,2026-07
INE115A07RA9,LIC Housing Finance Ltd.,22500.0,22516.65,1.72,CRISIL AAA,SMLDF,SBI AMC,2026-07
INE261F08EP4,National Bank for Agriculture and Rural Development,22500.0,22151.7,1.69,[ICRA]AAA,SMLDF,SBI AMC,2026-07
INE261F08EO7,National Bank for Agriculture and Rural Development,20000.0,20013.16,1.53,CRISIL AAA,SMLDF,SBI AMC,2026-07
INE414G07JZ7,Muthoot Finance Ltd.,20000.0,20010.22,1.53,CRISIL AA+,SMLDF,SBI AMC,2026-07
INE261F08EK5,National Bank for Agriculture and Rural Development,20000.0,19994.12,1.53,CRISIL AAA,SMLDF,SBI AMC,2026-07
INE020B08GD4,REC Ltd.,17781.0,17814.73,1.36,CRISIL AAA,SMLDF,SBI AMC,2026-07
INE414G07JQ6,Muthoot Finance Ltd.,17500.0,17402.53,1.33,CRISIL AA+,SMLDF,SBI AMC,2026-07
INE725H08188,Tata Projects Ltd.,15500.0,15533.19,1.19,IND AA,SMLDF,SBI AMC,2026-07
INE414G07JW4,Muthoot Finance Ltd.,15000.0,15262.73,1.16,[ICRA]AA+,SMLDF,SBI AMC,2026-07
INE134E08IX1,Power Finance Corporation Ltd.,1500.0,15066.83,1.15,CRISIL AAA,SMLDF,SBI AMC,2026-07
INE831R07540,Aditya Birla Housing Finance Ltd.,15000.0,15038.34,1.15,CRISIL AAA,SMLDF,SBI AMC,2026-07
INE020B08EW9,REC Ltd.,15000.0,15027.02,1.15,CRISIL AAA,SMLDF,SBI AMC,2026-07
INE261F08EV2,National Bank for Agriculture and Rural Development,15000.0,14889.75,1.14,[ICRA]AAA,SMLDF,SBI AMC,2026-07
INE403D08280,Bharti Telecom Ltd.,15000.0,14797.58,1.13,CRISIL AAA,SMLDF,SBI AMC,2026-07
INE403D08298,Bharti Telecom Ltd.,15000.0,14754.62,1.13,CRISIL AAA,SMLDF,SBI AMC,2026-07
INE685A07132,Torrent Pharmaceuticals Ltd.,12500.0,12449.51,0.95,[ICRA]AA+,SMLDF,SBI AMC,2026-07
INE582L08078,Tata Housing Development Co. Ltd.,12500.0,12383.01,0.95,CARE AA,SMLDF,SBI AMC,2026-07
INE535H07CK4,SMFG India Credit Company Ltd.,12000.0,12001.14,0.92,[ICRA]AAA,SMLDF,SBI AMC,2026-07
INE092A08071,Tata Chemicals Ltd.,10000.0,10009.53,0.76,CRISIL AA+,SMLDF,SBI AMC,2026-07
INE403D08207,Bharti Telecom Ltd.,5500.0,5519.79,0.42,CRISIL AAA,SMLDF,SBI AMC,2026-07
INE634S07033,Mankind Pharma Ltd.,5000.0,5021.27,0.38,CRISIL AA+,SMLDF,SBI AMC,2026-07
INE020B08FX4,REC Ltd.,5000.0,4970.46,0.38,[ICRA]AAA,SMLDF,SBI AMC,2026-07
INE020B08FC8,REC Ltd.,1000.0,1000.6,0.08,[ICRA]AAA,SMLDF,SBI AMC,2026-07
INE261F08EA6,National Bank for Agriculture and Rural Development,200.0,200.06,0.02,CRISIL AAA,SMLDF,SBI AMC,2026-07
INE2QI808033,JSW Kalinga Steel Ltd.,25000.0,25802.2,1.97,CRISIL AA,SMLDF,SBI AMC,2026-07
INE2I7H15018,Radhakrishna Securitisation Trust (Obligor - Digital Fibre Infrastructure Trust),525.0,51105.44,3.9,CRISIL AAA(SO),SMLDF,SBI AMC,2026-07
INE16J715027,India Universal Trust AL1 (Obligor - HDFC Bank Ltd.),99.0,5696.65,0.43,IND AAA(SO),SMLDF,SBI AMC,2026-07
INE1CBK15011,India Universal Trust AL2 (Obligor - HDFC Bank Ltd.),327.0,781.73,0.06,CRISIL AAA(SO),SMLDF,SBI AMC,2026-07
IN0020200120,6.75% CGL 2033,15000000.0,15589.16,1.19,Sovereign,SMLDF,SBI AMC,2026-07
IN0020260025,6.94% CGL 2036,30000000.0,30230.85,2.31,Sovereign,SMLDF,SBI AMC,2026-07
IN0020220037,7.38% CGL 2027,5000000.0,5068.8,0.39,Sovereign,SMLDF,SBI AMC,2026-07
IN0020070069,8.28% CGL 2027,100000.0,102.67,0.01,Sovereign,SMLDF,SBI AMC,2026-07
IN3520190015,7.03% State Government of Chhattisgarh 2026,50000000.0,50059.3,3.82,Sovereign,SMLDF,SBI AMC,2026-07
INE115A14FS2,LIC Housing Finance Ltd.,10000.0,48207.75,3.68,CRISIL A1+,SMLDF,SBI AMC,2026-07
INE012I14SC1,JM Financial Services Ltd.,1500.0,7460.05,0.57,CRISIL A1+,SMLDF,SBI AMC,2026-07
INE040A16IQ5,HDFC Bank Ltd.,15000.0,72076.73,5.5,CRISIL A1+,SMLDF,SBI AMC,2026-07
INE562A16QH0,Indian Bank,10000.0,48304.0,3.69,CRISIL A1+,SMLDF,SBI AMC,2026-07
INE476A16H01,Canara Bank,10000.0,48222.4,3.68,CRISIL A1+,SMLDF,SBI AMC,2026-07
INE237AD6166,Kotak Mahindra Bank Ltd.,10000.0,48035.75,3.67,CRISIL A1+,SMLDF,SBI AMC,2026-07
INE090AD6303,ICICI Bank Ltd.,10000.0,47925.3,3.66,[ICRA]A1+,SMLDF,SBI AMC,2026-07
INE238AD6CP1,Axis Bank Ltd.,8000.0,38475.44,2.94,CRISIL A1+,SMLDF,SBI AMC,2026-07
INE556F16CB4,Small Industries Development Bank of India,7000.0,33691.98,2.57,CRISIL A1+,SMLDF,SBI AMC,2026-07
INE261F16AM2,National Bank for Agriculture and Rural Development,6500.0,31215.76,2.38,CRISIL A1+,SMLDF,SBI AMC,2026-07
INE556F16BY8,Small Industries Development Bank of India,5000.0,24128.5,1.84,CRISIL A1+,SMLDF,SBI AMC,2026-07
INE028A16LR2,Bank of Baroda,2000.0,9607.14,0.73,IND A1+,SMLDF,SBI AMC,2026-07
INE562A16QI8,Indian Bank,1000.0,4828.64,0.37,CRISIL A1+,SMLDF,SBI AMC,2026-07
INE028A16LH3,Bank of Baroda,500.0,2414.26,0.18,IND A1+,SMLDF,SBI AMC,2026-07
IN002026X164,91 DAY T-BILL 22.10.26,39718000.0,39248.57,3.0,Sovereign,SMLDF,SBI AMC,2026-07
INF0RQ622028,Corporate Debt Market Development Fund-A2,38698.89,4613.17,0.35,CDMDF,SMLDF,SBI AMC,2026-07
INE020B08GD4,REC Ltd.,52500.0,52599.59,3.76,CRISIL AAA,SSTDF,SBI AMC,2026-07
INE261F08EU4,National Bank for Agriculture and Rural Development,50000.0,50072.05,3.58,CRISIL AAA,SSTDF,SBI AMC,2026-07
INE296A07UA1,Bajaj Finance Ltd.,45000.0,45040.64,3.22,CRISIL AAA,SSTDF,SBI AMC,2026-07
INE556F08LF3,Small Industries Development Bank of India,29500.0,29550.59,2.11,CRISIL AAA,SSTDF,SBI AMC,2026-07
INE18UV07020,Bajaj Auto Credit Ltd.,25000.0,25074.45,1.79,[ICRA]AAA,SSTDF,SBI AMC,2026-07
INE261F08EM1,National Bank for Agriculture and Rural Development,25000.0,25027.63,1.79,[ICRA]AAA,SSTDF,SBI AMC,2026-07
INE950O07495,Mahindra Rural Housing Finance Ltd.,25000.0,25019.98,1.79,CRISIL AAA,SSTDF,SBI AMC,2026-07
INE936D07182,Jamnagar Utilities & Power Pvt. Ltd.,22500.0,22647.53,1.62,CRISIL AAA,SSTDF,SBI AMC,2026-07
INE692Q07563,Toyota Financial Services India Ltd.,22500.0,22424.65,1.6,[ICRA]AAA,SSTDF,SBI AMC,2026-07
INE261F08EV2,National Bank for Agriculture and Rural Development,22500.0,22334.63,1.6,[ICRA]AAA,SSTDF,SBI AMC,2026-07
INE0CCU07181,Mindspace Business Parks Reit,22500.0,22261.82,1.59,[ICRA]AAA,SSTDF,SBI AMC,2026-07
INE121A08PU7,Cholamandalam Investment & Finance Co. Ltd.,21500.0,21412.19,1.53,[ICRA]AA+,SSTDF,SBI AMC,2026-07
INE0NR607058,Cube Highways Trust,21040.0,20980.29,1.5,[ICRA]AAA,SSTDF,SBI AMC,2026-07
INE831R07656,Aditya Birla Housing Finance Ltd.,20000.0,20215.9,1.44,CRISIL AAA,SSTDF,SBI AMC,2026-07
INE976I07DF6,TATA Capital Ltd.,20000.0,20141.24,1.44,CRISIL AAA,SSTDF,SBI AMC,2026-07
INE0CCU07132,Mindspace Business Parks Reit,20000.0,20028.52,1.43,[ICRA]AAA,SSTDF,SBI AMC,2026-07
INE020B08GG7,REC Ltd.,20000.0,19984.48,1.43,CRISIL AAA,SSTDF,SBI AMC,2026-07
INE0MIZ07038,Anzen India Energy Yield Plus Trust,20000.0,19930.94,1.42,CRISIL AAA,SSTDF,SBI AMC,2026-07
INE414G07II5,Muthoot Finance Ltd.,18500.0,18451.57,1.32,CRISIL AA+,SSTDF,SBI AMC,2026-07
INE134E08JX9,Power Finance Corporation Ltd.,1739.0,17999.47,1.29,CRISIL AAA,SSTDF,SBI AMC,2026-07
INE033L07IT0,Tata Capital Housing Finance Ltd.,17500.0,17754.61,1.27,CRISIL AAA,SSTDF,SBI AMC,2026-07
INE233A08170,Godrej Industries Ltd.,17500.0,17263.45,1.23,CRISIL AA+,SSTDF,SBI AMC,2026-07
INE790Z07061,Interise Trust,17500.0,16973.55,1.21,[ICRA]AAA,SSTDF,SBI AMC,2026-07
INE660A07SE4,Sundaram Finance Ltd.,15000.0,15071.72,1.08,CRISIL AAA,SSTDF,SBI AMC,2026-07
INE556F08LE6,Small Industries Development Bank of India,15000.0,15056.58,1.08,CRISIL AAA,SSTDF,SBI AMC,2026-07
INE831R07540,Aditya Birla Housing Finance Ltd.,15000.0,15038.34,1.07,CRISIL AAA,SSTDF,SBI AMC,2026-07
INE414G07KC4,Muthoot Finance Ltd.,15000.0,14996.7,1.07,CRISIL AA+,SSTDF,SBI AMC,2026-07
INE0KUG08142,National Bank for Financing Infrastructure and Development,15000.0,14964.95,1.07,CRISIL AAA,SSTDF,SBI AMC,2026-07
INE0R8O07036,Sustainable Energy Infra Trust,15000.0,14637.24,1.05,CRISIL AAA,SSTDF,SBI AMC,2026-07
INE756I07FQ4,HDB Financial Services Ltd.,12500.0,12615.06,0.9,CRISIL AAA,SSTDF,SBI AMC,2026-07
INE883F07405,Aadhar Housing Finance Ltd.,12500.0,12375.36,0.88,[ICRA]AA,SSTDF,SBI AMC,2026-07
INE950O07529,Mahindra Rural Housing Finance Ltd.,11500.0,11361.29,0.81,CRISIL AAA,SSTDF,SBI AMC,2026-07
INE813H07440,Torrent Power Ltd.,10000.0,10093.53,0.72,CRISIL AA+,SSTDF,SBI AMC,2026-07
INE020B08FF1,REC Ltd.,10000.0,10020.42,0.72,[ICRA]AAA,SSTDF,SBI AMC,2026-07
INE377Y07532,Bajaj Housing Finance Ltd.,10000.0,10006.88,0.71,CRISIL AAA,SSTDF,SBI AMC,2026-07
INE414G07JO1,Muthoot Finance Ltd.,10000.0,9994.83,0.71,CRISIL AA+,SSTDF,SBI AMC,2026-07
INE316Z08063,Godrej Seeds & Genetics Ltd.,10000.0,9911.36,0.71,CRISIL AA,SSTDF,SBI AMC,2026-07
INE18UV07012,Bajaj Auto Credit Ltd.,10000.0,9863.27,0.7,[ICRA]AAA,SSTDF,SBI AMC,2026-07
INE582L08078,Tata Housing Development Co. Ltd.,8500.0,8420.45,0.6,CARE AA,SSTDF,SBI AMC,2026-07
INE941D07166,Sikka Ports & Terminals Ltd.,800.0,8005.41,0.57,CRISIL AAA,SSTDF,SBI AMC,2026-07
INE403D08231,Bharti Telecom Ltd.,7500.0,7550.7,0.54,CRISIL AAA,SSTDF,SBI AMC,2026-07
INE831R07573,Aditya Birla Housing Finance Ltd.,7500.0,7520.92,0.54,CRISIL AAA,SSTDF,SBI AMC,2026-07
INE756I07FR2,HDB Financial Services Ltd.,7500.0,7507.65,0.54,CRISIL AAA,SSTDF,SBI AMC,2026-07
INE033L07IP8,Tata Capital Housing Finance Ltd.,7500.0,7362.3,0.53,CRISIL AAA,SSTDF,SBI AMC,2026-07
INE950O07537,Mahindra Rural Housing Finance Ltd.,7500.0,7357.13,0.53,CRISIL AAA,SSTDF,SBI AMC,2026-07
INE316Z08022,Godrej Seeds & Genetics Ltd.,6500.0,6457.2,0.46,CRISIL AA,SSTDF,SBI AMC,2026-07
INE316Z08048,Godrej Seeds & Genetics Ltd.,6500.0,6448.33,0.46,CRISIL AA,SSTDF,SBI AMC,2026-07
INE316Z08030,Godrej Seeds & Genetics Ltd.,6500.0,6436.76,0.46,CRISIL AA,SSTDF,SBI AMC,2026-07
INE316Z08014,Godrej Seeds & Genetics Ltd.,6500.0,6432.17,0.46,CRISIL AA,SSTDF,SBI AMC,2026-07
INE0NDH07027,Nexus Select Trust,5000.0,5035.27,0.36,CRISIL AAA,SSTDF,SBI AMC,2026-07
INE261F08EF5,National Bank for Agriculture and Rural Development,5000.0,5010.99,0.36,[ICRA]AAA,SSTDF,SBI AMC,2026-07
INE660A07RN7,Sundaram Finance Ltd.,5000.0,5004.7,0.36,CRISIL AAA,SSTDF,SBI AMC,2026-07
INE261F08EO7,National Bank for Agriculture and Rural Development,5000.0,5003.29,0.36,CRISIL AAA,SSTDF,SBI AMC,2026-07
INE163K07162,Phoenix Arc Pvt. Ltd.,5000.0,4979.36,0.36,CRISIL AA,SSTDF,SBI AMC,2026-07
INE316Z08055,Godrej Seeds & Genetics Ltd.,5000.0,4973.06,0.36,CRISIL AA,SSTDF,SBI AMC,2026-07
INE556F08LB2,Small Industries Development Bank of India,5000.0,4956.74,0.35,CRISIL AAA,SSTDF,SBI AMC,2026-07
INE556F08LA4,Small Industries Development Bank of India,5000.0,4925.64,0.35,CRISIL AAA,SSTDF,SBI AMC,2026-07
INE233A08212,Godrej Industries Ltd.,2500.0,2512.75,0.18,CRISIL AA+,SSTDF,SBI AMC,2026-07
INE233A08204,Godrej Industries Ltd.,2500.0,2511.99,0.18,CRISIL AA+,SSTDF,SBI AMC,2026-07
INE916DA7TM9,Kotak Mahindra Prime Ltd.,2500.0,2508.87,0.18,CRISIL AAA,SSTDF,SBI AMC,2026-07
INE2QI808033,JSW Kalinga Steel Ltd.,26500.0,27350.33,1.95,CRISIL AA,SSTDF,SBI AMC,2026-07
INE2I7G15010,Shivshakti Securitisation Trust (Obligor - Digital Fibre Infrastructure Trust),600.0,58607.1,4.19,CRISIL AAA(SO),SSTDF,SBI AMC,2026-07
INE2I7F15012,Siddhivinayak Securitisation Trust (Obligor - Digital Fibre Infrastructure Trust),375.0,36842.4,2.63,CRISIL AAA(SO),SSTDF,SBI AMC,2026-07
INE2I7H15018,Radhakrishna Securitisation Trust (Obligor - Digital Fibre Infrastructure Trust),275.0,26769.52,1.91,CRISIL AAA(SO),SSTDF,SBI AMC,2026-07
INE16J715035,India Universal Trust AL1 (Obligor - HDFC Bank Ltd.),208.0,18016.44,1.29,IND AAA(SO),SSTDF,SBI AMC,2026-07
INE1CBK15029,India Universal Trust AL2 (Obligor - HDFC Bank Ltd.),200.0,12167.92,0.87,CRISIL AAA(SO),SSTDF,SBI AMC,2026-07
IN0020260025,6.94% CGL 2036,60000000.0,60461.7,4.32,Sovereign,SSTDF,SBI AMC,2026-07
IN0020230036,7.17% CGL 2030,15000000.0,15380.13,1.1,Sovereign,SSTDF,SBI AMC,2026-07
IN0020260033,7.71% CGL 2066,10000000.0,10188.12,0.73,Sovereign,SSTDF,SBI AMC,2026-07
IN0020250075,7.24% CGL 2055,10000000.0,9730.78,0.7,Sovereign,SSTDF,SBI AMC,2026-07
IN1520260093,7.43% State Government of Gujarat 2035,45000000.0,45190.89,3.23,Sovereign,SSTDF,SBI AMC,2026-07
IN1920250264,7.31% State Government of Karnataka 2033,35000000.0,35120.93,2.51,Sovereign,SSTDF,SBI AMC,2026-07
IN3120220113,7.75% State Government of Tamil Nadu 2032,22500000.0,23159.16,1.65,Sovereign,SSTDF,SBI AMC,2026-07
IN3120240699,7.02% State Government of Tamil Nadu 2029,10000000.0,10039.1,0.72,Sovereign,SSTDF,SBI AMC,2026-07
IN3120250227,6.84% State Government of Tamil Nadu 2029,7497000.0,7491.33,0.54,Sovereign,SSTDF,SBI AMC,2026-07
IN3120230302,7.68% State Government of Tamil Nadu 2030,5274700.0,5413.92,0.39,Sovereign,SSTDF,SBI AMC,2026-07
IN1920200293,6.86% State Government of Karnataka 2030,5000000.0,4985.44,0.36,Sovereign,SSTDF,SBI AMC,2026-07
IN3520230019,7.29% State Government of Chhattisgarh 2030,3356700.0,3386.54,0.24,Sovereign,SSTDF,SBI AMC,2026-07
IN1520190159,7.26% State Government of Gujarat 2029,900000.0,910.12,0.07,Sovereign,SSTDF,SBI AMC,2026-07
IN3120230344,7.66% State Government of Tamil Nadu 2033,195100.0,199.66,0.01,Sovereign,SSTDF,SBI AMC,2026-07
IN3120240574,7.17% State Government of Tamil Nadu 2033,19700.0,19.63,,Sovereign,SSTDF,SBI AMC,2026-07
INE692A16NB5,Union Bank of India,3000.0,14760.93,1.05,[ICRA]A1+,SSTDF,SBI AMC,2026-07
INE556F16CE8,Small Industries Development Bank of India,3000.0,14126.82,1.01,CRISIL A1+,SSTDF,SBI AMC,2026-07
INE692A16LS3,Union Bank of India,2000.0,9588.68,0.68,[ICRA]A1+,SSTDF,SBI AMC,2026-07
INE562A16QN8,Indian Bank,1000.0,4875.74,0.35,CRISIL A1+,SSTDF,SBI AMC,2026-07
IN000627C058,GOI 15.06.2027 GOV,140000.0,133.13,0.01,Sovereign,SSTDF,SBI AMC,2026-07
INF0RQ622028,Corporate Debt Market Development Fund-A2,42506.372,5067.04,0.36,CDMDF,SSTDF,SBI AMC,2026-07
INE062A01020,State Bank of India,10827500.0,111241.74,16.66,Banks,SPSU,SBI AMC,2026-07
INE129A01019,GAIL (India) Ltd.,34150000.0,61961.76,9.28,Gas,SPSU,SBI AMC,2026-07
INE733E01010,NTPC Ltd.,17443244.0,60571.66,9.07,Power,SPSU,SBI AMC,2026-07
INE752E01010,Power Grid Corporation of India Ltd.,19935554.0,56666.81,8.49,Power,SPSU,SBI AMC,2026-07
INE263A01024,Bharat Electronics Ltd.,14185000.0,55016.52,8.24,Aerospace & Defense,SPSU,SBI AMC,2026-07
INE213A01029,Oil & Natural Gas Corporation Ltd.,14655000.0,35542.77,5.32,Oil,SPSU,SBI AMC,2026-07
INE028A01039,Bank of Baroda,14350000.0,34813.1,5.21,Banks,SPSU,SBI AMC,2026-07
INE029A01011,Bharat Petroleum Corporation Ltd.,9700000.0,31015.75,4.64,Petroleum Products,SPSU,SBI AMC,2026-07
INE257A01026,Bharat Heavy Electricals Ltd.,6500000.0,26455.0,3.96,Electrical Equipment,SPSU,SBI AMC,2026-07
INE584A01023,NMDC Ltd.,27900000.0,23726.16,3.55,Minerals & Mining,SPSU,SBI AMC,2026-07
INE562A01011,Indian Bank,2827235.0,23649.82,3.54,Banks,SPSU,SBI AMC,2026-07
INE139A01034,National Aluminium Company Ltd.,5000000.0,17502.5,2.62,Non - Ferrous Metals,SPSU,SBI AMC,2026-07
INE481Y01014,General Insurance Corporation of India,4150000.0,14798.9,2.22,Insurance,SPSU,SBI AMC,2026-07
INE848E01016,NHPC Ltd.,17000000.0,13384.1,2.0,Power,SPSU,SBI AMC,2026-07
INE123W01016,SBI Life Insurance Co. Ltd.,690000.0,12985.8,1.94,Insurance,SPSU,SBI AMC,2026-07
INE347G01014,Petronet LNG Ltd.,4100000.0,11510.75,1.72,Gas,SPSU,SBI AMC,2026-07
INE0J1Y01017,Life Insurance Corporation of India,2620000.0,11127.14,1.67,Insurance,SPSU,SBI AMC,2026-07
INE203G01027,Indraprastha Gas Ltd.,7100000.0,10790.58,1.62,Gas,SPSU,SBI AMC,2026-07
INE844O01030,Gujarat Energy Ltd.,3503294.0,9616.54,1.44,Gas,SPSU,SBI AMC,2026-07
INE218I01013,Canara Robeco Asset Management Company Ltd.,3565849.0,9316.49,1.4,Capital Markets,SPSU,SBI AMC,2026-07
INE111A01025,Container Corporation of India Ltd.,1413443.0,7427.64,1.11,Transport Services,SPSU,SBI AMC,2026-07
INE510A01028,Engineers India Ltd.,3200000.0,7116.16,1.07,Construction,SPSU,SBI AMC,2026-07
INE572E01012,PNB Housing Finance Ltd.,650000.0,6845.15,1.02,Finance,SPSU,SBI AMC,2026-07
INE1TUG01013,GSPL Transmission Ltd.,1167764.0,1751.65,0.26,Gas,SPSU,SBI AMC,2026-07
IN002025Z344,364 DAY T-BILL 19.11.26,500000.0,492.01,0.07,Sovereign,SPSU,SBI AMC,2026-07
INF200KA16D8,SBI Gold ETF,1309409339.0,1582290.25,100.07,Mutual Fund/ETF,SGF,SBI AMC,2026-07
INE040A01034,HDFC Bank Ltd.,201760932.0,1508970.01,12.27,Banks,SBISENSEX,SBI AMC,2026-07
INE090A01021,ICICI Bank Ltd.,94906119.0,1362140.07,11.08,Banks,SBISENSEX,SBI AMC,2026-07
INE002A01018,Reliance Industries Ltd.,89568528.0,1170929.37,9.52,Petroleum Products,SBISENSEX,SBI AMC,2026-07
INE397D01024,Bharti Airtel Ltd.,40329937.0,794963.55,6.47,Telecom - Services,SBISENSEX,SBI AMC,2026-07
INE018A01030,Larsen & Toubro Ltd.,15478856.0,609650.22,4.96,Construction,SBISENSEX,SBI AMC,2026-07
INE062A01020,State Bank of India,54985655.0,564592.71,4.59,Banks,SBISENSEX,SBI AMC,2026-07
INE009A01021,Infosys Ltd.,46170243.0,521723.75,4.24,IT - Software,SBISENSEX,SBI AMC,2026-07
INE238A01034,Axis Bank Ltd.,37867255.0,465596.83,3.79,Banks,SBISENSEX,SBI AMC,2026-07
INE296A01032,Bajaj Finance Ltd.,35438984.0,404606.88,3.29,Finance,SBISENSEX,SBI AMC,2026-07
INE101A01026,Mahindra & Mahindra Ltd.,11852139.0,402540.12,3.27,Automobiles,SBISENSEX,SBI AMC,2026-07
INE237A01036,Kotak Mahindra Bank Ltd.,97433186.0,380184.29,3.09,Banks,SBISENSEX,SBI AMC,2026-07
INE154A01025,ITC Ltd.,127711666.0,358805.93,2.92,Diversified FMCG,SBISENSEX,SBI AMC,2026-07
INE467B01029,Tata Consultancy Services Ltd.,13410444.0,317237.46,2.58,IT - Software,SBISENSEX,SBI AMC,2026-07
INE758T01015,Eternal Ltd.,95809957.0,289681.4,2.36,Retailing,SBISENSEX,SBI AMC,2026-07
INE044A01036,Sun Pharmaceutical Industries Ltd.,14292277.0,284323.41,2.31,Pharmaceuticals & Biotechnology,SBISENSEX,SBI AMC,2026-07
INE280A01028,Titan Company Ltd.,5405921.0,263554.87,2.14,Consumer Durables,SBISENSEX,SBI AMC,2026-07
INE030A01027,Hindustan Unilever Ltd.,11819082.0,248295.27,2.02,Diversified FMCG,SBISENSEX,SBI AMC,2026-07
INE585B01010,Maruti Suzuki India Ltd.,1706403.0,242981.55,1.98,Automobiles,SBISENSEX,SBI AMC,2026-07
INE733E01010,NTPC Ltd.,62896295.0,218344.49,1.78,Power,SBISENSEX,SBI AMC,2026-07
INE081A01020,Tata Steel Ltd.,109064818.0,207005.02,1.68,Ferrous Metals,SBISENSEX,SBI AMC,2026-07
INE860A01027,HCL Technologies Ltd.,14009695.0,188640.54,1.53,IT - Software,SBISENSEX,SBI AMC,2026-07
INE481G01011,Ultratech Cement Ltd.,1560288.0,185747.61,1.51,Cement & Cement Products,SBISENSEX,SBI AMC,2026-07
INE263A01024,Bharat Electronics Ltd.,47414021.0,183871.57,1.5,Aerospace & Defense,SBISENSEX,SBI AMC,2026-07
INE752E01010,Power Grid Corporation of India Ltd.,60327340.0,171510.63,1.39,Power,SBISENSEX,SBI AMC,2026-07
INE742F01042,Adani Ports and Special Economic Zone Ltd.,9759604.0,165864.47,1.35,Transport Infrastructure,SBISENSEX,SBI AMC,2026-07
INE021A01026,Asian Paints Ltd.,5967791.0,164024.74,1.33,Consumer Durables,SBISENSEX,SBI AMC,2026-07
INE646L01027,Interglobe Aviation Ltd.,2968607.0,153499.25,1.25,Transport Services,SBISENSEX,SBI AMC,2026-07
INE918I01026,Bajaj Finserv Ltd.,7415544.0,150491.05,1.22,Finance,SBISENSEX,SBI AMC,2026-07
INE669C01036,Tech Mahindra Ltd.,8431905.0,139261.34,1.13,IT - Software,SBISENSEX,SBI AMC,2026-07
INE849A01020,Trent Ltd.,4376317.0,131490.82,1.07,Retailing,SBISENSEX,SBI AMC,2026-07
INE0LEZ01016,Ather Energy Ltd.,13507612.0,170236.43,4.26,Automobiles,SSCF,SBI AMC,2026-07
INE048G01026,Navin Fluorine International Ltd.,1631795.0,123486.09,3.09,Chemicals & Petrochemicals,SSCF,SBI AMC,2026-07
INE671A01010,Honeywell Automation India Ltd.,298145.0,113757.22,2.85,Industrial Manufacturing,SSCF,SBI AMC,2026-07
INE491A01021,City Union Bank Ltd.,52419485.0,108246.24,2.71,Banks,SSCF,SBI AMC,2026-07
INE894V01022,Belrise Industries Ltd.,43542092.0,103077.19,2.58,Auto Components,SSCF,SBI AMC,2026-07
INE220B01022,Kalpataru Projects International Ltd.,7900000.0,101878.4,2.55,Construction,SSCF,SBI AMC,2026-07
INE342J01019,ZF Commercial Vehicle Control Systems India Ltd.,4200000.0,101551.8,2.54,Auto Components,SSCF,SBI AMC,2026-07
INE387A01021,Sundram Fasteners Ltd.,10000000.0,97745.0,2.45,Auto Components,SSCF,SBI AMC,2026-07
INE745G01043,Multi Commodity Exchange of India Ltd.,3300000.0,88842.6,2.22,Capital Markets,SSCF,SBI AMC,2026-07
INE967H01025,Krishna Institute of Medical Sciences Ltd.,11000000.0,88517.0,2.22,Healthcare Services,SSCF,SBI AMC,2026-07
INE463V01026,AnandRathi Wealth Ltd.,4200000.0,87095.4,2.18,Capital Markets,SSCF,SBI AMC,2026-07
INE15B701018,Pine Labs Ltd.,62606083.0,87003.67,2.18,Financial Technology (Fintech),SSCF,SBI AMC,2026-07
INE848E01016,NHPC Ltd.,110000000.0,86603.0,2.17,Power,SSCF,SBI AMC,2026-07
INE217B01036,Kajaria Ceramics Ltd.,6841594.0,81982.82,2.05,Consumer Durables,SSCF,SBI AMC,2026-07
INE501A01019,Deepak Fertilizers and Petrochemicals Corporation Ltd.,5261203.0,81695.96,2.04,Chemicals & Petrochemicals,SSCF,SBI AMC,2026-07
INE930H01031,K.P.R. Mill Ltd.,7700000.0,80834.6,2.02,Textiles & Apparels,SSCF,SBI AMC,2026-07
INE423Y01016,SBFC Finance Ltd.,89318180.0,80743.63,2.02,Finance,SSCF,SBI AMC,2026-07
INE321T01012,Doms Industries Ltd.,3300000.0,74580.0,1.87,Household Products,SSCF,SBI AMC,2026-07
INE427F01016,Chalet Hotels Ltd.,9000000.0,73026.0,1.83,Leisure Services,SSCF,SBI AMC,2026-07
INE126A01031,E.I.D-Parry (India) Ltd.,9324049.0,70867.43,1.77,Food Products,SSCF,SBI AMC,2026-07
INE0CAZ01013,Urban Company Ltd.,53674648.0,69449.63,1.74,Retailing,SSCF,SBI AMC,2026-07
INE959A01019,Privi Speciality Chemicals Ltd.,1900000.0,68724.9,1.72,Chemicals & Petrochemicals,SSCF,SBI AMC,2026-07
INE085J01014,Thangamayil Jewellery Ltd.,1292000.0,67526.38,1.69,Consumer Durables,SSCF,SBI AMC,2026-07
INE119A01028,Balrampur Chini Mills Ltd.,11000000.0,64482.0,1.61,Agricultural Food & other Products,SSCF,SBI AMC,2026-07
INE330T01021,Happy Forgings Ltd.,3700000.0,61149.9,1.53,Industrial Products,SSCF,SBI AMC,2026-07
INE149A01033,Cholamandalam Financial Holdings Ltd.,3928227.0,60266.86,1.51,Finance,SSCF,SBI AMC,2026-07
INE953O01021,Sansera Engineering Ltd.,1769628.0,59227.68,1.48,Auto Components,SSCF,SBI AMC,2026-07
INE575P01011,Star Health & Allied Insurance Co. Ltd.,9700000.0,58297.0,1.46,Insurance,SSCF,SBI AMC,2026-07
INE285A01027,Elgi Equipments Ltd.,10000000.0,56965.0,1.43,Industrial Products,SSCF,SBI AMC,2026-07
INE183A01024,Finolex Industries Ltd.,34595699.0,56173.04,1.41,Industrial Products,SSCF,SBI AMC,2026-07
INE131B01039,Relaxo Footwears Ltd.,13386481.0,54074.69,1.35,Consumer Durables,SSCF,SBI AMC,2026-07
INE951I01027,V-Guard Industries Ltd.,17000000.0,53465.0,1.34,Consumer Durables,SSCF,SBI AMC,2026-07
INE120A01034,Carborundum Universal Ltd.,4939842.0,52550.04,1.32,Industrial Products,SSCF,SBI AMC,2026-07
INE852O01025,Aptus Value Housing Finance India Ltd.,19532794.0,51019.66,1.28,Finance,SSCF,SBI AMC,2026-07
INE284A01012,ESAB India Ltd.,900000.0,50656.5,1.27,Industrial Products,SSCF,SBI AMC,2026-07
INE703B01027,Ratnamani Metals & Tubes Ltd.,2132686.0,50307.93,1.26,Industrial Products,SSCF,SBI AMC,2026-07
INE101I01011,Afcons Infrastructure Ltd.,15945314.0,43235.72,1.08,Construction,SSCF,SBI AMC,2026-07
INE414G01012,Muthoot Finance Ltd.,1300000.0,40554.8,1.02,Finance,SSCF,SBI AMC,2026-07
INE925R01014,CMS Info Systems Ltd.,14583534.0,38456.78,0.96,Commercial Services & Supplies,SSCF,SBI AMC,2026-07
INE021O01019,Dodla Dairy Ltd.,3672376.0,38214.74,0.96,Food Products,SSCF,SBI AMC,2026-07
INE690A01028,TTK Prestige Ltd.,5838491.0,37459.76,0.94,Consumer Durables,SSCF,SBI AMC,2026-07
INE212S01015,Fractal Analytics Ltd.,4609455.0,37431.08,0.94,IT - Software,SSCF,SBI AMC,2026-07
INE758C01029,Ahluwalia Contracts (India) Ltd.,4500000.0,36963.0,0.93,Construction,SSCF,SBI AMC,2026-07
INE679A01013,CSB Bank Ltd.,11000000.0,36289.0,0.91,Banks,SSCF,SBI AMC,2026-07
INE274F01020,Westlife Foodworld Ltd.,7000000.0,35497.0,0.89,Leisure Services,SSCF,SBI AMC,2026-07
INE791I01019,Brigade Enterprises Ltd.,5913217.0,34308.49,0.86,Realty,SSCF,SBI AMC,2026-07
INE121R01077,Amagi Media Labs Ltd.,5159815.0,33574.92,0.84,IT - Services,SSCF,SBI AMC,2026-07
INE979B01015,Hawkins Cookers Ltd.,370000.0,31633.15,0.79,Consumer Durables,SSCF,SBI AMC,2026-07
INE686Y01026,Fine Organic Industries Ltd.,656705.0,31630.2,0.79,Chemicals & Petrochemicals,SSCF,SBI AMC,2026-07
INE02YR01019,Electronics Mart India Ltd.,20100000.0,26162.16,0.65,Retailing,SSCF,SBI AMC,2026-07
INE473B01035,Hatsun Agro Product Ltd.,2941554.0,26044.52,0.65,Food Products,SSCF,SBI AMC,2026-07
INE0VDM01015,Meesho Ltd.,14118614.0,25722.7,0.64,Retailing,SSCF,SBI AMC,2026-07
INE916U01025,Sheela Foam Ltd.,3140000.0,24611.32,0.62,Consumer Durables,SSCF,SBI AMC,2026-07
INE128X01021,Archean Chemical Industries Ltd.,4400000.0,23128.6,0.58,Chemicals & Petrochemicals,SSCF,SBI AMC,2026-07
INE488A01050,Chemplast Sanmar Ltd.,11000000.0,21359.8,0.53,Chemicals & Petrochemicals,SSCF,SBI AMC,2026-07
INE451D01029,Rajratan Global Wire Ltd.,3753760.0,18581.11,0.47,Auto Components,SSCF,SBI AMC,2026-07
INE191H01014,PVR Inox Ltd.,1417238.0,16023.29,0.4,Entertainment,SSCF,SBI AMC,2026-07
INE825V01034,Vedant Fashions Ltd.,3500000.0,14512.75,0.36,Retailing,SSCF,SBI AMC,2026-07
INE970X01018,Lemon Tree Hotels Ltd.,13083269.0,14300.01,0.36,Leisure Services,SSCF,SBI AMC,2026-07
INE227W01023,Clean Science & Technology Ltd.,1884765.0,13835.12,0.35,Chemicals & Petrochemicals,SSCF,SBI AMC,2026-07
INE522D01027,Manappuram Finance Ltd.,3201690.0,11905.48,0.3,Finance,SSCF,SBI AMC,2026-07
INE00FF01025,Acutaas Chemicals Ltd.,371566.0,11536.75,0.29,Pharmaceuticals & Biotechnology,SSCF,SBI AMC,2026-07
INE0BJS01011,Go Fashion (India) Ltd.,3280880.0,10730.12,0.27,Retailing,SSCF,SBI AMC,2026-07
INE274Y01021,Ajax Engineering Ltd.,1203548.0,6982.38,0.17,"Agricultural, Commercial & Construction Vehicles",SSCF,SBI AMC,2026-07
INE0LP301011,Physicswallah Ltd.,5056894.0,6315.55,0.16,Other Consumer Services,SSCF,SBI AMC,2026-07
INE419U01012,Happiest Minds Technologies Ltd.,1583042.0,5971.23,0.15,IT - Software,SSCF,SBI AMC,2026-07
INE976G01028,RBL Bank Ltd.,620824.0,2331.19,0.06,Banks,SSCF,SBI AMC,2026-07
INE084101034,INDO-MIM Ltd.,179730.0,1394.97,0.03,Industrial Manufacturing,SSCF,SBI AMC,2026-07
IN002026X081,91 DAY T-BILL 28.08.26,34000000.0,33869.92,0.85,Sovereign,SSCF,SBI AMC,2026-07
IN002026X073,91 DAY T-BILL 20.08.26,10000000.0,9973.06,0.25,Sovereign,SSCF,SBI AMC,2026-07
IN002025Z344,364 DAY T-BILL 19.11.26,6500000.0,6396.1,0.16,Sovereign,SSCF,SBI AMC,2026-07
INE031A08AC8,Housing and Urban Development Corporation Ltd.,20000.0,19933.7,5.06,[ICRA]AAA,SBPF,SBI AMC,2026-07
INE752E08726,Power Grid Corporation of India Ltd.,23000.0,18578.3,4.72,CRISIL AAA,SBPF,SBI AMC,2026-07
INE163N08289,ONGC Petro Additions Ltd.,17500.0,17544.61,4.46,CRISIL AA+,SBPF,SBI AMC,2026-07
INE129A08014,GAIL (India) Ltd.,1750.0,17519.53,4.45,IND AAA,SBPF,SBI AMC,2026-07
INE261F08EV2,National Bank for Agriculture and Rural Development,17000.0,16875.05,4.29,[ICRA]AAA,SBPF,SBI AMC,2026-07
INE787H08212,India Infrastructure Finance Company Ltd.,15000.0,14862.51,3.77,IND AAA,SBPF,SBI AMC,2026-07
INE134E08OC3,Power Finance Corporation Ltd.,12500.0,12431.1,3.16,CRISIL AAA,SBPF,SBI AMC,2026-07
INE115A07RJ0,LIC Housing Finance Ltd.,11886.0,11890.75,3.02,CRISIL AAA,SBPF,SBI AMC,2026-07
INE261F08EO7,National Bank for Agriculture and Rural Development,10000.0,10006.58,2.54,CRISIL AAA,SBPF,SBI AMC,2026-07
INE160A08191,Punjab National Bank( Tier II Bond under Basel III ),95.0,9496.9,2.41,CRISIL AAA,SBPF,SBI AMC,2026-07
INE020B08EH0,REC Ltd.,7500.0,7549.4,1.92,CRISIL AAA,SBPF,SBI AMC,2026-07
INE556F08LF3,Small Industries Development Bank of India,6167.0,6177.58,1.57,CRISIL AAA,SBPF,SBI AMC,2026-07
INE040A08666,HDFC Bank Ltd.,5000.0,5038.56,1.28,CRISIL AAA,SBPF,SBI AMC,2026-07
INE556F08KM1,Small Industries Development Bank of India,5000.0,5016.17,1.27,CRISIL AAA,SBPF,SBI AMC,2026-07
INE0KUG08142,National Bank for Financing Infrastructure and Development,5000.0,4988.32,1.27,CRISIL AAA,SBPF,SBI AMC,2026-07
INE572E07308,PNB Housing Finance Ltd.,4500.0,4508.38,1.14,IND AAA,SBPF,SBI AMC,2026-07
INE528G08345,Yes Bank Ltd.,450.0,4495.13,1.14,CRISIL AA-,SBPF,SBI AMC,2026-07
INE848E07AV9,NHPC Ltd.,2150.0,4308.29,1.09,[ICRA]AAA,SBPF,SBI AMC,2026-07
INE261F08ES8,National Bank for Agriculture and Rural Development,4000.0,3958.91,1.01,CRISIL AAA,SBPF,SBI AMC,2026-07
INE556F08KN9,Small Industries Development Bank of India,3500.0,3511.13,0.89,CRISIL AAA,SBPF,SBI AMC,2026-07
INE261F08EK5,National Bank for Agriculture and Rural Development,3000.0,2999.12,0.76,CRISIL AAA,SBPF,SBI AMC,2026-07
INE752E08742,Power Grid Corporation of India Ltd.,3500.0,2822.38,0.72,CRISIL AAA,SBPF,SBI AMC,2026-07
INE062A08405,State Bank of India( Tier II Bond under Basel III ),25.0,2565.82,0.65,CRISIL AAA,SBPF,SBI AMC,2026-07
INE020B08AH8,REC Ltd.,250.0,2508.88,0.64,CRISIL AAA,SBPF,SBI AMC,2026-07
INE020B08EA5,REC Ltd.,250.0,2508.18,0.64,CRISIL AAA,SBPF,SBI AMC,2026-07
INE848E07AQ9,NHPC Ltd.,1250.0,2507.66,0.64,[ICRA]AAA,SBPF,SBI AMC,2026-07
INE206D08428,Nuclear Power Corporation of India Ltd.,250.0,2507.48,0.64,CRISIL AAA,SBPF,SBI AMC,2026-07
INE020B08GB8,REC Ltd.,2500.0,2486.29,0.63,CRISIL AAA,SBPF,SBI AMC,2026-07
INE020B08FW6,REC Ltd.,2500.0,2471.92,0.63,[ICRA]AAA,SBPF,SBI AMC,2026-07
INE476A08225,Canara Bank( AT1 Bond Under Basel III ),10.0,1005.61,0.26,CRISIL AA+,SBPF,SBI AMC,2026-07
INE752E07KA6,Power Grid Corporation of India Ltd.,40.0,509.22,0.13,CRISIL AAA,SBPF,SBI AMC,2026-07
INE848E07AW7,NHPC Ltd.,100.0,200.64,0.05,[ICRA]AAA,SBPF,SBI AMC,2026-07
INE0H7R07058,National Highways Infra Trust,25000.0,13241.25,3.36,IND AAA,SBPF,SBI AMC,2026-07
IN0020250018,6.90% CGL 2065,6500000.0,5942.92,1.51,Sovereign,SBPF,SBI AMC,2026-07
IN0020260025,6.94% CGL 2036,4000000.0,4030.78,1.02,Sovereign,SBPF,SBI AMC,2026-07
IN3120260051,7.74% State Government of Tamil Nadu 2036,18000000.0,18380.3,4.67,Sovereign,SBPF,SBI AMC,2026-07
IN1220190186,7.11% State Government of Assam 2030,10000000.0,10035.01,2.55,Sovereign,SBPF,SBI AMC,2026-07
IN3120260028,7.73% State Government of Tamil Nadu 2036,5000000.0,5101.55,1.3,Sovereign,SBPF,SBI AMC,2026-07
IN4520220141,7.45% State Government of Telangana 2030,3500000.0,3549.71,0.9,Sovereign,SBPF,SBI AMC,2026-07
IN2220230204,7.63% State Government of Maharashtra 2036,2500000.0,2533.42,0.64,Sovereign,SBPF,SBI AMC,2026-07
IN3120250664,7.50% State Government of Tamil Nadu 2036,2500000.0,2511.53,0.64,Sovereign,SBPF,SBI AMC,2026-07
INE028A16MV2,Bank of Baroda,4000.0,18839.56,4.78,IND A1+,SBPF,SBI AMC,2026-07
INE556F16CE8,Small Industries Development Bank of India,4000.0,18835.76,4.78,CRISIL A1+,SBPF,SBI AMC,2026-07
INE476A16K14,Canara Bank,4000.0,18791.78,4.77,CRISIL A1+,SBPF,SBI AMC,2026-07
INE692A16LS3,Union Bank of India,2500.0,11985.85,3.04,[ICRA]A1+,SBPF,SBI AMC,2026-07
INE692A16LU9,Union Bank of India,2000.0,9596.06,2.44,[ICRA]A1+,SBPF,SBI AMC,2026-07
INE063P16BB2,Equitas Small Finance Bank Ltd.,1500.0,7427.1,1.89,CRISIL A1+,SBPF,SBI AMC,2026-07
INE028A16LH3,Bank of Baroda,1000.0,4828.52,1.23,IND A1+,SBPF,SBI AMC,2026-07
INE160A16UE2,Punjab National Bank,1000.0,4828.16,1.23,CRISIL A1+,SBPF,SBI AMC,2026-07
INF0RQ622028,Corporate Debt Market Development Fund-A2,12638.668,1506.61,0.38,CDMDF,SBPF,SBI AMC,2026-07
INE040A01034,HDFC Bank Ltd.,24666796.0,184544.63,16.97,Banks,SBFS,SBI AMC,2026-07
INE090A01021,ICICI Bank Ltd.,8069214.0,115825.5,10.65,Banks,SBFS,SBI AMC,2026-07
INE237A01036,Kotak Mahindra Bank Ltd.,26957770.0,105216.18,9.68,Banks,SBFS,SBI AMC,2026-07
INE296A01032,Bajaj Finance Ltd.,7737213.0,88297.07,8.12,Finance,SBFS,SBI AMC,2026-07
INE062A01020,State Bank of India,7330364.0,75312.16,6.93,Banks,SBFS,SBI AMC,2026-07
INE795G01014,HDFC Life Insurance Company Ltd.,8348085.0,45789.25,4.21,Insurance,SBFS,SBI AMC,2026-07
INE414G01012,Muthoot Finance Ltd.,1165272.0,36351.83,3.34,Finance,SBFS,SBI AMC,2026-07
INE028A01039,Bank of Baroda,13378955.0,32457.34,2.99,Banks,SBFS,SBI AMC,2026-07
INE121A01024,Cholamandalam Investment & Finance Co. Ltd.,1400000.0,25898.6,2.38,Finance,SBFS,SBI AMC,2026-07
INE726G01019,ICICI Prudential Life Insurance Company Ltd.,4536806.0,23382.7,2.15,Insurance,SBFS,SBI AMC,2026-07
INE149A01033,Cholamandalam Financial Holdings Ltd.,1483637.0,22761.96,2.09,Finance,SBFS,SBI AMC,2026-07
INE683A01023,The South Indian Bank Ltd.,48000000.0,22416.0,2.06,Banks,SBFS,SBI AMC,2026-07
INE575P01011,Star Health & Allied Insurance Co. Ltd.,3324592.0,19980.8,1.84,Insurance,SBFS,SBI AMC,2026-07
INE596I01020,Computer Age Management Services Ltd.,2450000.0,19505.68,1.79,Capital Markets,SBFS,SBI AMC,2026-07
INE852O01025,Aptus Value Housing Finance India Ltd.,7435950.0,19422.7,1.79,Finance,SBFS,SBI AMC,2026-07
INE084A01016,Bank of India,11065303.0,15264.59,1.4,Banks,SBFS,SBI AMC,2026-07
INE522D01027,Manappuram Finance Ltd.,4090979.0,15212.31,1.4,Finance,SBFS,SBI AMC,2026-07
INE982J01020,One 97 Communications Ltd.,1000000.0,13430.0,1.24,Financial Technology (Fintech),SBFS,SBI AMC,2026-07
INE115A01026,LIC Housing Finance Ltd.,2425021.0,12685.28,1.17,Finance,SBFS,SBI AMC,2026-07
INE216P01012,Aavas Financiers Ltd.,896483.0,12190.38,1.12,Finance,SBFS,SBI AMC,2026-07
INE036D01028,Karur Vysya Bank Ltd.,3350858.0,11475.01,1.06,Banks,SBFS,SBI AMC,2026-07
INE674K01013,Aditya Birla Capital Ltd.,2706995.0,10944.38,1.01,Finance,SBFS,SBI AMC,2026-07
INE756I01012,HDB Financial Services Ltd.,1590333.0,10915.25,1.0,Finance,SBFS,SBI AMC,2026-07
INE752H01013,CARE Ratings Ltd.,561424.0,9597.54,0.88,Capital Markets,SBFS,SBI AMC,2026-07
INE466L01038,360 ONE WAM Ltd.,800000.0,9082.4,0.84,Capital Markets,SBFS,SBI AMC,2026-07
INE736A01011,Central Depository Services (I) Ltd.,600000.0,7998.0,0.74,Capital Markets,SBFS,SBI AMC,2026-07
INE995S01015,Niva Bupa Health Insurance Company Ltd.,9100000.0,7917.91,0.73,Insurance,SBFS,SBI AMC,2026-07
INE15B701018,Pine Labs Ltd.,3914907.0,5440.55,0.5,Financial Technology (Fintech),SBFS,SBI AMC,2026-07
INE007A01025,CRISIL Ltd.,82223.0,3584.76,0.33,Finance,SBFS,SBI AMC,2026-07
INE725G01011,ICRA Ltd.,45771.0,2244.38,0.21,Capital Markets,SBFS,SBI AMC,2026-07
INE545U01014,Bandhan Bank Ltd.,1080045.0,1880.68,0.17,Banks,SBFS,SBI AMC,2026-07
INE976I01016,TATA Capital Ltd.,88763.0,324.34,0.03,Finance,SBFS,SBI AMC,2026-07
IN002025Z344,364 DAY T-BILL 19.11.26,500000.0,492.01,0.05,Sovereign,SBFS,SBI AMC,2026-07
INE361B01024,Divi's Laboratories Ltd.,152633.0,12296.11,4.03,Pharmaceuticals & Biotechnology,SETFNN50,SBI AMC,2026-07
INE494B01023,TVS Motor Company Ltd.,282125.0,12168.33,3.99,Automobiles,SETFNN50,SBI AMC,2026-07
INE1TAE01010,Tata Motors Ltd.,2508354.0,10956.49,3.59,"Agricultural, Commercial & Construction Vehicles",SETFNN50,SBI AMC,2026-07
INE066F01020,Hindustan Aeronautics Ltd.,227839.0,10586.54,3.47,Aerospace & Defense,SETFNN50,SBI AMC,2026-07
INE814H01029,Adani Power Ltd.,4983413.0,10530.45,3.45,Power,SETFNN50,SBI AMC,2026-07
INE121A01024,Cholamandalam Investment & Finance Co. Ltd.,519580.0,9611.71,3.15,Finance,SETFNN50,SBI AMC,2026-07
INE685A01028,Torrent Pharmaceuticals Ltd.,176174.0,9025.04,2.96,Pharmaceuticals & Biotechnology,SETFNN50,SBI AMC,2026-07
INE298A01020,Cummins India Ltd.,162234.0,8953.69,2.94,Industrial Products,SETFNN50,SBI AMC,2026-07
INE775A01035,Samvardhana Motherson International Ltd.,5305831.0,7998.54,2.62,Auto Components,SETFNN50,SBI AMC,2026-07
INE053A01029,The Indian Hotels Company Ltd.,1054644.0,7789.07,2.55,Leisure Services,SETFNN50,SBI AMC,2026-07
INE029A01011,Bharat Petroleum Corporation Ltd.,2434058.0,7782.9,2.55,Petroleum Products,SETFNN50,SBI AMC,2026-07
INE216A01030,Britannia Industries Ltd.,141470.0,7662.72,2.51,Food Products,SETFNN50,SBI AMC,2026-07
INE245A01021,Tata Power Company Ltd.,2003182.0,7626.11,2.5,Power,SETFNN50,SBI AMC,2026-07
INE192R01011,Avenue Supermarts Ltd.,193535.0,7588.51,2.49,Retailing,SETFNN50,SBI AMC,2026-07
INE134E01011,Power Finance Corporation Ltd.,1748772.0,7420.91,2.43,Finance,SETFNN50,SBI AMC,2026-07
INE200M01039,Varun Beverages Ltd.,1642109.0,7263.05,2.38,Beverages,SETFNN50,SBI AMC,2026-07
INE067A01029,CG Power and Industrial Solutions Ltd.,823514.0,7110.22,2.33,Electrical Equipment,SETFNN50,SBI AMC,2026-07
INE931S01010,Adani Energy Solutions Ltd.,394422.0,6489.82,2.13,Power,SETFNN50,SBI AMC,2026-07
INE127D01025,HDFC Asset Management Co. Ltd.,244863.0,6405.13,2.1,Capital Markets,SETFNN50,SBI AMC,2026-07
INE242A01010,Indian Oil Corporation Ltd.,4487294.0,6289.84,2.06,Petroleum Products,SETFNN50,SBI AMC,2026-07
INE318A01026,Pidilite Industries Ltd.,372154.0,5996.89,1.97,Chemicals & Petrochemicals,SETFNN50,SBI AMC,2026-07
INE118A01012,Bajaj Holdings & Investment Ltd.,52000.0,5898.36,1.93,Finance,SETFNN50,SBI AMC,2026-07
INE129A01019,GAIL (India) Ltd.,3239575.0,5877.88,1.93,Gas,SETFNN50,SBI AMC,2026-07
INE020B01018,REC Ltd.,1500123.0,5594.71,1.83,Finance,SETFNN50,SBI AMC,2026-07
INE364U01010,Adani Green Energy Ltd.,402648.0,5568.62,1.83,Power,SETFNN50,SBI AMC,2026-07
INE028A01039,Bank of Baroda,2228141.0,5405.47,1.77,Banks,SETFNN50,SBI AMC,2026-07
INE205A01025,Vedanta Ltd.,2036626.0,5381.78,1.76,Diversified Metals,SETFNN50,SBI AMC,2026-07
INE343H01029,Solar Industries India Ltd.,29256.0,5380.47,1.76,Chemicals & Petrochemicals,SETFNN50,SBI AMC,2026-07
INE854D01024,United Spirits Ltd.,354778.0,5378.08,1.76,Beverages,SETFNN50,SBI AMC,2026-07
INE102D01028,Godrej Consumer Products Ltd.,482663.0,5166.42,1.69,Personal Products,SETFNN50,SBI AMC,2026-07
INE271C01023,DLF Ltd.,770462.0,5079.66,1.67,Realty,SETFNN50,SBI AMC,2026-07
INE476A01022,Canara Bank,4036470.0,5044.78,1.65,Banks,SETFNN50,SBI AMC,2026-07
INE749A01030,Jindal Steel Ltd.,444886.0,4904.42,1.61,Ferrous Metals,SETFNN50,SBI AMC,2026-07
INE214T01019,LTM Ltd.,111542.0,4865.57,1.6,IT - Software,SETFNN50,SBI AMC,2026-07
INE160A01022,Punjab National Bank,4136285.0,4662.01,1.53,Banks,SETFNN50,SBI AMC,2026-07
INE117A01022,ABB India Ltd.,63026.0,4591.13,1.51,Electrical Equipment,SETFNN50,SBI AMC,2026-07
INE323A01026,Bosch Ltd.,10418.0,4280.24,1.4,Auto Components,SETFNN50,SBI AMC,2026-07
INE070A01015,Shree Cement Ltd.,16063.0,4185.21,1.37,Cement & Cement Products,SETFNN50,SBI AMC,2026-07
INE670K01029,Lodha Developers Ltd.,333185.0,4144.65,1.36,Realty,SETFNN50,SBI AMC,2026-07
INE414G01012,Muthoot Finance Ltd.,128796.0,4017.92,1.32,Finance,SETFNN50,SBI AMC,2026-07
INE003A01024,Siemens Ltd.,106166.0,3991.84,1.31,Electrical Equipment,SETFNN50,SBI AMC,2026-07
INE692A01016,Union Bank of India,2320685.0,3973.94,1.3,Banks,SETFNN50,SBI AMC,2026-07
INE0V6F01027,Hyundai Motor India Ltd.,171247.0,3734.38,1.22,Automobiles,SETFNN50,SBI AMC,2026-07
INE1NPP01017,Siemens Energy India Ltd.,106217.0,3431.66,1.13,Electrical Equipment,SETFNN50,SBI AMC,2026-07
INE010B01027,Zydus Lifesciences Ltd.,300475.0,3385.75,1.11,Pharmaceuticals & Biotechnology,SETFNN50,SBI AMC,2026-07
INE079A01024,Ambuja Cements Ltd.,748775.0,3236.21,1.06,Cement & Cement Products,SETFNN50,SBI AMC,2026-07
INE267A01025,Hindustan Zinc Ltd.,577568.0,3114.25,1.02,Non - Ferrous Metals,SETFNN50,SBI AMC,2026-07
INE976I01016,TATA Capital Ltd.,604551.0,2209.03,0.72,Finance,SETFNN50,SBI AMC,2026-07
INE249Z01020,Mazagon Dock Shipbuilders Ltd.,91241.0,2173.18,0.71,Industrial Manufacturing,SETFNN50,SBI AMC,2026-07
INE053F01010,Indian Railway Finance Corporation Ltd.,2415795.0,2153.68,0.71,Finance,SETFNN50,SBI AMC,2026-07
INE040A01034,HDFC Bank Ltd.,8899828.0,66584.06,18.14,Banks,SETFNIFBK,SBI AMC,2026-07
INE090A01021,ICICI Bank Ltd.,3786872.0,54356.76,14.81,Banks,SETFNIFBK,SBI AMC,2026-07
INE062A01020,State Bank of India,3591191.0,36895.9,10.05,Banks,SETFNIFBK,SBI AMC,2026-07
INE237A01036,Kotak Mahindra Bank Ltd.,8731468.0,34078.92,9.29,Banks,SETFNIFBK,SBI AMC,2026-07
INE238A01034,Axis Bank Ltd.,2621878.0,32235.99,8.78,Banks,SETFNIFBK,SBI AMC,2026-07
INE171A01029,The Federal Bank Ltd.,7429267.0,26659.92,7.26,Banks,SETFNIFBK,SBI AMC,2026-07
INE095A01012,IndusInd Bank Ltd.,1985326.0,20100.43,5.48,Banks,SETFNIFBK,SBI AMC,2026-07
INE949L01017,AU Small Finance Bank Ltd.,1645568.0,17234.03,4.7,Banks,SETFNIFBK,SBI AMC,2026-07
INE092T01019,IDFC First Bank Ltd.,20163587.0,17074.53,4.65,Banks,SETFNIFBK,SBI AMC,2026-07
INE028A01039,Bank of Baroda,5400148.0,13100.76,3.57,Banks,SETFNIFBK,SBI AMC,2026-07
INE160A01022,Punjab National Bank,10944520.0,12335.57,3.36,Banks,SETFNIFBK,SBI AMC,2026-07
INE528G01035,Yes Bank Ltd.,54119681.0,12323.05,3.36,Banks,SETFNIFBK,SBI AMC,2026-07
INE476A01022,Canara Bank,9714097.0,12140.68,3.31,Banks,SETFNIFBK,SBI AMC,2026-07
INE692A01016,Union Bank of India,6225906.0,10661.24,2.9,Banks,SETFNIFBK,SBI AMC,2026-07
INE040A01034,HDFC Bank Ltd.,10463.0,78.25,8.07,Banks,SETFBSE100,SBI AMC,2026-07
INE090A01021,ICICI Bank Ltd.,4922.0,70.64,7.28,Banks,SETFBSE100,SBI AMC,2026-07
INE002A01018,Reliance Industries Ltd.,4645.0,60.72,6.26,Petroleum Products,SETFBSE100,SBI AMC,2026-07
INE397D01024,Bharti Airtel Ltd.,2091.0,41.22,4.25,Telecom - Services,SETFBSE100,SBI AMC,2026-07
INE018A01030,Larsen & Toubro Ltd.,803.0,31.63,3.26,Construction,SETFBSE100,SBI AMC,2026-07
INE062A01020,State Bank of India,2852.0,29.28,3.02,Banks,SETFBSE100,SBI AMC,2026-07
INE009A01021,Infosys Ltd.,2395.0,27.06,2.79,IT - Software,SETFBSE100,SBI AMC,2026-07
INE238A01034,Axis Bank Ltd.,1963.0,24.14,2.49,Banks,SETFBSE100,SBI AMC,2026-07
INE296A01032,Bajaj Finance Ltd.,1837.0,20.97,2.16,Finance,SETFBSE100,SBI AMC,2026-07
INE101A01026,Mahindra & Mahindra Ltd.,615.0,20.89,2.15,Automobiles,SETFBSE100,SBI AMC,2026-07
INE237A01036,Kotak Mahindra Bank Ltd.,5053.0,19.72,2.03,Banks,SETFBSE100,SBI AMC,2026-07
INE154A01025,ITC Ltd.,6624.0,18.61,1.92,Diversified FMCG,SETFBSE100,SBI AMC,2026-07
INE467B01029,Tata Consultancy Services Ltd.,695.0,16.44,1.69,IT - Software,SETFBSE100,SBI AMC,2026-07
INE758T01015,Eternal Ltd.,4969.0,15.02,1.55,Retailing,SETFBSE100,SBI AMC,2026-07
INE044A01036,Sun Pharmaceutical Industries Ltd.,741.0,14.74,1.52,Pharmaceuticals & Biotechnology,SETFBSE100,SBI AMC,2026-07
INE280A01028,Titan Company Ltd.,280.0,13.65,1.41,Consumer Durables,SETFBSE100,SBI AMC,2026-07
INE030A01027,Hindustan Unilever Ltd.,613.0,12.88,1.33,Diversified FMCG,SETFBSE100,SBI AMC,2026-07
INE585B01010,Maruti Suzuki India Ltd.,88.0,12.53,1.29,Automobiles,SETFBSE100,SBI AMC,2026-07
INE721A01047,Shriram Finance Ltd.,1195.0,12.51,1.29,Finance,SETFBSE100,SBI AMC,2026-07
INE733E01010,NTPC Ltd.,3262.0,11.32,1.17,Power,SETFBSE100,SBI AMC,2026-07
INE081A01020,Tata Steel Ltd.,5656.0,10.74,1.11,Ferrous Metals,SETFBSE100,SBI AMC,2026-07
INE860A01027,HCL Technologies Ltd.,726.0,9.78,1.01,IT - Software,SETFBSE100,SBI AMC,2026-07
INE481G01011,Ultratech Cement Ltd.,81.0,9.64,0.99,Cement & Cement Products,SETFBSE100,SBI AMC,2026-07
INE038A01020,Hindalco Industries Ltd.,987.0,9.62,0.99,Non - Ferrous Metals,SETFBSE100,SBI AMC,2026-07
INE263A01024,Bharat Electronics Ltd.,2459.0,9.54,0.98,Aerospace & Defense,SETFBSE100,SBI AMC,2026-07
INE752E01010,Power Grid Corporation of India Ltd.,3129.0,8.9,0.92,Power,SETFBSE100,SBI AMC,2026-07
INE742F01042,Adani Ports and Special Economic Zone Ltd.,506.0,8.6,0.89,Transport Infrastructure,SETFBSE100,SBI AMC,2026-07
INE021A01026,Asian Paints Ltd.,309.0,8.49,0.88,Consumer Durables,SETFBSE100,SBI AMC,2026-07
INE917I01010,Bajaj Auto Ltd.,73.0,8.41,0.87,Automobiles,SETFBSE100,SBI AMC,2026-07
INE019A01038,JSW Steel Ltd.,638.0,8.11,0.84,Ferrous Metals,SETFBSE100,SBI AMC,2026-07
INE047A01021,Grasim Industries Ltd.,257.0,7.97,0.82,Cement & Cement Products,SETFBSE100,SBI AMC,2026-07
INE646L01027,Interglobe Aviation Ltd.,154.0,7.96,0.82,Transport Services,SETFBSE100,SBI AMC,2026-07
INE918I01026,Bajaj Finserv Ltd.,384.0,7.79,0.8,Finance,SETFBSE100,SBI AMC,2026-07
INE239A01024,Nestle India Ltd.,490.0,7.4,0.76,Food Products,SETFBSE100,SBI AMC,2026-07
INE066A01021,Eicher Motors Ltd.,94.0,7.36,0.76,Automobiles,SETFBSE100,SBI AMC,2026-07
INE669C01036,Tech Mahindra Ltd.,437.0,7.22,0.74,IT - Software,SETFBSE100,SBI AMC,2026-07
INE361B01024,Divi's Laboratories Ltd.,87.0,7.01,0.72,Pharmaceuticals & Biotechnology,SETFBSE100,SBI AMC,2026-07
INE423A01024,Adani Enterprises Ltd.,231.0,6.95,0.72,Metals & Minerals Trading,SETFBSE100,SBI AMC,2026-07
INE494B01023,TVS Motor Company Ltd.,160.0,6.9,0.71,Automobiles,SETFBSE100,SBI AMC,2026-07
INE849A01020,Trent Ltd.,227.0,6.82,0.7,Retailing,SETFBSE100,SBI AMC,2026-07
INE213A01029,Oil & Natural Gas Corporation Ltd.,2678.0,6.49,0.67,Oil,SETFBSE100,SBI AMC,2026-07
INE522F01014,Coal India Ltd.,1565.0,6.48,0.67,Consumable Fuels,SETFBSE100,SBI AMC,2026-07
INE1TAE01010,Tata Motors Ltd.,1441.0,6.3,0.65,"Agricultural, Commercial & Construction Vehicles",SETFBSE100,SBI AMC,2026-07
INE437A01024,Apollo Hospitals Enterprise Ltd.,70.0,6.27,0.65,Healthcare Services,SETFBSE100,SBI AMC,2026-07
INE171A01029,The Federal Bank Ltd.,1691.0,6.07,0.63,Banks,SETFBSE100,SBI AMC,2026-07
INE066F01020,Hindustan Aeronautics Ltd.,129.0,5.99,0.62,Aerospace & Defense,SETFBSE100,SBI AMC,2026-07
INE758E01017,Jio Financial Services Ltd.,2312.0,5.93,0.61,Finance,SETFBSE100,SBI AMC,2026-07
INE814H01029,Adani Power Ltd.,2781.0,5.88,0.61,Power,SETFBSE100,SBI AMC,2026-07
INE123W01016,SBI Life Insurance Co. Ltd.,310.0,5.84,0.6,Insurance,SETFBSE100,SBI AMC,2026-07
INE059A01026,Cipla Ltd.,388.0,5.72,0.59,Pharmaceuticals & Biotechnology,SETFBSE100,SBI AMC,2026-07
INE027H01010,Max Healthcare Institute Ltd.,508.0,5.58,0.58,Healthcare Services,SETFBSE100,SBI AMC,2026-07
INE121A01024,Cholamandalam Investment & Finance Co. Ltd.,298.0,5.51,0.57,Finance,SETFBSE100,SBI AMC,2026-07
INE298A01020,Cummins India Ltd.,93.0,5.13,0.53,Industrial Products,SETFBSE100,SBI AMC,2026-07
INE155A01022,Tata Motors Passenger Vehicles Ltd.,1441.0,4.9,0.5,Automobiles,SETFBSE100,SBI AMC,2026-07
INE089A01031,Dr. Reddy's Laboratories Ltd.,418.0,4.8,0.49,Pharmaceuticals & Biotechnology,SETFBSE100,SBI AMC,2026-07
INE192A01025,Tata Consumer Products Ltd.,441.0,4.78,0.49,Agricultural Food & other Products,SETFBSE100,SBI AMC,2026-07
INE158A01026,Hero MotoCorp Ltd.,88.0,4.74,0.49,Automobiles,SETFBSE100,SBI AMC,2026-07
INE775A01035,Samvardhana Motherson International Ltd.,3043.0,4.58,0.47,Auto Components,SETFBSE100,SBI AMC,2026-07
INE095A01012,IndusInd Bank Ltd.,449.0,4.55,0.47,Banks,SETFBSE100,SBI AMC,2026-07
INE053A01029,The Indian Hotels Company Ltd.,606.0,4.47,0.46,Leisure Services,SETFBSE100,SBI AMC,2026-07
INE216A01030,Britannia Industries Ltd.,81.0,4.39,0.45,Food Products,SETFBSE100,SBI AMC,2026-07
INE192R01011,Avenue Supermarts Ltd.,112.0,4.39,0.45,Retailing,SETFBSE100,SBI AMC,2026-07
INE245A01021,Tata Power Company Ltd.,1140.0,4.34,0.45,Power,SETFBSE100,SBI AMC,2026-07
INE029A01011,Bharat Petroleum Corporation Ltd.,1340.0,4.28,0.44,Petroleum Products,SETFBSE100,SBI AMC,2026-07
INE134E01011,Power Finance Corporation Ltd.,997.0,4.23,0.44,Finance,SETFBSE100,SBI AMC,2026-07
INE262H01021,Persistent Systems Ltd.,75.0,4.16,0.43,IT - Software,SETFBSE100,SBI AMC,2026-07
INE591G01025,Coforge Ltd.,239.0,4.11,0.42,IT - Software,SETFBSE100,SBI AMC,2026-07
INE200M01039,Varun Beverages Ltd.,929.0,4.11,0.42,Beverages,SETFBSE100,SBI AMC,2026-07
INE417T01026,PB Fintech Ltd.,257.0,4.11,0.42,Financial Technology (Fintech),SETFBSE100,SBI AMC,2026-07
INE795G01014,HDFC Life Insurance Company Ltd.,741.0,4.06,0.42,Insurance,SETFBSE100,SBI AMC,2026-07
INE949L01017,AU Small Finance Bank Ltd.,385.0,4.03,0.42,Banks,SETFBSE100,SBI AMC,2026-07
INE326A01037,Lupin Ltd.,166.0,4.01,0.41,Pharmaceuticals & Biotechnology,SETFBSE100,SBI AMC,2026-07
INE067A01029,CG Power and Industrial Solutions Ltd.,465.0,4.01,0.41,Electrical Equipment,SETFBSE100,SBI AMC,2026-07
INE040H01021,Suzlon Energy Ltd.,8286.0,3.98,0.41,Electrical Equipment,SETFBSE100,SBI AMC,2026-07
INE935N01020,Dixon Technologies (India) Ltd.,28.0,3.95,0.41,Consumer Durables,SETFBSE100,SBI AMC,2026-07
INE982J01020,One 97 Communications Ltd.,290.0,3.89,0.4,Financial Technology (Fintech),SETFBSE100,SBI AMC,2026-07
INE092T01019,IDFC First Bank Ltd.,4550.0,3.85,0.4,Banks,SETFBSE100,SBI AMC,2026-07
INE127D01025,HDFC Asset Management Co. Ltd.,138.0,3.61,0.37,Capital Markets,SETFBSE100,SBI AMC,2026-07
INE075A01022,Wipro Ltd.,1945.0,3.57,0.37,IT - Software,SETFBSE100,SBI AMC,2026-07
INE242A01010,Indian Oil Corporation Ltd.,2521.0,3.53,0.36,Petroleum Products,SETFBSE100,SBI AMC,2026-07
INE121J01017,Indus Towers Ltd.,887.0,3.47,0.36,Telecom - Services,SETFBSE100,SBI AMC,2026-07
INE318A01026,Pidilite Industries Ltd.,210.0,3.38,0.35,Chemicals & Petrochemicals,SETFBSE100,SBI AMC,2026-07
INE129A01019,GAIL (India) Ltd.,1850.0,3.36,0.35,Gas,SETFBSE100,SBI AMC,2026-07
INE118A01012,Bajaj Holdings & Investment Ltd.,29.0,3.29,0.34,Finance,SETFBSE100,SBI AMC,2026-07
INE663F01032,Info Edge (India) Ltd.,263.0,3.23,0.33,Retailing,SETFBSE100,SBI AMC,2026-07
INE208A01029,Ashok Leyland Ltd.,1935.0,3.21,0.33,"Agricultural, Commercial & Construction Vehicles",SETFBSE100,SBI AMC,2026-07
INE196A01026,Marico Ltd.,365.0,3.18,0.33,Agricultural Food & other Products,SETFBSE100,SBI AMC,2026-07
INE020B01018,REC Ltd.,849.0,3.17,0.33,Finance,SETFBSE100,SBI AMC,2026-07
INE028A01039,Bank of Baroda,1278.0,3.1,0.32,Banks,SETFBSE100,SBI AMC,2026-07
INE854D01024,United Spirits Ltd.,200.0,3.03,0.31,Beverages,SETFBSE100,SBI AMC,2026-07
INE271C01023,DLF Ltd.,442.0,2.91,0.3,Realty,SETFBSE100,SBI AMC,2026-07
INE476A01022,Canara Bank,2304.0,2.88,0.3,Banks,SETFBSE100,SBI AMC,2026-07
INE102D01028,Godrej Consumer Products Ltd.,267.0,2.86,0.29,Personal Products,SETFBSE100,SBI AMC,2026-07
INE528G01035,Yes Bank Ltd.,12064.0,2.75,0.28,Banks,SETFBSE100,SBI AMC,2026-07
INE214T01019,LTM Ltd.,63.0,2.75,0.28,IT - Software,SETFBSE100,SBI AMC,2026-07
INE765G01017,ICICI Lombard General Insurance Company Ltd.,168.0,2.73,0.28,Insurance,SETFBSE100,SBI AMC,2026-07
INE160A01022,Punjab National Bank,2367.0,2.67,0.27,Banks,SETFBSE100,SBI AMC,2026-07
INE647A01010,SRF Ltd.,100.0,2.62,0.27,Chemicals & Petrochemicals,SETFBSE100,SBI AMC,2026-07
INE070A01015,Shree Cement Ltd.,9.0,2.34,0.24,Cement & Cement Products,SETFBSE100,SBI AMC,2026-07
INE176B01034,Havells India Ltd.,172.0,2.17,0.22,Consumer Durables,SETFBSE100,SBI AMC,2026-07
INE040A01034,HDFC Bank Ltd.,5131850.0,38393.94,6.91,Banks,SESF,SBI AMC,2026-07
INE090A01021,ICICI Bank Ltd.,2396600.0,34400.8,6.19,Banks,SESF,SBI AMC,2026-07
INE237A01036,Kotak Mahindra Bank Ltd.,8738000.0,34104.41,6.14,Banks,SESF,SBI AMC,2026-07
INE002A01018,Reliance Industries Ltd.,2342000.0,30628.68,5.51,Petroleum Products,SESF,SBI AMC,2026-07
INE397D01024,Bharti Airtel Ltd.,831725.0,16401.62,2.95,Telecom - Services,SESF,SBI AMC,2026-07
INE018A01030,Larsen & Toubro Ltd.,311200.0,12257.86,2.21,Construction,SESF,SBI AMC,2026-07
INE481G01011,Ultratech Cement Ltd.,100000.0,11903.0,2.14,Cement & Cement Products,SESF,SBI AMC,2026-07
INE406A01037,Aurobindo Pharma Ltd.,630000.0,9955.26,1.79,Pharmaceuticals & Biotechnology,SESF,SBI AMC,2026-07
INE028A01039,Bank of Baroda,3846375.0,9331.31,1.68,Banks,SESF,SBI AMC,2026-07
INE914M01019,Aster DM Quality Care Ltd.,1130000.0,9290.3,1.67,Healthcare Services,SESF,SBI AMC,2026-07
INE038A01020,Hindalco Industries Ltd.,928200.0,9044.84,1.63,Non - Ferrous Metals,SESF,SBI AMC,2026-07
INE238A01034,Axis Bank Ltd.,717500.0,8821.66,1.59,Banks,SESF,SBI AMC,2026-07
INE214T01019,LTM Ltd.,200000.0,8724.2,1.57,IT - Software,SESF,SBI AMC,2026-07
INE437A01024,Apollo Hospitals Enterprise Ltd.,95625.0,8565.13,1.54,Healthcare Services,SESF,SBI AMC,2026-07
INE795G01014,HDFC Life Insurance Company Ltd.,1454300.0,7976.84,1.44,Insurance,SESF,SBI AMC,2026-07
INE669C01036,Tech Mahindra Ltd.,480000.0,7926.24,1.43,IT - Software,SESF,SBI AMC,2026-07
INE139A01034,National Aluminium Company Ltd.,2231250.0,7810.49,1.41,Non - Ferrous Metals,SESF,SBI AMC,2026-07
INE009A01021,Infosys Ltd.,624000.0,7051.82,1.27,IT - Software,SESF,SBI AMC,2026-07
INE062A01020,State Bank of India,676500.0,6950.36,1.25,Banks,SESF,SBI AMC,2026-07
INE749A01030,Jindal Steel Ltd.,584375.0,6442.15,1.16,Ferrous Metals,SESF,SBI AMC,2026-07
INE271C01023,DLF Ltd.,896800.0,5912.6,1.06,Realty,SESF,SBI AMC,2026-07
INE066A01021,Eicher Motors Ltd.,73000.0,5718.46,1.03,Automobiles,SESF,SBI AMC,2026-07
INE364U01010,Adani Green Energy Ltd.,403200.0,5576.26,1.0,Power,SESF,SBI AMC,2026-07
INE019A01038,JSW Steel Ltd.,338175.0,4294.82,0.77,Ferrous Metals,SESF,SBI AMC,2026-07
INE101A01026,Mahindra & Mahindra Ltd.,122800.0,4173.36,0.75,Automobiles,SESF,SBI AMC,2026-07
INE674K01013,Aditya Birla Capital Ltd.,1016800.0,4110.92,0.74,Finance,SESF,SBI AMC,2026-07
INE257A01026,Bharat Heavy Electricals Ltd.,889875.0,3621.79,0.65,Electrical Equipment,SESF,SBI AMC,2026-07
INE021A01026,Asian Paints Ltd.,127750.0,3509.68,0.63,Consumer Durables,SESF,SBI AMC,2026-07
INE066F01020,Hindustan Aeronautics Ltd.,73050.0,3394.27,0.61,Aerospace & Defense,SESF,SBI AMC,2026-07
INE776C01039,GMR Airports Ltd.,3124800.0,3289.16,0.59,Transport Infrastructure,SESF,SBI AMC,2026-07
INE585B01010,Maruti Suzuki India Ltd.,22300.0,3174.18,0.57,Automobiles,SESF,SBI AMC,2026-07
INE213A01029,Oil & Natural Gas Corporation Ltd.,1260000.0,3055.88,0.55,Oil,SESF,SBI AMC,2026-07
INE121J01017,Indus Towers Ltd.,768400.0,3005.21,0.54,Telecom - Services,SESF,SBI AMC,2026-07
INE102D01028,Godrej Consumer Products Ltd.,275000.0,2943.6,0.53,Personal Products,SESF,SBI AMC,2026-07
INE259A01022,Colgate Palmolive (India) Ltd.,133850.0,2778.86,0.5,Personal Products,SESF,SBI AMC,2026-07
INE245A01021,Tata Power Company Ltd.,723550.0,2754.55,0.5,Power,SESF,SBI AMC,2026-07
INE758T01015,Eternal Ltd.,843900.0,2552.38,0.46,Retailing,SESF,SBI AMC,2026-07
INE721A01047,Shriram Finance Ltd.,230175.0,2409.24,0.43,Finance,SESF,SBI AMC,2026-07
INE081A01020,Tata Steel Ltd.,1243000.0,2357.85,0.42,Ferrous Metals,SESF,SBI AMC,2026-07
INE619A01035,Patanjali Foods Ltd.,510625.0,1810.68,0.33,Agricultural Food & other Products,SESF,SBI AMC,2026-07
INE976G01028,RBL Bank Ltd.,473075.0,1776.4,0.32,Banks,SESF,SBI AMC,2026-07
INE361B01024,Divi's Laboratories Ltd.,21500.0,1732.04,0.31,Pharmaceuticals & Biotechnology,SESF,SBI AMC,2026-07
INE114A01011,Steel Authority of India Ltd.,968200.0,1636.55,0.29,Ferrous Metals,SESF,SBI AMC,2026-07
INE020B01018,REC Ltd.,415800.0,1550.73,0.28,Finance,SESF,SBI AMC,2026-07
INE160A01022,Punjab National Bank,1288000.0,1451.7,0.26,Banks,SESF,SBI AMC,2026-07
INE079A01024,Ambuja Cements Ltd.,331200.0,1431.45,0.26,Cement & Cement Products,SESF,SBI AMC,2026-07
INE123W01016,SBI Life Insurance Co. Ltd.,71625.0,1347.98,0.24,Insurance,SESF,SBI AMC,2026-07
INE030A01027,Hindustan Unilever Ltd.,61800.0,1298.6,0.23,Diversified FMCG,SESF,SBI AMC,2026-07
INE775A01035,Samvardhana Motherson International Ltd.,850000.0,1281.38,0.23,Auto Components,SESF,SBI AMC,2026-07
INE070A01015,Shree Cement Ltd.,4846.0,1262.63,0.23,Cement & Cement Products,SESF,SBI AMC,2026-07
INE742F01042,Adani Ports and Special Economic Zone Ltd.,69825.0,1184.58,0.21,Transport Infrastructure,SESF,SBI AMC,2026-07
INE044A01036,Sun Pharmaceutical Industries Ltd.,58450.0,1163.45,0.21,Pharmaceuticals & Biotechnology,SESF,SBI AMC,2026-07
INE010B01027,Zydus Lifesciences Ltd.,92700.0,1044.54,0.19,Pharmaceuticals & Biotechnology,SESF,SBI AMC,2026-07
INE095A01012,IndusInd Bank Ltd.,100100.0,1013.46,0.18,Banks,SESF,SBI AMC,2026-07
INE134E01011,Power Finance Corporation Ltd.,228800.0,970.91,0.17,Finance,SESF,SBI AMC,2026-07
INE918I01026,Bajaj Finserv Ltd.,43500.0,882.66,0.16,Finance,SESF,SBI AMC,2026-07
INE423A01024,Adani Enterprises Ltd.,28737.0,864.84,0.16,Metals & Minerals Trading,SESF,SBI AMC,2026-07
INE982J01020,One 97 Communications Ltd.,63800.0,856.83,0.15,Financial Technology (Fintech),SESF,SBI AMC,2026-07
INE584A01023,NMDC Ltd.,796500.0,677.34,0.12,Minerals & Mining,SESF,SBI AMC,2026-07
INE154A01025,ITC Ltd.,238050.0,668.92,0.12,Diversified FMCG,SESF,SBI AMC,2026-07
INE733E01010,NTPC Ltd.,181500.0,630.26,0.11,Power,SESF,SBI AMC,2026-07
INE053A01029,The Indian Hotels Company Ltd.,83000.0,613.0,0.11,Leisure Services,SESF,SBI AMC,2026-07
INE797F01020,Jubilant Foodworks Ltd.,124747.0,546.7,0.1,Leisure Services,SESF,SBI AMC,2026-07
INE216A01030,Britannia Industries Ltd.,8750.0,473.94,0.09,Food Products,SESF,SBI AMC,2026-07
INE016A01026,Dabur India Ltd.,108750.0,458.33,0.08,Personal Products,SESF,SBI AMC,2026-07
INE323A01026,Bosch Ltd.,1100.0,451.94,0.08,Auto Components,SESF,SBI AMC,2026-07
INE854D01024,United Spirits Ltd.,29600.0,448.71,0.08,Beverages,SESF,SBI AMC,2026-07
INE180A01020,Max Financial Services Ltd.,28800.0,431.71,0.08,Insurance,SESF,SBI AMC,2026-07
INE127D01025,HDFC Asset Management Co. Ltd.,13800.0,360.98,0.06,Capital Markets,SESF,SBI AMC,2026-07
INE545U01014,Bandhan Bank Ltd.,172800.0,300.9,0.05,Banks,SESF,SBI AMC,2026-07
INE067A01029,CG Power and Industrial Solutions Ltd.,22100.0,190.81,0.03,Electrical Equipment,SESF,SBI AMC,2026-07
INE196A01026,Marico Ltd.,19200.0,167.16,0.03,Agricultural Food & other Products,SESF,SBI AMC,2026-07
INE296A01032,Bajaj Finance Ltd.,13500.0,154.06,0.03,Finance,SESF,SBI AMC,2026-07
INE267A01025,Hindustan Zinc Ltd.,28175.0,151.92,0.03,Non - Ferrous Metals,SESF,SBI AMC,2026-07
INE00H001014,Swiggy Ltd.,51100.0,145.56,0.03,Retailing,SESF,SBI AMC,2026-07
INE758E01017,Jio Financial Services Ltd.,56400.0,144.64,0.03,Finance,SESF,SBI AMC,2026-07
INE242A01010,Indian Oil Corporation Ltd.,97500.0,136.67,0.02,Petroleum Products,SESF,SBI AMC,2026-07
INE115A01026,LIC Housing Finance Ltd.,17000.0,88.93,0.02,Finance,SESF,SBI AMC,2026-07
INE094A01015,Hindustan Petroleum Corporation Ltd.,22275.0,86.82,0.02,Petroleum Products,SESF,SBI AMC,2026-07
INE047A01021,Grasim Industries Ltd.,2750.0,85.27,0.02,Cement & Cement Products,SESF,SBI AMC,2026-07
INE121A01024,Cholamandalam Investment & Finance Co. Ltd.,3750.0,69.37,0.01,Finance,SESF,SBI AMC,2026-07
INE628A01036,UPL Ltd.,8130.0,49.13,0.01,Fertilizers & Agrochemicals,SESF,SBI AMC,2026-07
INE318A01026,Pidilite Industries Ltd.,3000.0,48.34,0.01,Chemicals & Petrochemicals,SESF,SBI AMC,2026-07
INE00R701025,Dalmia Bharat Ltd.,2600.0,46.79,0.01,Cement & Cement Products,SESF,SBI AMC,2026-07
INE417T01026,PB Fintech Ltd.,2800.0,44.84,0.01,Financial Technology (Fintech),SESF,SBI AMC,2026-07
INE171A01029,The Federal Bank Ltd.,10000.0,35.89,0.01,Banks,SESF,SBI AMC,2026-07
INE935A01035,Glenmark Pharmaceuticals Ltd.,1500.0,33.51,0.01,Pharmaceuticals & Biotechnology,SESF,SBI AMC,2026-07
INE029A01011,Bharat Petroleum Corporation Ltd.,1975.0,6.32,,Petroleum Products,SESF,SBI AMC,2026-07
INE0FDU25010,Brookfield India Real Estate Trust,1896031.0,6474.57,1.16,Realty,SESF,SBI AMC,2026-07
INE041025011,Embassy Office Parks Reit,1411853.0,6183.77,1.11,Realty,SESF,SBI AMC,2026-07
INE261F08EO7,National Bank for Agriculture and Rural Development,10000.0,10006.58,1.8,CRISIL AAA,SESF,SBI AMC,2026-07
INE896L07AK6,Indostar Capital Finance Ltd.,7500.0,7524.89,1.35,CARE AA-,SESF,SBI AMC,2026-07
INE926X08015,H.G. Infra Engineering Ltd.,6000.0,5944.6,1.07,[ICRA]AA-,SESF,SBI AMC,2026-07
INE01WN07128,Motilal Oswal Finvest Ltd.,5000.0,5034.61,0.91,CRISIL AA+,SESF,SBI AMC,2026-07
INE651J07978,JM Financial Credit Solutions Ltd.,5000.0,5002.09,0.9,[ICRA]AA,SESF,SBI AMC,2026-07
INE556F08KW0,Small Industries Development Bank of India,5000.0,4999.16,0.9,CRISIL AAA,SESF,SBI AMC,2026-07
INE316Z08055,Godrej Seeds & Genetics Ltd.,5000.0,4973.06,0.89,CRISIL AA,SESF,SBI AMC,2026-07
INE316Z08063,Godrej Seeds & Genetics Ltd.,5000.0,4955.68,0.89,CRISIL AA,SESF,SBI AMC,2026-07
INE950O07446,Mahindra Rural Housing Finance Ltd.,4500.0,4543.34,0.82,CRISIL AAA,SESF,SBI AMC,2026-07
INE776C08075,GMR Airports Ltd.,4000.0,4249.96,0.76,CRISIL A+,SESF,SBI AMC,2026-07
INE403D08256,Bharti Telecom Ltd.,2500.0,2533.5,0.46,CRISIL AAA,SESF,SBI AMC,2026-07
INE414G07IS4,Muthoot Finance Ltd.,2500.0,2514.49,0.45,CRISIL AA+,SESF,SBI AMC,2026-07
INE414G07IR6,Muthoot Finance Ltd.,1000.0,1001.93,0.18,CRISIL AA+,SESF,SBI AMC,2026-07
INE02PE08036,JTPM Metal Traders Ltd.,5000.0,5373.45,0.97,CRISIL AA,SESF,SBI AMC,2026-07
IN0020240019,7.10% CGL 2034,12500000.0,12756.64,2.3,Sovereign,SESF,SBI AMC,2026-07
IN0020250067,6.01% CGL 2030,7500000.0,7402.42,1.33,Sovereign,SESF,SBI AMC,2026-07
IN0020220037,7.38% CGL 2027,5000000.0,5068.8,0.91,Sovereign,SESF,SBI AMC,2026-07
IN002025Z336,364 DAY T-BILL 12.11.26,5000000.0,4925.14,0.89,Sovereign,SESF,SBI AMC,2026-07
IN002026X081,91 DAY T-BILL 28.08.26,2500000.0,2490.44,0.45,Sovereign,SESF,SBI AMC,2026-07
IN002025Z344,364 DAY T-BILL 19.11.26,1000000.0,984.02,0.18,Sovereign,SESF,SBI AMC,2026-07
INF200K01UT4,SBI Liquid Fund - Direct Plan - Growth Option,355010.161,15647.88,2.82,Mutual Fund/ETF,SESF,SBI AMC,2026-07
INF200K01SZ5,SBI Savings Fund - Direct Plan - Growth Option,21723264.122,10344.88,1.86,Mutual Fund/ETF,SESF,SBI AMC,2026-07
INE0BWS23018,Altius Telecom Infrastructure Trust,6650000.0,11374.83,2.05,Telecom - Services,SESF,SBI AMC,2026-07
INE2PB023011,Raajmarg Infra Investment Trust,4937844.0,5749.63,1.03,Transport Infrastructure,SESF,SBI AMC,2026-07
INE0H7R23014,National Highways Infra Trust,4770.0,8.16,,Transport Infrastructure,SESF,SBI AMC,2026-07
INE040A01034,HDFC Bank Ltd.,295465251.0,2210523.28,10.23,Banks,SETFNIF50,SBI AMC,2026-07
INE090A01021,ICICI Bank Ltd.,138221920.0,1984037.44,9.18,Banks,SETFNIF50,SBI AMC,2026-07
INE002A01018,Reliance Industries Ltd.,130348704.0,1704700.35,7.89,Petroleum Products,SETFNIF50,SBI AMC,2026-07
INE397D01024,Bharti Airtel Ltd.,58672766.0,1157026.95,5.36,Telecom - Services,SETFNIF50,SBI AMC,2026-07
INE018A01030,Larsen & Toubro Ltd.,22583394.0,889537.31,4.12,Construction,SETFNIF50,SBI AMC,2026-07
INE062A01020,State Bank of India,79754074.0,819393.36,3.79,Banks,SETFNIF50,SBI AMC,2026-07
INE009A01021,Infosys Ltd.,67676456.0,764811.63,3.54,IT - Software,SETFNIF50,SBI AMC,2026-07
INE238A01034,Axis Bank Ltd.,55412909.0,681301.72,3.15,Banks,SETFNIF50,SBI AMC,2026-07
INE296A01032,Bajaj Finance Ltd.,51714327.0,590163.9,2.73,Finance,SETFNIF50,SBI AMC,2026-07
INE101A01026,Mahindra & Mahindra Ltd.,17225975.0,585424.76,2.71,Automobiles,SETFNIF50,SBI AMC,2026-07
INE237A01036,Kotak Mahindra Bank Ltd.,142058162.0,554453.01,2.57,Banks,SETFNIF50,SBI AMC,2026-07
INE154A01025,ITC Ltd.,185995630.0,522647.72,2.42,Diversified FMCG,SETFNIF50,SBI AMC,2026-07
INE467B01029,Tata Consultancy Services Ltd.,19699546.0,466012.46,2.16,IT - Software,SETFNIF50,SBI AMC,2026-07
INE758T01015,Eternal Ltd.,139492078.0,421893.79,1.95,Retailing,SETFNIF50,SBI AMC,2026-07
INE044A01036,Sun Pharmaceutical Industries Ltd.,20430850.0,406676.07,1.88,Pharmaceuticals & Biotechnology,SETFNIF50,SBI AMC,2026-07
INE280A01028,Titan Company Ltd.,7966160.0,388366.23,1.8,Consumer Durables,SETFNIF50,SBI AMC,2026-07
INE030A01027,Hindustan Unilever Ltd.,17118029.0,359701.14,1.67,Diversified FMCG,SETFNIF50,SBI AMC,2026-07
INE585B01010,Maruti Suzuki India Ltd.,2517100.0,358284.01,1.66,Automobiles,SETFNIF50,SBI AMC,2026-07
INE733E01010,NTPC Ltd.,91473474.0,317641.64,1.47,Power,SETFNIF50,SBI AMC,2026-07
INE081A01020,Tata Steel Ltd.,159492159.0,302540.68,1.4,Ferrous Metals,SETFNIF50,SBI AMC,2026-07
INE721A01047,Shriram Finance Ltd.,27022041.0,282839.7,1.31,Finance,SETFNIF50,SBI AMC,2026-07
INE860A01027,HCL Technologies Ltd.,20342233.0,273989.54,1.27,IT - Software,SETFNIF50,SBI AMC,2026-07
INE038A01020,Hindalco Industries Ltd.,27936892.0,272231.04,1.26,Non - Ferrous Metals,SETFNIF50,SBI AMC,2026-07
INE481G01011,Ultratech Cement Ltd.,2283283.0,271779.18,1.26,Cement & Cement Products,SETFNIF50,SBI AMC,2026-07
INE263A01024,Bharat Electronics Ltd.,69108128.0,268035.87,1.24,Aerospace & Defense,SETFNIF50,SBI AMC,2026-07
INE752E01010,Power Grid Corporation of India Ltd.,87377644.0,248370.95,1.15,Power,SETFNIF50,SBI AMC,2026-07
INE917I01010,Bajaj Auto Ltd.,2136959.0,246188.36,1.14,Automobiles,SETFNIF50,SBI AMC,2026-07
INE742F01042,Adani Ports and Special Economic Zone Ltd.,14234509.0,241488.45,1.12,Transport Infrastructure,SETFNIF50,SBI AMC,2026-07
INE021A01026,Asian Paints Ltd.,8725616.0,239718.85,1.11,Consumer Durables,SETFNIF50,SBI AMC,2026-07
INE019A01038,JSW Steel Ltd.,18097404.0,229837.03,1.06,Ferrous Metals,SETFNIF50,SBI AMC,2026-07
INE918I01026,Bajaj Finserv Ltd.,11170163.0,226653.78,1.05,Finance,SETFNIF50,SBI AMC,2026-07
INE646L01027,Interglobe Aviation Ltd.,4367486.0,225842.7,1.05,Transport Services,SETFNIF50,SBI AMC,2026-07
INE047A01021,Grasim Industries Ltd.,7280099.0,225741.31,1.05,Cement & Cement Products,SETFNIF50,SBI AMC,2026-07
INE239A01024,Nestle India Ltd.,13834565.0,208846.59,0.97,Food Products,SETFNIF50,SBI AMC,2026-07
INE066A01021,Eicher Motors Ltd.,2659118.0,208302.01,0.96,Automobiles,SETFNIF50,SBI AMC,2026-07
INE669C01036,Tech Mahindra Ltd.,12253886.0,202348.42,0.94,IT - Software,SETFNIF50,SBI AMC,2026-07
INE849A01020,Trent Ltd.,6420447.0,192992.22,0.89,Retailing,SETFNIF50,SBI AMC,2026-07
INE522F01014,Coal India Ltd.,46217037.0,191407.86,0.89,Consumable Fuels,SETFNIF50,SBI AMC,2026-07
INE213A01029,Oil & Natural Gas Corporation Ltd.,74950545.0,181777.56,0.84,Oil,SETFNIF50,SBI AMC,2026-07
INE437A01024,Apollo Hospitals Enterprise Ltd.,1985629.0,177852.79,0.82,Healthcare Services,SETFNIF50,SBI AMC,2026-07
INE423A01024,Adani Enterprises Ltd.,5567877.0,167565.26,0.78,Metals & Minerals Trading,SETFNIF50,SBI AMC,2026-07
INE123W01016,SBI Life Insurance Co. Ltd.,8669578.0,163161.46,0.76,Insurance,SETFNIF50,SBI AMC,2026-07
INE758E01017,Jio Financial Services Ltd.,63308067.0,162359.87,0.75,Finance,SETFNIF50,SBI AMC,2026-07
INE059A01026,Cipla Ltd.,10856856.0,159943.2,0.74,Pharmaceuticals & Biotechnology,SETFNIF50,SBI AMC,2026-07
INE027H01010,Max Healthcare Institute Ltd.,14359909.0,157743.6,0.73,Healthcare Services,SETFNIF50,SBI AMC,2026-07
INE155A01022,Tata Motors Passenger Vehicles Ltd.,40324839.0,137003.64,0.63,Automobiles,SETFNIF50,SBI AMC,2026-07
INE192A01025,Tata Consumer Products Ltd.,12565207.0,136093.76,0.63,Agricultural Food & other Products,SETFNIF50,SBI AMC,2026-07
INE089A01031,Dr. Reddy's Laboratories Ltd.,11761763.0,135036.8,0.63,Pharmaceuticals & Biotechnology,SETFNIF50,SBI AMC,2026-07
INE795G01014,HDFC Life Insurance Company Ltd.,20756429.0,113849.01,0.53,Insurance,SETFNIF50,SBI AMC,2026-07
INE075A01022,Wipro Ltd.,52254378.0,95965.17,0.44,IT - Software,SETFNIF50,SBI AMC,2026-07
IN0020260025,6.94% CGL 2036,322329900.0,324810.23,98.5,Sovereign,SETF10GILT,SBI AMC,2026-07
INE296A01032,Bajaj Finance Ltd.,140000.0,1597.68,8.08,Finance,SLTAF-IV,SBI AMC,2026-07
INE090A01021,ICICI Bank Ltd.,105000.0,1507.17,7.62,Banks,SLTAF-IV,SBI AMC,2026-07
INE066A01021,Eicher Motors Ltd.,12000.0,940.02,4.75,Automobiles,SLTAF-IV,SBI AMC,2026-07
INE528A01020,GKW Ltd.,51815.0,845.0,4.27,Finance,SLTAF-IV,SBI AMC,2026-07
INE669C01036,Tech Mahindra Ltd.,50000.0,825.65,4.17,IT - Software,SLTAF-IV,SBI AMC,2026-07
INE062A01020,State Bank of India,80000.0,821.92,4.16,Banks,SLTAF-IV,SBI AMC,2026-07
INE148O01028,Delhivery Ltd.,170000.0,819.32,4.14,Transport Services,SLTAF-IV,SBI AMC,2026-07
INE040A01034,HDFC Bank Ltd.,100000.0,748.15,3.78,Banks,SLTAF-IV,SBI AMC,2026-07
INE1TAE01010,Tata Motors Ltd.,170000.0,742.56,3.75,"Agricultural, Commercial & Construction Vehicles",SLTAF-IV,SBI AMC,2026-07
INE009A01021,Infosys Ltd.,63414.0,716.64,3.62,IT - Software,SLTAF-IV,SBI AMC,2026-07
INE044A01036,Sun Pharmaceutical Industries Ltd.,35000.0,696.68,3.52,Pharmaceuticals & Biotechnology,SLTAF-IV,SBI AMC,2026-07
INE048G01026,Navin Fluorine International Ltd.,9000.0,681.08,3.44,Chemicals & Petrochemicals,SLTAF-IV,SBI AMC,2026-07
INE121A01024,Cholamandalam Investment & Finance Co. Ltd.,35000.0,647.47,3.27,Finance,SLTAF-IV,SBI AMC,2026-07
INE19RI01016,Tenneco Clean Air India Ltd.,116896.0,628.84,3.18,Auto Components,SLTAF-IV,SBI AMC,2026-07
INE237A01036,Kotak Mahindra Bank Ltd.,160000.0,624.48,3.16,Banks,SLTAF-IV,SBI AMC,2026-07
INE0ISX01025,Kusumgar Ltd.,100000.0,582.85,2.95,Textiles & Apparels,SLTAF-IV,SBI AMC,2026-07
INE970X01018,Lemon Tree Hotels Ltd.,520000.0,568.36,2.87,Leisure Services,SLTAF-IV,SBI AMC,2026-07
INE216P01012,Aavas Financiers Ltd.,40000.0,543.92,2.75,Finance,SLTAF-IV,SBI AMC,2026-07
INE414G01012,Muthoot Finance Ltd.,17000.0,530.33,2.68,Finance,SLTAF-IV,SBI AMC,2026-07
INE522D01027,Manappuram Finance Ltd.,140000.0,520.59,2.63,Finance,SLTAF-IV,SBI AMC,2026-07
INE220B01022,Kalpataru Projects International Ltd.,40000.0,515.84,2.61,Construction,SLTAF-IV,SBI AMC,2026-07
INE220G01021,Jindal Stainless Ltd.,70000.0,514.36,2.6,Ferrous Metals,SLTAF-IV,SBI AMC,2026-07
INE718I01012,JSW Cement Ltd.,340068.0,452.63,2.29,Cement & Cement Products,SLTAF-IV,SBI AMC,2026-07
INE852O01025,Aptus Value Housing Finance India Ltd.,170000.0,444.04,2.25,Finance,SLTAF-IV,SBI AMC,2026-07
INE201P01022,G R Infra projects Ltd.,50000.0,442.05,2.24,Construction,SLTAF-IV,SBI AMC,2026-07
INE00H001014,Swiggy Ltd.,150000.0,427.29,2.16,Retailing,SLTAF-IV,SBI AMC,2026-07
INE208A01029,Ashok Leyland Ltd.,250000.0,415.45,2.1,"Agricultural, Commercial & Construction Vehicles",SLTAF-IV,SBI AMC,2026-07
INE531A01024,Kansai Nerolac Paints Ltd.,200000.0,393.48,1.99,Consumer Durables,SLTAF-IV,SBI AMC,2026-07
INE101I01011,Afcons Infrastructure Ltd.,47177.0,127.92,0.65,Construction,SLTAF-IV,SBI AMC,2026-07
INE501A01019,Deepak Fertilizers and Petrochemicals Corporation Ltd.,200000.0,3105.6,8.2,Chemicals & Petrochemicals,SLTAF-V,SBI AMC,2026-07
INE090A01021,ICICI Bank Ltd.,140000.0,2009.56,5.31,Banks,SLTAF-V,SBI AMC,2026-07
INE0JPD01013,Sanathan Textiles Ltd.,413687.0,1964.81,5.19,Textiles & Apparels,SLTAF-V,SBI AMC,2026-07
INE062A01020,State Bank of India,170000.0,1746.58,4.61,Banks,SLTAF-V,SBI AMC,2026-07
INE361B01024,Divi's Laboratories Ltd.,20000.0,1611.2,4.25,Pharmaceuticals & Biotechnology,SLTAF-V,SBI AMC,2026-07
INE536A01023,Grindwell Norton Ltd.,75861.0,1608.4,4.25,Industrial Products,SLTAF-V,SBI AMC,2026-07
INE066A01021,Eicher Motors Ltd.,20000.0,1566.7,4.14,Automobiles,SLTAF-V,SBI AMC,2026-07
INE148O01028,Delhivery Ltd.,300000.0,1445.85,3.82,Transport Services,SLTAF-V,SBI AMC,2026-07
INE414G01012,Muthoot Finance Ltd.,46307.0,1444.59,3.81,Finance,SLTAF-V,SBI AMC,2026-07
INE040A01034,HDFC Bank Ltd.,190000.0,1421.49,3.75,Banks,SLTAF-V,SBI AMC,2026-07
INE522D01027,Manappuram Finance Ltd.,370000.0,1375.85,3.63,Finance,SLTAF-V,SBI AMC,2026-07
INE296A01032,Bajaj Finance Ltd.,110000.0,1255.32,3.31,Finance,SLTAF-V,SBI AMC,2026-07
INE048G01026,Navin Fluorine International Ltd.,16000.0,1210.8,3.2,Chemicals & Petrochemicals,SLTAF-V,SBI AMC,2026-07
INE044A01036,Sun Pharmaceutical Industries Ltd.,60000.0,1194.3,3.15,Pharmaceuticals & Biotechnology,SLTAF-V,SBI AMC,2026-07
INE237A01036,Kotak Mahindra Bank Ltd.,300000.0,1170.9,3.09,Banks,SLTAF-V,SBI AMC,2026-07
INE073K01018,Sona Blw Precision Forgings Ltd.,150000.0,1154.1,3.05,Auto Components,SLTAF-V,SBI AMC,2026-07
INE1TAE01010,Tata Motors Ltd.,250000.0,1092.0,2.88,"Agricultural, Commercial & Construction Vehicles",SLTAF-V,SBI AMC,2026-07
INE009A01021,Infosys Ltd.,96499.0,1090.54,2.88,IT - Software,SLTAF-V,SBI AMC,2026-07
INE718I01012,JSW Cement Ltd.,800000.0,1064.8,2.81,Cement & Cement Products,SLTAF-V,SBI AMC,2026-07
INE211R01019,Power Mech Projects Ltd.,40000.0,1026.56,2.71,Construction,SLTAF-V,SBI AMC,2026-07
INE006I01046,Astral Ltd.,68000.0,985.05,2.6,Industrial Products,SLTAF-V,SBI AMC,2026-07
INE0ISX01025,Kusumgar Ltd.,160000.0,932.56,2.46,Textiles & Apparels,SLTAF-V,SBI AMC,2026-07
INE00H001014,Swiggy Ltd.,300000.0,854.58,2.26,Retailing,SLTAF-V,SBI AMC,2026-07
INE976A01021,West Coast Paper Mills Ltd.,150000.0,854.25,2.26,"Paper, Forest & Jute Products",SLTAF-V,SBI AMC,2026-07
INE276A01018,Garware Technical Fibres Ltd.,112864.0,827.18,2.18,Textiles & Apparels,SLTAF-V,SBI AMC,2026-07
INE216P01012,Aavas Financiers Ltd.,60000.0,815.88,2.15,Finance,SLTAF-V,SBI AMC,2026-07
INE220G01021,Jindal Stainless Ltd.,110000.0,808.28,2.13,Ferrous Metals,SLTAF-V,SBI AMC,2026-07
INE852O01025,Aptus Value Housing Finance India Ltd.,300000.0,783.6,2.07,Finance,SLTAF-V,SBI AMC,2026-07
INE531A01024,Kansai Nerolac Paints Ltd.,359152.0,706.6,1.87,Consumer Durables,SLTAF-V,SBI AMC,2026-07
INE491A01021,City Union Bank Ltd.,652806.0,1348.04,5.21,Banks,SLTAF-VI,SBI AMC,2026-07
INE062A01020,State Bank of India,120000.0,1232.88,4.76,Banks,SLTAF-VI,SBI AMC,2026-07
INE397D01024,Bharti Airtel Ltd.,57192.0,1127.83,4.36,Telecom - Services,SLTAF-VI,SBI AMC,2026-07
INE1TAE01010,Tata Motors Ltd.,250000.0,1092.0,4.22,"Agricultural, Commercial & Construction Vehicles",SLTAF-VI,SBI AMC,2026-07
INE018A01030,Larsen & Toubro Ltd.,27650.0,1089.11,4.21,Construction,SLTAF-VI,SBI AMC,2026-07
INE090A01021,ICICI Bank Ltd.,75000.0,1076.55,4.16,Banks,SLTAF-VI,SBI AMC,2026-07
INE237A01036,Kotak Mahindra Bank Ltd.,260750.0,1017.71,3.93,Banks,SLTAF-VI,SBI AMC,2026-07
INE522D01027,Manappuram Finance Ltd.,270000.0,1004.0,3.88,Finance,SLTAF-VI,SBI AMC,2026-07
INE073K01018,Sona Blw Precision Forgings Ltd.,123000.0,946.36,3.66,Auto Components,SLTAF-VI,SBI AMC,2026-07
INE148O01028,Delhivery Ltd.,187000.0,901.25,3.48,Transport Services,SLTAF-VI,SBI AMC,2026-07
INE006I01046,Astral Ltd.,60000.0,869.16,3.36,Industrial Products,SLTAF-VI,SBI AMC,2026-07
INE0JPD01013,Sanathan Textiles Ltd.,171500.0,814.54,3.15,Textiles & Apparels,SLTAF-VI,SBI AMC,2026-07
INE501A01019,Deepak Fertilizers and Petrochemicals Corporation Ltd.,52109.0,809.15,3.13,Chemicals & Petrochemicals,SLTAF-VI,SBI AMC,2026-07
INE473B01035,Hatsun Agro Product Ltd.,90000.0,796.86,3.08,Food Products,SLTAF-VI,SBI AMC,2026-07
INE211R01019,Power Mech Projects Ltd.,30000.0,769.92,2.97,Construction,SLTAF-VI,SBI AMC,2026-07
INE040A01034,HDFC Bank Ltd.,98000.0,733.19,2.83,Banks,SLTAF-VI,SBI AMC,2026-07
INE063P01018,Equitas Small Finance Bank Ltd.,952000.0,716.0,2.77,Banks,SLTAF-VI,SBI AMC,2026-07
INE918I01026,Bajaj Finserv Ltd.,35000.0,710.19,2.74,Finance,SLTAF-VI,SBI AMC,2026-07
INE376G01013,Biocon Ltd.,150000.0,638.55,2.47,Pharmaceuticals & Biotechnology,SLTAF-VI,SBI AMC,2026-07
INE216P01012,Aavas Financiers Ltd.,45000.0,611.91,2.36,Finance,SLTAF-VI,SBI AMC,2026-07
INE536A01023,Grindwell Norton Ltd.,27350.0,579.87,2.24,Industrial Products,SLTAF-VI,SBI AMC,2026-07
INE00H001014,Swiggy Ltd.,200000.0,569.72,2.2,Retailing,SLTAF-VI,SBI AMC,2026-07
INE976A01021,West Coast Paper Mills Ltd.,100000.0,569.5,2.2,"Paper, Forest & Jute Products",SLTAF-VI,SBI AMC,2026-07
INE238A01034,Axis Bank Ltd.,46300.0,569.26,2.2,Banks,SLTAF-VI,SBI AMC,2026-07
INE220G01021,Jindal Stainless Ltd.,75000.0,551.1,2.13,Ferrous Metals,SLTAF-VI,SBI AMC,2026-07
INE212H01026,AIA Engineering Ltd.,11222.0,515.2,1.99,Industrial Products,SLTAF-VI,SBI AMC,2026-07
INE531A01024,Kansai Nerolac Paints Ltd.,259483.0,510.51,1.97,Consumer Durables,SLTAF-VI,SBI AMC,2026-07
INE208A01029,Ashok Leyland Ltd.,300000.0,498.54,1.93,"Agricultural, Commercial & Construction Vehicles",SLTAF-VI,SBI AMC,2026-07
INE852O01025,Aptus Value Housing Finance India Ltd.,189000.0,493.67,1.91,Finance,SLTAF-VI,SBI AMC,2026-07
INE970X01018,Lemon Tree Hotels Ltd.,450000.0,491.85,1.9,Leisure Services,SLTAF-VI,SBI AMC,2026-07
INE718I01012,JSW Cement Ltd.,340068.0,452.63,1.75,Cement & Cement Products,SLTAF-VI,SBI AMC,2026-07
INE668F01031,Jyothy Labs Ltd.,200000.0,397.7,1.54,Household Products,SLTAF-VI,SBI AMC,2026-07
INE797F01020,Jubilant Foodworks Ltd.,84400.0,369.88,1.43,Leisure Services,SLTAF-VI,SBI AMC,2026-07
INE101I01011,Afcons Infrastructure Ltd.,130000.0,352.5,1.36,Construction,SLTAF-VI,SBI AMC,2026-07
INE361B01024,Divi's Laboratories Ltd.,1143.0,92.09,3.56,Pharmaceuticals & Biotechnology,SETFSN50,SBI AMC,2026-07
INE423A01024,Adani Enterprises Ltd.,3015.0,90.71,3.51,Metals & Minerals Trading,SETFSN50,SBI AMC,2026-07
INE1TAE01010,Tata Motors Ltd.,18834.0,82.3,3.18,"Agricultural, Commercial & Construction Vehicles",SETFSN50,SBI AMC,2026-07
INE171A01029,The Federal Bank Ltd.,22113.0,79.33,3.07,Banks,SETFSN50,SBI AMC,2026-07
INE814H01029,Adani Power Ltd.,36339.0,76.78,2.97,Power,SETFSN50,SBI AMC,2026-07
INE121A01024,Cholamandalam Investment & Finance Co. Ltd.,3900.0,72.14,2.79,Finance,SETFSN50,SBI AMC,2026-07
INE298A01020,Cummins India Ltd.,1219.0,67.3,2.6,Industrial Products,SETFSN50,SBI AMC,2026-07
INE158A01026,Hero MotoCorp Ltd.,1149.0,61.85,2.39,Automobiles,SETFSN50,SBI AMC,2026-07
INE775A01035,Samvardhana Motherson International Ltd.,39775.0,59.92,2.32,Auto Components,SETFSN50,SBI AMC,2026-07
INE095A01012,IndusInd Bank Ltd.,5872.0,59.48,2.3,Banks,SETFSN50,SBI AMC,2026-07
INE053A01029,The Indian Hotels Company Ltd.,7919.0,58.45,2.26,Leisure Services,SETFSN50,SBI AMC,2026-07
INE192R01011,Avenue Supermarts Ltd.,1463.0,57.37,2.22,Retailing,SETFSN50,SBI AMC,2026-07
INE216A01030,Britannia Industries Ltd.,1059.0,57.33,2.22,Food Products,SETFSN50,SBI AMC,2026-07
INE245A01021,Tata Power Company Ltd.,14909.0,56.74,2.19,Power,SETFSN50,SBI AMC,2026-07
INE029A01011,Bharat Petroleum Corporation Ltd.,17518.0,56.01,2.16,Petroleum Products,SETFSN50,SBI AMC,2026-07
INE134E01011,Power Finance Corporation Ltd.,13029.0,55.3,2.14,Finance,SETFSN50,SBI AMC,2026-07
INE262H01021,Persistent Systems Ltd.,977.0,54.22,2.1,IT - Software,SETFSN50,SBI AMC,2026-07
INE591G01025,Coforge Ltd.,3130.0,53.86,2.08,IT - Software,SETFSN50,SBI AMC,2026-07
INE417T01026,PB Fintech Ltd.,3363.0,53.83,2.08,Financial Technology (Fintech),SETFSN50,SBI AMC,2026-07
INE200M01039,Varun Beverages Ltd.,12140.0,53.71,2.08,Beverages,SETFSN50,SBI AMC,2026-07
INE795G01014,HDFC Life Insurance Company Ltd.,9681.0,53.1,2.05,Insurance,SETFSN50,SBI AMC,2026-07
INE949L01017,AU Small Finance Bank Ltd.,5038.0,52.75,2.04,Banks,SETFSN50,SBI AMC,2026-07
INE326A01037,Lupin Ltd.,2174.0,52.48,2.03,Pharmaceuticals & Biotechnology,SETFSN50,SBI AMC,2026-07
INE067A01029,CG Power and Industrial Solutions Ltd.,6077.0,52.46,2.03,Electrical Equipment,SETFSN50,SBI AMC,2026-07
INE935N01020,Dixon Technologies (India) Ltd.,371.0,52.3,2.02,Consumer Durables,SETFSN50,SBI AMC,2026-07
INE040H01021,Suzlon Energy Ltd.,108300.0,51.98,2.01,Electrical Equipment,SETFSN50,SBI AMC,2026-07
INE982J01020,One 97 Communications Ltd.,3791.0,50.83,1.96,Financial Technology (Fintech),SETFSN50,SBI AMC,2026-07
INE092T01019,IDFC First Bank Ltd.,59477.0,50.38,1.95,Banks,SETFSN50,SBI AMC,2026-07
INE127D01025,HDFC Asset Management Co. Ltd.,1807.0,47.27,1.83,Capital Markets,SETFSN50,SBI AMC,2026-07
INE242A01010,Indian Oil Corporation Ltd.,32945.0,46.17,1.78,Petroleum Products,SETFSN50,SBI AMC,2026-07
INE121J01017,Indus Towers Ltd.,11599.0,45.36,1.75,Telecom - Services,SETFSN50,SBI AMC,2026-07
INE318A01026,Pidilite Industries Ltd.,2740.0,44.16,1.71,Chemicals & Petrochemicals,SETFSN50,SBI AMC,2026-07
INE129A01019,GAIL (India) Ltd.,24190.0,43.88,1.7,Gas,SETFSN50,SBI AMC,2026-07
INE118A01012,Bajaj Holdings & Investment Ltd.,379.0,42.98,1.66,Finance,SETFSN50,SBI AMC,2026-07
INE663F01032,Info Edge (India) Ltd.,3433.0,42.11,1.63,Retailing,SETFSN50,SBI AMC,2026-07
INE208A01029,Ashok Leyland Ltd.,25299.0,42.02,1.62,"Agricultural, Commercial & Construction Vehicles",SETFSN50,SBI AMC,2026-07
INE196A01026,Marico Ltd.,4776.0,41.57,1.61,Agricultural Food & other Products,SETFSN50,SBI AMC,2026-07
INE020B01018,REC Ltd.,11105.0,41.45,1.6,Finance,SETFSN50,SBI AMC,2026-07
INE028A01039,Bank of Baroda,16705.0,40.53,1.57,Banks,SETFSN50,SBI AMC,2026-07
INE854D01024,United Spirits Ltd.,2611.0,39.58,1.53,Beverages,SETFSN50,SBI AMC,2026-07
INE271C01023,DLF Ltd.,5775.0,38.05,1.47,Realty,SETFSN50,SBI AMC,2026-07
INE476A01022,Canara Bank,30115.0,37.64,1.45,Banks,SETFSN50,SBI AMC,2026-07
INE102D01028,Godrej Consumer Products Ltd.,3489.0,37.34,1.44,Personal Products,SETFSN50,SBI AMC,2026-07
INE214T01019,LTM Ltd.,825.0,35.96,1.39,IT - Software,SETFSN50,SBI AMC,2026-07
INE528G01035,Yes Bank Ltd.,157684.0,35.9,1.39,Banks,SETFSN50,SBI AMC,2026-07
INE765G01017,ICICI Lombard General Insurance Company Ltd.,2194.0,35.63,1.38,Insurance,SETFSN50,SBI AMC,2026-07
INE160A01022,Punjab National Bank,30938.0,34.87,1.35,Banks,SETFSN50,SBI AMC,2026-07
INE647A01010,SRF Ltd.,1303.0,34.17,1.32,Chemicals & Petrochemicals,SETFSN50,SBI AMC,2026-07
INE070A01015,Shree Cement Ltd.,120.0,31.23,1.21,Cement & Cement Products,SETFSN50,SBI AMC,2026-07
INE176B01034,Havells India Ltd.,2251.0,28.39,1.1,Consumer Durables,SETFSN50,SBI AMC,2026-07
INE467B01029,Tata Consultancy Services Ltd.,18763.0,443.86,5.37,IT - Software,SBIETFQLTY,SBI AMC,2026-07
INE239A01024,Nestle India Ltd.,28621.0,432.06,5.23,Food Products,SBIETFQLTY,SBI AMC,2026-07
INE009A01021,Infosys Ltd.,37451.0,423.23,5.12,IT - Software,SBIETFQLTY,SBI AMC,2026-07
INE860A01027,HCL Technologies Ltd.,28684.0,386.34,4.68,IT - Software,SBIETFQLTY,SBI AMC,2026-07
INE154A01025,ITC Ltd.,136288.0,382.97,4.64,Diversified FMCG,SBIETFQLTY,SBI AMC,2026-07
INE030A01027,Hindustan Unilever Ltd.,17994.0,378.11,4.58,Diversified FMCG,SBIETFQLTY,SBI AMC,2026-07
INE263A01024,Bharat Electronics Ltd.,95487.0,370.35,4.48,Aerospace & Defense,SBIETFQLTY,SBI AMC,2026-07
INE917I01010,Bajaj Auto Ltd.,3043.0,350.57,4.24,Automobiles,SBIETFQLTY,SBI AMC,2026-07
INE216A01030,Britannia Industries Ltd.,6358.0,344.38,4.17,Food Products,SBIETFQLTY,SBI AMC,2026-07
INE935N01020,Dixon Technologies (India) Ltd.,2334.0,327.9,3.97,Consumer Durables,SBIETFQLTY,SBI AMC,2026-07
INE259A01022,Colgate Palmolive (India) Ltd.,15468.0,321.13,3.89,Personal Products,SBIETFQLTY,SBI AMC,2026-07
INE522F01014,Coal India Ltd.,75124.0,311.13,3.77,Consumable Fuels,SBIETFQLTY,SBI AMC,2026-07
INE021A01026,Asian Paints Ltd.,10968.0,301.32,3.65,Consumer Durables,SBIETFQLTY,SBI AMC,2026-07
INE066F01020,Hindustan Aeronautics Ltd.,6093.0,283.11,3.43,Aerospace & Defense,SBIETFQLTY,SBI AMC,2026-07
INE158A01026,Hero MotoCorp Ltd.,4909.0,264.4,3.2,Automobiles,SBIETFQLTY,SBI AMC,2026-07
INE298A01020,Cummins India Ltd.,4760.0,262.7,3.18,Industrial Products,SBIETFQLTY,SBI AMC,2026-07
INE196A01026,Marico Ltd.,29689.0,258.49,3.13,Agricultural Food & other Products,SBIETFQLTY,SBI AMC,2026-07
INE127D01025,HDFC Asset Management Co. Ltd.,9587.0,250.78,3.04,Capital Markets,SBIETFQLTY,SBI AMC,2026-07
INE262H01021,Persistent Systems Ltd.,4272.0,237.05,2.87,IT - Software,SBIETFQLTY,SBI AMC,2026-07
INE267A01025,Hindustan Zinc Ltd.,42496.0,229.14,2.77,Non - Ferrous Metals,SBIETFQLTY,SBI AMC,2026-07
INE343H01029,Solar Industries India Ltd.,1210.0,222.53,2.69,Chemicals & Petrochemicals,SBIETFQLTY,SBI AMC,2026-07
INE318A01026,Pidilite Industries Ltd.,12887.0,207.66,2.51,Chemicals & Petrochemicals,SBIETFQLTY,SBI AMC,2026-07
INE761H01022,Page Industries Ltd.,514.0,207.53,2.51,Textiles & Apparels,SBIETFQLTY,SBI AMC,2026-07
INE455K01017,Polycab India Ltd.,2172.0,197.79,2.39,Industrial Products,SBIETFQLTY,SBI AMC,2026-07
INE214T01019,LTM Ltd.,4281.0,186.74,2.26,IT - Software,SBIETFQLTY,SBI AMC,2026-07
INE881D01027,Oracle Financial Services Software Ltd.,1555.0,173.94,2.11,IT - Software,SBIETFQLTY,SBI AMC,2026-07
INE176B01034,Havells India Ltd.,12268.0,154.66,1.87,Consumer Durables,SBIETFQLTY,SBI AMC,2026-07
INE249Z01020,Mazagon Dock Shipbuilders Ltd.,5722.0,136.29,1.65,Industrial Manufacturing,SBIETFQLTY,SBI AMC,2026-07
INE670A01012,Tata Elxsi Ltd.,2967.0,108.97,1.32,IT - Software,SBIETFQLTY,SBI AMC,2026-07
INE04I401011,KPIT Technologies Ltd.,14487.0,86.69,1.05,IT - Software,SBIETFQLTY,SBI AMC,2026-07
INE261F08EV2,National Bank for Agriculture and Rural Development,95500.0,94798.08,4.28,[ICRA]AAA,SCBF,SBI AMC,2026-07
INE296A07SV1,Bajaj Finance Ltd.,90000.0,89713.89,4.05,CRISIL AAA,SCBF,SBI AMC,2026-07
INE01XX07034,Pipeline Infrastructure Pvt Ltd.,83000.0,84035.43,3.79,CRISIL AAA,SCBF,SBI AMC,2026-07
INE0FDU07018,Brookfield India Real Estate Trust,70000.0,69191.64,3.12,CRISIL AAA,SCBF,SBI AMC,2026-07
INE115A07QP9,LIC Housing Finance Ltd.,57500.0,57721.2,2.61,CRISIL AAA,SCBF,SBI AMC,2026-07
INE1JAR07036,Knowledge Realty Trust,56000.0,56018.65,2.53,CRISIL AAA,SCBF,SBI AMC,2026-07
INE403D08272,Bharti Telecom Ltd.,46500.0,46138.46,2.08,CRISIL AAA,SCBF,SBI AMC,2026-07
INE936D07182,Jamnagar Utilities & Power Pvt. Ltd.,45000.0,45295.07,2.04,CRISIL AAA,SCBF,SBI AMC,2026-07
INE115A07RJ0,LIC Housing Finance Ltd.,39000.0,39015.6,1.76,CRISIL AAA,SCBF,SBI AMC,2026-07
INE0KXY07034,Vertis Infrastructure Trust,38750.0,38905.08,1.76,CRISIL AAA,SCBF,SBI AMC,2026-07
INE261F08DV4,National Bank for Agriculture and Rural Development,35000.0,35071.12,1.58,CRISIL AAA,SCBF,SBI AMC,2026-07
INE507T07153,Summit Digitel Infrastructure Pvt. Ltd.,33000.0,33093.95,1.49,CRISIL AAA,SCBF,SBI AMC,2026-07
INE403D08314,Bharti Telecom Ltd.,31500.0,31356.77,1.42,CRISIL AAA,SCBF,SBI AMC,2026-07
INE556F08LG1,Small Industries Development Bank of India,30000.0,29932.29,1.35,CRISIL AAA,SCBF,SBI AMC,2026-07
INE535H07CQ1,SMFG India Credit Company Ltd.,30000.0,29549.85,1.33,CRISIL AAA,SCBF,SBI AMC,2026-07
INE00V208132,John Deere Financial India Pvt. Ltd.,27500.0,27324.96,1.23,CRISIL AAA,SCBF,SBI AMC,2026-07
INE020B08FZ9,REC Ltd.,27500.0,27324.63,1.23,[ICRA]AAA,SCBF,SBI AMC,2026-07
INE033L07IN3,Tata Capital Housing Finance Ltd.,27000.0,26818.86,1.21,CRISIL AAA,SCBF,SBI AMC,2026-07
INE033L07IT0,Tata Capital Housing Finance Ltd.,25000.0,25363.73,1.14,CRISIL AAA,SCBF,SBI AMC,2026-07
INE0CCU07181,Mindspace Business Parks Reit,25500.0,25230.06,1.14,[ICRA]AAA,SCBF,SBI AMC,2026-07
INE219X07462,IndiGrid Infrastructure Trust,2500.0,25156.53,1.14,CRISIL AAA,SCBF,SBI AMC,2026-07
INE756I07FR2,HDB Financial Services Ltd.,25000.0,25025.5,1.13,CRISIL AAA,SCBF,SBI AMC,2026-07
INE282H07075,Jio Credit Ltd.,25000.0,24859.6,1.12,CRISIL AAA,SCBF,SBI AMC,2026-07
INE0CCU07199,Mindspace Business Parks Reit,23500.0,23333.34,1.05,[ICRA]AAA,SCBF,SBI AMC,2026-07
INE507T07104,Summit Digitel Infrastructure Pvt. Ltd.,2160.0,22593.19,1.02,CRISIL AAA,SCBF,SBI AMC,2026-07
INE831R07573,Aditya Birla Housing Finance Ltd.,22500.0,22562.75,1.02,CRISIL AAA,SCBF,SBI AMC,2026-07
INE494B08044,TVS Motor Company Ltd.,22500.0,22486.16,1.02,IND AAA,SCBF,SBI AMC,2026-07
INE0NDH07068,Nexus Select Trust,22500.0,22099.05,1.0,CRISIL AAA,SCBF,SBI AMC,2026-07
INE0R8O07036,Sustainable Energy Infra Trust,22500.0,21955.86,0.99,CRISIL AAA,SCBF,SBI AMC,2026-07
INE556F08KT6,Small Industries Development Bank of India,20500.0,20492.83,0.93,CRISIL AAA,SCBF,SBI AMC,2026-07
INE460K08053,RJ Corp Ltd.,20373.0,20132.99,0.91,CRISIL AAA,SCBF,SBI AMC,2026-07
INE0NDH07035,Nexus Select Trust,20000.0,20056.18,0.91,CRISIL AAA,SCBF,SBI AMC,2026-07
INE535H07CU3,SMFG India Credit Company Ltd.,20000.0,19943.84,0.9,CRISIL AAA,SCBF,SBI AMC,2026-07
INE020B08GF9,REC Ltd.,20000.0,19876.42,0.9,CRISIL AAA,SCBF,SBI AMC,2026-07
INE790Z07061,Interise Trust,17500.0,16973.55,0.77,[ICRA]AAA,SCBF,SBI AMC,2026-07
INE0CCU07090,Mindspace Business Parks Reit,16000.0,16049.22,0.72,CRISIL AAA,SCBF,SBI AMC,2026-07
INE0CCU07116,Mindspace Business Parks Reit,13000.0,13155.77,0.59,CRISIL AAA,SCBF,SBI AMC,2026-07
INE403D08231,Bharti Telecom Ltd.,12500.0,12584.5,0.57,CRISIL AAA,SCBF,SBI AMC,2026-07
INE0CCU07132,Mindspace Business Parks Reit,12500.0,12517.83,0.57,[ICRA]AAA,SCBF,SBI AMC,2026-07
INE00V208140,John Deere Financial India Pvt. Ltd.,12500.0,12306.76,0.56,CRISIL AAA,SCBF,SBI AMC,2026-07
INE752E08726,Power Grid Corporation of India Ltd.,15000.0,12116.28,0.55,CRISIL AAA,SCBF,SBI AMC,2026-07
INE153A08113,Mahanagar Telephone Nigam Ltd.,1200.0,11892.34,0.54,IND AAA(CE),SCBF,SBI AMC,2026-07
INE377Y07656,Bajaj Housing Finance Ltd.,10000.0,10196.34,0.46,CRISIL AAA,SCBF,SBI AMC,2026-07
INE219X07447,IndiGrid Infrastructure Trust,10000.0,10106.82,0.46,CRISIL AAA,SCBF,SBI AMC,2026-07
INE752E08742,Power Grid Corporation of India Ltd.,12500.0,10079.91,0.46,CRISIL AAA,SCBF,SBI AMC,2026-07
INE976I07DG4,TATA Capital Ltd.,10000.0,10006.04,0.45,CRISIL AAA,SCBF,SBI AMC,2026-07
INE219X07538,IndiGrid Infrastructure Trust,10000.0,9887.87,0.45,CRISIL AAA,SCBF,SBI AMC,2026-07
INE261F08EO7,National Bank for Agriculture and Rural Development,9500.0,9506.25,0.43,CRISIL AAA,SCBF,SBI AMC,2026-07
INE115A07QC7,LIC Housing Finance Ltd.,850.0,8523.0,0.38,CRISIL AAA,SCBF,SBI AMC,2026-07
INE219X07439,IndiGrid Infrastructure Trust,7500.0,7580.34,0.34,CRISIL AAA,SCBF,SBI AMC,2026-07
INE0CCU07165,Mindspace Business Parks Reit,7500.0,7465.49,0.34,CRISIL AAA,SCBF,SBI AMC,2026-07
INE403D08280,Bharti Telecom Ltd.,7500.0,7398.79,0.33,CRISIL AAA,SCBF,SBI AMC,2026-07
INE377Y07631,Bajaj Housing Finance Ltd.,5000.0,5029.43,0.23,CRISIL AAA,SCBF,SBI AMC,2026-07
INE667F07JA5,Sundaram Home Finance Ltd.,4500.0,4485.98,0.2,[ICRA]AAA,SCBF,SBI AMC,2026-07
INE103D08021,Bharat Sanchar Nigam Ltd.,455.0,4427.07,0.2,CRISIL AAA(CE),SCBF,SBI AMC,2026-07
INE134E08OC3,Power Finance Corporation Ltd.,4348.0,4324.03,0.2,CRISIL AAA,SCBF,SBI AMC,2026-07
INE752E08759,Power Grid Corporation of India Ltd.,5000.0,4011.31,0.18,CRISIL AAA,SCBF,SBI AMC,2026-07
INE556F08KX8,Small Industries Development Bank of India,2500.0,2504.51,0.11,CRISIL AAA,SCBF,SBI AMC,2026-07
INE556F08LC0,Small Industries Development Bank of India,2500.0,2487.71,0.11,CRISIL AAA,SCBF,SBI AMC,2026-07
INE0H7R07066,National Highways Infra Trust,55000.0,31414.41,1.42,IND AAA,SCBF,SBI AMC,2026-07
INE660A07RI7,Sundaram Finance Ltd.,1000.0,13407.63,0.61,CRISIL AAA,SCBF,SBI AMC,2026-07
INE2I7F15012,Siddhivinayak Securitisation Trust (Obligor - Digital Fibre Infrastructure Trust),645.0,63368.93,2.86,CRISIL AAA(SO),SCBF,SBI AMC,2026-07
INE1CBK15037,India Universal Trust AL2 (Obligor - HDFC Bank Ltd.),626.0,57831.56,2.61,CRISIL AAA(SO),SCBF,SBI AMC,2026-07
INE2I7G15010,Shivshakti Securitisation Trust (Obligor - Digital Fibre Infrastructure Trust),585.0,57141.92,2.58,CRISIL AAA(SO),SCBF,SBI AMC,2026-07
INE2I7H15018,Radhakrishna Securitisation Trust (Obligor - Digital Fibre Infrastructure Trust),430.0,41857.79,1.89,CRISIL AAA(SO),SCBF,SBI AMC,2026-07
IN0020260025,6.94% CGL 2036,61500000.0,61973.24,2.8,Sovereign,SCBF,SBI AMC,2026-07
IN0020260033,7.71% CGL 2066,27500000.0,28017.33,1.26,Sovereign,SCBF,SBI AMC,2026-07
IN0020250117,7.43% CGL 2076,14500000.0,14217.29,0.64,Sovereign,SCBF,SBI AMC,2026-07
IN3120260051,7.74% State Government of Tamil Nadu 2036,113706300.0,116108.69,5.24,Sovereign,SCBF,SBI AMC,2026-07
IN1520260051,7.63% State Government of Gujarat 2037,68908500.0,69861.92,3.15,Sovereign,SCBF,SBI AMC,2026-07
IN1520220329,7.73% State Government of Gujarat 2036,10000000.0,10208.95,0.46,Sovereign,SCBF,SBI AMC,2026-07
IN3120260028,7.73% State Government of Tamil Nadu 2036,5000000.0,5101.55,0.23,Sovereign,SCBF,SBI AMC,2026-07
IN1520250177,6.84% State Government of Gujarat 2031,5000000.0,4956.98,0.22,Sovereign,SCBF,SBI AMC,2026-07
IN1020250230,6.87% State Government of Andhra Pradesh 2033,3500000.0,3425.35,0.15,Sovereign,SCBF,SBI AMC,2026-07
IN3120250862,7.24% State Government of Tamil Nadu 2031,2500000.0,2524.12,0.11,Sovereign,SCBF,SBI AMC,2026-07
IN3720220042,7.63% State Government of Jharkhand 2030,300.0,0.31,,Sovereign,SCBF,SBI AMC,2026-07
INE556F16CE8,Small Industries Development Bank of India,14500.0,68279.63,3.08,CRISIL A1+,SCBF,SBI AMC,2026-07
INE028A16LS0,Bank of Baroda,4000.0,19205.48,0.87,IND A1+,SCBF,SBI AMC,2026-07
INE692A16LS3,Union Bank of India,2600.0,12465.28,0.56,[ICRA]A1+,SCBF,SBI AMC,2026-07
INE028A16LG5,Bank of Baroda,2100.0,10145.45,0.46,IND A1+,SCBF,SBI AMC,2026-07
INF0RQ622028,Corporate Debt Market Development Fund-A2,62093.424,7401.95,0.33,CDMDF,SCBF,SBI AMC,2026-07
INE044A01036,Sun Pharmaceutical Industries Ltd.,89652.0,1784.52,8.3,Pharmaceuticals & Biotechnology,SEMVF,SBI AMC,2026-07
INE239A01024,Nestle India Ltd.,115986.0,1750.92,8.14,Food Products,SEMVF,SBI AMC,2026-07
INE437A01024,Apollo Hospitals Enterprise Ltd.,19289.0,1727.72,8.03,Healthcare Services,SEMVF,SBI AMC,2026-07
INE030A01027,Hindustan Unilever Ltd.,60870.0,1279.06,5.95,Diversified FMCG,SEMVF,SBI AMC,2026-07
INE154A01025,ITC Ltd.,402532.0,1131.11,5.26,Diversified FMCG,SEMVF,SBI AMC,2026-07
INE192A01025,Tata Consumer Products Ltd.,99223.0,1074.68,5.0,Agricultural Food & other Products,SEMVF,SBI AMC,2026-07
INE059A01026,Cipla Ltd.,70631.0,1040.54,4.84,Pharmaceuticals & Biotechnology,SEMVF,SBI AMC,2026-07
INE669C01036,Tech Mahindra Ltd.,59253.0,978.44,4.55,IT - Software,SEMVF,SBI AMC,2026-07
INE522F01014,Coal India Ltd.,227082.0,940.46,4.37,Consumable Fuels,SEMVF,SBI AMC,2026-07
INE089A01031,Dr. Reddy's Laboratories Ltd.,56750.0,651.55,3.03,Pharmaceuticals & Biotechnology,SEMVF,SBI AMC,2026-07
INE397D01024,Bharti Airtel Ltd.,21938.0,432.62,2.01,Telecom - Services,SEMVF,SBI AMC,2026-07
INE021A01026,Asian Paints Ltd.,11450.0,314.57,1.46,Consumer Durables,SEMVF,SBI AMC,2026-07
INE860A01027,HCL Technologies Ltd.,19448.0,261.95,1.22,IT - Software,SEMVF,SBI AMC,2026-07
INE917I01010,Bajaj Auto Ltd.,2127.0,245.04,1.14,Automobiles,SEMVF,SBI AMC,2026-07
INE467B01029,Tata Consultancy Services Ltd.,10138.0,239.82,1.11,IT - Software,SEMVF,SBI AMC,2026-07
INE296A01032,Bajaj Finance Ltd.,20589.0,234.96,1.09,Finance,SEMVF,SBI AMC,2026-07
INE918I01026,Bajaj Finserv Ltd.,11299.0,229.27,1.07,Finance,SEMVF,SBI AMC,2026-07
INE280A01028,Titan Company Ltd.,4679.0,228.11,1.06,Consumer Durables,SEMVF,SBI AMC,2026-07
INE009A01021,Infosys Ltd.,20144.0,227.65,1.06,IT - Software,SEMVF,SBI AMC,2026-07
INE758T01015,Eternal Ltd.,74964.0,226.73,1.05,Retailing,SEMVF,SBI AMC,2026-07
INE066A01021,Eicher Motors Ltd.,2892.0,226.54,1.05,Automobiles,SEMVF,SBI AMC,2026-07
INE101A01026,Mahindra & Mahindra Ltd.,6603.0,224.4,1.04,Automobiles,SEMVF,SBI AMC,2026-07
INE758E01017,Jio Financial Services Ltd.,87463.0,224.31,1.04,Finance,SEMVF,SBI AMC,2026-07
INE075A01022,Wipro Ltd.,120502.0,221.3,1.03,IT - Software,SEMVF,SBI AMC,2026-07
INE123W01016,SBI Life Insurance Co. Ltd.,11750.0,221.14,1.03,Insurance,SEMVF,SBI AMC,2026-07
INE019A01038,JSW Steel Ltd.,17133.0,217.59,1.01,Ferrous Metals,SEMVF,SBI AMC,2026-07
INE481G01011,Ultratech Cement Ltd.,1818.0,216.4,1.01,Cement & Cement Products,SEMVF,SBI AMC,2026-07
INE213A01029,Oil & Natural Gas Corporation Ltd.,88860.0,215.51,1.0,Oil,SEMVF,SBI AMC,2026-07
INE038A01020,Hindalco Industries Ltd.,22090.0,215.26,1.0,Non - Ferrous Metals,SEMVF,SBI AMC,2026-07
INE090A01021,ICICI Bank Ltd.,14977.0,214.98,1.0,Banks,SEMVF,SBI AMC,2026-07
INE081A01020,Tata Steel Ltd.,111725.0,211.93,0.99,Ferrous Metals,SEMVF,SBI AMC,2026-07
INE002A01018,Reliance Industries Ltd.,16085.0,210.36,0.98,Petroleum Products,SEMVF,SBI AMC,2026-07
INE585B01010,Maruti Suzuki India Ltd.,1461.0,207.96,0.97,Automobiles,SEMVF,SBI AMC,2026-07
INE752E01010,Power Grid Corporation of India Ltd.,72753.0,206.8,0.96,Power,SEMVF,SBI AMC,2026-07
INE155A01022,Tata Motors Passenger Vehicles Ltd.,60608.0,205.92,0.96,Automobiles,SEMVF,SBI AMC,2026-07
INE721A01047,Shriram Finance Ltd.,19656.0,205.74,0.96,Finance,SEMVF,SBI AMC,2026-07
INE047A01021,Grasim Industries Ltd.,6616.0,205.15,0.95,Cement & Cement Products,SEMVF,SBI AMC,2026-07
INE237A01036,Kotak Mahindra Bank Ltd.,52510.0,204.95,0.95,Banks,SEMVF,SBI AMC,2026-07
INE062A01020,State Bank of India,19939.0,204.85,0.95,Banks,SEMVF,SBI AMC,2026-07
INE027H01010,Max Healthcare Institute Ltd.,18598.0,204.3,0.95,Healthcare Services,SEMVF,SBI AMC,2026-07
INE018A01030,Larsen & Toubro Ltd.,5165.0,203.44,0.95,Construction,SEMVF,SBI AMC,2026-07
INE733E01010,NTPC Ltd.,58527.0,203.24,0.94,Power,SEMVF,SBI AMC,2026-07
INE795G01014,HDFC Life Insurance Company Ltd.,36698.0,201.29,0.94,Insurance,SEMVF,SBI AMC,2026-07
INE646L01027,Interglobe Aviation Ltd.,3851.0,199.14,0.93,Transport Services,SEMVF,SBI AMC,2026-07
INE423A01024,Adani Enterprises Ltd.,6599.0,198.6,0.92,Metals & Minerals Trading,SEMVF,SBI AMC,2026-07
INE040A01034,HDFC Bank Ltd.,26344.0,197.09,0.92,Banks,SEMVF,SBI AMC,2026-07
INE263A01024,Bharat Electronics Ltd.,50518.0,195.93,0.91,Aerospace & Defense,SEMVF,SBI AMC,2026-07
INE849A01020,Trent Ltd.,6320.0,189.97,0.88,Retailing,SEMVF,SBI AMC,2026-07
INE238A01034,Axis Bank Ltd.,15388.0,189.2,0.88,Banks,SEMVF,SBI AMC,2026-07
INE742F01042,Adani Ports and Special Economic Zone Ltd.,11134.0,188.89,0.88,Transport Infrastructure,SEMVF,SBI AMC,2026-07
IN0020150069,7.59% CGL 2029,325000.0,335.08,6.42,Sovereign,SFMP- Series 1,SBI AMC,2026-07
IN1520180317,8.35% State Government of Gujarat 2029,500000.0,517.67,9.92,Sovereign,SFMP- Series 1,SBI AMC,2026-07
IN3320180182,8.39% State Government of Uttar Pradesh 2029,500000.0,517.32,9.91,Sovereign,SFMP- Series 1,SBI AMC,2026-07
IN1520180325,8.30% State Government of Gujarat 2029,500000.0,517.19,9.91,Sovereign,SFMP- Series 1,SBI AMC,2026-07
IN1320180079,8.39% State Government of Bihar 2029,500000.0,517.13,9.91,Sovereign,SFMP- Series 1,SBI AMC,2026-07
IN1920180222,8.06% State Government of Karnataka 2029,500000.0,514.54,9.86,Sovereign,SFMP- Series 1,SBI AMC,2026-07
IN1520180341,8.05% State Government of Gujarat 2029,400000.0,411.54,7.88,Sovereign,SFMP- Series 1,SBI AMC,2026-07
IN001228C070,GOI 16.12.2028 GOV,600000.0,517.2,9.91,Sovereign,SFMP- Series 1,SBI AMC,2026-07
IN001128C023,GOI 06.11.2028 GOV,328800.0,285.49,5.47,Sovereign,SFMP- Series 1,SBI AMC,2026-07
IN000329C044,GOI 19.03.2029 GOV,310000.0,262.53,5.03,Sovereign,SFMP- Series 1,SBI AMC,2026-07
IN000628C049,GOI 12.06.2028 GOV,278000.0,247.96,4.75,Sovereign,SFMP- Series 1,SBI AMC,2026-07
IN000229C020,GOI 22.02.2029 GOV,250000.0,212.77,4.08,Sovereign,SFMP- Series 1,SBI AMC,2026-07
IN001228C047,GOI 12.12.2028 GOV,125000.0,107.83,2.07,Sovereign,SFMP- Series 1,SBI AMC,2026-07
IN000329C051,GOI 12.03.2029 GOV,110400.0,93.62,1.79,Sovereign,SFMP- Series 1,SBI AMC,2026-07
IN0020220011,7.10% CGL 2029,129500.0,132.18,3.51,Sovereign,SFMP- Series 6,SBI AMC,2026-07
IN0020150069,7.59% CGL 2029,100000.0,103.1,2.73,Sovereign,SFMP- Series 6,SBI AMC,2026-07
IN1320180079,8.39% State Government of Bihar 2029,1000000.0,1034.27,27.43,Sovereign,SFMP- Series 6,SBI AMC,2026-07
IN3320180182,8.39% State Government of Uttar Pradesh 2029,500000.0,517.32,13.72,Sovereign,SFMP- Series 6,SBI AMC,2026-07
IN2920190021,8.15% State Government of Rajasthan 2029,500000.0,514.7,13.65,Sovereign,SFMP- Series 6,SBI AMC,2026-07
IN1920180214,8.16% State Government of Karnataka 2029,94400.0,97.35,2.58,Sovereign,SFMP- Series 6,SBI AMC,2026-07
IN000229C020,GOI 22.02.2029 GOV,250000.0,212.77,5.64,Sovereign,SFMP- Series 6,SBI AMC,2026-07
IN000529C023,GOI 06.05.2029 GOV,250000.0,209.89,5.57,Sovereign,SFMP- Series 6,SBI AMC,2026-07
IN000628C049,GOI 12.06.2028 GOV,197000.0,175.71,4.66,Sovereign,SFMP- Series 6,SBI AMC,2026-07
IN001228C070,GOI 16.12.2028 GOV,200000.0,172.4,4.57,Sovereign,SFMP- Series 6,SBI AMC,2026-07
IN001228C039,GOI 17.12.2028 GOV,200000.0,172.37,4.57,Sovereign,SFMP- Series 6,SBI AMC,2026-07
IN001228C096,GOI 19.12.2028 GOV,185000.0,159.38,4.23,Sovereign,SFMP- Series 6,SBI AMC,2026-07
IN001228C047,GOI 12.12.2028 GOV,175000.0,150.96,4.0,Sovereign,SFMP- Series 6,SBI AMC,2026-07
IN0020230036,7.17% CGL 2030,100000.0,102.53,3.43,Sovereign,SFMP- Series 34,SBI AMC,2026-07
IN0020150069,7.59% CGL 2029,75000.0,77.33,2.59,Sovereign,SFMP- Series 34,SBI AMC,2026-07
IN2920190443,6.84% State Government of Rajasthan 2030,1950000.0,1940.49,64.95,Sovereign,SFMP- Series 34,SBI AMC,2026-07
IN000929C041,GOI 19.09.2029 GOV,315000.0,256.97,8.6,Sovereign,SFMP- Series 34,SBI AMC,2026-07
IN000628C049,GOI 12.06.2028 GOV,200000.0,178.39,5.97,Sovereign,SFMP- Series 34,SBI AMC,2026-07
IN000430C032,GOI 22.04.2030 GOV,150000.0,117.49,3.93,Sovereign,SFMP- Series 34,SBI AMC,2026-07
IN000529C023,GOI 06.05.2029 GOV,125000.0,104.94,3.51,Sovereign,SFMP- Series 34,SBI AMC,2026-07
IN001229C052,GOI 15.12.2029 GOV,125000.0,100.29,3.36,Sovereign,SFMP- Series 34,SBI AMC,2026-07
INE062A01020,State Bank of India,3600000.0,36986.4,5.06,Banks,SMCBF-IP,SBI AMC,2026-07
INE085J01014,Thangamayil Jewellery Ltd.,700000.0,36585.5,5.0,Consumer Durables,SMCBF-IP,SBI AMC,2026-07
INE423A01024,Adani Enterprises Ltd.,1000000.0,30095.0,4.12,Metals & Minerals Trading,SMCBF-IP,SBI AMC,2026-07
INE237A01036,Kotak Mahindra Bank Ltd.,7000000.0,27321.0,3.74,Banks,SMCBF-IP,SBI AMC,2026-07
INE073K01018,Sona Blw Precision Forgings Ltd.,3300000.0,25390.2,3.47,Auto Components,SMCBF-IP,SBI AMC,2026-07
INE473B01035,Hatsun Agro Product Ltd.,2770000.0,24525.58,3.36,Food Products,SMCBF-IP,SBI AMC,2026-07
INE414G01012,Muthoot Finance Ltd.,770000.0,24020.92,3.29,Finance,SMCBF-IP,SBI AMC,2026-07
INE296A01032,Bajaj Finance Ltd.,2100000.0,23965.2,3.28,Finance,SMCBF-IP,SBI AMC,2026-07
INE947N01017,Aequs Ltd.,10000000.0,22916.0,3.13,Aerospace & Defense,SMCBF-IP,SBI AMC,2026-07
INE121R01077,Amagi Media Labs Ltd.,3499970.0,22774.3,3.12,IT - Services,SMCBF-IP,SBI AMC,2026-07
INE959A01019,Privi Speciality Chemicals Ltd.,611360.0,22113.5,3.03,Chemicals & Petrochemicals,SMCBF-IP,SBI AMC,2026-07
INE797F01020,Jubilant Foodworks Ltd.,5000000.0,21912.5,3.0,Leisure Services,SMCBF-IP,SBI AMC,2026-07
INE090A01021,ICICI Bank Ltd.,1500000.0,21531.0,2.95,Banks,SMCBF-IP,SBI AMC,2026-07
INE321T01012,Doms Industries Ltd.,932800.0,21081.28,2.88,Household Products,SMCBF-IP,SBI AMC,2026-07
INE424H01027,Sun TV Network Ltd.,3876535.0,19718.0,2.7,Entertainment,SMCBF-IP,SBI AMC,2026-07
INE227J01012,Kalpataru Ltd.,5583650.0,16630.9,2.28,Realty,SMCBF-IP,SBI AMC,2026-07
INE921L01032,Powerica Ltd.,3131088.0,16582.24,2.27,Electrical Equipment,SMCBF-IP,SBI AMC,2026-07
INE782A01015,Bosch Home Comfort India Ltd.,1100000.0,15304.3,2.09,Consumer Durables,SMCBF-IP,SBI AMC,2026-07
INE671A01010,Honeywell Automation India Ltd.,40000.0,15262.0,2.09,Industrial Manufacturing,SMCBF-IP,SBI AMC,2026-07
INE331A01037,The Ramco Cements Ltd.,1564055.0,14361.94,1.96,Cement & Cement Products,SMCBF-IP,SBI AMC,2026-07
INE019A01038,JSW Steel Ltd.,1100000.0,13970.0,1.91,Ferrous Metals,SMCBF-IP,SBI AMC,2026-07
INE0HV901016,Le Travenues Technology Ltd.,7000000.0,13833.4,1.89,Leisure Services,SMCBF-IP,SBI AMC,2026-07
INE930H01031,K.P.R. Mill Ltd.,1300000.0,13647.4,1.87,Textiles & Apparels,SMCBF-IP,SBI AMC,2026-07
INE0JPD01013,Sanathan Textiles Ltd.,2855012.0,13559.88,1.85,Textiles & Apparels,SMCBF-IP,SBI AMC,2026-07
INE439A01020,Asahi India Glass Ltd.,1538843.0,13488.73,1.85,Auto Components,SMCBF-IP,SBI AMC,2026-07
INE274Y01021,Ajax Engineering Ltd.,2225742.0,12912.64,1.77,"Agricultural, Commercial & Construction Vehicles",SMCBF-IP,SBI AMC,2026-07
INE021O01019,Dodla Dairy Ltd.,900000.0,9365.4,1.28,Food Products,SMCBF-IP,SBI AMC,2026-07
INE048G01026,Navin Fluorine International Ltd.,118061.0,8934.27,1.22,Chemicals & Petrochemicals,SMCBF-IP,SBI AMC,2026-07
INE126A01031,E.I.D-Parry (India) Ltd.,900000.0,6840.45,0.94,Food Products,SMCBF-IP,SBI AMC,2026-07
INE131B01039,Relaxo Footwears Ltd.,1466450.0,5923.72,0.81,Consumer Durables,SMCBF-IP,SBI AMC,2026-07
INE066O01014,Wonderla Holidays Ltd.,1000000.0,4777.0,0.65,Leisure Services,SMCBF-IP,SBI AMC,2026-07
INE03NU01014,Brigade Hotel Ventures Ltd.,5379967.0,3198.39,0.44,Leisure Services,SMCBF-IP,SBI AMC,2026-07
INE979B01015,Hawkins Cookers Ltd.,35000.0,2992.33,0.41,Consumer Durables,SMCBF-IP,SBI AMC,2026-07
INE428V01029,Nephrocare Health Service Pvt. Ltd.,392334.0,2674.34,0.37,Healthcare Services,SMCBF-IP,SBI AMC,2026-07
INE551D01018,Pakka Ltd.,2977315.0,2107.64,0.29,"Paper, Forest & Jute Products",SMCBF-IP,SBI AMC,2026-07
INE050401020,Elin Electronics Ltd.,92791.0,93.35,0.01,Consumer Durables,SMCBF-IP,SBI AMC,2026-07
INE020B08EW9,REC Ltd.,2000.0,2003.6,0.27,CRISIL AAA,SMCBF-IP,SBI AMC,2026-07
IN002025Z344,364 DAY T-BILL 19.11.26,1000000.0,984.02,0.13,Sovereign,SMCBF-IP,SBI AMC,2026-07
INE261F08EI9,National Bank for Agriculture and Rural Development,5000.0,5013.45,7.32,[ICRA]AAA,SFRDF,SBI AMC,2026-07
INE403D08272,Bharti Telecom Ltd.,4000.0,3968.9,5.79,CRISIL AAA,SFRDF,SBI AMC,2026-07
INE976I07DC3,TATA Capital Ltd.,3000.0,3008.13,4.39,[ICRA]AAA,SFRDF,SBI AMC,2026-07
INE831R07607,Aditya Birla Housing Finance Ltd.,3000.0,2987.51,4.36,CRISIL AAA,SFRDF,SBI AMC,2026-07
IN0020260033,7.71% CGL 2066,2000000.0,2037.62,2.97,Sovereign,SFRDF,SBI AMC,2026-07
IN0020250067,6.01% CGL 2030,1000000.0,986.99,1.44,Sovereign,SFRDF,SBI AMC,2026-07
IN0020250018,6.90% CGL 2065,1000000.0,914.3,1.33,Sovereign,SFRDF,SBI AMC,2026-07
IN0020240076,7.02% CGL 2031,500000.0,512.26,0.75,Sovereign,SFRDF,SBI AMC,2026-07
IN1520250177,6.84% State Government of Gujarat 2031,8000000.0,7931.16,11.58,Sovereign,SFRDF,SBI AMC,2026-07
IN1520220188,7.57% State Government of Gujarat 2031,5000000.0,5116.1,7.47,Sovereign,SFRDF,SBI AMC,2026-07
IN3120210163,7.00% State Government of Tamil Nadu 2031,4500000.0,4496.49,6.56,Sovereign,SFRDF,SBI AMC,2026-07
IN3020250079,7.87% State Government of Sikkim 2036,3285900.0,3363.3,4.91,Sovereign,SFRDF,SBI AMC,2026-07
IN2220220155,7.57% State Government of Maharashtra 2031,2500000.0,2554.93,3.73,Sovereign,SFRDF,SBI AMC,2026-07
IN1520210106,6.84% State Government of Gujarat 2031,2500000.0,2482.01,3.62,Sovereign,SFRDF,SBI AMC,2026-07
INE660A14YZ3,Sundaram Finance Ltd.,1000.0,4826.72,7.05,CRISIL A1+,SFRDF,SBI AMC,2026-07
INE238AD6CA3,Axis Bank Ltd.,1000.0,4874.09,7.12,CRISIL A1+,SFRDF,SBI AMC,2026-07
INE028A16LG5,Bank of Baroda,900.0,4348.05,6.35,IND A1+,SFRDF,SBI AMC,2026-07
INE476A16G44,Canara Bank,800.0,3864.84,5.64,CRISIL A1+,SFRDF,SBI AMC,2026-07
INF0RQ622028,Corporate Debt Market Development Fund-A2,4940.353,588.92,0.86,CDMDF,SFRDF,SBI AMC,2026-07
INE009A01021,Infosys Ltd.,214801.0,2427.47,29.2,IT - Software,SBIETFIT,SBI AMC,2026-07
INE467B01029,Tata Consultancy Services Ltd.,71232.0,1685.06,20.27,IT - Software,SBIETFIT,SBI AMC,2026-07
INE860A01027,HCL Technologies Ltd.,73556.0,990.73,11.92,IT - Software,SBIETFIT,SBI AMC,2026-07
INE669C01036,Tech Mahindra Ltd.,54533.0,900.5,10.83,IT - Software,SBIETFIT,SBI AMC,2026-07
INE262H01021,Persistent Systems Ltd.,9330.0,517.72,6.23,IT - Software,SBIETFIT,SBI AMC,2026-07
INE591G01025,Coforge Ltd.,29885.0,514.32,6.19,IT - Software,SBIETFIT,SBI AMC,2026-07
INE075A01022,Wipro Ltd.,232549.0,427.08,5.14,IT - Software,SBIETFIT,SBI AMC,2026-07
INE214T01019,LTM Ltd.,7974.0,347.83,4.18,IT - Software,SBIETFIT,SBI AMC,2026-07
INE356A01018,Mphasis Ltd.,11367.0,266.25,3.2,IT - Software,SBIETFIT,SBI AMC,2026-07
INE881D01027,Oracle Financial Services Software Ltd.,2047.0,228.98,2.75,IT - Software,SBIETFIT,SBI AMC,2026-07
INE090A01021,ICICI Bank Ltd.,1007042.0,14455.08,22.13,Banks,SBIETFPB,SBI AMC,2026-07
INE040A01034,HDFC Bank Ltd.,1743902.0,13047.0,19.97,Banks,SBIETFPB,SBI AMC,2026-07
INE237A01036,Kotak Mahindra Bank Ltd.,3280054.0,12802.05,19.6,Banks,SBIETFPB,SBI AMC,2026-07
INE238A01034,Axis Bank Ltd.,968794.0,11911.32,18.24,Banks,SBIETFPB,SBI AMC,2026-07
INE171A01029,The Federal Bank Ltd.,1098040.0,3940.32,6.03,Banks,SBIETFPB,SBI AMC,2026-07
INE095A01012,IndusInd Bank Ltd.,293434.0,2970.87,4.55,Banks,SBIETFPB,SBI AMC,2026-07
INE092T01019,IDFC First Bank Ltd.,2955846.0,2503.01,3.83,Banks,SBIETFPB,SBI AMC,2026-07
INE528G01035,Yes Bank Ltd.,7825295.0,1781.82,2.73,Banks,SBIETFPB,SBI AMC,2026-07
INE976G01028,RBL Bank Ltd.,275340.0,1033.9,1.58,Banks,SBIETFPB,SBI AMC,2026-07
INE545U01014,Bandhan Bank Ltd.,406445.0,707.74,1.08,Banks,SBIETFPB,SBI AMC,2026-07
INE040A01034,HDFC Bank Ltd.,2651760.0,19839.14,6.28,Banks,SRBF-AP,SBI AMC,2026-07
INE090A01021,ICICI Bank Ltd.,1306300.0,18750.63,5.94,Banks,SRBF-AP,SBI AMC,2026-07
INE018A01030,Larsen & Toubro Ltd.,314899.0,12403.56,3.93,Construction,SRBF-AP,SBI AMC,2026-07
INE062A01020,State Bank of India,1152820.0,11844.07,3.75,Banks,SRBF-AP,SBI AMC,2026-07
INE585B01010,Maruti Suzuki India Ltd.,75600.0,10760.9,3.41,Automobiles,SRBF-AP,SBI AMC,2026-07
INE481G01011,Ultratech Cement Ltd.,72300.0,8605.87,2.72,Cement & Cement Products,SRBF-AP,SBI AMC,2026-07
INE238A01034,Axis Bank Ltd.,665000.0,8176.18,2.59,Banks,SRBF-AP,SBI AMC,2026-07
INE296A01032,Bajaj Finance Ltd.,715000.0,8159.58,2.58,Finance,SRBF-AP,SBI AMC,2026-07
INE009A01021,Infosys Ltd.,714091.0,8069.94,2.55,IT - Software,SRBF-AP,SBI AMC,2026-07
INE237A01036,Kotak Mahindra Bank Ltd.,1960000.0,7649.88,2.42,Banks,SRBF-AP,SBI AMC,2026-07
INE494B01023,TVS Motor Company Ltd.,157000.0,6771.57,2.14,Automobiles,SRBF-AP,SBI AMC,2026-07
INE718I01012,JSW Cement Ltd.,4720209.0,6282.6,1.99,Cement & Cement Products,SRBF-AP,SBI AMC,2026-07
INE880J01026,JSW Infrastructure Ltd.,1999000.0,6244.88,1.98,Transport Infrastructure,SRBF-AP,SBI AMC,2026-07
INE736A01011,Central Depository Services (I) Ltd.,455000.0,6065.15,1.92,Capital Markets,SRBF-AP,SBI AMC,2026-07
INE513A01022,Schaeffler India Ltd.,148000.0,6037.22,1.91,Auto Components,SRBF-AP,SBI AMC,2026-07
INE0CAZ01013,Urban Company Ltd.,4646117.0,6011.61,1.9,Retailing,SRBF-AP,SBI AMC,2026-07
INE325A01013,Timken India Ltd.,191000.0,6007.71,1.9,Industrial Products,SRBF-AP,SBI AMC,2026-07
INE0CZ201020,Anthem Biosciences Ltd.,742116.0,6005.2,1.9,Pharmaceuticals & Biotechnology,SRBF-AP,SBI AMC,2026-07
INE361B01024,Divi's Laboratories Ltd.,69000.0,5558.64,1.76,Pharmaceuticals & Biotechnology,SRBF-AP,SBI AMC,2026-07
INE048G01026,Navin Fluorine International Ltd.,73000.0,5524.28,1.75,Chemicals & Petrochemicals,SRBF-AP,SBI AMC,2026-07
INE021A01026,Asian Paints Ltd.,190000.0,5219.87,1.65,Consumer Durables,SRBF-AP,SBI AMC,2026-07
INE388Y01029,FSN E-Commerce Ventures Ltd.,1522008.0,5074.37,1.61,Retailing,SRBF-AP,SBI AMC,2026-07
INE918I01026,Bajaj Finserv Ltd.,250000.0,5072.75,1.61,Finance,SRBF-AP,SBI AMC,2026-07
INE073K01018,Sona Blw Precision Forgings Ltd.,647659.0,4983.09,1.58,Auto Components,SRBF-AP,SBI AMC,2026-07
INE117A01022,ABB India Ltd.,66940.0,4876.24,1.54,Electrical Equipment,SRBF-AP,SBI AMC,2026-07
INE536A01023,Grindwell Norton Ltd.,227615.0,4825.89,1.53,Industrial Products,SRBF-AP,SBI AMC,2026-07
INE152A01029,Thermax Ltd.,106000.0,4564.36,1.44,Electrical Equipment,SRBF-AP,SBI AMC,2026-07
INE342J01019,ZF Commercial Vehicle Control Systems India Ltd.,184680.0,4465.38,1.41,Auto Components,SRBF-AP,SBI AMC,2026-07
INE053A01029,The Indian Hotels Company Ltd.,600000.0,4431.3,1.4,Leisure Services,SRBF-AP,SBI AMC,2026-07
INE622W01025,Acme Solar Holdings Ltd.,1221825.0,4430.34,1.4,Power,SRBF-AP,SBI AMC,2026-07
INE318A01026,Pidilite Industries Ltd.,270000.0,4350.78,1.38,Chemicals & Petrochemicals,SRBF-AP,SBI AMC,2026-07
INE484J01027,Godrej Properties Ltd.,205000.0,4316.69,1.37,Realty,SRBF-AP,SBI AMC,2026-07
INE797F01020,Jubilant Foodworks Ltd.,950000.0,4163.38,1.32,Leisure Services,SRBF-AP,SBI AMC,2026-07
INE671A01010,Honeywell Automation India Ltd.,10300.0,3929.97,1.24,Industrial Manufacturing,SRBF-AP,SBI AMC,2026-07
INE271C01023,DLF Ltd.,585000.0,3856.91,1.22,Realty,SRBF-AP,SBI AMC,2026-07
INE0QPI01025,Sudeep Pharma Ltd.,437500.0,3854.59,1.22,Chemicals & Petrochemicals,SRBF-AP,SBI AMC,2026-07
INE119A01028,Balrampur Chini Mills Ltd.,625000.0,3663.75,1.16,Agricultural Food & other Products,SRBF-AP,SBI AMC,2026-07
INE093I01010,Oberoi Realty Ltd.,197808.0,3615.34,1.14,Realty,SRBF-AP,SBI AMC,2026-07
INE463A01038,Berger Paints India Ltd.,680000.0,3539.06,1.12,Consumer Durables,SRBF-AP,SBI AMC,2026-07
INE813H01021,Torrent Power Ltd.,250000.0,3533.25,1.12,Power,SRBF-AP,SBI AMC,2026-07
INE956O01016,Lenskart Solutions Ltd.,628068.0,3525.97,1.12,Retailing,SRBF-AP,SBI AMC,2026-07
INE226A01021,Voltas Ltd.,265000.0,3521.59,1.11,Consumer Durables,SRBF-AP,SBI AMC,2026-07
INE646L01027,Interglobe Aviation Ltd.,68000.0,3516.28,1.11,Transport Services,SRBF-AP,SBI AMC,2026-07
INE376G01013,Biocon Ltd.,805000.0,3426.89,1.08,Pharmaceuticals & Biotechnology,SRBF-AP,SBI AMC,2026-07
INE756I01012,HDB Financial Services Ltd.,469332.0,3221.26,1.02,Finance,SRBF-AP,SBI AMC,2026-07
INE214T01019,LTM Ltd.,73000.0,3184.33,1.01,IT - Software,SRBF-AP,SBI AMC,2026-07
INE761H01022,Page Industries Ltd.,7880.0,3181.55,1.01,Textiles & Apparels,SRBF-AP,SBI AMC,2026-07
INE284A01012,ESAB India Ltd.,51633.0,2906.16,0.92,Industrial Products,SRBF-AP,SBI AMC,2026-07
INE726G01019,ICICI Prudential Life Insurance Company Ltd.,555000.0,2860.47,0.91,Insurance,SRBF-AP,SBI AMC,2026-07
INE217B01036,Kajaria Ceramics Ltd.,194588.0,2331.75,0.74,Consumer Durables,SRBF-AP,SBI AMC,2026-07
INE450D01021,Pitti Engineering Ltd.,250889.0,2319.47,0.73,Industrial Manufacturing,SRBF-AP,SBI AMC,2026-07
INE120A01034,Carborundum Universal Ltd.,210000.0,2233.98,0.71,Industrial Products,SRBF-AP,SBI AMC,2026-07
INE03NU01014,Brigade Hotel Ventures Ltd.,3667438.0,2180.29,0.69,Leisure Services,SRBF-AP,SBI AMC,2026-07
INE031A08681,Housing and Urban Development Corporation Ltd.,50.0,515.45,0.16,[ICRA]AAA,SRBF-AP,SBI AMC,2026-07
INE494B04019,TVS Motor Company Ltd.,628000.0,65.63,0.02,CARE A1+,SRBF-AP,SBI AMC,2026-07
IN0020180041,6.64% CGL 2031,100000.0,102.66,0.03,Sovereign,SRBF-AP,SBI AMC,2026-07
INE040A01034,HDFC Bank Ltd.,1164296.0,8710.68,5.35,Banks,SRBF-AHP,SBI AMC,2026-07
INE090A01021,ICICI Bank Ltd.,555000.0,7966.47,4.89,Banks,SRBF-AHP,SBI AMC,2026-07
INE018A01030,Larsen & Toubro Ltd.,135584.0,5340.52,3.28,Construction,SRBF-AHP,SBI AMC,2026-07
INE062A01020,State Bank of India,478460.0,4915.7,3.02,Banks,SRBF-AHP,SBI AMC,2026-07
INE585B01010,Maruti Suzuki India Ltd.,32600.0,4640.28,2.85,Automobiles,SRBF-AHP,SBI AMC,2026-07
INE481G01011,Ultratech Cement Ltd.,33400.0,3975.6,2.44,Cement & Cement Products,SRBF-AHP,SBI AMC,2026-07
INE009A01021,Infosys Ltd.,318906.0,3603.96,2.21,IT - Software,SRBF-AHP,SBI AMC,2026-07
INE238A01034,Axis Bank Ltd.,291300.0,3581.53,2.2,Banks,SRBF-AHP,SBI AMC,2026-07
INE296A01032,Bajaj Finance Ltd.,310000.0,3537.72,2.17,Finance,SRBF-AHP,SBI AMC,2026-07
INE237A01036,Kotak Mahindra Bank Ltd.,835000.0,3259.01,2.0,Banks,SRBF-AHP,SBI AMC,2026-07
INE494B01023,TVS Motor Company Ltd.,70000.0,3019.17,1.85,Automobiles,SRBF-AHP,SBI AMC,2026-07
INE718I01012,JSW Cement Ltd.,2021010.0,2689.96,1.65,Cement & Cement Products,SRBF-AHP,SBI AMC,2026-07
INE325A01013,Timken India Ltd.,84000.0,2642.14,1.62,Industrial Products,SRBF-AHP,SBI AMC,2026-07
INE0CAZ01013,Urban Company Ltd.,2019515.0,2613.05,1.6,Retailing,SRBF-AHP,SBI AMC,2026-07
INE880J01026,JSW Infrastructure Ltd.,827500.0,2585.11,1.59,Transport Infrastructure,SRBF-AHP,SBI AMC,2026-07
INE736A01011,Central Depository Services (I) Ltd.,188000.0,2506.04,1.54,Capital Markets,SRBF-AHP,SBI AMC,2026-07
INE513A01022,Schaeffler India Ltd.,61400.0,2504.63,1.54,Auto Components,SRBF-AHP,SBI AMC,2026-07
INE0CZ201020,Anthem Biosciences Ltd.,305000.0,2468.06,1.52,Pharmaceuticals & Biotechnology,SRBF-AHP,SBI AMC,2026-07
INE048G01026,Navin Fluorine International Ltd.,32000.0,2421.6,1.49,Chemicals & Petrochemicals,SRBF-AHP,SBI AMC,2026-07
INE361B01024,Divi's Laboratories Ltd.,28800.0,2320.13,1.42,Pharmaceuticals & Biotechnology,SRBF-AHP,SBI AMC,2026-07
INE073K01018,Sona Blw Precision Forgings Ltd.,299732.0,2306.14,1.42,Auto Components,SRBF-AHP,SBI AMC,2026-07
INE021A01026,Asian Paints Ltd.,83000.0,2280.26,1.4,Consumer Durables,SRBF-AHP,SBI AMC,2026-07
INE536A01023,Grindwell Norton Ltd.,104694.0,2219.72,1.36,Industrial Products,SRBF-AHP,SBI AMC,2026-07
INE918I01026,Bajaj Finserv Ltd.,109000.0,2211.72,1.36,Finance,SRBF-AHP,SBI AMC,2026-07
INE388Y01029,FSN E-Commerce Ventures Ltd.,640024.0,2133.84,1.31,Retailing,SRBF-AHP,SBI AMC,2026-07
INE342J01019,ZF Commercial Vehicle Control Systems India Ltd.,81790.0,1977.6,1.21,Auto Components,SRBF-AHP,SBI AMC,2026-07
INE152A01029,Thermax Ltd.,45500.0,1959.23,1.2,Electrical Equipment,SRBF-AHP,SBI AMC,2026-07
INE053A01029,The Indian Hotels Company Ltd.,260000.0,1920.23,1.18,Leisure Services,SRBF-AHP,SBI AMC,2026-07
INE318A01026,Pidilite Industries Ltd.,117000.0,1885.34,1.16,Chemicals & Petrochemicals,SRBF-AHP,SBI AMC,2026-07
INE622W01025,Acme Solar Holdings Ltd.,514132.0,1864.24,1.14,Power,SRBF-AHP,SBI AMC,2026-07
INE797F01020,Jubilant Foodworks Ltd.,415000.0,1818.74,1.12,Leisure Services,SRBF-AHP,SBI AMC,2026-07
INE119A01028,Balrampur Chini Mills Ltd.,300000.0,1758.6,1.08,Agricultural Food & other Products,SRBF-AHP,SBI AMC,2026-07
INE671A01010,Honeywell Automation India Ltd.,4600.0,1755.13,1.08,Industrial Manufacturing,SRBF-AHP,SBI AMC,2026-07
INE0QPI01025,Sudeep Pharma Ltd.,187500.0,1651.97,1.01,Chemicals & Petrochemicals,SRBF-AHP,SBI AMC,2026-07
INE093I01010,Oberoi Realty Ltd.,85971.0,1571.29,0.96,Realty,SRBF-AHP,SBI AMC,2026-07
INE463A01038,Berger Paints India Ltd.,300000.0,1561.35,0.96,Consumer Durables,SRBF-AHP,SBI AMC,2026-07
INE813H01021,Torrent Power Ltd.,110000.0,1554.63,0.95,Power,SRBF-AHP,SBI AMC,2026-07
INE226A01021,Voltas Ltd.,115000.0,1528.24,0.94,Consumer Durables,SRBF-AHP,SBI AMC,2026-07
INE646L01027,Interglobe Aviation Ltd.,29000.0,1499.59,0.92,Transport Services,SRBF-AHP,SBI AMC,2026-07
INE956O01016,Lenskart Solutions Ltd.,263000.0,1476.48,0.91,Retailing,SRBF-AHP,SBI AMC,2026-07
INE484J01027,Godrej Properties Ltd.,70000.0,1473.99,0.9,Realty,SRBF-AHP,SBI AMC,2026-07
INE376G01013,Biocon Ltd.,345000.0,1468.67,0.9,Pharmaceuticals & Biotechnology,SRBF-AHP,SBI AMC,2026-07
INE117A01022,ABB India Ltd.,19931.0,1451.87,0.89,Electrical Equipment,SRBF-AHP,SBI AMC,2026-07
INE761H01022,Page Industries Ltd.,3400.0,1372.75,0.84,Textiles & Apparels,SRBF-AHP,SBI AMC,2026-07
INE271C01023,DLF Ltd.,205000.0,1351.57,0.83,Realty,SRBF-AHP,SBI AMC,2026-07
INE726G01019,ICICI Prudential Life Insurance Company Ltd.,245000.0,1262.73,0.78,Insurance,SRBF-AHP,SBI AMC,2026-07
INE214T01019,LTM Ltd.,28000.0,1221.39,0.75,IT - Software,SRBF-AHP,SBI AMC,2026-07
INE284A01012,ESAB India Ltd.,20831.0,1172.47,0.72,Industrial Products,SRBF-AHP,SBI AMC,2026-07
INE120A01034,Carborundum Universal Ltd.,110000.0,1170.18,0.72,Industrial Products,SRBF-AHP,SBI AMC,2026-07
INE450D01021,Pitti Engineering Ltd.,114868.0,1061.95,0.65,Industrial Manufacturing,SRBF-AHP,SBI AMC,2026-07
INE756I01012,HDB Financial Services Ltd.,150000.0,1029.53,0.63,Finance,SRBF-AHP,SBI AMC,2026-07
INE217B01036,Kajaria Ceramics Ltd.,81005.0,970.68,0.6,Consumer Durables,SRBF-AHP,SBI AMC,2026-07
INE03NU01014,Brigade Hotel Ventures Ltd.,1551104.0,922.13,0.57,Leisure Services,SRBF-AHP,SBI AMC,2026-07
INE031A08681,Housing and Urban Development Corporation Ltd.,50.0,515.45,0.32,[ICRA]AAA,SRBF-AHP,SBI AMC,2026-07
INE494B04019,TVS Motor Company Ltd.,280000.0,29.26,0.02,CARE A1+,SRBF-AHP,SBI AMC,2026-07
IN0020180041,6.64% CGL 2031,400000.0,410.62,0.25,Sovereign,SRBF-AHP,SBI AMC,2026-07
INF200KA16D8,SBI Gold ETF,6100000.0,7371.24,4.53,Mutual Fund/ETF,SRBF-AHP,SBI AMC,2026-07
INE0H7R23014,National Highways Infra Trust,2600000.0,4446.78,2.73,Transport Infrastructure,SRBF-AHP,SBI AMC,2026-07
INE0BWS23018,Altius Telecom Infrastructure Trust,2425000.0,4147.96,2.55,Telecom - Services,SRBF-AHP,SBI AMC,2026-07
INE0NR623014,Cube Highways Trust,2600000.0,4080.96,2.51,Transport Infrastructure,SRBF-AHP,SBI AMC,2026-07
INE040A01034,HDFC Bank Ltd.,92520.0,692.19,2.71,Banks,SRBF-CHP,SBI AMC,2026-07
INE090A01021,ICICI Bank Ltd.,43400.0,622.96,2.44,Banks,SRBF-CHP,SBI AMC,2026-07
INE018A01030,Larsen & Toubro Ltd.,11095.0,437.02,1.71,Construction,SRBF-CHP,SBI AMC,2026-07
INE062A01020,State Bank of India,38400.0,394.52,1.54,Banks,SRBF-CHP,SBI AMC,2026-07
INE585B01010,Maruti Suzuki India Ltd.,2650.0,377.2,1.48,Automobiles,SRBF-CHP,SBI AMC,2026-07
INE481G01011,Ultratech Cement Ltd.,2650.0,315.43,1.23,Cement & Cement Products,SRBF-CHP,SBI AMC,2026-07
INE296A01032,Bajaj Finance Ltd.,26000.0,296.71,1.16,Finance,SRBF-CHP,SBI AMC,2026-07
INE238A01034,Axis Bank Ltd.,22500.0,276.64,1.08,Banks,SRBF-CHP,SBI AMC,2026-07
INE009A01021,Infosys Ltd.,22620.0,255.63,1.0,IT - Software,SRBF-CHP,SBI AMC,2026-07
INE237A01036,Kotak Mahindra Bank Ltd.,63400.0,247.45,0.97,Banks,SRBF-CHP,SBI AMC,2026-07
INE0CAZ01013,Urban Company Ltd.,160301.0,207.41,0.81,Retailing,SRBF-CHP,SBI AMC,2026-07
INE880J01026,JSW Infrastructure Ltd.,65750.0,205.4,0.8,Transport Infrastructure,SRBF-CHP,SBI AMC,2026-07
INE718I01012,JSW Cement Ltd.,153000.0,203.64,0.8,Cement & Cement Products,SRBF-CHP,SBI AMC,2026-07
INE073K01018,Sona Blw Precision Forgings Ltd.,25500.0,196.2,0.77,Auto Components,SRBF-CHP,SBI AMC,2026-07
INE0CZ201020,Anthem Biosciences Ltd.,24000.0,194.21,0.76,Pharmaceuticals & Biotechnology,SRBF-CHP,SBI AMC,2026-07
INE494B01023,TVS Motor Company Ltd.,4350.0,187.62,0.73,Automobiles,SRBF-CHP,SBI AMC,2026-07
INE736A01011,Central Depository Services (I) Ltd.,13875.0,184.95,0.72,Capital Markets,SRBF-CHP,SBI AMC,2026-07
INE325A01013,Timken India Ltd.,5780.0,181.8,0.71,Industrial Products,SRBF-CHP,SBI AMC,2026-07
INE513A01022,Schaeffler India Ltd.,4250.0,173.37,0.68,Auto Components,SRBF-CHP,SBI AMC,2026-07
INE021A01026,Asian Paints Ltd.,6300.0,173.08,0.68,Consumer Durables,SRBF-CHP,SBI AMC,2026-07
INE152A01029,Thermax Ltd.,3900.0,167.93,0.66,Electrical Equipment,SRBF-CHP,SBI AMC,2026-07
INE318A01026,Pidilite Industries Ltd.,10000.0,161.14,0.63,Chemicals & Petrochemicals,SRBF-CHP,SBI AMC,2026-07
INE918I01026,Bajaj Finserv Ltd.,7850.0,159.28,0.62,Finance,SRBF-CHP,SBI AMC,2026-07
INE053A01029,The Indian Hotels Company Ltd.,21000.0,155.1,0.61,Leisure Services,SRBF-CHP,SBI AMC,2026-07
INE536A01023,Grindwell Norton Ltd.,7309.0,154.97,0.61,Industrial Products,SRBF-CHP,SBI AMC,2026-07
INE361B01024,Divi's Laboratories Ltd.,1900.0,153.06,0.6,Pharmaceuticals & Biotechnology,SRBF-CHP,SBI AMC,2026-07
INE671A01010,Honeywell Automation India Ltd.,400.0,152.62,0.6,Industrial Manufacturing,SRBF-CHP,SBI AMC,2026-07
INE048G01026,Navin Fluorine International Ltd.,2000.0,151.35,0.59,Chemicals & Petrochemicals,SRBF-CHP,SBI AMC,2026-07
INE622W01025,Acme Solar Holdings Ltd.,41145.0,149.19,0.58,Power,SRBF-CHP,SBI AMC,2026-07
INE119A01028,Balrampur Chini Mills Ltd.,25000.0,146.55,0.57,Agricultural Food & other Products,SRBF-CHP,SBI AMC,2026-07
INE388Y01029,FSN E-Commerce Ventures Ltd.,43392.0,144.67,0.57,Retailing,SRBF-CHP,SBI AMC,2026-07
INE342J01019,ZF Commercial Vehicle Control Systems India Ltd.,5750.0,139.03,0.54,Auto Components,SRBF-CHP,SBI AMC,2026-07
INE797F01020,Jubilant Foodworks Ltd.,31600.0,138.49,0.54,Leisure Services,SRBF-CHP,SBI AMC,2026-07
INE093I01010,Oberoi Realty Ltd.,7500.0,137.08,0.54,Realty,SRBF-CHP,SBI AMC,2026-07
INE813H01021,Torrent Power Ltd.,9600.0,135.68,0.53,Power,SRBF-CHP,SBI AMC,2026-07
INE463A01038,Berger Paints India Ltd.,26000.0,135.32,0.53,Consumer Durables,SRBF-CHP,SBI AMC,2026-07
INE226A01021,Voltas Ltd.,10000.0,132.89,0.52,Consumer Durables,SRBF-CHP,SBI AMC,2026-07
INE484J01027,Godrej Properties Ltd.,6100.0,128.45,0.5,Realty,SRBF-CHP,SBI AMC,2026-07
INE117A01022,ABB India Ltd.,1728.0,125.88,0.49,Electrical Equipment,SRBF-CHP,SBI AMC,2026-07
INE646L01027,Interglobe Aviation Ltd.,2400.0,124.1,0.49,Transport Services,SRBF-CHP,SBI AMC,2026-07
INE0QPI01025,Sudeep Pharma Ltd.,14000.0,123.35,0.48,Chemicals & Petrochemicals,SRBF-CHP,SBI AMC,2026-07
INE956O01016,Lenskart Solutions Ltd.,21200.0,119.02,0.47,Retailing,SRBF-CHP,SBI AMC,2026-07
INE271C01023,DLF Ltd.,17500.0,115.38,0.45,Realty,SRBF-CHP,SBI AMC,2026-07
INE376G01013,Biocon Ltd.,27000.0,114.94,0.45,Pharmaceuticals & Biotechnology,SRBF-CHP,SBI AMC,2026-07
INE214T01019,LTM Ltd.,2500.0,109.05,0.43,IT - Software,SRBF-CHP,SBI AMC,2026-07
INE761H01022,Page Industries Ltd.,260.0,104.98,0.41,Textiles & Apparels,SRBF-CHP,SBI AMC,2026-07
INE726G01019,ICICI Prudential Life Insurance Company Ltd.,20000.0,103.08,0.4,Insurance,SRBF-CHP,SBI AMC,2026-07
INE756I01012,HDB Financial Services Ltd.,15000.0,102.95,0.4,Finance,SRBF-CHP,SBI AMC,2026-07
INE120A01034,Carborundum Universal Ltd.,9300.0,98.93,0.39,Industrial Products,SRBF-CHP,SBI AMC,2026-07
INE03NU01014,Brigade Hotel Ventures Ltd.,137780.0,81.91,0.32,Leisure Services,SRBF-CHP,SBI AMC,2026-07
INE450D01021,Pitti Engineering Ltd.,8339.0,77.09,0.3,Industrial Manufacturing,SRBF-CHP,SBI AMC,2026-07
INE284A01012,ESAB India Ltd.,1250.0,70.36,0.28,Industrial Products,SRBF-CHP,SBI AMC,2026-07
INE217B01036,Kajaria Ceramics Ltd.,4802.0,57.54,0.23,Consumer Durables,SRBF-CHP,SBI AMC,2026-07
INE103D08039,Bharat Sanchar Nigam Ltd.,100.0,1008.24,3.95,CRISIL AAA(CE),SRBF-CHP,SBI AMC,2026-07
INE261F08EU4,National Bank for Agriculture and Rural Development,1000.0,1001.44,3.92,CRISIL AAA,SRBF-CHP,SBI AMC,2026-07
INE507T07153,Summit Digitel Infrastructure Pvt. Ltd.,750.0,752.14,2.94,CRISIL AAA,SRBF-CHP,SBI AMC,2026-07
INE813H07309,Torrent Power Ltd.,500.0,513.31,2.01,CRISIL AA+,SRBF-CHP,SBI AMC,2026-07
INE020B08EE7,REC Ltd.,500.0,508.22,1.99,CRISIL AAA,SRBF-CHP,SBI AMC,2026-07
INE134E08MJ2,Power Finance Corporation Ltd.,500.0,503.37,1.97,CRISIL AAA,SRBF-CHP,SBI AMC,2026-07
INE607M08105,Tata Power Renewable Energy Ltd. (Guaranteed by Tata Power Ltd.),500.0,502.47,1.97,[ICRA]AA+,SRBF-CHP,SBI AMC,2026-07
INE414G07JZ7,Muthoot Finance Ltd.,500.0,500.26,1.96,CRISIL AA+,SRBF-CHP,SBI AMC,2026-07
INE1JAR07036,Knowledge Realty Trust,500.0,500.17,1.96,CRISIL AAA,SRBF-CHP,SBI AMC,2026-07
INE121A07SU3,Cholamandalam Investment & Finance Co. Ltd.,500.0,499.55,1.95,[ICRA]AA+,SRBF-CHP,SBI AMC,2026-07
INE296A07UC7,Bajaj Finance Ltd.,500.0,497.05,1.94,CRISIL AAA,SRBF-CHP,SBI AMC,2026-07
INE692A08169,Union Bank of India( AT1 Bond under Basel III ),2.0,200.32,0.78,CRISIL AA+,SRBF-CHP,SBI AMC,2026-07
INE494B04019,TVS Motor Company Ltd.,24400.0,2.55,0.01,CARE A1+,SRBF-CHP,SBI AMC,2026-07
IN0020180041,6.64% CGL 2031,2500000.0,2566.38,10.04,Sovereign,SRBF-CHP,SBI AMC,2026-07
IN0020260025,6.94% CGL 2036,1600000.0,1612.31,6.31,Sovereign,SRBF-CHP,SBI AMC,2026-07
IN3120260051,7.74% State Government of Tamil Nadu 2036,2000000.0,2042.26,7.99,Sovereign,SRBF-CHP,SBI AMC,2026-07
INE040A01034,HDFC Bank Ltd.,25082.0,187.65,1.33,Banks,SRBF-CP,SBI AMC,2026-07
INE090A01021,ICICI Bank Ltd.,12150.0,174.4,1.24,Banks,SRBF-CP,SBI AMC,2026-07
INE062A01020,State Bank of India,11249.0,115.57,0.82,Banks,SRBF-CP,SBI AMC,2026-07
INE018A01030,Larsen & Toubro Ltd.,2872.0,113.13,0.8,Construction,SRBF-CP,SBI AMC,2026-07
INE585B01010,Maruti Suzuki India Ltd.,725.0,103.2,0.73,Automobiles,SRBF-CP,SBI AMC,2026-07
INE481G01011,Ultratech Cement Ltd.,710.0,84.51,0.6,Cement & Cement Products,SRBF-CP,SBI AMC,2026-07
INE238A01034,Axis Bank Ltd.,6425.0,79.0,0.56,Banks,SRBF-CP,SBI AMC,2026-07
INE009A01021,Infosys Ltd.,6885.0,77.81,0.55,IT - Software,SRBF-CP,SBI AMC,2026-07
INE296A01032,Bajaj Finance Ltd.,6400.0,73.04,0.52,Finance,SRBF-CP,SBI AMC,2026-07
INE237A01036,Kotak Mahindra Bank Ltd.,18700.0,72.99,0.52,Banks,SRBF-CP,SBI AMC,2026-07
INE494B01023,TVS Motor Company Ltd.,1500.0,64.7,0.46,Automobiles,SRBF-CP,SBI AMC,2026-07
INE0CAZ01013,Urban Company Ltd.,45532.0,58.91,0.42,Retailing,SRBF-CP,SBI AMC,2026-07
INE880J01026,JSW Infrastructure Ltd.,18750.0,58.58,0.42,Transport Infrastructure,SRBF-CP,SBI AMC,2026-07
INE718I01012,JSW Cement Ltd.,44000.0,58.56,0.42,Cement & Cement Products,SRBF-CP,SBI AMC,2026-07
INE513A01022,Schaeffler India Ltd.,1300.0,53.03,0.38,Auto Components,SRBF-CP,SBI AMC,2026-07
INE0CZ201020,Anthem Biosciences Ltd.,6500.0,52.6,0.37,Pharmaceuticals & Biotechnology,SRBF-CP,SBI AMC,2026-07
INE073K01018,Sona Blw Precision Forgings Ltd.,6750.0,51.93,0.37,Auto Components,SRBF-CP,SBI AMC,2026-07
INE325A01013,Timken India Ltd.,1640.0,51.58,0.37,Industrial Products,SRBF-CP,SBI AMC,2026-07
INE736A01011,Central Depository Services (I) Ltd.,3850.0,51.32,0.36,Capital Markets,SRBF-CP,SBI AMC,2026-07
INE918I01026,Bajaj Finserv Ltd.,2400.0,48.7,0.35,Finance,SRBF-CP,SBI AMC,2026-07
INE361B01024,Divi's Laboratories Ltd.,580.0,46.72,0.33,Pharmaceuticals & Biotechnology,SRBF-CP,SBI AMC,2026-07
INE048G01026,Navin Fluorine International Ltd.,600.0,45.41,0.32,Chemicals & Petrochemicals,SRBF-CP,SBI AMC,2026-07
INE021A01026,Asian Paints Ltd.,1650.0,45.33,0.32,Consumer Durables,SRBF-CP,SBI AMC,2026-07
INE342J01019,ZF Commercial Vehicle Control Systems India Ltd.,1800.0,43.52,0.31,Auto Components,SRBF-CP,SBI AMC,2026-07
INE152A01029,Thermax Ltd.,1000.0,43.06,0.31,Electrical Equipment,SRBF-CP,SBI AMC,2026-07
INE622W01025,Acme Solar Holdings Ltd.,11807.0,42.81,0.3,Power,SRBF-CP,SBI AMC,2026-07
INE536A01023,Grindwell Norton Ltd.,2002.0,42.45,0.3,Industrial Products,SRBF-CP,SBI AMC,2026-07
INE053A01029,The Indian Hotels Company Ltd.,5600.0,41.36,0.29,Leisure Services,SRBF-CP,SBI AMC,2026-07
INE318A01026,Pidilite Industries Ltd.,2500.0,40.29,0.29,Chemicals & Petrochemicals,SRBF-CP,SBI AMC,2026-07
INE671A01010,Honeywell Automation India Ltd.,105.0,40.06,0.28,Industrial Manufacturing,SRBF-CP,SBI AMC,2026-07
INE484J01027,Godrej Properties Ltd.,1830.0,38.53,0.27,Realty,SRBF-CP,SBI AMC,2026-07
INE388Y01029,FSN E-Commerce Ventures Ltd.,11440.0,38.14,0.27,Retailing,SRBF-CP,SBI AMC,2026-07
INE271C01023,DLF Ltd.,5700.0,37.58,0.27,Realty,SRBF-CP,SBI AMC,2026-07
INE119A01028,Balrampur Chini Mills Ltd.,6400.0,37.52,0.27,Agricultural Food & other Products,SRBF-CP,SBI AMC,2026-07
INE813H01021,Torrent Power Ltd.,2650.0,37.45,0.27,Power,SRBF-CP,SBI AMC,2026-07
INE646L01027,Interglobe Aviation Ltd.,720.0,37.23,0.26,Transport Services,SRBF-CP,SBI AMC,2026-07
INE797F01020,Jubilant Foodworks Ltd.,8100.0,35.5,0.25,Leisure Services,SRBF-CP,SBI AMC,2026-07
INE214T01019,LTM Ltd.,800.0,34.9,0.25,IT - Software,SRBF-CP,SBI AMC,2026-07
INE226A01021,Voltas Ltd.,2600.0,34.55,0.24,Consumer Durables,SRBF-CP,SBI AMC,2026-07
INE956O01016,Lenskart Solutions Ltd.,6100.0,34.25,0.24,Retailing,SRBF-CP,SBI AMC,2026-07
INE093I01010,Oberoi Realty Ltd.,1870.0,34.18,0.24,Realty,SRBF-CP,SBI AMC,2026-07
INE117A01022,ABB India Ltd.,468.0,34.09,0.24,Electrical Equipment,SRBF-CP,SBI AMC,2026-07
INE463A01038,Berger Paints India Ltd.,6500.0,33.83,0.24,Consumer Durables,SRBF-CP,SBI AMC,2026-07
INE0QPI01025,Sudeep Pharma Ltd.,3800.0,33.48,0.24,Chemicals & Petrochemicals,SRBF-CP,SBI AMC,2026-07
INE376G01013,Biocon Ltd.,7800.0,33.2,0.24,Pharmaceuticals & Biotechnology,SRBF-CP,SBI AMC,2026-07
INE756I01012,HDB Financial Services Ltd.,4600.0,31.57,0.22,Finance,SRBF-CP,SBI AMC,2026-07
INE726G01019,ICICI Prudential Life Insurance Company Ltd.,6000.0,30.92,0.22,Insurance,SRBF-CP,SBI AMC,2026-07
INE761H01022,Page Industries Ltd.,70.0,28.26,0.2,Textiles & Apparels,SRBF-CP,SBI AMC,2026-07
INE03NU01014,Brigade Hotel Ventures Ltd.,42164.0,25.07,0.18,Leisure Services,SRBF-CP,SBI AMC,2026-07
INE450D01021,Pitti Engineering Ltd.,2670.0,24.68,0.17,Industrial Manufacturing,SRBF-CP,SBI AMC,2026-07
INE120A01034,Carborundum Universal Ltd.,2000.0,21.28,0.15,Industrial Products,SRBF-CP,SBI AMC,2026-07
INE284A01012,ESAB India Ltd.,300.0,16.89,0.12,Industrial Products,SRBF-CP,SBI AMC,2026-07
INE217B01036,Kajaria Ceramics Ltd.,1245.0,14.92,0.11,Consumer Durables,SRBF-CP,SBI AMC,2026-07
INE103D08039,Bharat Sanchar Nigam Ltd.,100.0,1008.24,7.15,CRISIL AAA(CE),SRBF-CP,SBI AMC,2026-07
INE261F08EU4,National Bank for Agriculture and Rural Development,1000.0,1001.44,7.1,CRISIL AAA,SRBF-CP,SBI AMC,2026-07
INE507T07153,Summit Digitel Infrastructure Pvt. Ltd.,750.0,752.14,5.33,CRISIL AAA,SRBF-CP,SBI AMC,2026-07
INE813H07309,Torrent Power Ltd.,500.0,513.31,3.64,CRISIL AA+,SRBF-CP,SBI AMC,2026-07
INE020B08EE7,REC Ltd.,500.0,508.22,3.6,CRISIL AAA,SRBF-CP,SBI AMC,2026-07
INE607M08105,Tata Power Renewable Energy Ltd. (Guaranteed by Tata Power Ltd.),500.0,502.47,3.56,[ICRA]AA+,SRBF-CP,SBI AMC,2026-07
INE414G07JZ7,Muthoot Finance Ltd.,500.0,500.26,3.55,CRISIL AA+,SRBF-CP,SBI AMC,2026-07
INE1JAR07036,Knowledge Realty Trust,500.0,500.17,3.55,CRISIL AAA,SRBF-CP,SBI AMC,2026-07
INE121A07SU3,Cholamandalam Investment & Finance Co. Ltd.,500.0,499.55,3.54,[ICRA]AA+,SRBF-CP,SBI AMC,2026-07
INE296A07UC7,Bajaj Finance Ltd.,500.0,497.05,3.52,CRISIL AAA,SRBF-CP,SBI AMC,2026-07
INE692A08169,Union Bank of India( AT1 Bond under Basel III ),4.0,400.63,2.84,CRISIL AA+,SRBF-CP,SBI AMC,2026-07
INE494B04019,TVS Motor Company Ltd.,8000.0,0.84,0.01,CARE A1+,SRBF-CP,SBI AMC,2026-07
IN0020260025,6.94% CGL 2036,2400000.0,2418.47,17.15,Sovereign,SRBF-CP,SBI AMC,2026-07
INE361B01024,Divi's Laboratories Ltd.,113823.0,9169.58,4.03,Pharmaceuticals & Biotechnology,SNN50,SBI AMC,2026-07
INE494B01023,TVS Motor Company Ltd.,210390.0,9074.33,3.99,Automobiles,SNN50,SBI AMC,2026-07
INE1TAE01010,Tata Motors Ltd.,1870554.0,8170.58,3.6,"Agricultural, Commercial & Construction Vehicles",SNN50,SBI AMC,2026-07
INE066F01020,Hindustan Aeronautics Ltd.,169906.0,7894.68,3.47,Aerospace & Defense,SNN50,SBI AMC,2026-07
INE814H01029,Adani Power Ltd.,3716283.0,7852.88,3.46,Power,SNN50,SBI AMC,2026-07
INE121A01024,Cholamandalam Investment & Finance Co. Ltd.,387466.0,7167.73,3.15,Finance,SNN50,SBI AMC,2026-07
INE685A01028,Torrent Pharmaceuticals Ltd.,131378.0,6730.23,2.96,Pharmaceuticals & Biotechnology,SNN50,SBI AMC,2026-07
INE298A01020,Cummins India Ltd.,120982.0,6677.0,2.94,Industrial Products,SNN50,SBI AMC,2026-07
INE775A01035,Samvardhana Motherson International Ltd.,3956720.0,5964.76,2.62,Auto Components,SNN50,SBI AMC,2026-07
INE053A01029,The Indian Hotels Company Ltd.,786482.0,5808.56,2.56,Leisure Services,SNN50,SBI AMC,2026-07
INE029A01011,Bharat Petroleum Corporation Ltd.,1815150.0,5803.94,2.55,Petroleum Products,SNN50,SBI AMC,2026-07
INE216A01030,Britannia Industries Ltd.,105501.0,5714.46,2.51,Food Products,SNN50,SBI AMC,2026-07
INE245A01021,Tata Power Company Ltd.,1493834.0,5687.03,2.5,Power,SNN50,SBI AMC,2026-07
INE192R01011,Avenue Supermarts Ltd.,144326.0,5659.02,2.49,Retailing,SNN50,SBI AMC,2026-07
INE134E01011,Power Finance Corporation Ltd.,1304116.0,5534.02,2.43,Finance,SNN50,SBI AMC,2026-07
INE200M01039,Varun Beverages Ltd.,1224574.0,5416.29,2.38,Beverages,SNN50,SBI AMC,2026-07
INE067A01029,CG Power and Industrial Solutions Ltd.,614122.0,5302.33,2.33,Electrical Equipment,SNN50,SBI AMC,2026-07
INE931S01010,Adani Energy Solutions Ltd.,294130.0,4839.62,2.13,Power,SNN50,SBI AMC,2026-07
INE127D01025,HDFC Asset Management Co. Ltd.,182602.0,4776.5,2.1,Capital Markets,SNN50,SBI AMC,2026-07
INE242A01010,Indian Oil Corporation Ltd.,3346312.0,4690.53,2.06,Petroleum Products,SNN50,SBI AMC,2026-07
INE318A01026,Pidilite Industries Ltd.,277526.0,4472.05,1.97,Chemicals & Petrochemicals,SNN50,SBI AMC,2026-07
INE118A01012,Bajaj Holdings & Investment Ltd.,38776.0,4398.36,1.94,Finance,SNN50,SBI AMC,2026-07
INE129A01019,GAIL (India) Ltd.,2415850.0,4383.32,1.93,Gas,SNN50,SBI AMC,2026-07
INE020B01018,REC Ltd.,1118692.0,4172.16,1.84,Finance,SNN50,SBI AMC,2026-07
INE364U01010,Adani Green Energy Ltd.,300267.0,4152.69,1.83,Power,SNN50,SBI AMC,2026-07
INE028A01039,Bank of Baroda,1661594.0,4031.03,1.77,Banks,SNN50,SBI AMC,2026-07
INE205A01025,Vedanta Ltd.,1518774.0,4013.36,1.77,Diversified Metals,SNN50,SBI AMC,2026-07
INE343H01029,Solar Industries India Ltd.,21818.0,4012.55,1.77,Chemicals & Petrochemicals,SNN50,SBI AMC,2026-07
INE854D01024,United Spirits Ltd.,264567.0,4010.57,1.76,Beverages,SNN50,SBI AMC,2026-07
INE102D01028,Godrej Consumer Products Ltd.,359937.0,3852.77,1.7,Personal Products,SNN50,SBI AMC,2026-07
INE271C01023,DLF Ltd.,574558.0,3788.06,1.67,Realty,SNN50,SBI AMC,2026-07
INE476A01022,Canara Bank,3010121.0,3762.05,1.66,Banks,SNN50,SBI AMC,2026-07
INE749A01030,Jindal Steel Ltd.,331764.0,3657.37,1.61,Ferrous Metals,SNN50,SBI AMC,2026-07
INE214T01019,LTM Ltd.,83178.0,3628.31,1.6,IT - Software,SNN50,SBI AMC,2026-07
INE160A01022,Punjab National Bank,3084552.0,3476.6,1.53,Banks,SNN50,SBI AMC,2026-07
INE117A01022,ABB India Ltd.,47000.0,3423.72,1.51,Electrical Equipment,SNN50,SBI AMC,2026-07
INE323A01026,Bosch Ltd.,7768.0,3191.48,1.4,Auto Components,SNN50,SBI AMC,2026-07
INE070A01015,Shree Cement Ltd.,11978.0,3120.87,1.37,Cement & Cement Products,SNN50,SBI AMC,2026-07
INE670K01029,Lodha Developers Ltd.,248468.0,3090.82,1.36,Realty,SNN50,SBI AMC,2026-07
INE414G01012,Muthoot Finance Ltd.,96048.0,2996.31,1.32,Finance,SNN50,SBI AMC,2026-07
INE003A01024,Siemens Ltd.,79173.0,2976.9,1.31,Electrical Equipment,SNN50,SBI AMC,2026-07
INE692A01016,Union Bank of India,1730605.0,2963.49,1.3,Banks,SNN50,SBI AMC,2026-07
INE0V6F01027,Hyundai Motor India Ltd.,127705.0,2784.86,1.23,Automobiles,SNN50,SBI AMC,2026-07
INE1NPP01017,Siemens Energy India Ltd.,79211.0,2559.15,1.13,Electrical Equipment,SNN50,SBI AMC,2026-07
INE010B01027,Zydus Lifesciences Ltd.,224073.0,2524.85,1.11,Pharmaceuticals & Biotechnology,SNN50,SBI AMC,2026-07
INE079A01024,Ambuja Cements Ltd.,558384.0,2413.34,1.06,Cement & Cement Products,SNN50,SBI AMC,2026-07
INE267A01025,Hindustan Zinc Ltd.,430710.0,2322.39,1.02,Non - Ferrous Metals,SNN50,SBI AMC,2026-07
INE976I01016,TATA Capital Ltd.,450831.0,1647.34,0.72,Finance,SNN50,SBI AMC,2026-07
INE249Z01020,Mazagon Dock Shipbuilders Ltd.,68040.0,1620.58,0.71,Industrial Manufacturing,SNN50,SBI AMC,2026-07
INE053F01010,Indian Railway Finance Corporation Ltd.,1801530.0,1606.06,0.71,Finance,SNN50,SBI AMC,2026-07
INE397D01024,Bharti Airtel Ltd.,12144.0,239.48,9.97,Telecom - Services,SBIETFCON,SBI AMC,2026-07
INE101A01026,Mahindra & Mahindra Ltd.,6127.0,208.23,8.67,Automobiles,SBIETFCON,SBI AMC,2026-07
INE154A01025,ITC Ltd.,66158.0,185.9,7.74,Diversified FMCG,SBIETFCON,SBI AMC,2026-07
INE758T01015,Eternal Ltd.,49617.0,150.07,6.25,Retailing,SBIETFCON,SBI AMC,2026-07
INE280A01028,Titan Company Ltd.,2834.0,138.16,5.75,Consumer Durables,SBIETFCON,SBI AMC,2026-07
INE030A01027,Hindustan Unilever Ltd.,6089.0,127.95,5.33,Diversified FMCG,SBIETFCON,SBI AMC,2026-07
INE585B01010,Maruti Suzuki India Ltd.,895.0,127.39,5.3,Automobiles,SBIETFCON,SBI AMC,2026-07
INE917I01010,Bajaj Auto Ltd.,760.0,87.56,3.65,Automobiles,SBIETFCON,SBI AMC,2026-07
INE021A01026,Asian Paints Ltd.,3104.0,85.28,3.55,Consumer Durables,SBIETFCON,SBI AMC,2026-07
INE646L01027,Interglobe Aviation Ltd.,1553.0,80.31,3.34,Transport Services,SBIETFCON,SBI AMC,2026-07
INE239A01024,Nestle India Ltd.,4921.0,74.29,3.09,Food Products,SBIETFCON,SBI AMC,2026-07
INE066A01021,Eicher Motors Ltd.,946.0,74.1,3.09,Automobiles,SBIETFCON,SBI AMC,2026-07
INE494B01023,TVS Motor Company Ltd.,1612.0,69.53,2.9,Automobiles,SBIETFCON,SBI AMC,2026-07
INE849A01020,Trent Ltd.,2284.0,68.65,2.86,Retailing,SBIETFCON,SBI AMC,2026-07
INE437A01024,Apollo Hospitals Enterprise Ltd.,706.0,63.24,2.63,Healthcare Services,SBIETFCON,SBI AMC,2026-07
INE814H01029,Adani Power Ltd.,28478.0,60.18,2.51,Power,SBIETFCON,SBI AMC,2026-07
INE027H01010,Max Healthcare Institute Ltd.,5108.0,56.11,2.34,Healthcare Services,SBIETFCON,SBI AMC,2026-07
INE192A01025,Tata Consumer Products Ltd.,4469.0,48.4,2.02,Agricultural Food & other Products,SBIETFCON,SBI AMC,2026-07
INE158A01026,Hero MotoCorp Ltd.,891.0,47.99,2.0,Automobiles,SBIETFCON,SBI AMC,2026-07
INE053A01029,The Indian Hotels Company Ltd.,6027.0,44.51,1.85,Leisure Services,SBIETFCON,SBI AMC,2026-07
INE216A01030,Britannia Industries Ltd.,808.0,43.77,1.82,Food Products,SBIETFCON,SBI AMC,2026-07
INE245A01021,Tata Power Company Ltd.,11447.0,43.58,1.81,Power,SBIETFCON,SBI AMC,2026-07
INE192R01011,Avenue Supermarts Ltd.,1106.0,43.37,1.81,Retailing,SBIETFCON,SBI AMC,2026-07
INE200M01039,Varun Beverages Ltd.,9384.0,41.51,1.73,Beverages,SBIETFCON,SBI AMC,2026-07
INE935N01020,Dixon Technologies (India) Ltd.,285.0,40.04,1.67,Consumer Durables,SBIETFCON,SBI AMC,2026-07
INE663F01032,Info Edge (India) Ltd.,2628.0,32.23,1.34,Retailing,SBIETFCON,SBI AMC,2026-07
INE854D01024,United Spirits Ltd.,2027.0,30.73,1.28,Beverages,SBIETFCON,SBI AMC,2026-07
INE102D01028,Godrej Consumer Products Ltd.,2758.0,29.52,1.23,Personal Products,SBIETFCON,SBI AMC,2026-07
INE271C01023,DLF Ltd.,4403.0,29.03,1.21,Realty,SBIETFCON,SBI AMC,2026-07
INE176B01034,Havells India Ltd.,1730.0,21.81,0.91,Consumer Durables,SBIETFCON,SBI AMC,2026-07
INE002A01018,Reliance Industries Ltd.,14629042.0,191318.61,4.53,Petroleum Products,SBAF,SBI AMC,2026-07
INE090A01021,ICICI Bank Ltd.,10970221.0,157466.55,3.73,Banks,SBAF,SBI AMC,2026-07
INE040A01034,HDFC Bank Ltd.,21046804.0,157461.66,3.73,Banks,SBAF,SBI AMC,2026-07
INE129A01019,GAIL (India) Ltd.,60405618.0,109599.95,2.59,Gas,SBAF,SBI AMC,2026-07
INE018A01030,Larsen & Toubro Ltd.,2651400.0,104435.99,2.47,Construction,SBAF,SBI AMC,2026-07
INE669C01036,Tech Mahindra Ltd.,5482687.0,90535.61,2.14,IT - Software,SBAF,SBI AMC,2026-07
INE155A01022,Tata Motors Passenger Vehicles Ltd.,22567226.0,76672.15,1.81,Automobiles,SBAF,SBI AMC,2026-07
INE081A01020,Tata Steel Ltd.,40410230.0,76654.17,1.81,Ferrous Metals,SBAF,SBI AMC,2026-07
INE160A01022,Punjab National Bank,66770108.0,75256.59,1.78,Banks,SBAF,SBI AMC,2026-07
INE101A01026,Mahindra & Mahindra Ltd.,2186709.0,74315.31,1.76,Automobiles,SBAF,SBI AMC,2026-07
INE044A01036,Sun Pharmaceutical Industries Ltd.,3727299.0,74191.89,1.76,Pharmaceuticals & Biotechnology,SBAF,SBI AMC,2026-07
INE238A01034,Axis Bank Ltd.,5950362.0,73159.7,1.73,Banks,SBAF,SBI AMC,2026-07
INE121J01017,Indus Towers Ltd.,18392485.0,71933.01,1.7,Telecom - Services,SBAF,SBI AMC,2026-07
INE121A01024,Cholamandalam Investment & Finance Co. Ltd.,3813428.0,70544.6,1.67,Finance,SBAF,SBI AMC,2026-07
INE397D01024,Bharti Airtel Ltd.,3149850.0,62115.04,1.47,Telecom - Services,SBAF,SBI AMC,2026-07
INE486A01021,CESC Ltd.,37000000.0,61260.9,1.45,Power,SBAF,SBI AMC,2026-07
INE758T01015,Eternal Ltd.,20000000.0,60490.0,1.43,Retailing,SBAF,SBI AMC,2026-07
INE860A01027,HCL Technologies Ltd.,4319651.0,58181.38,1.38,IT - Software,SBAF,SBI AMC,2026-07
INE545U01014,Bandhan Bank Ltd.,33364400.0,58097.43,1.38,Banks,SBAF,SBI AMC,2026-07
INE813H01021,Torrent Power Ltd.,4090223.0,57807.12,1.37,Power,SBAF,SBI AMC,2026-07
INE154A01025,ITC Ltd.,19814663.0,55679.2,1.32,Diversified FMCG,SBAF,SBI AMC,2026-07
INE376G01013,Biocon Ltd.,13021205.0,55431.27,1.31,Pharmaceuticals & Biotechnology,SBAF,SBI AMC,2026-07
INE028A01039,Bank of Baroda,21646950.0,52515.5,1.24,Banks,SBAF,SBI AMC,2026-07
INE148O01028,Delhivery Ltd.,10767156.0,51892.31,1.23,Transport Services,SBAF,SBI AMC,2026-07
INE774D01024,Mahindra & Mahindra Financial Services Ltd.,13045930.0,50324.67,1.19,Finance,SBAF,SBI AMC,2026-07
INE752E01010,Power Grid Corporation of India Ltd.,16297200.0,46324.79,1.1,Power,SBAF,SBI AMC,2026-07
INE1TAE01010,Tata Motors Ltd.,10567226.0,46157.64,1.09,"Agricultural, Commercial & Construction Vehicles",SBAF,SBI AMC,2026-07
INE848E01016,NHPC Ltd.,58000000.0,45663.4,1.08,Power,SBAF,SBI AMC,2026-07
INE02RE01045,Brainbees Solutions Ltd.,20162722.0,42797.39,1.01,Retailing,SBAF,SBI AMC,2026-07
INE237A01036,Kotak Mahindra Bank Ltd.,10682000.0,41691.85,0.99,Banks,SBAF,SBI AMC,2026-07
INE585B01010,Maruti Suzuki India Ltd.,284660.0,40518.5,0.96,Automobiles,SBAF,SBI AMC,2026-07
INE242A01010,Indian Oil Corporation Ltd.,28274557.0,39632.45,0.94,Petroleum Products,SBAF,SBI AMC,2026-07
INE021A01026,Asian Paints Ltd.,1287250.0,35364.62,0.84,Consumer Durables,SBAF,SBI AMC,2026-07
INE854D01024,United Spirits Ltd.,2246700.0,34057.73,0.81,Beverages,SBAF,SBI AMC,2026-07
INE062A01020,State Bank of India,3131459.0,32172.61,0.76,Banks,SBAF,SBI AMC,2026-07
INE059A01026,Cipla Ltd.,2136949.0,31481.53,0.75,Pharmaceuticals & Biotechnology,SBAF,SBI AMC,2026-07
INE271C01023,DLF Ltd.,4582800.0,30214.4,0.72,Realty,SBAF,SBI AMC,2026-07
INE073K01018,Sona Blw Precision Forgings Ltd.,3880000.0,29852.72,0.71,Auto Components,SBAF,SBI AMC,2026-07
INE726G01019,ICICI Prudential Life Insurance Company Ltd.,5629765.0,29015.81,0.69,Insurance,SBAF,SBI AMC,2026-07
INE213A01029,Oil & Natural Gas Corporation Ltd.,11550340.0,28013.04,0.66,Oil,SBAF,SBI AMC,2026-07
INE298A01020,Cummins India Ltd.,479600.0,26469.12,0.63,Industrial Products,SBAF,SBI AMC,2026-07
INE016A01026,Dabur India Ltd.,5820171.0,24529.11,0.58,Personal Products,SBAF,SBI AMC,2026-07
INE029A01011,Bharat Petroleum Corporation Ltd.,7135025.0,22814.24,0.54,Petroleum Products,SBAF,SBI AMC,2026-07
INE918I01026,Bajaj Finserv Ltd.,1071798.0,21747.85,0.51,Finance,SBAF,SBI AMC,2026-07
INE0J1Y01017,Life Insurance Corporation of India,4836168.0,20539.21,0.49,Insurance,SBAF,SBI AMC,2026-07
INE280A01028,Titan Company Ltd.,411775.0,20074.85,0.48,Consumer Durables,SBAF,SBI AMC,2026-07
INE01EA01019,Vishal Mega Mart Ltd.,16511500.0,17683.82,0.42,Retailing,SBAF,SBI AMC,2026-07
INE120A01034,Carborundum Universal Ltd.,1578981.0,16797.2,0.4,Industrial Products,SBAF,SBI AMC,2026-07
INE628A01036,UPL Ltd.,2753375.0,16638.65,0.39,Fertilizers & Agrochemicals,SBAF,SBI AMC,2026-07
INE0VDM01015,Meesho Ltd.,8898808.0,16212.74,0.38,Retailing,SBAF,SBI AMC,2026-07
INE245A01021,Tata Power Company Ltd.,3951250.0,15042.41,0.36,Power,SBAF,SBI AMC,2026-07
INE347G01014,Petronet LNG Ltd.,4900000.0,13756.75,0.33,Gas,SBAF,SBI AMC,2026-07
INE03QK01018,Cohance Lifesciences Ltd.,3000000.0,12751.5,0.3,Pharmaceuticals & Biotechnology,SBAF,SBI AMC,2026-07
INE079J01017,Gateway Distriparks Ltd.,21008663.0,12178.72,0.29,Transport Services,SBAF,SBI AMC,2026-07
INE047A01021,Grasim Industries Ltd.,377543.0,11706.85,0.28,Cement & Cement Products,SBAF,SBI AMC,2026-07
INE540L01014,Alkem Laboratories Ltd.,179590.0,10329.12,0.24,Pharmaceuticals & Biotechnology,SBAF,SBI AMC,2026-07
INE467B01029,Tata Consultancy Services Ltd.,434812.0,10285.91,0.24,IT - Software,SBAF,SBI AMC,2026-07
INE522F01014,Coal India Ltd.,2263649.0,9374.9,0.22,Consumable Fuels,SBAF,SBI AMC,2026-07
INE030A01027,Hindustan Unilever Ltd.,423000.0,8888.5,0.21,Diversified FMCG,SBAF,SBI AMC,2026-07
INE765G01017,ICICI Lombard General Insurance Company Ltd.,542160.0,8803.05,0.21,Insurance,SBAF,SBI AMC,2026-07
INE038A01020,Hindalco Industries Ltd.,900200.0,8772.0,0.21,Non - Ferrous Metals,SBAF,SBI AMC,2026-07
INE111A01025,Container Corporation of India Ltd.,1425233.0,7489.6,0.18,Transport Services,SBAF,SBI AMC,2026-07
INE721A01047,Shriram Finance Ltd.,705375.0,7383.16,0.17,Finance,SBAF,SBI AMC,2026-07
INE239A01024,Nestle India Ltd.,427500.0,6453.54,0.15,Food Products,SBAF,SBI AMC,2026-07
INE326A01037,Lupin Ltd.,248625.0,6004.29,0.14,Pharmaceuticals & Biotechnology,SBAF,SBI AMC,2026-07
INE095A01012,IndusInd Bank Ltd.,578900.0,5861.07,0.14,Banks,SBAF,SBI AMC,2026-07
INE123W01016,SBI Life Insurance Co. Ltd.,296625.0,5582.48,0.13,Insurance,SBAF,SBI AMC,2026-07
INE094A01015,Hindustan Petroleum Corporation Ltd.,1415475.0,5516.81,0.13,Petroleum Products,SBAF,SBI AMC,2026-07
INE012A01025,ACC Ltd.,325000.0,4411.55,0.1,Cement & Cement Products,SBAF,SBI AMC,2026-07
INE009A01021,Infosys Ltd.,388100.0,4385.92,0.1,IT - Software,SBAF,SBI AMC,2026-07
INE0BJS01011,Go Fashion (India) Ltd.,868284.0,2839.72,0.07,Retailing,SBAF,SBI AMC,2026-07
INE398R01022,Syngene International Ltd.,720618.0,2780.86,0.07,Healthcare Services,SBAF,SBI AMC,2026-07
INE346A01027,ICICI Prudential Asset Management Company Ltd.,82936.0,2584.2,0.06,Capital Markets,SBAF,SBI AMC,2026-07
INE974X01010,Tube Investments of India Ltd.,34497.0,949.7,0.02,Auto Components,SBAF,SBI AMC,2026-07
INE299U01018,Crompton Greaves Consumer Electricals Ltd.,302546.0,787.22,0.02,Consumer Durables,SBAF,SBI AMC,2026-07
INE795G01014,HDFC Life Insurance Company Ltd.,110000.0,603.35,0.01,Insurance,SBAF,SBI AMC,2026-07
INE127D01025,HDFC Asset Management Co. Ltd.,6014.0,157.31,,Capital Markets,SBAF,SBI AMC,2026-07
INE2KCE01013,Kwality Walls India Ltd.,423000.0,130.75,,Food Products,SBAF,SBI AMC,2026-07
INE296A01032,Bajaj Finance Ltd.,1050.0,11.98,,Finance,SBAF,SBI AMC,2026-07
INE646L01027,Interglobe Aviation Ltd.,150.0,7.76,,Transport Services,SBAF,SBI AMC,2026-07
INE089A01031,Dr. Reddy's Laboratories Ltd.,250.0,2.87,,Pharmaceuticals & Biotechnology,SBAF,SBI AMC,2026-07
INE0FDU25010,Brookfield India Real Estate Trust,15955463.0,54484.72,1.29,Realty,SBAF,SBI AMC,2026-07
INE041025011,Embassy Office Parks Reit,8340000.0,36528.37,0.86,Realty,SBAF,SBI AMC,2026-07
INE414G07JZ7,Muthoot Finance Ltd.,50000.0,50025.55,1.18,CRISIL AA+,SBAF,SBI AMC,2026-07
INE814H07190,Adani Power Ltd.,45000.0,44789.72,1.06,CRISIL AA,SBAF,SBI AMC,2026-07
INE245A08307,Tata Power Company Ltd.,32500.0,32464.25,0.77,CRISIL AA+,SBAF,SBI AMC,2026-07
INE403D08256,Bharti Telecom Ltd.,30000.0,30401.94,0.72,CRISIL AAA,SBAF,SBI AMC,2026-07
INE115A07RF8,LIC Housing Finance Ltd.,30000.0,29987.88,0.71,CRISIL AAA,SBAF,SBI AMC,2026-07
INE296A07SV1,Bajaj Finance Ltd.,30000.0,29904.63,0.71,CRISIL AAA,SBAF,SBI AMC,2026-07
INE261F08EV2,National Bank for Agriculture and Rural Development,26434.0,26239.71,0.62,[ICRA]AAA,SBAF,SBI AMC,2026-07
INE936D07190,Jamnagar Utilities & Power Pvt. Ltd.,25000.0,24719.9,0.59,CRISIL AAA,SBAF,SBI AMC,2026-07
INE813H07440,Torrent Power Ltd.,20000.0,20187.06,0.48,CRISIL AA+,SBAF,SBI AMC,2026-07
INE414G07JX2,Muthoot Finance Ltd.,20000.0,19939.42,0.47,CRISIL AA+,SBAF,SBI AMC,2026-07
INE403D08280,Bharti Telecom Ltd.,20000.0,19730.1,0.47,CRISIL AAA,SBAF,SBI AMC,2026-07
INE261F08EP4,National Bank for Agriculture and Rural Development,20000.0,19690.4,0.47,[ICRA]AAA,SBAF,SBI AMC,2026-07
INE726G08022,ICICI Prudential Life Insurance Company Ltd.,19000.0,19087.38,0.45,CRISIL AAA,SBAF,SBI AMC,2026-07
INE403D08264,Bharti Telecom Ltd.,17500.0,17796.15,0.42,CRISIL AAA,SBAF,SBI AMC,2026-07
INE556F08KU4,Small Industries Development Bank of India,17500.0,17511.67,0.41,CRISIL AAA,SBAF,SBI AMC,2026-07
INE685A07157,Torrent Pharmaceuticals Ltd.,16000.0,15941.81,0.38,[ICRA]AA+,SBAF,SBI AMC,2026-07
INE950O07446,Mahindra Rural Housing Finance Ltd.,15000.0,15144.47,0.36,CRISIL AAA,SBAF,SBI AMC,2026-07
INE507T07153,Summit Digitel Infrastructure Pvt. Ltd.,15000.0,15042.71,0.36,CRISIL AAA,SBAF,SBI AMC,2026-07
INE774D07VQ5,Mahindra & Mahindra Financial Services Ltd.,15000.0,14995.28,0.35,CRISIL AAA,SBAF,SBI AMC,2026-07
INE414G07II5,Muthoot Finance Ltd.,15000.0,14960.73,0.35,CRISIL AA+,SBAF,SBI AMC,2026-07
INE282H07075,Jio Credit Ltd.,15000.0,14915.76,0.35,CRISIL AAA,SBAF,SBI AMC,2026-07
INE020B08FW6,REC Ltd.,15000.0,14831.54,0.35,[ICRA]AAA,SBAF,SBI AMC,2026-07
INE795G08043,HDFC Life Insurance Company Ltd.,14600.0,14715.68,0.35,[ICRA]AAA,SBAF,SBI AMC,2026-07
INE261F08EF5,National Bank for Agriculture and Rural Development,10000.0,10021.97,0.24,[ICRA]AAA,SBAF,SBI AMC,2026-07
INE261F08EU4,National Bank for Agriculture and Rural Development,10000.0,10014.41,0.24,CRISIL AAA,SBAF,SBI AMC,2026-07
INE261F08EM1,National Bank for Agriculture and Rural Development,10000.0,10011.05,0.24,[ICRA]AAA,SBAF,SBI AMC,2026-07
INE155A08480,Tata Motors Passenger Vehicles Ltd.,10000.0,9885.36,0.23,CRISIL AA+,SBAF,SBI AMC,2026-07
INE414G07JN3,Muthoot Finance Ltd.,9500.0,9492.87,0.22,CRISIL AA+,SBAF,SBI AMC,2026-07
INE414G07IR6,Muthoot Finance Ltd.,8500.0,8516.44,0.2,CRISIL AA+,SBAF,SBI AMC,2026-07
INE163N08289,ONGC Petro Additions Ltd.,7500.0,7519.12,0.18,CRISIL AA+,SBAF,SBI AMC,2026-07
INE115A07RG6,LIC Housing Finance Ltd.,7500.0,7370.9,0.17,CRISIL AAA,SBAF,SBI AMC,2026-07
INE484J08055,Godrej Properties Ltd.,6500.0,6526.48,0.15,[ICRA]AA+,SBAF,SBI AMC,2026-07
INE414G07IS4,Muthoot Finance Ltd.,5000.0,5028.98,0.12,CRISIL AA+,SBAF,SBI AMC,2026-07
INE414G07JO1,Muthoot Finance Ltd.,5000.0,4997.42,0.12,CRISIL AA+,SBAF,SBI AMC,2026-07
INE556F08KX8,Small Industries Development Bank of India,50.0,50.09,,CRISIL AAA,SBAF,SBI AMC,2026-07
INE2QI808033,JSW Kalinga Steel Ltd.,40000.0,41283.52,0.98,CRISIL AA,SBAF,SBI AMC,2026-07
IN0020260025,6.94% CGL 2036,55000000.0,55423.23,1.31,Sovereign,SBAF,SBI AMC,2026-07
IN0020230135,7.32% CGL 2030,35000000.0,36172.89,0.86,Sovereign,SBAF,SBI AMC,2026-07
IN0020250141,6.36% CGL 2031,15000000.0,14948.51,0.35,Sovereign,SBAF,SBI AMC,2026-07
IN0020250067,6.01% CGL 2030,10000000.0,9869.89,0.23,Sovereign,SBAF,SBI AMC,2026-07
IN2120250450,7.56% State Government of Madhya Pradesh 2039,30000000.0,29923.95,0.71,Sovereign,SBAF,SBI AMC,2026-07
IN3120250474,7.52% State Government of Tamil Nadu 2055,30000000.0,29497.44,0.7,Sovereign,SBAF,SBI AMC,2026-07
IN2120250492,7.74% State Government of Madhya Pradesh 2047,15000000.0,15068.58,0.36,Sovereign,SBAF,SBI AMC,2026-07
INE261F16AQ3,National Bank for Agriculture and Rural Development,5000.0,23941.05,0.57,CRISIL A1+,SBAF,SBI AMC,2026-07
INE556F16CB4,Small Industries Development Bank of India,3000.0,14439.42,0.34,CRISIL A1+,SBAF,SBI AMC,2026-07
INE040A16IT9,HDFC Bank Ltd.,3000.0,14396.9,0.34,CRISIL A1+,SBAF,SBI AMC,2026-07
INE261F16AH2,National Bank for Agriculture and Rural Development,2000.0,9666.32,0.23,CRISIL A1+,SBAF,SBI AMC,2026-07
INE237AD6174,Kotak Mahindra Bank Ltd.,1000.0,4800.09,0.11,CRISIL A1+,SBAF,SBI AMC,2026-07
IN002025Z484,364 DAY T-BILL 04.03.27,85000000.0,82294.79,1.95,Sovereign,SBAF,SBI AMC,2026-07
IN002025Z435,364 DAY T-BILL 28.01.27,29500000.0,28709.28,0.68,Sovereign,SBAF,SBI AMC,2026-07
INE0H7R23014,National Highways Infra Trust,10260.0,17.55,,Transport Infrastructure,SBAF,SBI AMC,2026-07
IN2020160072,7.61% State Government of Kerala 2026,2500000.0,2501.19,5.91,Sovereign,SFMP- Series 49,SBI AMC,2026-07
IN2220210214,6.24% State Government of Maharashtra 2026,1507600.0,1507.96,3.57,Sovereign,SFMP- Series 49,SBI AMC,2026-07
IN002026X073,91 DAY T-BILL 20.08.26,25200000.0,25132.11,59.42,Sovereign,SFMP- Series 49,SBI AMC,2026-07
IN002026X065,91 DAY T-BILL 13.08.26,11500000.0,11480.38,27.14,Sovereign,SFMP- Series 49,SBI AMC,2026-07
IN0020160035,6.97% CGL 2026,1250000.0,1251.71,9.53,Sovereign,SFMP- Series 50,SBI AMC,2026-07
IN2920160156,7.38% State Government of Rajasthan 2026,2499900.0,2505.17,19.07,Sovereign,SFMP- Series 50,SBI AMC,2026-07
IN3620160033,7.39% State Government of Uttarakhand 2026,2000000.0,2004.27,15.26,Sovereign,SFMP- Series 50,SBI AMC,2026-07
IN3120160103,7.37% State Government of Tamil Nadu 2026,1500000.0,1503.29,11.45,Sovereign,SFMP- Series 50,SBI AMC,2026-07
IN3120160087,7.62% State Government of Tamil Nadu 2026,500000.0,500.24,3.81,Sovereign,SFMP- Series 50,SBI AMC,2026-07
IN2220210214,6.24% State Government of Maharashtra 2026,225000.0,225.05,1.71,Sovereign,SFMP- Series 50,SBI AMC,2026-07
IN002026X073,91 DAY T-BILL 20.08.26,500000.0,498.65,3.8,Sovereign,SFMP- Series 50,SBI AMC,2026-07
IN002025Y479,182 DAY T-BILL 27.08.26,125000.0,124.54,0.95,Sovereign,SFMP- Series 50,SBI AMC,2026-07
IN000826C023,GOI 22.08.2026 GOV,3035000.0,3025.48,23.03,Sovereign,SFMP- Series 50,SBI AMC,2026-07
IN000926C047,GOI 19.09.2026 GOV,800000.0,794.21,6.05,Sovereign,SFMP- Series 50,SBI AMC,2026-07
IN0020160035,6.97% CGL 2026,2400000.0,2403.29,7.45,Sovereign,SFMP- Series 51,SBI AMC,2026-07
IN2120160048,7.16% State Government of Madhya Pradesh 2026,5000000.0,5012.71,15.54,Sovereign,SFMP- Series 51,SBI AMC,2026-07
IN2220160062,7.37% State Government of Maharashtra 2026,3100000.0,3106.79,9.63,Sovereign,SFMP- Series 51,SBI AMC,2026-07
IN1520160087,7.60% State Government of Gujarat 2026,2500000.0,2501.21,7.75,Sovereign,SFMP- Series 51,SBI AMC,2026-07
IN4520160081,7.62% State Government of Telangana 2026,2500000.0,2501.2,7.75,Sovereign,SFMP- Series 51,SBI AMC,2026-07
IN3320160226,7.39% State Government of Uttar Pradesh 2026,2000000.0,2004.31,6.21,Sovereign,SFMP- Series 51,SBI AMC,2026-07
IN3120160103,7.37% State Government of Tamil Nadu 2026,1500000.0,1503.29,4.66,Sovereign,SFMP- Series 51,SBI AMC,2026-07
IN2220160070,7.16% State Government of Maharashtra 2026,500000.0,501.32,1.55,Sovereign,SFMP- Series 51,SBI AMC,2026-07
IN2220210214,6.24% State Government of Maharashtra 2026,400000.0,400.1,1.24,Sovereign,SFMP- Series 51,SBI AMC,2026-07
IN002025Z278,364 DAY T-BILL 02.10.26,4500000.0,4459.86,13.82,Sovereign,SFMP- Series 51,SBI AMC,2026-07
IN002026X073,91 DAY T-BILL 20.08.26,300000.0,299.19,0.93,Sovereign,SFMP- Series 51,SBI AMC,2026-07
IN000826C023,GOI 22.08.2026 GOV,4035000.0,4022.34,12.47,Sovereign,SFMP- Series 51,SBI AMC,2026-07
IN000926C047,GOI 19.09.2026 GOV,2100000.0,2084.79,6.46,Sovereign,SFMP- Series 51,SBI AMC,2026-07
IN000926C021,GOI 15.09.2026 GOV,275000.0,273.17,0.85,Sovereign,SFMP- Series 51,SBI AMC,2026-07
IN000926C054,GOI 12.09.2026 GOV,200000.0,198.76,0.62,Sovereign,SFMP- Series 51,SBI AMC,2026-07
IN3120180127,8.72% State Government of Tamil Nadu 2026,5000000.0,5021.03,33.92,Sovereign,SFMP- Series 52,SBI AMC,2026-07
IN3420160068,7.19% State Government of West Bengal 2026,500000.0,501.31,3.39,Sovereign,SFMP- Series 52,SBI AMC,2026-07
IN2220210214,6.24% State Government of Maharashtra 2026,225000.0,225.05,1.52,Sovereign,SFMP- Series 52,SBI AMC,2026-07
IN002026X156,91 DAY T-BILL 15.10.26,4000000.0,3956.91,26.73,Sovereign,SFMP- Series 52,SBI AMC,2026-07
IN002026Y014,182 DAY T-BILL 08.10.26,1800000.0,1782.39,12.04,Sovereign,SFMP- Series 52,SBI AMC,2026-07
IN002025Z286,364 DAY T-BILL 08.10.26,300000.0,297.07,2.01,Sovereign,SFMP- Series 52,SBI AMC,2026-07
IN002025Y479,182 DAY T-BILL 27.08.26,125000.0,124.54,0.84,Sovereign,SFMP- Series 52,SBI AMC,2026-07
IN000926C047,GOI 19.09.2026 GOV,1561000.0,1549.7,10.47,Sovereign,SFMP- Series 52,SBI AMC,2026-07
IN000826C023,GOI 22.08.2026 GOV,470000.0,468.53,3.16,Sovereign,SFMP- Series 52,SBI AMC,2026-07
IN000926C021,GOI 15.09.2026 GOV,130000.0,129.14,0.87,Sovereign,SFMP- Series 52,SBI AMC,2026-07
IN0020160035,6.97% CGL 2026,3000000.0,3004.11,9.0,Sovereign,SFMP- Series 53,SBI AMC,2026-07
IN4520160099,7.39% State Government of Telangana 2026,13000000.0,13028.02,39.01,Sovereign,SFMP- Series 53,SBI AMC,2026-07
IN3420160084,7.25% State Government of West Bengal 2026,4000000.0,4014.98,12.02,Sovereign,SFMP- Series 53,SBI AMC,2026-07
IN2120160055,7.15% State Government of Madhya Pradesh 2026,2500000.0,2507.24,7.51,Sovereign,SFMP- Series 53,SBI AMC,2026-07
IN4520160107,7.16% State Government of Telangana 2026,1500000.0,1504.42,4.5,Sovereign,SFMP- Series 53,SBI AMC,2026-07
IN3120160129,7.23% State Government of Tamil Nadu 2026,1068700.0,1072.77,3.21,Sovereign,SFMP- Series 53,SBI AMC,2026-07
IN1720160010,7.17% State Government of Himachal Pradesh 2026,1000000.0,1003.0,3.0,Sovereign,SFMP- Series 53,SBI AMC,2026-07
IN2220160088,7.15% State Government of Maharashtra 2026,500000.0,501.51,1.5,Sovereign,SFMP- Series 53,SBI AMC,2026-07
IN2220210214,6.24% State Government of Maharashtra 2026,450000.0,450.11,1.35,Sovereign,SFMP- Series 53,SBI AMC,2026-07
IN3720160016,7.25% State Government of Jharkhand 2026,294200.0,295.31,0.88,Sovereign,SFMP- Series 53,SBI AMC,2026-07
IN3120160111,7.14% State Government of Tamil Nadu 2026,260000.0,260.78,0.78,Sovereign,SFMP- Series 53,SBI AMC,2026-07
IN002026Y014,182 DAY T-BILL 08.10.26,200000.0,198.04,0.59,Sovereign,SFMP- Series 53,SBI AMC,2026-07
IN000826C023,GOI 22.08.2026 GOV,1561000.0,1556.1,4.66,Sovereign,SFMP- Series 53,SBI AMC,2026-07
IN000926C047,GOI 19.09.2026 GOV,1292500.0,1283.14,3.84,Sovereign,SFMP- Series 53,SBI AMC,2026-07
IN000926C054,GOI 12.09.2026 GOV,588000.0,584.35,1.75,Sovereign,SFMP- Series 53,SBI AMC,2026-07
IN001026C037,GOI 22.10.2026 GOV,500000.0,493.97,1.48,Sovereign,SFMP- Series 53,SBI AMC,2026-07
IN000926C021,GOI 15.09.2026 GOV,475000.0,471.84,1.41,Sovereign,SFMP- Series 53,SBI AMC,2026-07
IN001126C027,GOI 06.11.2026 GOV,225000.0,221.76,0.66,Sovereign,SFMP- Series 53,SBI AMC,2026-07
IN001026C011,GOI 26.10.2026 GOV,150000.0,148.1,0.44,Sovereign,SFMP- Series 53,SBI AMC,2026-07
IN0020160035,6.97% CGL 2026,350000.0,350.48,8.61,Sovereign,SFMP- Series 54,SBI AMC,2026-07
IN0020210186,5.74% CGL 2026,100000.0,100.07,2.46,Sovereign,SFMP- Series 54,SBI AMC,2026-07
IN3320160267,7.41% State Government of Uttar Pradesh 2026,2500000.0,2511.22,61.73,Sovereign,SFMP- Series 54,SBI AMC,2026-07
IN3120190191,7.05% State Government of Tamil Nadu 2026,275000.0,276.13,6.79,Sovereign,SFMP- Series 54,SBI AMC,2026-07
IN2220160104,7.39% State Government of Maharashtra 2026,100000.0,100.45,2.47,Sovereign,SFMP- Series 54,SBI AMC,2026-07
IN002025Z286,364 DAY T-BILL 08.10.26,100000.0,99.02,2.43,Sovereign,SFMP- Series 54,SBI AMC,2026-07
IN000926C047,GOI 19.09.2026 GOV,305000.0,302.79,7.44,Sovereign,SFMP- Series 54,SBI AMC,2026-07
IN001026C037,GOI 22.10.2026 GOV,120000.0,118.55,2.91,Sovereign,SFMP- Series 54,SBI AMC,2026-07
IN000926C021,GOI 15.09.2026 GOV,100000.0,99.33,2.44,Sovereign,SFMP- Series 54,SBI AMC,2026-07
IN0020210186,5.74% CGL 2026,1100000.0,1100.75,4.01,Sovereign,SFMP- Series 55,SBI AMC,2026-07
IN1620160227,7.39% State Government of Haryana 2026,5000000.0,5021.46,18.29,Sovereign,SFMP- Series 55,SBI AMC,2026-07
IN1920160018,7.14% State Government of Karnataka 2026,5000000.0,5015.04,18.27,Sovereign,SFMP- Series 55,SBI AMC,2026-07
IN3620160074,7.42% State Government of Uttarakhand 2026,4000000.0,4017.76,14.64,Sovereign,SFMP- Series 55,SBI AMC,2026-07
IN3120160145,6.84% State Government of Tamil Nadu 2026,2500000.0,2509.09,9.14,Sovereign,SFMP- Series 55,SBI AMC,2026-07
IN2920160198,6.82% State Government of Rajasthan 2026,2500000.0,2508.35,9.14,Sovereign,SFMP- Series 55,SBI AMC,2026-07
IN1920160059,7.08% State Government of Karnataka 2026,500000.0,502.54,1.83,Sovereign,SFMP- Series 55,SBI AMC,2026-07
IN1520220154,7.57% State Government of Gujarat 2026,500000.0,502.51,1.83,Sovereign,SFMP- Series 55,SBI AMC,2026-07
IN1520160152,7.05% State Government of Gujarat 2026,500000.0,502.49,1.83,Sovereign,SFMP- Series 55,SBI AMC,2026-07
IN3420160118,7.10% State Government of West Bengal 2026,105100.0,105.62,0.38,Sovereign,SFMP- Series 55,SBI AMC,2026-07
IN000926C047,GOI 19.09.2026 GOV,2368000.0,2350.85,8.56,Sovereign,SFMP- Series 55,SBI AMC,2026-07
IN001226C058,GOI 15.12.2026 GOV,620000.0,607.44,2.21,Sovereign,SFMP- Series 55,SBI AMC,2026-07
IN001226C041,GOI 12.12.2026 GOV,600000.0,588.11,2.14,Sovereign,SFMP- Series 55,SBI AMC,2026-07
IN000926C021,GOI 15.09.2026 GOV,559900.0,556.18,2.03,Sovereign,SFMP- Series 55,SBI AMC,2026-07
IN000926C054,GOI 12.09.2026 GOV,275000.0,273.29,1.0,Sovereign,SFMP- Series 55,SBI AMC,2026-07
IN001026C011,GOI 26.10.2026 GOV,235000.0,232.03,0.85,Sovereign,SFMP- Series 55,SBI AMC,2026-07
IN001126C027,GOI 06.11.2026 GOV,223800.0,220.58,0.8,Sovereign,SFMP- Series 55,SBI AMC,2026-07
IN001026C037,GOI 22.10.2026 GOV,203200.0,200.75,0.73,Sovereign,SFMP- Series 55,SBI AMC,2026-07
IN001226C082,GOI 01.12.2026 GOV,100000.0,98.18,0.36,Sovereign,SFMP- Series 55,SBI AMC,2026-07
IN0020210186,5.74% CGL 2026,300000.0,300.2,1.08,Sovereign,SFMP- Series 57,SBI AMC,2026-07
IN3620160074,7.42% State Government of Uttarakhand 2026,12500000.0,12555.49,45.17,Sovereign,SFMP- Series 57,SBI AMC,2026-07
IN3120160152,7.07% State Government of Tamil Nadu 2026,1000000.0,1005.05,3.62,Sovereign,SFMP- Series 57,SBI AMC,2026-07
IN1620160235,6.86% State Government of Haryana 2026,1000000.0,1003.42,3.61,Sovereign,SFMP- Series 57,SBI AMC,2026-07
IN1920160059,7.08% State Government of Karnataka 2026,500000.0,502.54,1.81,Sovereign,SFMP- Series 57,SBI AMC,2026-07
IN002025Z385,364 DAY T-BILL 17.12.26,1000000.0,979.75,3.53,Sovereign,SFMP- Series 57,SBI AMC,2026-07
IN002025Z286,364 DAY T-BILL 08.10.26,100000.0,99.02,0.36,Sovereign,SFMP- Series 57,SBI AMC,2026-07
IN001226C033,GOI 17.12.2026 GOV,4551500.0,4457.93,16.04,Sovereign,SFMP- Series 57,SBI AMC,2026-07
IN001226C058,GOI 15.12.2026 GOV,2500000.0,2449.35,8.81,Sovereign,SFMP- Series 57,SBI AMC,2026-07
IN000926C047,GOI 19.09.2026 GOV,1870000.0,1856.46,6.68,Sovereign,SFMP- Series 57,SBI AMC,2026-07
IN001226C090,GOI 19.12.2026 GOV,625000.0,611.97,2.2,Sovereign,SFMP- Series 57,SBI AMC,2026-07
IN001226C041,GOI 12.12.2026 GOV,600000.0,588.11,2.12,Sovereign,SFMP- Series 57,SBI AMC,2026-07
IN001226C082,GOI 01.12.2026 GOV,407100.0,399.7,1.44,Sovereign,SFMP- Series 57,SBI AMC,2026-07
IN000926C054,GOI 12.09.2026 GOV,277000.0,275.28,0.99,Sovereign,SFMP- Series 57,SBI AMC,2026-07
IN000926C021,GOI 15.09.2026 GOV,100000.0,99.33,0.36,Sovereign,SFMP- Series 57,SBI AMC,2026-07
IN001026C037,GOI 22.10.2026 GOV,100000.0,98.79,0.36,Sovereign,SFMP- Series 57,SBI AMC,2026-07
IN001226C074,GOI 16.12.2026 GOV,100000.0,97.96,0.35,Sovereign,SFMP- Series 57,SBI AMC,2026-07
IN0020210186,5.74% CGL 2026,1050000.0,1050.72,3.87,Sovereign,SFMP- Series 58,SBI AMC,2026-07
IN3120160178,7.16% State Government of Tamil Nadu 2027,5000000.0,5029.18,18.52,Sovereign,SFMP- Series 58,SBI AMC,2026-07
IN1920160075,7.15% State Government of Karnataka 2027,4000000.0,4023.17,14.81,Sovereign,SFMP- Series 58,SBI AMC,2026-07
IN1520160178,7.14% State Government of Gujarat 2027,4000000.0,4023.0,14.81,Sovereign,SFMP- Series 58,SBI AMC,2026-07
IN3320160291,7.17% State Government of Uttar Pradesh 2027,2500000.0,2514.12,9.26,Sovereign,SFMP- Series 58,SBI AMC,2026-07
IN2020160130,7.15% State Government of Kerala 2027,2500000.0,2513.79,9.26,Sovereign,SFMP- Series 58,SBI AMC,2026-07
IN2920210407,6.29% State Government of Rajasthan 2026,500000.0,501.16,1.85,Sovereign,SFMP- Series 58,SBI AMC,2026-07
IN2920160222,7.15% State Government of Rajasthan 2027,221100.0,222.31,0.82,Sovereign,SFMP- Series 58,SBI AMC,2026-07
IN001226C074,GOI 16.12.2026 GOV,1503200.0,1472.52,5.42,Sovereign,SFMP- Series 58,SBI AMC,2026-07
IN001226C041,GOI 12.12.2026 GOV,1232500.0,1208.08,4.45,Sovereign,SFMP- Series 58,SBI AMC,2026-07
IN001226C058,GOI 15.12.2026 GOV,1148500.0,1125.23,4.14,Sovereign,SFMP- Series 58,SBI AMC,2026-07
IN001026C037,GOI 22.10.2026 GOV,750000.0,740.96,2.73,Sovereign,SFMP- Series 58,SBI AMC,2026-07
IN001226C033,GOI 17.12.2026 GOV,725000.0,710.1,2.61,Sovereign,SFMP- Series 58,SBI AMC,2026-07
IN001226C082,GOI 01.12.2026 GOV,500000.0,490.91,1.81,Sovereign,SFMP- Series 58,SBI AMC,2026-07
IN000926C047,GOI 19.09.2026 GOV,345000.0,342.5,1.26,Sovereign,SFMP- Series 58,SBI AMC,2026-07
IN001226C090,GOI 19.12.2026 GOV,333000.0,326.05,1.2,Sovereign,SFMP- Series 58,SBI AMC,2026-07
INE020B08EP3,REC Ltd.,71500.0,71587.52,9.2,CRISIL AAA,SCPSE,SBI AMC,2026-07
INE733E07KF5,NTPC Ltd.,5000.0,50031.45,6.43,CRISIL AAA,SCPSE,SBI AMC,2026-07
INE733E07KE8,NTPC Ltd.,3450.0,34513.18,4.44,CRISIL AAA,SCPSE,SBI AMC,2026-07
INE556F08KI9,Small Industries Development Bank of India,32500.0,32510.3,4.18,CRISIL AAA,SCPSE,SBI AMC,2026-07
INE134E08LK2,Power Finance Corporation Ltd.,3250.0,32482.09,4.18,CRISIL AAA,SCPSE,SBI AMC,2026-07
INE261F08EA6,National Bank for Agriculture and Rural Development,30000.0,30009.24,3.86,CRISIL AAA,SCPSE,SBI AMC,2026-07
INE134E08MT1,Power Finance Corporation Ltd.,17500.0,17507.75,2.25,CRISIL AAA,SCPSE,SBI AMC,2026-07
INE134E08MK0,Power Finance Corporation Ltd.,17000.0,17021.03,2.19,CRISIL AAA,SCPSE,SBI AMC,2026-07
INE514E08FG5,Export-Import Bank of India,1350.0,13506.14,1.74,CRISIL AAA,SCPSE,SBI AMC,2026-07
INE020B08FC8,REC Ltd.,8500.0,8505.11,1.09,[ICRA]AAA,SCPSE,SBI AMC,2026-07
INE134E08IK8,Power Finance Corporation Ltd.,750.0,7505.02,0.96,CRISIL AAA,SCPSE,SBI AMC,2026-07
INE134E08II2,Power Finance Corporation Ltd.,500.0,5001.17,0.64,CRISIL AAA,SCPSE,SBI AMC,2026-07
INE134E08LS5,Power Finance Corporation Ltd.,350.0,3500.77,0.45,CRISIL AAA,SCPSE,SBI AMC,2026-07
INE556F08KJ7,Small Industries Development Bank of India,2500.0,2501.4,0.32,CRISIL AAA,SCPSE,SBI AMC,2026-07
INE134E08DU8,Power Finance Corporation Ltd.,204.0,2044.08,0.26,CRISIL AAA,SCPSE,SBI AMC,2026-07
INE134E08DS2,Power Finance Corporation Ltd.,70.0,700.0,0.09,CRISIL AAA,SCPSE,SBI AMC,2026-07
INE848E07AL0,NHPC Ltd.,50.0,500.34,0.06,[ICRA]AAA,SCPSE,SBI AMC,2026-07
IN2220210214,6.24% State Government of Maharashtra 2026,58000000.0,58013.98,7.46,Sovereign,SCPSE,SBI AMC,2026-07
IN3520190015,7.03% State Government of Chhattisgarh 2026,47492300.0,47548.63,6.11,Sovereign,SCPSE,SBI AMC,2026-07
IN1520220097,7.49% State Government of Gujarat 2026,39000000.0,39123.01,5.03,Sovereign,SCPSE,SBI AMC,2026-07
IN2220160070,7.16% State Government of Maharashtra 2026,30000000.0,30079.38,3.87,Sovereign,SCPSE,SBI AMC,2026-07
IN3420160043,7.63% State Government of West Bengal 2026,20326000.0,20335.76,2.61,Sovereign,SCPSE,SBI AMC,2026-07
IN3120180127,8.72% State Government of Tamil Nadu 2026,18000000.0,18075.69,2.32,Sovereign,SCPSE,SBI AMC,2026-07
IN1620160193,7.18% State Government of Haryana 2026,16500000.0,16542.69,2.13,Sovereign,SCPSE,SBI AMC,2026-07
IN2220160062,7.37% State Government of Maharashtra 2026,16467400.0,16503.46,2.12,Sovereign,SCPSE,SBI AMC,2026-07
IN1520190092,7.02% State Government of Gujarat 2026,16000000.0,16019.54,2.06,Sovereign,SCPSE,SBI AMC,2026-07
IN2020160072,7.61% State Government of Kerala 2026,13500000.0,13506.4,1.74,Sovereign,SCPSE,SBI AMC,2026-07
IN1520160087,7.60% State Government of Gujarat 2026,12602100.0,12608.2,1.62,Sovereign,SCPSE,SBI AMC,2026-07
IN2220160054,7.58% State Government of Maharashtra 2026,9725400.0,9738.88,1.25,Sovereign,SCPSE,SBI AMC,2026-07
IN2120160014,7.62% State Government of Madhya Pradesh 2026,9137600.0,9141.93,1.18,Sovereign,SCPSE,SBI AMC,2026-07
IN3320160200,7.63% State Government of Uttar Pradesh 2026,9000000.0,9004.32,1.16,Sovereign,SCPSE,SBI AMC,2026-07
IN3320160234,7.19% State Government of Uttar Pradesh 2026,7200000.0,7218.82,0.93,Sovereign,SCPSE,SBI AMC,2026-07
IN2920160156,7.38% State Government of Rajasthan 2026,7000000.0,7014.76,0.9,Sovereign,SCPSE,SBI AMC,2026-07
IN1020160066,7.63% State Government of Andhra Pradesh 2026,5838700.0,5841.49,0.75,Sovereign,SCPSE,SBI AMC,2026-07
IN1520190084,7.04% State Government of Gujarat 2026,5500000.0,5501.5,0.71,Sovereign,SCPSE,SBI AMC,2026-07
IN3420160068,7.19% State Government of West Bengal 2026,5000000.0,5013.1,0.64,Sovereign,SCPSE,SBI AMC,2026-07
IN3320160218,7.58% State Government of Uttar Pradesh 2026,4561000.0,4567.18,0.59,Sovereign,SCPSE,SBI AMC,2026-07
IN1620160185,7.35% State Government of Haryana 2026,4500000.0,4509.44,0.58,Sovereign,SCPSE,SBI AMC,2026-07
IN3120160103,7.37% State Government of Tamil Nadu 2026,4000000.0,4008.76,0.52,Sovereign,SCPSE,SBI AMC,2026-07
IN3120160087,7.62% State Government of Tamil Nadu 2026,4000000.0,4001.95,0.51,Sovereign,SCPSE,SBI AMC,2026-07
IN2120160048,7.16% State Government of Madhya Pradesh 2026,3000000.0,3007.62,0.39,Sovereign,SCPSE,SBI AMC,2026-07
IN2920160164,7.17% State Government of Rajasthan 2026,3000000.0,3007.61,0.39,Sovereign,SCPSE,SBI AMC,2026-07
IN3620160033,7.39% State Government of Uttarakhand 2026,3000000.0,3006.4,0.39,Sovereign,SCPSE,SBI AMC,2026-07
IN2120160030,7.38% State Government of Madhya Pradesh 2026,2856600.0,2862.66,0.37,Sovereign,SCPSE,SBI AMC,2026-07
IN3320160226,7.39% State Government of Uttar Pradesh 2026,2500000.0,2505.39,0.32,Sovereign,SCPSE,SBI AMC,2026-07
IN4520160099,7.39% State Government of Telangana 2026,2500000.0,2505.39,0.32,Sovereign,SCPSE,SBI AMC,2026-07
IN3120160095,7.58% State Government of Tamil Nadu 2026,2000000.0,2002.77,0.26,Sovereign,SCPSE,SBI AMC,2026-07
IN2120210025,5.99% State Government of Madhya Pradesh 2026,2000000.0,2000.62,0.26,Sovereign,SCPSE,SBI AMC,2026-07
IN2020160080,7.59% State Government of Kerala 2026,1000000.0,1001.36,0.13,Sovereign,SCPSE,SBI AMC,2026-07
IN4520160081,7.62% State Government of Telangana 2026,1000000.0,1000.48,0.13,Sovereign,SCPSE,SBI AMC,2026-07
IN0020210186,5.74% CGL 2026,1000000.0,1000.68,3.73,Sovereign,SFMP- Series 60,SBI AMC,2026-07
IN1920160117,7.86% State Government of Karnataka 2027,7500000.0,7593.81,28.31,Sovereign,SFMP- Series 60,SBI AMC,2026-07
IN1020160454,7.88% State Government of Andhra Pradesh 2027,5000000.0,5060.48,18.87,Sovereign,SFMP- Series 60,SBI AMC,2026-07
IN1020160462,7.62% State Government of Andhra Pradesh 2027,2000000.0,2022.33,7.54,Sovereign,SFMP- Series 60,SBI AMC,2026-07
IN3120161424,7.62% State Government of Tamil Nadu 2027,1000000.0,1011.73,3.77,Sovereign,SFMP- Series 60,SBI AMC,2026-07
IN2920160446,7.61% State Government of Rajasthan 2027,1000000.0,1011.18,3.77,Sovereign,SFMP- Series 60,SBI AMC,2026-07
IN1920160109,7.75% State Government of Karnataka 2027,1000000.0,1011.14,3.77,Sovereign,SFMP- Series 60,SBI AMC,2026-07
IN001226C058,GOI 15.12.2026 GOV,2097000.0,2054.51,7.66,Sovereign,SFMP- Series 60,SBI AMC,2026-07
IN000327C048,GOI 19.03.2027 GOV,2026900.0,1956.14,7.29,Sovereign,SFMP- Series 60,SBI AMC,2026-07
IN000227C024,GOI 22.02.2027 GOV,1675000.0,1623.35,6.05,Sovereign,SFMP- Series 60,SBI AMC,2026-07
IN001226C090,GOI 19.12.2026 GOV,720000.0,704.98,2.63,Sovereign,SFMP- Series 60,SBI AMC,2026-07
IN001026C037,GOI 22.10.2026 GOV,527600.0,521.24,1.94,Sovereign,SFMP- Series 60,SBI AMC,2026-07
IN001226C041,GOI 12.12.2026 GOV,300000.0,294.06,1.1,Sovereign,SFMP- Series 60,SBI AMC,2026-07
IN001226C074,GOI 16.12.2026 GOV,171900.0,168.39,0.63,Sovereign,SFMP- Series 60,SBI AMC,2026-07
IN000327C055,GOI 12.03.2027 GOV,170000.0,164.25,0.61,Sovereign,SFMP- Series 60,SBI AMC,2026-07
INE090A01021,ICICI Bank Ltd.,7800000.0,111961.2,4.64,Banks,SMCF,SBI AMC,2026-07
INE814H01029,Adani Power Ltd.,49000000.0,103541.9,4.29,Power,SMCF,SBI AMC,2026-07
INE040A01034,HDFC Bank Ltd.,13055000.0,97670.98,4.04,Banks,SMCF,SBI AMC,2026-07
INE423A01024,Adani Enterprises Ltd.,2947756.0,88712.72,3.67,Metals & Minerals Trading,SMCF,SBI AMC,2026-07
INE237A01036,Kotak Mahindra Bank Ltd.,19000000.0,74157.0,3.07,Banks,SMCF,SBI AMC,2026-07
INE930H01031,K.P.R. Mill Ltd.,7000000.0,73486.0,3.04,Textiles & Apparels,SMCF,SBI AMC,2026-07
INE361B01024,Divi's Laboratories Ltd.,850000.0,68476.0,2.84,Pharmaceuticals & Biotechnology,SMCF,SBI AMC,2026-07
INE682M01020,Jupiter Life Line Hospitals Ltd.,20000000.0,66300.0,2.75,Healthcare Services,SMCF,SBI AMC,2026-07
INE813H01021,Torrent Power Ltd.,4330142.0,61197.9,2.53,Power,SMCF,SBI AMC,2026-07
INE021A01026,Asian Paints Ltd.,2200000.0,60440.6,2.5,Consumer Durables,SMCF,SBI AMC,2026-07
INE0BWX01014,Aether Industries Ltd.,3899943.0,60043.52,2.49,Chemicals & Petrochemicals,SMCF,SBI AMC,2026-07
INE463A01038,Berger Paints India Ltd.,11000000.0,57249.5,2.37,Consumer Durables,SMCF,SBI AMC,2026-07
INE967H01025,Krishna Institute of Medical Sciences Ltd.,6500000.0,52305.5,2.17,Healthcare Services,SMCF,SBI AMC,2026-07
INE088F01024,Paradeep Phosphates Ltd.,35000000.0,51565.5,2.14,Fertilizers & Agrochemicals,SMCF,SBI AMC,2026-07
INE797F01020,Jubilant Foodworks Ltd.,11000000.0,48207.5,2.0,Leisure Services,SMCF,SBI AMC,2026-07
INE376G01013,Biocon Ltd.,11023314.0,46926.25,1.94,Pharmaceuticals & Biotechnology,SMCF,SBI AMC,2026-07
INE285A01027,Elgi Equipments Ltd.,8000000.0,45572.0,1.89,Industrial Products,SMCF,SBI AMC,2026-07
INE238A01034,Axis Bank Ltd.,3543609.0,43568.67,1.8,Banks,SMCF,SBI AMC,2026-07
INE472A01039,Blue Star Ltd.,2510000.0,42198.12,1.75,Consumer Durables,SMCF,SBI AMC,2026-07
INE956O01016,Lenskart Solutions Ltd.,7500000.0,42105.0,1.74,Retailing,SMCF,SBI AMC,2026-07
INE686F01025,United Breweries Ltd.,2900000.0,41145.2,1.7,Beverages,SMCF,SBI AMC,2026-07
INE073K01018,Sona Blw Precision Forgings Ltd.,5000000.0,38470.0,1.59,Auto Components,SMCF,SBI AMC,2026-07
INE220B01022,Kalpataru Projects International Ltd.,2949566.0,38037.6,1.58,Construction,SMCF,SBI AMC,2026-07
INE120A01034,Carborundum Universal Ltd.,3508647.0,37324.99,1.55,Industrial Products,SMCF,SBI AMC,2026-07
INE585B01010,Maruti Suzuki India Ltd.,260000.0,37008.4,1.53,Automobiles,SMCF,SBI AMC,2026-07
INE591G01025,Coforge Ltd.,2120600.0,36495.53,1.51,IT - Software,SMCF,SBI AMC,2026-07
INE230A01023,EIH Ltd.,11000000.0,35970.0,1.49,Leisure Services,SMCF,SBI AMC,2026-07
INE171A01029,The Federal Bank Ltd.,10000000.0,35885.0,1.49,Banks,SMCF,SBI AMC,2026-07
INE501A01019,Deepak Fertilizers and Petrochemicals Corporation Ltd.,2197219.0,34118.42,1.41,Chemicals & Petrochemicals,SMCF,SBI AMC,2026-07
INE491J01022,ASK Automotive Ltd.,6308563.0,33312.37,1.38,Auto Components,SMCF,SBI AMC,2026-07
INE009A01021,Infosys Ltd.,2900000.0,32772.9,1.36,IT - Software,SMCF,SBI AMC,2026-07
INE665J01013,V-Mart Retail Ltd.,4000000.0,31164.0,1.29,Retailing,SMCF,SBI AMC,2026-07
INE761H01022,Page Industries Ltd.,77000.0,31088.75,1.29,Textiles & Apparels,SMCF,SBI AMC,2026-07
INE00R701025,Dalmia Bharat Ltd.,1711126.0,30795.13,1.28,Cement & Cement Products,SMCF,SBI AMC,2026-07
INE690A01028,TTK Prestige Ltd.,4790680.0,30737.0,1.27,Consumer Durables,SMCF,SBI AMC,2026-07
INE01EA01019,Vishal Mega Mart Ltd.,27000000.0,28917.0,1.2,Retailing,SMCF,SBI AMC,2026-07
INE852O01025,Aptus Value Housing Finance India Ltd.,10675139.0,27883.46,1.15,Finance,SMCF,SBI AMC,2026-07
INE758T01015,Eternal Ltd.,9200000.0,27825.4,1.15,Retailing,SMCF,SBI AMC,2026-07
INE081A01020,Tata Steel Ltd.,14600000.0,27694.74,1.15,Ferrous Metals,SMCF,SBI AMC,2026-07
INE0V6F01027,Hyundai Motor India Ltd.,1250000.0,27258.75,1.13,Automobiles,SMCF,SBI AMC,2026-07
INE388Y01029,FSN E-Commerce Ventures Ltd.,8000000.0,26672.0,1.1,Retailing,SMCF,SBI AMC,2026-07
INE718I01012,JSW Cement Ltd.,20000000.0,26620.0,1.1,Cement & Cement Products,SMCF,SBI AMC,2026-07
INE00H001014,Swiggy Ltd.,9000000.0,25637.4,1.06,Retailing,SMCF,SBI AMC,2026-07
INE951I01027,V-Guard Industries Ltd.,7931704.0,24945.21,1.03,Consumer Durables,SMCF,SBI AMC,2026-07
INE298J01013,Nippon Life India Asset Management Ltd.,2117711.0,24595.1,1.02,Capital Markets,SMCF,SBI AMC,2026-07
INE048G01026,Navin Fluorine International Ltd.,300000.0,22702.5,0.94,Chemicals & Petrochemicals,SMCF,SBI AMC,2026-07
INE494B01023,TVS Motor Company Ltd.,507762.0,21900.28,0.91,Automobiles,SMCF,SBI AMC,2026-07
INE047A01021,Grasim Industries Ltd.,700000.0,21705.6,0.9,Cement & Cement Products,SMCF,SBI AMC,2026-07
INE128X01021,Archean Chemical Industries Ltd.,4059476.0,21338.64,0.88,Chemicals & Petrochemicals,SMCF,SBI AMC,2026-07
INE484J01027,Godrej Properties Ltd.,1000000.0,21057.0,0.87,Realty,SMCF,SBI AMC,2026-07
INE414G01012,Muthoot Finance Ltd.,650000.0,20277.4,0.84,Finance,SMCF,SBI AMC,2026-07
INE323A01026,Bosch Ltd.,49128.0,20184.24,0.84,Auto Components,SMCF,SBI AMC,2026-07
INE019A01038,JSW Steel Ltd.,1502500.0,19081.75,0.79,Ferrous Metals,SMCF,SBI AMC,2026-07
INE200M01039,Varun Beverages Ltd.,4100000.0,18134.3,0.75,Beverages,SMCF,SBI AMC,2026-07
INE121E01018,JSW Energy Ltd.,3066667.0,17009.27,0.7,Power,SMCF,SBI AMC,2026-07
INE00LO01017,Craftsman Automation Ltd.,137931.0,13618.62,0.56,Auto Components,SMCF,SBI AMC,2026-07
INE070A01015,Shree Cement Ltd.,47663.0,12418.59,0.51,Cement & Cement Products,SMCF,SBI AMC,2026-07
INE674K01013,Aditya Birla Capital Ltd.,3000000.0,12129.0,0.5,Finance,SMCF,SBI AMC,2026-07
INE262H01021,Persistent Systems Ltd.,170000.0,9433.3,0.39,IT - Software,SMCF,SBI AMC,2026-07
INE054A01027,VIP Industries Ltd.,3031256.0,9061.94,0.38,Consumer Durables,SMCF,SBI AMC,2026-07
INE02YR01019,Electronics Mart India Ltd.,6500000.0,8460.4,0.35,Retailing,SMCF,SBI AMC,2026-07
INE03NU01014,Brigade Hotel Ventures Ltd.,8200000.0,4874.9,0.2,Leisure Services,SMCF,SBI AMC,2026-07
INE438K01021,Sai Silks (Kalamandir) Ltd.,3367072.0,3001.07,0.12,Retailing,SMCF,SBI AMC,2026-07
INE01A001028,Stanley Lifestyles Ltd.,371212.0,582.91,0.02,Consumer Durables,SMCF,SBI AMC,2026-07
IN0020220037,7.38% CGL 2027,10000000.0,10137.6,0.42,Sovereign,SMCF,SBI AMC,2026-07
IN002025Z344,364 DAY T-BILL 19.11.26,2000000.0,1968.03,0.08,Sovereign,SMCF,SBI AMC,2026-07
IN0020210186,5.74% CGL 2026,950000.0,950.65,2.62,Sovereign,SFMP- Series 61,SBI AMC,2026-07
IN0020220037,7.38% CGL 2027,500000.0,506.88,1.39,Sovereign,SFMP- Series 61,SBI AMC,2026-07
IN2920170023,7.23% State Government of Rajasthan 2027,5000000.0,5049.55,13.89,Sovereign,SFMP- Series 61,SBI AMC,2026-07
IN3120170037,7.52% State Government of Tamil Nadu 2027,3500000.0,3543.0,9.75,Sovereign,SFMP- Series 61,SBI AMC,2026-07
IN1620170028,7.26% State Government of Haryana 2027,3500000.0,3537.04,9.73,Sovereign,SFMP- Series 61,SBI AMC,2026-07
IN3120170052,7.24% State Government of Tamil Nadu 2027,3000000.0,3033.37,8.34,Sovereign,SFMP- Series 61,SBI AMC,2026-07
IN1520170045,7.52% State Government of Gujarat 2027,2500000.0,2530.72,6.96,Sovereign,SFMP- Series 61,SBI AMC,2026-07
IN2220170020,7.51% State Government of Maharashtra 2027,1180000.0,1194.41,3.29,Sovereign,SFMP- Series 61,SBI AMC,2026-07
IN3320170043,7.52% State Government of Uttar Pradesh 2027,1000000.0,1011.87,2.78,Sovereign,SFMP- Series 61,SBI AMC,2026-07
IN3720170015,7.27% State Government of Jharkhand 2027,1000000.0,1010.82,2.78,Sovereign,SFMP- Series 61,SBI AMC,2026-07
IN1020180098,8.34% State Government of Andhra Pradesh 2027,500000.0,509.24,1.4,Sovereign,SFMP- Series 61,SBI AMC,2026-07
IN3120170045,7.23% State Government of Tamil Nadu 2027,500000.0,505.27,1.39,Sovereign,SFMP- Series 61,SBI AMC,2026-07
IN1520170052,7.20% State Government of Gujarat 2027,500000.0,505.15,1.39,Sovereign,SFMP- Series 61,SBI AMC,2026-07
IN000227C024,GOI 22.02.2027 GOV,4878400.0,4727.98,13.01,Sovereign,SFMP- Series 61,SBI AMC,2026-07
IN000427C046,GOI 15.04.2027 GOV,1500000.0,1441.73,3.97,Sovereign,SFMP- Series 61,SBI AMC,2026-07
IN000627C041,GOI 12.06.2027 GOV,1257500.0,1196.45,3.29,Sovereign,SFMP- Series 61,SBI AMC,2026-07
IN000627C074,GOI 16.06.2027 GOV,872300.0,829.37,2.28,Sovereign,SFMP- Series 61,SBI AMC,2026-07
IN000327C055,GOI 12.03.2027 GOV,797600.0,770.6,2.12,Sovereign,SFMP- Series 61,SBI AMC,2026-07
IN000627C058,GOI 15.06.2027 GOV,753000.0,716.07,1.97,Sovereign,SFMP- Series 61,SBI AMC,2026-07
IN000427C038,GOI 22.04.2027 GOV,613200.0,588.73,1.62,Sovereign,SFMP- Series 61,SBI AMC,2026-07
IN000327C048,GOI 19.03.2027 GOV,550000.0,530.8,1.46,Sovereign,SFMP- Series 61,SBI AMC,2026-07
IN001226C066,GOI 23.12.2026 GOV,500000.0,489.27,1.35,Sovereign,SFMP- Series 61,SBI AMC,2026-07
IN001026C037,GOI 22.10.2026 GOV,350000.0,345.78,0.95,Sovereign,SFMP- Series 61,SBI AMC,2026-07
IN000627C090,GOI 19.06.2027 GOV,192000.0,182.46,0.5,Sovereign,SFMP- Series 61,SBI AMC,2026-07
INE118H01025,BSE Ltd.,118591.0,4324.07,3.57,Capital Markets,SNM150IF,SBI AMC,2026-07
INE171A01029,The Federal Bank Ltd.,715279.0,2566.78,2.12,Banks,SNM150IF,SBI AMC,2026-07
INE947Q01028,Laurus Labs Ltd.,112914.0,2050.74,1.69,Pharmaceuticals & Biotechnology,SNM150IF,SBI AMC,2026-07
INE158A01026,Hero MotoCorp Ltd.,37674.0,2029.12,1.67,Automobiles,SNM150IF,SBI AMC,2026-07
INE745G01043,Multi Commodity Exchange of India Ltd.,74035.0,1993.17,1.64,Capital Markets,SNM150IF,SBI AMC,2026-07
INE095A01012,IndusInd Bank Ltd.,191146.0,1935.26,1.6,Banks,SNM150IF,SBI AMC,2026-07
INE262H01021,Persistent Systems Ltd.,31536.0,1749.93,1.44,IT - Software,SNM150IF,SBI AMC,2026-07
INE591G01025,Coforge Ltd.,100984.0,1737.93,1.43,IT - Software,SNM150IF,SBI AMC,2026-07
INE257A01026,Bharat Heavy Electricals Ltd.,423053.0,1721.83,1.42,Electrical Equipment,SNM150IF,SBI AMC,2026-07
INE949L01017,AU Small Finance Bank Ltd.,164315.0,1720.87,1.42,Banks,SNM150IF,SBI AMC,2026-07
INE326A01037,Lupin Ltd.,70478.0,1702.04,1.4,Pharmaceuticals & Biotechnology,SNM150IF,SBI AMC,2026-07
INE465A01025,Bharat Forge Ltd.,77354.0,1701.63,1.4,Auto Components,SNM150IF,SBI AMC,2026-07
INE040H01021,Suzlon Energy Ltd.,3529814.0,1694.66,1.4,Electrical Equipment,SNM150IF,SBI AMC,2026-07
INE935N01020,Dixon Technologies (India) Ltd.,12040.0,1691.5,1.4,Consumer Durables,SNM150IF,SBI AMC,2026-07
INE982J01020,One 97 Communications Ltd.,122184.0,1640.93,1.35,Financial Technology (Fintech),SNM150IF,SBI AMC,2026-07
INE092T01019,IDFC First Bank Ltd.,1925479.0,1630.5,1.35,Banks,SNM150IF,SBI AMC,2026-07
INE417T01026,PB Fintech Ltd.,100424.0,1608.29,1.33,Financial Technology (Fintech),SNM150IF,SBI AMC,2026-07
INE200A01026,GE Vernova T&D India Ltd.,35961.0,1554.7,1.28,Electrical Equipment,SNM150IF,SBI AMC,2026-07
INE121J01017,Indus Towers Ltd.,373927.0,1462.43,1.21,Telecom - Services,SNM150IF,SBI AMC,2026-07
INE061F01013,Fortis Healthcare Ltd.,151234.0,1429.16,1.18,Healthcare Services,SNM150IF,SBI AMC,2026-07
INE455K01017,Polycab India Ltd.,15519.0,1413.24,1.17,Industrial Products,SNM150IF,SBI AMC,2026-07
INE208A01029,Ashok Leyland Ltd.,830395.0,1379.95,1.14,"Agricultural, Commercial & Construction Vehicles",SNM150IF,SBI AMC,2026-07
INE663F01032,Info Edge (India) Ltd.,111117.0,1362.57,1.12,Retailing,SNM150IF,SBI AMC,2026-07
INE196A01026,Marico Ltd.,153616.0,1337.46,1.1,Agricultural Food & other Products,SNM150IF,SBI AMC,2026-07
INE388Y01029,FSN E-Commerce Ventures Ltd.,397114.0,1323.98,1.09,Retailing,SNM150IF,SBI AMC,2026-07
INE406A01037,Aurobindo Pharma Ltd.,80330.0,1269.37,1.05,Pharmaceuticals & Biotechnology,SNM150IF,SBI AMC,2026-07
INE07Y701011,Hitachi Energy India Ltd.,3692.0,1187.9,0.98,Electrical Equipment,SNM150IF,SBI AMC,2026-07
INE00H001014,Swiggy Ltd.,411891.0,1173.31,0.97,Retailing,SNM150IF,SBI AMC,2026-07
INE528G01035,Yes Bank Ltd.,5097502.0,1160.7,0.96,Banks,SNM150IF,SBI AMC,2026-07
INE180A01020,Max Financial Services Ltd.,76974.0,1153.84,0.95,Insurance,SNM150IF,SBI AMC,2026-07
INE765G01017,ICICI Lombard General Insurance Company Ltd.,70530.0,1145.2,0.95,Insurance,SNM150IF,SBI AMC,2026-07
INE647A01010,SRF Ltd.,42149.0,1105.36,0.91,Chemicals & Petrochemicals,SNM150IF,SBI AMC,2026-07
INE776C01039,GMR Airports Ltd.,1032916.0,1087.25,0.9,Transport Infrastructure,SNM150IF,SBI AMC,2026-07
INE094A01015,Hindustan Petroleum Corporation Ltd.,278689.0,1086.19,0.9,Petroleum Products,SNM150IF,SBI AMC,2026-07
INE669E01016,Vodafone Idea Ltd.,7989737.0,1039.46,0.86,Telecom - Services,SNM150IF,SBI AMC,2026-07
INE211B01039,The Phoenix Mills Ltd.,54179.0,1025.77,0.85,Realty,SNM150IF,SBI AMC,2026-07
INE944F01028,Radico Khaitan Ltd.,22735.0,986.88,0.81,Beverages,SNM150IF,SBI AMC,2026-07
INE121E01018,JSW Energy Ltd.,177883.0,986.63,0.81,Power,SNM150IF,SBI AMC,2026-07
INE628A01036,UPL Ltd.,162752.0,983.51,0.81,Fertilizers & Agrochemicals,SNM150IF,SBI AMC,2026-07
INE540L01014,Alkem Laboratories Ltd.,16981.0,976.66,0.81,Pharmaceuticals & Biotechnology,SNM150IF,SBI AMC,2026-07
INE935A01035,Glenmark Pharmaceuticals Ltd.,43696.0,976.12,0.81,Pharmaceuticals & Biotechnology,SNM150IF,SBI AMC,2026-07
INE674K01013,Aditya Birla Capital Ltd.,238969.0,966.15,0.8,Finance,SNM150IF,SBI AMC,2026-07
INE702C01027,APL Apollo Tubes Ltd.,52828.0,961.21,0.79,Industrial Products,SNM150IF,SBI AMC,2026-07
INE660A01013,Sundaram Finance Ltd.,19987.0,932.51,0.77,Finance,SNM150IF,SBI AMC,2026-07
INE176B01034,Havells India Ltd.,73139.0,922.06,0.76,Consumer Durables,SNM150IF,SBI AMC,2026-07
INE139A01034,National Aluminium Company Ltd.,260245.0,910.99,0.75,Non - Ferrous Metals,SNM150IF,SBI AMC,2026-07
INE356A01018,Mphasis Ltd.,38416.0,899.82,0.74,IT - Software,SNM150IF,SBI AMC,2026-07
INE878B01027,KEI Industries Ltd.,17912.0,895.42,0.74,Industrial Products,SNM150IF,SBI AMC,2026-07
INE376G01013,Biocon Ltd.,207051.0,881.42,0.73,Pharmaceuticals & Biotechnology,SNM150IF,SBI AMC,2026-07
INE226A01021,Voltas Ltd.,66170.0,879.33,0.73,Consumer Durables,SNM150IF,SBI AMC,2026-07
INE01EA01019,Vishal Mega Mart Ltd.,808885.0,866.32,0.71,Retailing,SNM150IF,SBI AMC,2026-07
INE848E01016,NHPC Ltd.,1093833.0,861.17,0.71,Power,SNM150IF,SBI AMC,2026-07
INE562A01011,Indian Bank,102558.0,857.9,0.71,Banks,SNM150IF,SBI AMC,2026-07
INE466L01038,360 ONE WAM Ltd.,75199.0,853.73,0.7,Capital Markets,SNM150IF,SBI AMC,2026-07
INE974X01010,Tube Investments of India Ltd.,31008.0,853.65,0.7,Auto Components,SNM150IF,SBI AMC,2026-07
INE584A01023,NMDC Ltd.,1003068.0,853.01,0.7,Minerals & Mining,SNM150IF,SBI AMC,2026-07
INE484J01027,Godrej Properties Ltd.,39250.0,826.49,0.68,Realty,SNM150IF,SBI AMC,2026-07
INE634S01028,Mankind Pharma Ltd.,32856.0,811.41,0.67,Pharmaceuticals & Biotechnology,SNM150IF,SBI AMC,2026-07
INE259A01022,Colgate Palmolive (India) Ltd.,38229.0,793.67,0.65,Personal Products,SNM150IF,SBI AMC,2026-07
INE811K01011,Prestige Estates Projects Ltd.,48955.0,791.21,0.65,Realty,SNM150IF,SBI AMC,2026-07
INE883A01011,MRF Ltd.,590.0,783.34,0.65,Auto Components,SNM150IF,SBI AMC,2026-07
INE813H01021,Torrent Power Ltd.,55182.0,779.89,0.64,Power,SNM150IF,SBI AMC,2026-07
INE881D01027,Oracle Financial Services Software Ltd.,6921.0,774.18,0.64,IT - Software,SNM150IF,SBI AMC,2026-07
INE281B01032,Lloyds Metals And Energy Ltd.,37768.0,773.11,0.64,Minerals & Mining,SNM150IF,SBI AMC,2026-07
INE498L01015,L&T Finance Ltd.,247592.0,770.63,0.64,Finance,SNM150IF,SBI AMC,2026-07
INE377N01017,Waaree Energies Ltd.,27780.0,744.56,0.61,Electrical Equipment,SNM150IF,SBI AMC,2026-07
INE774D01024,Mahindra & Mahindra Financial Services Ltd.,192019.0,740.71,0.61,Finance,SNM150IF,SBI AMC,2026-07
INE761H01022,Page Industries Ltd.,1831.0,739.27,0.61,Textiles & Apparels,SNM150IF,SBI AMC,2026-07
INE274J01014,Oil India Ltd.,158281.0,725.88,0.6,Oil,SNM150IF,SBI AMC,2026-07
INE016A01026,Dabur India Ltd.,171365.0,722.22,0.6,Personal Products,SNM150IF,SBI AMC,2026-07
INE169A01031,Coromandel International Ltd.,34696.0,719.46,0.59,Fertilizers & Agrochemicals,SNM150IF,SBI AMC,2026-07
INE114A01011,Steel Authority of India Ltd.,419551.0,709.17,0.59,Ferrous Metals,SNM150IF,SBI AMC,2026-07
INE571A01038,IPCA Laboratories Ltd.,40312.0,704.57,0.58,Pharmaceuticals & Biotechnology,SNM150IF,SBI AMC,2026-07
INE372A01015,Apar Industries Ltd.,4904.0,703.63,0.58,Electrical Equipment,SNM150IF,SBI AMC,2026-07
INE303R01014,Kalyan Jewellers India Ltd.,111514.0,683.13,0.56,Consumer Durables,SNM150IF,SBI AMC,2026-07
INE220G01021,Jindal Stainless Ltd.,90894.0,667.89,0.55,Ferrous Metals,SNM150IF,SBI AMC,2026-07
INE823G01014,JK Cement Ltd.,12146.0,661.23,0.55,Cement & Cement Products,SNM150IF,SBI AMC,2026-07
INE195A01028,Supreme Industries Ltd.,18691.0,647.72,0.53,Industrial Products,SNM150IF,SBI AMC,2026-07
INE603J01030,PI Industries Ltd.,23513.0,646.89,0.53,Fertilizers & Agrochemicals,SNM150IF,SBI AMC,2026-07
INE472A01039,Blue Star Ltd.,37654.0,633.04,0.52,Consumer Durables,SNM150IF,SBI AMC,2026-07
INE093I01010,Oberoi Realty Ltd.,34159.0,624.32,0.52,Realty,SNM150IF,SBI AMC,2026-07
INE405E01023,UNO Minda Ltd.,52787.0,623.15,0.51,Auto Components,SNM150IF,SBI AMC,2026-07
INE347G01014,Petronet LNG Ltd.,217472.0,610.55,0.5,Gas,SNM150IF,SBI AMC,2026-07
INE298J01013,Nippon Life India Asset Management Ltd.,52033.0,604.31,0.5,Capital Markets,SNM150IF,SBI AMC,2026-07
INE151A01013,Tata Communications Ltd.,34083.0,598.63,0.49,Telecom - Services,SNM150IF,SBI AMC,2026-07
INE302A01020,Exide Industries Ltd.,132034.0,593.89,0.49,Auto Components,SNM150IF,SBI AMC,2026-07
INE726G01019,ICICI Prudential Life Insurance Company Ltd.,114804.0,591.7,0.49,Insurance,SNM150IF,SBI AMC,2026-07
INE787D01026,Balkrishna Industries Ltd.,23316.0,576.72,0.48,Auto Components,SNM150IF,SBI AMC,2026-07
INE018E01016,SBI Cards & Payment Services Ltd.,86060.0,568.13,0.47,Finance,SNM150IF,SBI AMC,2026-07
INE0J1Y01017,Life Insurance Corporation of India,128851.0,547.23,0.45,Insurance,SNM150IF,SBI AMC,2026-07
INE956O01016,Lenskart Solutions Ltd.,97294.0,546.21,0.45,Retailing,SNM150IF,SBI AMC,2026-07
INE880J01026,JSW Infrastructure Ltd.,173086.0,540.72,0.45,Transport Infrastructure,SNM150IF,SBI AMC,2026-07
INE09N301011,Gujarat Fluorochemicals Ltd.,12237.0,534.37,0.44,Chemicals & Petrochemicals,SNM150IF,SBI AMC,2026-07
INE379A01028,ITC Hotels Ltd.,325195.0,528.02,0.44,Leisure Services,SNM150IF,SBI AMC,2026-07
INE111A01025,Container Corporation of India Ltd.,100186.0,526.48,0.43,Transport Services,SNM150IF,SBI AMC,2026-07
INE399L01023,Adani Total Gas Ltd.,80505.0,524.45,0.43,Gas,SNM150IF,SBI AMC,2026-07
INE212H01026,AIA Engineering Ltd.,11268.0,517.31,0.43,Industrial Products,SNM150IF,SBI AMC,2026-07
INE006I01046,Astral Ltd.,35494.0,514.17,0.42,Industrial Products,SNM150IF,SBI AMC,2026-07
INE797F01020,Jubilant Foodworks Ltd.,113593.0,497.82,0.41,Leisure Services,SNM150IF,SBI AMC,2026-07
INE084A01016,Bank of India,352663.0,486.5,0.4,Banks,SNM150IF,SBI AMC,2026-07
INE152A01029,Thermax Ltd.,11245.0,484.21,0.4,Electrical Equipment,SNM150IF,SBI AMC,2026-07
INE513A01022,Schaeffler India Ltd.,11682.0,476.53,0.39,Auto Components,SNM150IF,SBI AMC,2026-07
INE457A01014,Bank of Maharashtra,590918.0,468.78,0.39,Banks,SNM150IF,SBI AMC,2026-07
INE115A01026,LIC Housing Finance Ltd.,87253.0,456.42,0.38,Finance,SNM150IF,SBI AMC,2026-07
INE346A01027,ICICI Prudential Asset Management Company Ltd.,14192.0,442.21,0.36,Capital Markets,SNM150IF,SBI AMC,2026-07
INE324D01010,LG Electronics India Ltd.,29632.0,441.66,0.36,Consumer Durables,SNM150IF,SBI AMC,2026-07
INE0HOQ01053,Billionbrains Garage Ventures Ltd.,223348.0,434.12,0.36,Capital Markets,SNM150IF,SBI AMC,2026-07
INE463A01038,Berger Paints India Ltd.,82728.0,430.56,0.36,Consumer Durables,SNM150IF,SBI AMC,2026-07
INE335Y01020,Indian Railway Catering & Tourism Corporation Ltd.,87549.0,428.82,0.35,Leisure Services,SNM150IF,SBI AMC,2026-07
INE031B01049,Ajanta Pharma Ltd.,12223.0,423.55,0.35,Pharmaceuticals & Biotechnology,SNM150IF,SBI AMC,2026-07
INE756I01012,HDB Financial Services Ltd.,61578.0,422.64,0.35,Finance,SNM150IF,SBI AMC,2026-07
INE358A01014,Abbott India Ltd.,1512.0,420.34,0.35,Pharmaceuticals & Biotechnology,SNM150IF,SBI AMC,2026-07
INE00R701025,Dalmia Bharat Ltd.,23075.0,415.28,0.34,Cement & Cement Products,SNM150IF,SBI AMC,2026-07
INE206F01022,Authum Investment & Infrastructure Ltd.,76823.0,414.31,0.34,Finance,SNM150IF,SBI AMC,2026-07
INE473A01011,Linde India Ltd.,6110.0,412.12,0.34,Chemicals & Petrochemicals,SNM150IF,SBI AMC,2026-07
INE481Y01014,General Insurance Corporation of India,115267.0,411.04,0.34,Insurance,SNM150IF,SBI AMC,2026-07
INE438A01022,Apollo Tyres Ltd.,93670.0,401.05,0.33,Auto Components,SNM150IF,SBI AMC,2026-07
INE338I01027,Motilal Oswal Financial Services Ltd.,45396.0,386.75,0.32,Capital Markets,SNM150IF,SBI AMC,2026-07
INE415G01027,Rail Vikas Nigam Ltd.,164740.0,371.46,0.31,Construction,SNM150IF,SBI AMC,2026-07
INE670A01012,Tata Elxsi Ltd.,9991.0,366.96,0.3,IT - Software,SNM150IF,SBI AMC,2026-07
INE619A01035,Patanjali Foods Ltd.,100536.0,356.5,0.29,Agricultural Food & other Products,SNM150IF,SBI AMC,2026-07
INE0BS701011,Premier Energies Ltd,34406.0,351.7,0.29,Electrical Equipment,SNM150IF,SBI AMC,2026-07
INE343G01021,Bharti Hexacom Ltd.,21827.0,350.87,0.29,Telecom - Services,SNM150IF,SBI AMC,2026-07
INE704P01025,Cochin Shipyard Ltd.,24564.0,349.55,0.29,Industrial Manufacturing,SNM150IF,SBI AMC,2026-07
INE474Q01031,Global Health Ltd.,24852.0,349.32,0.29,Healthcare Services,SNM150IF,SBI AMC,2026-07
INE930H01031,K.P.R. Mill Ltd.,32280.0,338.88,0.28,Textiles & Apparels,SNM150IF,SBI AMC,2026-07
INE171Z01026,Bharat Dynamics Ltd.,26747.0,335.17,0.28,Aerospace & Defense,SNM150IF,SBI AMC,2026-07
INE159A01016,Glaxosmithkline Pharmaceuticals Ltd.,12012.0,318.97,0.26,Pharmaceuticals & Biotechnology,SNM150IF,SBI AMC,2026-07
INE589A01014,NLC India Ltd.,105673.0,314.8,0.26,Power,SNM150IF,SBI AMC,2026-07
INE007A01025,CRISIL Ltd.,7076.0,308.5,0.25,Finance,SNM150IF,SBI AMC,2026-07
INE699H01024,AWL Agri Business Ltd.,161164.0,305.31,0.25,Agricultural Food & other Products,SNM150IF,SBI AMC,2026-07
INE042A01014,Escorts Kubota Ltd.,9641.0,297.52,0.25,"Agricultural, Commercial & Construction Vehicles",SNM150IF,SBI AMC,2026-07
INE686F01025,United Breweries Ltd.,20959.0,297.37,0.25,Beverages,SNM150IF,SBI AMC,2026-07
INE04I401011,KPIT Technologies Ltd.,47596.0,284.81,0.24,IT - Software,SNM150IF,SBI AMC,2026-07
INE010V01017,L&T Technology Services Ltd.,8008.0,284.72,0.23,IT - Services,SNM150IF,SBI AMC,2026-07
INE470A01017,3M India Ltd.,821.0,284.19,0.23,Diversified,SNM150IF,SBI AMC,2026-07
INE031A01017,Housing and Urban Development Corporation Ltd.,145643.0,284.15,0.23,Finance,SNM150IF,SBI AMC,2026-07
INE913H01037,Endurance Technologies Ltd.,10235.0,282.31,0.23,Auto Components,SNM150IF,SBI AMC,2026-07
INE377Y01014,Bajaj Housing Finance Ltd.,321322.0,276.4,0.23,Finance,SNM150IF,SBI AMC,2026-07
INE202E01016,Indian Renewable Energy Development Agency Ltd.,230890.0,276.12,0.23,Finance,SNM150IF,SBI AMC,2026-07
INE672A01026,Tata Investment Corporation Ltd.,37876.0,257.35,0.21,Finance,SNM150IF,SBI AMC,2026-07
INE260B01028,Godfrey Phillips India Ltd.,11852.0,252.85,0.21,Cigarettes & Tobacco Products,SNM150IF,SBI AMC,2026-07
INE671A01010,Honeywell Automation India Ltd.,640.0,244.19,0.2,Industrial Manufacturing,SNM150IF,SBI AMC,2026-07
INE0ONG01011,NTPC Green Energy Ltd.,269585.0,242.71,0.2,Power,SNM150IF,SBI AMC,2026-07
INE093A01041,Hexaware Technologies Ltd.,43052.0,241.8,0.2,IT - Software,SNM150IF,SBI AMC,2026-07
INE012A01025,ACC Ltd.,17402.0,236.21,0.19,Cement & Cement Products,SNM150IF,SBI AMC,2026-07
INE0CZ201020,Anthem Biosciences Ltd.,25833.0,209.04,0.17,Pharmaceuticals & Biotechnology,SNM150IF,SBI AMC,2026-07
INE233A01035,Godrej Industries Ltd.,12524.0,165.02,0.14,Diversified,SNM150IF,SBI AMC,2026-07
INE002L01015,SJVN Ltd.,207581.0,142.44,0.12,Power,SNM150IF,SBI AMC,2026-07
INE470Y01017,The New India Assurance Co. Ltd.,69844.0,121.26,0.1,Insurance,SNM150IF,SBI AMC,2026-07
INE073K01018,Sona Blw Precision Forgings Ltd.,359118.0,2763.05,1.6,Auto Components,SNS250IF,SBI AMC,2026-07
INE036D01028,Karur Vysya Bank Ltd.,756628.0,2591.07,1.5,Banks,SNS250IF,SBI AMC,2026-07
INE048G01026,Navin Fluorine International Ltd.,29482.0,2231.05,1.29,Chemicals & Petrochemicals,SNS250IF,SBI AMC,2026-07
INE148O01028,Delhivery Ltd.,448636.0,2162.2,1.25,Transport Services,SNS250IF,SBI AMC,2026-07
INE202B01038,Piramal Finance Ltd.,96447.0,1982.47,1.15,Finance,SNS250IF,SBI AMC,2026-07
INE0LEZ01016,Ather Energy Ltd.,153673.0,1936.74,1.12,Automobiles,SNS250IF,SBI AMC,2026-07
INE736A01011,Central Depository Services (I) Ltd.,142686.0,1902.0,1.1,Capital Markets,SNS250IF,SBI AMC,2026-07
INE976G01028,RBL Bank Ltd.,494819.0,1858.05,1.08,Banks,SNS250IF,SBI AMC,2026-07
INE191B01025,Welspun Corp Ltd.,104965.0,1732.55,1.0,Industrial Products,SNS250IF,SBI AMC,2026-07
INE967H01025,Krishna Institute of Medical Sciences Ltd.,207646.0,1670.93,0.97,Healthcare Services,SNS250IF,SBI AMC,2026-07
INE914M01019,Aster DM Quality Care Ltd.,202799.0,1667.31,0.97,Healthcare Services,SNS250IF,SBI AMC,2026-07
INE522D01027,Manappuram Finance Ltd.,439620.0,1634.73,0.95,Finance,SNS250IF,SBI AMC,2026-07
INE068V01023,Gland Pharma Ltd.,63824.0,1597.45,0.93,Pharmaceuticals & Biotechnology,SNS250IF,SBI AMC,2026-07
INE491A01021,City Union Bank Ltd.,771122.0,1592.37,0.92,Banks,SNS250IF,SBI AMC,2026-07
INE548A01028,HFCL Ltd.,819895.0,1589.94,0.92,Telecom - Services,SNS250IF,SBI AMC,2026-07
INE572E01012,PNB Housing Finance Ltd.,150568.0,1585.63,0.92,Finance,SNS250IF,SBI AMC,2026-07
INE732I01021,Angel One Ltd.,520372.0,1550.45,0.9,Capital Markets,SNS250IF,SBI AMC,2026-07
INE596I01020,Computer Age Management Services Ltd.,192473.0,1532.37,0.89,Capital Markets,SNS250IF,SBI AMC,2026-07
INE891D01026,Redington Ltd.,475884.0,1530.68,0.89,Commercial Services & Supplies,SNS250IF,SBI AMC,2026-07
INE463V01026,AnandRathi Wealth Ltd.,71511.0,1482.92,0.86,Capital Markets,SNS250IF,SBI AMC,2026-07
INE146L01010,Kirloskar Oil Engines Ltd.,66694.0,1460.47,0.85,Industrial Products,SNS250IF,SBI AMC,2026-07
INE570L01029,Sai Life Sciences Ltd.,110512.0,1453.34,0.84,Pharmaceuticals & Biotechnology,SNS250IF,SBI AMC,2026-07
INE019C01026,Himadri Speciality Chemical Ltd.,188131.0,1412.21,0.82,Chemicals & Petrochemicals,SNS250IF,SBI AMC,2026-07
INE299U01018,Crompton Greaves Consumer Electricals Ltd.,514565.0,1338.9,0.78,Consumer Durables,SNS250IF,SBI AMC,2026-07
INE511C01022,Poonawalla Fincorp Ltd.,284988.0,1321.06,0.77,Finance,SNS250IF,SBI AMC,2026-07
INE794A01010,Neuland Laboratories Ltd.,6907.0,1315.3,0.76,Pharmaceuticals & Biotechnology,SNS250IF,SBI AMC,2026-07
INE371P01015,Amber Enterprises India Ltd.,17504.0,1302.39,0.76,Consumer Durables,SNS250IF,SBI AMC,2026-07
INE049B01025,Wockhardt Ltd.,66148.0,1296.3,0.75,Pharmaceuticals & Biotechnology,SNS250IF,SBI AMC,2026-07
INE531E01026,Hindustan Copper Ltd.,262862.0,1292.23,0.75,Non - Ferrous Metals,SNS250IF,SBI AMC,2026-07
INE00FF01025,Acutaas Chemicals Ltd.,41539.0,1289.74,0.75,Pharmaceuticals & Biotechnology,SNS250IF,SBI AMC,2026-07
INE208C01025,Aegis Logistics Ltd.,100549.0,1287.83,0.75,Gas,SNS250IF,SBI AMC,2026-07
INE545U01014,Bandhan Bank Ltd.,730746.0,1272.45,0.74,Banks,SNS250IF,SBI AMC,2026-07
INE149A01033,Cholamandalam Financial Holdings Ltd.,79432.0,1218.65,0.71,Finance,SNS250IF,SBI AMC,2026-07
INE600L01024,Dr. Lal Path labs Ltd.,62422.0,1189.26,0.69,Healthcare Services,SNS250IF,SBI AMC,2026-07
INE220B01022,Kalpataru Projects International Ltd.,90932.0,1172.66,0.68,Construction,SNS250IF,SBI AMC,2026-07
INE00LO01017,Craftsman Automation Ltd.,11676.0,1152.83,0.67,Auto Components,SNS250IF,SBI AMC,2026-07
INE530B01024,IIFL Finance Ltd.,186281.0,1133.8,0.66,Finance,SNS250IF,SBI AMC,2026-07
INE575P01011,Star Health & Allied Insurance Co. Ltd.,187910.0,1129.34,0.65,Insurance,SNS250IF,SBI AMC,2026-07
INE410P01011,Narayana Hrudayalaya Ltd.,55343.0,1123.02,0.65,Healthcare Services,SNS250IF,SBI AMC,2026-07
INE531F01023,Nuvama Wealth Management Ltd.,61909.0,1116.71,0.65,Capital Markets,SNS250IF,SBI AMC,2026-07
INE017A01032,The Great Eastern Shipping Co. Ltd.,79388.0,1072.06,0.62,Transport Services,SNS250IF,SBI AMC,2026-07
INE0IX101010,Data Patterns (India) Ltd.,24151.0,1033.9,0.6,Aerospace & Defense,SNS250IF,SBI AMC,2026-07
INE142M01025,Tata Technologies Ltd.,137587.0,1028.67,0.6,IT - Services,SNS250IF,SBI AMC,2026-07
INE013P01021,Onesource Specialty Pharma Ltd.,62990.0,1020.25,0.59,Pharmaceuticals & Biotechnology,SNS250IF,SBI AMC,2026-07
INE138Y01010,Kfin Technologies Ltd.,107089.0,1004.39,0.58,Capital Markets,SNS250IF,SBI AMC,2026-07
INE148I01020,Sammaan Capital Ltd.,615087.0,999.09,0.58,Finance,SNS250IF,SBI AMC,2026-07
INE120A01034,Carborundum Universal Ltd.,92515.0,984.17,0.57,Industrial Products,SNS250IF,SBI AMC,2026-07
INE285A01027,Elgi Equipments Ltd.,172099.0,980.36,0.57,Industrial Products,SNS250IF,SBI AMC,2026-07
INE0DK501011,Piramal Pharma Ltd.,498194.0,974.52,0.56,Pharmaceuticals & Biotechnology,SNS250IF,SBI AMC,2026-07
INE101D01020,Granules India Ltd.,116237.0,958.55,0.56,Pharmaceuticals & Biotechnology,SNS250IF,SBI AMC,2026-07
INE918Z01012,Kaynes Technology India Ltd.,25057.0,953.32,0.55,Industrial Manufacturing,SNS250IF,SBI AMC,2026-07
INE331A01037,The Ramco Cements Ltd.,101247.0,929.7,0.54,Cement & Cement Products,SNS250IF,SBI AMC,2026-07
INE290S01011,CarTrade Tech Ltd.,33949.0,923.28,0.54,Retailing,SNS250IF,SBI AMC,2026-07
INE481N01025,Home First Finance Company India Ltd.,77267.0,918.7,0.53,Finance,SNS250IF,SBI AMC,2026-07
INE288B01029,Deepak Nitrite Ltd.,54986.0,913.98,0.53,Chemicals & Petrochemicals,SNS250IF,SBI AMC,2026-07
INE325A01013,Timken India Ltd.,28753.0,904.4,0.52,Industrial Products,SNS250IF,SBI AMC,2026-07
INE885A01032,Amara Raja Energy & Mobility Ltd.,98083.0,893.0,0.52,Auto Components,SNS250IF,SBI AMC,2026-07
INE342J01019,ZF Commercial Vehicle Control Systems India Ltd.,36309.0,877.92,0.51,Auto Components,SNS250IF,SBI AMC,2026-07
INE791I01019,Brigade Enterprises Ltd.,148462.0,861.38,0.5,Realty,SNS250IF,SBI AMC,2026-07
INE596F01018,PTC Industries Ltd.,4851.0,860.42,0.5,Industrial Products,SNS250IF,SBI AMC,2026-07
INE100A01010,Atul Ltd.,12751.0,858.97,0.5,Chemicals & Petrochemicals,SNS250IF,SBI AMC,2026-07
INE203G01027,Indraprastha Gas Ltd.,561849.0,853.9,0.5,Gas,SNS250IF,SBI AMC,2026-07
INE0DYJ01015,Syrma SGS Technology Ltd.,62368.0,852.45,0.49,Industrial Manufacturing,SNS250IF,SBI AMC,2026-07
INE439A01020,Asahi India Glass Ltd.,97099.0,851.12,0.49,Auto Components,SNS250IF,SBI AMC,2026-07
INE128S01021,Five Star Business Finance Ltd.,155153.0,850.16,0.49,Finance,SNS250IF,SBI AMC,2026-07
INE092A01019,Tata Chemicals Ltd.,125345.0,844.26,0.49,Chemicals & Petrochemicals,SNS250IF,SBI AMC,2026-07
INE256A01028,Zee Entertainment Enterprises Ltd.,735400.0,842.4,0.49,Entertainment,SNS250IF,SBI AMC,2026-07
INE022Q01020,Indian Energy Exchange Ltd.,636595.0,841.83,0.49,Capital Markets,SNS250IF,SBI AMC,2026-07
INE486A01021,CESC Ltd.,505031.0,836.18,0.48,Power,SNS250IF,SBI AMC,2026-07
INE501A01019,Deepak Fertilizers and Petrochemicals Corporation Ltd.,53680.0,833.54,0.48,Chemicals & Petrochemicals,SNS250IF,SBI AMC,2026-07
INE0FS801015,Motherson Sumi Wiring India Ltd.,2036332.0,826.95,0.48,Auto Components,SNS250IF,SBI AMC,2026-07
INE0VDM01015,Meesho Ltd.,446105.0,812.76,0.47,Retailing,SNS250IF,SBI AMC,2026-07
INE769A01020,Aarti Industries Ltd.,164797.0,806.02,0.47,Chemicals & Petrochemicals,SNS250IF,SBI AMC,2026-07
INE00WC01027,AFFLE 3I Ltd.,50712.0,804.29,0.47,IT - Services,SNS250IF,SBI AMC,2026-07
INE0W2G01015,Sagility Ltd.,1844367.0,800.46,0.46,IT - Services,SNS250IF,SBI AMC,2026-07
INE217B01036,Kajaria Ceramics Ltd.,66326.0,794.78,0.46,Consumer Durables,SNS250IF,SBI AMC,2026-07
INE457L01029,PG Electroplast Ltd.,129299.0,793.06,0.46,Consumer Durables,SNS250IF,SBI AMC,2026-07
INE095N01031,NBCC (India) Ltd.,829355.0,786.23,0.46,Construction,SNS250IF,SBI AMC,2026-07
INE684F01012,Firstsource Solutions Ltd.,253791.0,766.75,0.44,Commercial Services & Supplies,SNS250IF,SBI AMC,2026-07
INE242C01024,Anant Raj Ltd.,122235.0,763.36,0.44,Realty,SNS250IF,SBI AMC,2026-07
INE115Q01022,Inventurus Knowledge Solutions Ltd.,41122.0,760.3,0.44,IT - Services,SNS250IF,SBI AMC,2026-07
INE852O01025,Aptus Value Housing Finance India Ltd.,283697.0,741.02,0.43,Finance,SNS250IF,SBI AMC,2026-07
INE819V01029,Aditya Infotech Ltd.,21649.0,734.12,0.43,Industrial Manufacturing,SNS250IF,SBI AMC,2026-07
INE228A01035,Usha Martin Ltd.,145927.0,723.72,0.42,Industrial Products,SNS250IF,SBI AMC,2026-07
INE180C01042,Capri Global Capital Ltd.,309586.0,719.42,0.42,Finance,SNS250IF,SBI AMC,2026-07
INE894V01022,Belrise Industries Ltd.,301782.0,714.41,0.41,Auto Components,SNS250IF,SBI AMC,2026-07
INE351F01018,Jaiprakash Power Ventures Ltd.,3899608.0,713.24,0.41,Power,SNS250IF,SBI AMC,2026-07
INE172A01027,Castrol India Ltd.,383229.0,709.78,0.41,Petroleum Products,SNS250IF,SBI AMC,2026-07
INE0LXG01040,Ola Electric Mobility Ltd.,1807155.0,698.65,0.41,Automobiles,SNS250IF,SBI AMC,2026-07
INE741K01010,CreditAccess Grameen Ltd.,43420.0,691.59,0.4,Finance,SNS250IF,SBI AMC,2026-07
INE451A01017,Force Motors Ltd.,3859.0,690.84,0.4,Automobiles,SNS250IF,SBI AMC,2026-07
INE777K01022,R R Kabel Ltd.,26362.0,686.15,0.4,Industrial Products,SNS250IF,SBI AMC,2026-07
INE0NT901020,Netweb Technologies India Ltd.,15098.0,683.03,0.4,IT - Services,SNS250IF,SBI AMC,2026-07
INE987B01026,Natco Pharma Ltd.,71965.0,659.92,0.38,Pharmaceuticals & Biotechnology,SNS250IF,SBI AMC,2026-07
INE421D01022,CCL Products (India) Ltd.,56555.0,653.38,0.38,Agricultural Food & other Products,SNS250IF,SBI AMC,2026-07
INE292B01021,HBL Engineering Ltd.,90259.0,648.69,0.38,Industrial Products,SNS250IF,SBI AMC,2026-07
INE191H01014,PVR Inox Ltd.,57133.0,645.95,0.37,Entertainment,SNS250IF,SBI AMC,2026-07
INE839M01018,Schneider Electric Infrastructure Ltd.,46870.0,635.23,0.37,Electrical Equipment,SNS250IF,SBI AMC,2026-07
INE821I01022,IRB Infrastructure Developers Ltd.,3141808.0,628.36,0.36,Construction,SNS250IF,SBI AMC,2026-07
INE548C01032,Emami Ltd.,157808.0,628.15,0.36,Personal Products,SNS250IF,SBI AMC,2026-07
INE126A01031,E.I.D-Parry (India) Ltd.,82374.0,626.08,0.36,Food Products,SNS250IF,SBI AMC,2026-07
INE725A01030,Nava Ltd.,111084.0,614.79,0.36,Power,SNS250IF,SBI AMC,2026-07
INE382Z01011,Garden Reach Shipbuilders & Engineers Ltd.,23464.0,610.35,0.35,Aerospace & Defense,SNS250IF,SBI AMC,2026-07
INE961O01016,Rainbow Children's Medicare Ltd.,39935.0,609.17,0.35,Healthcare Services,SNS250IF,SBI AMC,2026-07
INE686A01026,Cemindia Projects Ltd.,44532.0,609.11,0.35,Construction,SNS250IF,SBI AMC,2026-07
INE066P01011,Inox Wind Ltd.,772343.0,603.51,0.35,Electrical Equipment,SNS250IF,SBI AMC,2026-07
INE700A01033,Jubilant Pharmova Ltd.,64504.0,603.21,0.35,Pharmaceuticals & Biotechnology,SNS250IF,SBI AMC,2026-07
INE738I01010,eClerx Services Ltd.,32675.0,603.02,0.35,Commercial Services & Supplies,SNS250IF,SBI AMC,2026-07
INE251B01027,Zen Technologies Ltd.,36937.0,599.93,0.35,Aerospace & Defense,SNS250IF,SBI AMC,2026-07
INE235A01022,Finolex Cables Ltd.,60644.0,598.92,0.35,Industrial Products,SNS250IF,SBI AMC,2026-07
INE055A01016,Aditya Birla Real Estate Ltd.,41934.0,594.67,0.34,Realty,SNS250IF,SBI AMC,2026-07
INE524A01029,Gabriel India Ltd.,41139.0,593.14,0.34,Auto Components,SNS250IF,SBI AMC,2026-07
INE404A01024,Aditya Birla Sun Life Amc Ltd.,58396.0,590.85,0.34,Capital Markets,SNS250IF,SBI AMC,2026-07
INE398R01022,Syngene International Ltd.,152282.0,587.66,0.34,Healthcare Services,SNS250IF,SBI AMC,2026-07
INE406M01024,Eris Lifesciences Ltd.,43279.0,586.3,0.34,Pharmaceuticals & Biotechnology,SNS250IF,SBI AMC,2026-07
INE182A01018,Pfizer Ltd.,12138.0,585.52,0.34,Pharmaceuticals & Biotechnology,SNS250IF,SBI AMC,2026-07
INE622W01025,Acme Solar Holdings Ltd.,161426.0,585.33,0.34,Power,SNS250IF,SBI AMC,2026-07
INE810G01011,Shyam Metalics and Energy Ltd.,56300.0,580.62,0.34,Industrial Products,SNS250IF,SBI AMC,2026-07
INE136B01020,Cyient Ltd.,67861.0,575.26,0.33,IT - Services,SNS250IF,SBI AMC,2026-07
INE482A01020,CEAT Ltd.,16756.0,574.71,0.33,Auto Components,SNS250IF,SBI AMC,2026-07
INE152M01016,Triveni Turbine Ltd.,93709.0,563.85,0.33,Electrical Equipment,SNS250IF,SBI AMC,2026-07
INE102B01014,Choice International Ltd.,68247.0,561.64,0.33,Finance,SNS250IF,SBI AMC,2026-07
INE168A01041,The Jammu & Kashmir Bank Ltd.,357216.0,557.26,0.32,Banks,SNS250IF,SBI AMC,2026-07
INE03QK01018,Cohance Lifesciences Ltd.,130324.0,553.94,0.32,Pharmaceuticals & Biotechnology,SNS250IF,SBI AMC,2026-07
INE477A01020,Can Fin Homes Ltd.,67499.0,553.9,0.32,Finance,SNS250IF,SBI AMC,2026-07
INE980O01024,Jyoti CNC Automation Ltd.,68270.0,552.07,0.32,Industrial Manufacturing,SNS250IF,SBI AMC,2026-07
INE614G01033,Reliance Power Ltd.,2323437.0,543.92,0.32,Power,SNS250IF,SBI AMC,2026-07
INE0LP301011,Physicswallah Ltd.,433394.0,541.27,0.31,Other Consumer Services,SNS250IF,SBI AMC,2026-07
INE168P01015,Emcure Pharmaceuticals Ltd.,27557.0,540.14,0.31,Pharmaceuticals & Biotechnology,SNS250IF,SBI AMC,2026-07
INE399G01023,Ramkrishna Forgings Ltd.,82482.0,537.08,0.31,Auto Components,SNS250IF,SBI AMC,2026-07
INE258A01024,BEML Ltd.,30631.0,536.17,0.31,"Agricultural, Commercial & Construction Vehicles",SNS250IF,SBI AMC,2026-07
INE615H01020,Titagarh Rail Systems Ltd.,64162.0,529.46,0.31,Industrial Manufacturing,SNS250IF,SBI AMC,2026-07
INE043W01024,Vijaya Diagnostic Centre Ltd.,39245.0,527.61,0.31,Healthcare Services,SNS250IF,SBI AMC,2026-07
INE085A01013,Chambal Fertilisers and Chemicals Ltd.,119153.0,522.96,0.3,Fertilizers & Agrochemicals,SNS250IF,SBI AMC,2026-07
INE205C01021,Polymedicure Ltd.,30595.0,520.73,0.3,Healthcare Equipment & Supplies,SNS250IF,SBI AMC,2026-07
INE306R01017,Intellect Design Arena Ltd.,72205.0,519.8,0.3,IT - Software,SNS250IF,SBI AMC,2026-07
INE230A01023,EIH Ltd.,158706.0,518.97,0.3,Leisure Services,SNS250IF,SBI AMC,2026-07
INE002S01010,Mahanagar Gas Ltd.,45618.0,511.15,0.3,Gas,SNS250IF,SBI AMC,2026-07
INE119A01028,Balrampur Chini Mills Ltd.,87161.0,510.94,0.3,Agricultural Food & other Products,SNS250IF,SBI AMC,2026-07
INE088F01024,Paradeep Phosphates Ltd.,346094.0,509.9,0.3,Fertilizers & Agrochemicals,SNS250IF,SBI AMC,2026-07
INE258G01013,Sumitomo Chemical India Ltd.,98322.0,501.74,0.29,Fertilizers & Agrochemicals,SNS250IF,SBI AMC,2026-07
INE269A01021,Sonata Software Ltd.,155561.0,501.61,0.29,IT - Software,SNS250IF,SBI AMC,2026-07
INE322A01010,Gillette India Ltd.,6515.0,496.7,0.29,Personal Products,SNS250IF,SBI AMC,2026-07
INE0BY001018,Jubilant Ingrevia Ltd.,67160.0,494.1,0.29,Chemicals & Petrochemicals,SNS250IF,SBI AMC,2026-07
INE0J5401028,Honasa Consumer Ltd.,109085.0,490.39,0.28,Personal Products,SNS250IF,SBI AMC,2026-07
INE03JT01014,GO Digit General Insurance Ltd.,192807.0,490.31,0.28,Insurance,SNS250IF,SBI AMC,2026-07
INE716A01013,Whirlpool of India Ltd.,61047.0,490.15,0.28,Consumer Durables,SNS250IF,SBI AMC,2026-07
INE671H01015,Sobha Ltd.,35666.0,489.41,0.28,Realty,SNS250IF,SBI AMC,2026-07
INE510A01028,Engineers India Ltd.,219384.0,487.87,0.28,Construction,SNS250IF,SBI AMC,2026-07
INE389H01022,KEC International Ltd.,103900.0,487.24,0.28,Construction,SNS250IF,SBI AMC,2026-07
INE178A01016,Chennai Petroleum Corporation Ltd.,38527.0,485.67,0.28,Petroleum Products,SNS250IF,SBI AMC,2026-07
INE324A01032,Jindal Saw Ltd.,186525.0,479.28,0.28,Industrial Products,SNS250IF,SBI AMC,2026-07
INE177H01039,Godawari Power & Ispat Ltd.,196710.0,476.83,0.28,Industrial Products,SNS250IF,SBI AMC,2026-07
INE825A01020,Vardhman Textiles Ltd.,80044.0,468.9,0.27,Textiles & Apparels,SNS250IF,SBI AMC,2026-07
INE427F01016,Chalet Hotels Ltd.,57220.0,464.28,0.27,Leisure Services,SNS250IF,SBI AMC,2026-07
INE520A01027,Zensar Technologies Ltd.,91261.0,463.56,0.27,IT - Software,SNS250IF,SBI AMC,2026-07
INE868B01028,NCC Ltd.,324061.0,457.19,0.27,Construction,SNS250IF,SBI AMC,2026-07
INE818H01020,LT Foods Ltd.,110218.0,452.28,0.26,Agricultural Food & other Products,SNS250IF,SBI AMC,2026-07
INE842C01021,Minda Corporation Ltd.,64375.0,451.24,0.26,Auto Components,SNS250IF,SBI AMC,2026-07
INE602A01031,PCBL Chemical Ltd.,140542.0,446.78,0.26,Chemicals & Petrochemicals,SNS250IF,SBI AMC,2026-07
INE768C01028,Zydus Wellness Ltd.,77074.0,445.14,0.26,Food Products,SNS250IF,SBI AMC,2026-07
INE933S01016,Indiamart Intermesh Ltd.,24548.0,441.81,0.26,Retailing,SNS250IF,SBI AMC,2026-07
INE14LE01019,Aditya Birla Lifestyle Brands Ltd.,465071.0,440.28,0.26,Retailing,SNS250IF,SBI AMC,2026-07
INE545A01024,HEG Ltd.,66583.0,437.62,0.25,Industrial Products,SNS250IF,SBI AMC,2026-07
INE970X01018,Lemon Tree Hotels Ltd.,397828.0,434.83,0.25,Leisure Services,SNS250IF,SBI AMC,2026-07
INE216P01012,Aavas Financiers Ltd.,31931.0,434.2,0.25,Finance,SNS250IF,SBI AMC,2026-07
INE260D01016,Olectra Greentech Ltd.,32785.0,434.14,0.25,Automobiles,SNS250IF,SBI AMC,2026-07
INE462A01022,Bayer Cropscience Ltd.,10214.0,432.5,0.25,Fertilizers & Agrochemicals,SNS250IF,SBI AMC,2026-07
INE995S01015,Niva Bupa Health Insurance Company Ltd.,495607.0,431.23,0.25,Insurance,SNS250IF,SBI AMC,2026-07
INE883F01010,Aadhar Housing Finance Ltd.,86174.0,428.03,0.25,Finance,SNS250IF,SBI AMC,2026-07
INE065X01017,Indegene Ltd.,82831.0,426.7,0.25,Healthcare Services,SNS250IF,SBI AMC,2026-07
INE483A01010,Central Bank of India,1367527.0,423.52,0.25,Banks,SNS250IF,SBI AMC,2026-07
INE673O01025,TBO Tek Ltd.,27523.0,421.43,0.24,Leisure Services,SNS250IF,SBI AMC,2026-07
INE536H01010,CIE Automotive India Ltd.,102146.0,417.37,0.24,Auto Components,SNS250IF,SBI AMC,2026-07
INE188A01015,Fertilisers And Chemicals Travancore Ltd.,49898.0,412.48,0.24,Fertilizers & Agrochemicals,SNS250IF,SBI AMC,2026-07
INE024L01027,Gravita India Ltd.,25354.0,409.82,0.24,Minerals & Mining,SNS250IF,SBI AMC,2026-07
INE039A01010,IFCI Ltd.,533380.0,408.25,0.24,Finance,SNS250IF,SBI AMC,2026-07
INE133A01011,JSW Dulux Ltd.,13818.0,406.08,0.24,Consumer Durables,SNS250IF,SBI AMC,2026-07
INE424H01027,Sun TV Network Ltd.,79131.0,402.5,0.23,Entertainment,SNS250IF,SBI AMC,2026-07
INE475E01026,Caplin Point Laboratories Ltd.,15970.0,401.93,0.23,Pharmaceuticals & Biotechnology,SNS250IF,SBI AMC,2026-07
INE836A01035,Birlasoft Ltd.,132856.0,401.76,0.23,IT - Software,SNS250IF,SBI AMC,2026-07
INE573A01042,JK Tyre & Industries Ltd.,100190.0,400.51,0.23,Auto Components,SNS250IF,SBI AMC,2026-07
INE192B01031,Welspun Living Ltd.,254629.0,397.07,0.23,Textiles & Apparels,SNS250IF,SBI AMC,2026-07
INE0NNS01018,NMDC Steel Ltd.,922829.0,397.0,0.23,Ferrous Metals,SNS250IF,SBI AMC,2026-07
INE565A01014,Indian Overseas Bank,1169555.0,396.48,0.23,Banks,SNS250IF,SBI AMC,2026-07
INE109A01011,Shipping Corporation of India Ltd.,135457.0,394.79,0.23,Transport Services,SNS250IF,SBI AMC,2026-07
INE285K01026,Techno Electric & Engineering Company Ltd.,40164.0,393.73,0.23,Construction,SNS250IF,SBI AMC,2026-07
INE19RI01016,Tenneco Clean Air India Ltd.,72837.0,391.83,0.23,Auto Components,SNS250IF,SBI AMC,2026-07
INE872J01023,Devyani International Ltd.,341071.0,389.43,0.23,Leisure Services,SNS250IF,SBI AMC,2026-07
INE02RE01045,Brainbees Solutions Ltd.,180803.0,383.77,0.22,Retailing,SNS250IF,SBI AMC,2026-07
INE385C01021,Sarda Energy & Minerals Ltd.,73643.0,380.44,0.22,Ferrous Metals,SNS250IF,SBI AMC,2026-07
INE338H01029,Concord Biotech Ltd.,26550.0,377.22,0.22,Pharmaceuticals & Biotechnology,SNS250IF,SBI AMC,2026-07
INE780C01023,JM Financial Ltd.,308367.0,376.7,0.22,Finance,SNS250IF,SBI AMC,2026-07
INE008A01015,IDBI Bank Ltd.,449096.0,376.12,0.22,Banks,SNS250IF,SBI AMC,2026-07
INE131A01031,Gujarat Mineral Development Corporation Ltd.,66284.0,374.01,0.22,Minerals & Mining,SNS250IF,SBI AMC,2026-07
INE663A01033,Supreme Petrochem Ltd.,50520.0,360.28,0.21,Chemicals & Petrochemicals,SNS250IF,SBI AMC,2026-07
INE176A01028,Bata India Ltd.,51129.0,355.93,0.21,Consumer Durables,SNS250IF,SBI AMC,2026-07
INE731H01025,Action Construction Equipment Ltd.,32968.0,352.86,0.2,"Agricultural, Commercial & Construction Vehicles",SNS250IF,SBI AMC,2026-07
INE806T01020,Sapphire Foods India Ltd.,189565.0,350.9,0.2,Leisure Services,SNS250IF,SBI AMC,2026-07
INE371A01025,Graphite India Ltd.,53411.0,350.59,0.2,Industrial Products,SNS250IF,SBI AMC,2026-07
INE0CAZ01013,Urban Company Ltd.,270152.0,349.55,0.2,Retailing,SNS250IF,SBI AMC,2026-07
INE665A01038,Swan Corp Ltd.,111744.0,343.95,0.2,Chemicals & Petrochemicals,SNS250IF,SBI AMC,2026-07
INE1C6T01020,Emmvee Photovoltaic Power Ltd.,107344.0,340.92,0.2,Electrical Equipment,SNS250IF,SBI AMC,2026-07
INE101I01011,Afcons Infrastructure Ltd.,125200.0,339.48,0.2,Construction,SNS250IF,SBI AMC,2026-07
INE010J01012,Tejas Networks Ltd.,66106.0,339.12,0.2,Telecom - Equipment & Accessories,SNS250IF,SBI AMC,2026-07
INE00E101023,Bikaji Foods International Ltd.,52550.0,337.19,0.2,Food Products,SNS250IF,SBI AMC,2026-07
INE0INX01018,Aegis Vopak Terminals Ltd.,115581.0,335.37,0.19,Oil,SNS250IF,SBI AMC,2026-07
INE962Y01021,Ircon International Ltd.,261002.0,328.84,0.19,Construction,SNS250IF,SBI AMC,2026-07
INE499A01024,DCM Shriram Ltd.,31745.0,328.21,0.19,Diversified,SNS250IF,SBI AMC,2026-07
INE321T01012,Doms Industries Ltd.,14434.0,326.21,0.19,Household Products,SNS250IF,SBI AMC,2026-07
INE0AQ201015,Leela Palaces Hotels & Resorts Ltd.,64629.0,319.66,0.19,Leisure Services,SNS250IF,SBI AMC,2026-07
INE094J01016,UTI Asset Management Co. Ltd.,33714.0,304.47,0.18,Capital Markets,SNS250IF,SBI AMC,2026-07
INE979A01025,SAREGAMA India Ltd.,57882.0,302.64,0.18,Entertainment,SNS250IF,SBI AMC,2026-07
INE423Y01016,SBFC Finance Ltd.,330010.0,298.33,0.17,Finance,SNS250IF,SBI AMC,2026-07
INE205B01031,Elecon Engineering Company Ltd.,70403.0,295.02,0.17,Electrical Equipment,SNS250IF,SBI AMC,2026-07
INE930P01018,Anupam Rasayan India Ltd.,24265.0,293.07,0.17,Chemicals & Petrochemicals,SNS250IF,SBI AMC,2026-07
INE0Q9301021,International Gemological Institute Ltd.,81384.0,287.65,0.17,Commercial Services & Supplies,SNS250IF,SBI AMC,2026-07
INE619B01017,Newgen Software Technologies Ltd.,51193.0,284.48,0.16,IT - Software,SNS250IF,SBI AMC,2026-07
INE718I01012,JSW Cement Ltd.,213637.0,284.35,0.16,Cement & Cement Products,SNS250IF,SBI AMC,2026-07
INE647O01011,Aditya Birla Fashion and Retail Ltd.,471433.0,283.99,0.16,Retailing,SNS250IF,SBI AMC,2026-07
INE209L01016,Jupiter Wagons Ltd.,108787.0,281.98,0.16,Industrial Manufacturing,SNS250IF,SBI AMC,2026-07
INE227W01023,Clean Science & Technology Ltd.,38222.0,280.57,0.16,Chemicals & Petrochemicals,SNS250IF,SBI AMC,2026-07
INE118D01016,Nuvoco Vistas Corporation Ltd.,80274.0,276.66,0.16,Cement & Cement Products,SNS250IF,SBI AMC,2026-07
INE01TY01017,Canara HSBC Life Insurance Co.Ltd.,188747.0,276.42,0.16,Insurance,SNS250IF,SBI AMC,2026-07
INE552Z01027,Allied Blenders And Distillers Ltd.,42882.0,265.65,0.15,Beverages,SNS250IF,SBI AMC,2026-07
INE903U01023,Signatureglobal (India) Ltd.,31382.0,257.47,0.15,Realty,SNS250IF,SBI AMC,2026-07
INE0KBH01020,Blue Jet Healthcare Ltd.,40818.0,255.62,0.15,Pharmaceuticals & Biotechnology,SNS250IF,SBI AMC,2026-07
INE763I01026,Transformers & Rectifiers (India) Ltd.,85818.0,254.45,0.15,Electrical Equipment,SNS250IF,SBI AMC,2026-07
INE064C01022,Trident Ltd.,1000973.0,247.34,0.14,Textiles & Apparels,SNS250IF,SBI AMC,2026-07
INE233B01017,Blue Dart Express Ltd.,4739.0,244.55,0.14,Transport Services,SNS250IF,SBI AMC,2026-07
INE15B701018,Pine Labs Ltd.,173353.0,240.91,0.14,Financial Technology (Fintech),SNS250IF,SBI AMC,2026-07
INE103A01014,Mangalore Refinery and Petrochemicals Ltd.,141189.0,239.94,0.14,Petroleum Products,SNS250IF,SBI AMC,2026-07
INE691A01018,UCO Bank,910682.0,238.33,0.14,Banks,SNS250IF,SBI AMC,2026-07
INE153T01027,BLS International Services Ltd.,97030.0,232.29,0.13,Leisure Services,SNS250IF,SBI AMC,2026-07
INE320J01015,Rites Ltd.,107307.0,229.73,0.13,Construction,SNS250IF,SBI AMC,2026-07
INE383A01012,The India Cements Ltd.,55095.0,219.28,0.13,Cement & Cement Products,SNS250IF,SBI AMC,2026-07
INE248A01017,ITI Ltd.,77161.0,213.5,0.12,Telecom - Equipment & Accessories,SNS250IF,SBI AMC,2026-07
INE927D01051,JBM Auto Ltd.,32278.0,212.5,0.12,Auto Components,SNS250IF,SBI AMC,2026-07
INE050A01025,The Bombay Burmah Trading Corporation Ltd.,13872.0,207.68,0.12,Food Products,SNS250IF,SBI AMC,2026-07
INE0DD101019,Railtel Corporation of India Ltd.,69997.0,199.14,0.12,Telecom - Services,SNS250IF,SBI AMC,2026-07
INE0YD401026,Jain Resource Recycling Ltd.,56637.0,197.21,0.11,Diversified Metals,SNS250IF,SBI AMC,2026-07
INE011K01018,Tega Industries Ltd.,13238.0,196.65,0.11,Industrial Manufacturing,SNS250IF,SBI AMC,2026-07
INE103V01028,Travel Food Services Ltd.,14606.0,190.3,0.11,Leisure Services,SNS250IF,SBI AMC,2026-07
INE743M01012,RHI Magnesita India Ltd.,48557.0,188.67,0.11,Industrial Products,SNS250IF,SBI AMC,2026-07
INE0I7C01011,Latent View Analytics Ltd.,57950.0,183.24,0.11,IT - Software,SNS250IF,SBI AMC,2026-07
INE0BV301023,C.E.Info Systems Ltd.,13865.0,163.84,0.09,IT - Software,SNS250IF,SBI AMC,2026-07
INE517B01013,Tata Teleservices (Maharastra) Ltd.,402585.0,160.83,0.09,Telecom - Services,SNS250IF,SBI AMC,2026-07
INE367G01038,Prime Focus Ltd.,53256.0,152.9,0.09,Entertainment,SNS250IF,SBI AMC,2026-07
INE297H01019,Gallantt Ispat Ltd.,23949.0,147.19,0.09,Industrial Products,SNS250IF,SBI AMC,2026-07
INE123F01029,MMTC LTD,121162.0,75.92,0.04,Commercial Services & Supplies,SNS250IF,SBI AMC,2026-07
IN0020220029,7.54% CGL 2036,244990000.0,256570.68,98.29,Sovereign,SCIGI-JUN 2036,SBI AMC,2026-07
IN0020220011,7.10% CGL 2029,185108300.0,188933.75,96.98,Sovereign,SCIGI-APR 2029,SBI AMC,2026-07
IN0020220037,7.38% CGL 2027,6500000.0,6589.44,4.01,Sovereign,SCISI-SEP 2027,SBI AMC,2026-07
IN3120170078,7.18% State Government of Tamil Nadu 2027,42000000.0,42415.25,25.79,Sovereign,SCISI-SEP 2027,SBI AMC,2026-07
IN2220170061,7.20% State Government of Maharashtra 2027,29500000.0,29791.58,18.11,Sovereign,SCISI-SEP 2027,SBI AMC,2026-07
IN2920170072,7.45% State Government of Rajasthan 2027,18500000.0,18740.26,11.39,Sovereign,SCISI-SEP 2027,SBI AMC,2026-07
IN2220170103,7.33% State Government of Maharashtra 2027,14748800.0,14926.88,9.08,Sovereign,SCISI-SEP 2027,SBI AMC,2026-07
IN1520170094,7.25% State Government of Gujarat 2027,6500000.0,6569.67,3.99,Sovereign,SCISI-SEP 2027,SBI AMC,2026-07
IN3120170037,7.52% State Government of Tamil Nadu 2027,6000000.0,6073.72,3.69,Sovereign,SCISI-SEP 2027,SBI AMC,2026-07
IN1520170078,7.17% State Government of Gujarat 2027,5450000.0,5503.37,3.35,Sovereign,SCISI-SEP 2027,SBI AMC,2026-07
IN2120170047,7.46% State Government of Madhya Pradesh 2027,4000000.0,4051.71,2.46,Sovereign,SCISI-SEP 2027,SBI AMC,2026-07
IN3520170017,7.47% State Government of Chhattisgarh 2027,3500000.0,3545.69,2.16,Sovereign,SCISI-SEP 2027,SBI AMC,2026-07
IN3120250243,6.27% State Government of Tamil Nadu 2027,3000000.0,3002.75,1.83,Sovereign,SCISI-SEP 2027,SBI AMC,2026-07
IN2820170099,7.30% State Government of Punjab 2027,2500000.0,2525.34,1.54,Sovereign,SCISI-SEP 2027,SBI AMC,2026-07
IN1620170028,7.26% State Government of Haryana 2027,2000000.0,2021.17,1.23,Sovereign,SCISI-SEP 2027,SBI AMC,2026-07
IN4520190104,7.38% State Government of Telangana 2027,1500000.0,1518.56,0.92,Sovereign,SCISI-SEP 2027,SBI AMC,2026-07
IN2520170027,7.41% State Government of Mizoram 2027,1500000.0,1518.29,0.92,Sovereign,SCISI-SEP 2027,SBI AMC,2026-07
IN1620170036,7.29% State Government of Haryana 2027,1500000.0,1515.08,0.92,Sovereign,SCISI-SEP 2027,SBI AMC,2026-07
IN1520210098,6.28% State Government of Gujarat 2027,1500000.0,1501.53,0.91,Sovereign,SCISI-SEP 2027,SBI AMC,2026-07
IN1620170051,7.41% State Government of Haryana 2027,1200000.0,1214.61,0.74,Sovereign,SCISI-SEP 2027,SBI AMC,2026-07
IN2020170055,7.25% State Government of Kerala 2027,1000000.0,1009.53,0.61,Sovereign,SCISI-SEP 2027,SBI AMC,2026-07
IN3320170068,7.19% State Government of Uttar Pradesh 2027,1000000.0,1009.25,0.61,Sovereign,SCISI-SEP 2027,SBI AMC,2026-07
IN3120170052,7.24% State Government of Tamil Nadu 2027,474700.0,479.98,0.29,Sovereign,SCISI-SEP 2027,SBI AMC,2026-07
IN3120170045,7.23% State Government of Tamil Nadu 2027,25000.0,25.26,0.02,Sovereign,SCISI-SEP 2027,SBI AMC,2026-07
IN0020250018,6.90% CGL 2065,49500000.0,45257.65,31.77,Sovereign,SLDF,SBI AMC,2026-07
IN0020260033,7.71% CGL 2066,36000000.0,36677.23,25.75,Sovereign,SLDF,SBI AMC,2026-07
IN0020260025,6.94% CGL 2036,5000000.0,5038.48,3.54,Sovereign,SLDF,SBI AMC,2026-07
IN0020250117,7.43% CGL 2076,2242500.0,2198.78,1.54,Sovereign,SLDF,SBI AMC,2026-07
IN1520260051,7.63% State Government of Gujarat 2037,25000000.0,25345.9,17.79,Sovereign,SLDF,SBI AMC,2026-07
IN3120260051,7.74% State Government of Tamil Nadu 2036,22500000.0,22975.38,16.13,Sovereign,SLDF,SBI AMC,2026-07
INF0RQ622028,Corporate Debt Market Development Fund-A2,6833.426,814.59,0.57,CDMDF,SLDF,SBI AMC,2026-07
INE090A01021,ICICI Bank Ltd.,4050000.0,58133.7,6.72,Banks,SDYF,SBI AMC,2026-07
INE018A01030,Larsen & Toubro Ltd.,831446.0,32749.83,3.78,Construction,SDYF,SBI AMC,2026-07
INE129A01019,GAIL (India) Ltd.,15000000.0,27216.0,3.14,Gas,SDYF,SBI AMC,2026-07
INE622W01025,Acme Solar Holdings Ltd.,7477638.0,27113.92,3.13,Power,SDYF,SBI AMC,2026-07
INE467B01029,Tata Consultancy Services Ltd.,1126350.0,26644.94,3.08,IT - Software,SDYF,SBI AMC,2026-07
INE062A01020,State Bank of India,2515000.0,25839.11,2.98,Banks,SDYF,SBI AMC,2026-07
INE009A01021,Infosys Ltd.,2144194.0,24231.54,2.8,IT - Software,SDYF,SBI AMC,2026-07
INE1CDF01017,Vedanta Aluminium Metal Ltd.,4800000.0,21801.6,2.52,Non - Ferrous Metals,SDYF,SBI AMC,2026-07
INE646L01027,Interglobe Aviation Ltd.,420000.0,21718.2,2.51,Transport Services,SDYF,SBI AMC,2026-07
INE585B01010,Maruti Suzuki India Ltd.,150000.0,21351.0,2.47,Automobiles,SDYF,SBI AMC,2026-07
INE121A01024,Cholamandalam Investment & Finance Co. Ltd.,1140154.0,21091.71,2.44,Finance,SDYF,SBI AMC,2026-07
INE423A01024,Adani Enterprises Ltd.,676437.0,20357.37,2.35,Metals & Minerals Trading,SDYF,SBI AMC,2026-07
INE213A01029,Oil & Natural Gas Corporation Ltd.,8250000.0,20008.73,2.31,Oil,SDYF,SBI AMC,2026-07
INE406A01037,Aurobindo Pharma Ltd.,1200000.0,18962.4,2.19,Pharmaceuticals & Biotechnology,SDYF,SBI AMC,2026-07
INE513A01022,Schaeffler India Ltd.,450000.0,18356.4,2.12,Auto Components,SDYF,SBI AMC,2026-07
INE239A01024,Nestle India Ltd.,1210000.0,18266.16,2.11,Food Products,SDYF,SBI AMC,2026-07
INE669C01036,Tech Mahindra Ltd.,1090000.0,17999.17,2.08,IT - Software,SDYF,SBI AMC,2026-07
INE044A01036,Sun Pharmaceutical Industries Ltd.,900000.0,17914.5,2.07,Pharmaceuticals & Biotechnology,SDYF,SBI AMC,2026-07
INE522D01027,Manappuram Finance Ltd.,4710254.0,17515.08,2.02,Finance,SDYF,SBI AMC,2026-07
INE376G01013,Biocon Ltd.,4050000.0,17240.85,1.99,Pharmaceuticals & Biotechnology,SDYF,SBI AMC,2026-07
INE238A01034,Axis Bank Ltd.,1400000.0,17213.0,1.99,Banks,SDYF,SBI AMC,2026-07
INE237A01036,Kotak Mahindra Bank Ltd.,4400000.0,17173.2,1.98,Banks,SDYF,SBI AMC,2026-07
INE486A01021,CESC Ltd.,10000000.0,16557.0,1.91,Power,SDYF,SBI AMC,2026-07
INE066A01021,Eicher Motors Ltd.,202000.0,15823.67,1.83,Automobiles,SDYF,SBI AMC,2026-07
INE259A01022,Colgate Palmolive (India) Ltd.,720000.0,14947.92,1.73,Personal Products,SDYF,SBI AMC,2026-07
INE536A01023,Grindwell Norton Ltd.,672644.0,14261.4,1.65,Industrial Products,SDYF,SBI AMC,2026-07
INE021A01026,Asian Paints Ltd.,500000.0,13736.5,1.59,Consumer Durables,SDYF,SBI AMC,2026-07
INE019A01038,JSW Steel Ltd.,1037500.0,13176.25,1.52,Ferrous Metals,SDYF,SBI AMC,2026-07
INE017A01032,The Great Eastern Shipping Co. Ltd.,932591.0,12593.71,1.45,Transport Services,SDYF,SBI AMC,2026-07
INE600L01024,Dr. Lal Path labs Ltd.,660000.0,12574.32,1.45,Healthcare Services,SDYF,SBI AMC,2026-07
INE318A01026,Pidilite Industries Ltd.,772373.0,12446.02,1.44,Chemicals & Petrochemicals,SDYF,SBI AMC,2026-07
INE361B01024,Divi's Laboratories Ltd.,154000.0,12406.24,1.43,Pharmaceuticals & Biotechnology,SDYF,SBI AMC,2026-07
INE494B01023,TVS Motor Company Ltd.,283000.0,12206.07,1.41,Automobiles,SDYF,SBI AMC,2026-07
INE591G01025,Coforge Ltd.,700000.0,12047.0,1.39,IT - Software,SDYF,SBI AMC,2026-07
INE159A01016,Glaxosmithkline Pharmaceuticals Ltd.,450000.0,11949.3,1.38,Pharmaceuticals & Biotechnology,SDYF,SBI AMC,2026-07
INE397D01024,Bharti Airtel Ltd.,600000.0,11832.0,1.37,Telecom - Services,SDYF,SBI AMC,2026-07
INE216A01030,Britannia Industries Ltd.,215000.0,11645.48,1.35,Food Products,SDYF,SBI AMC,2026-07
INE010V01017,L&T Technology Services Ltd.,320000.0,11377.28,1.31,IT - Services,SDYF,SBI AMC,2026-07
INE481G01011,Ultratech Cement Ltd.,95000.0,11307.85,1.31,Cement & Cement Products,SDYF,SBI AMC,2026-07
INE226A01021,Voltas Ltd.,800000.0,10631.2,1.23,Consumer Durables,SDYF,SBI AMC,2026-07
INE2J8701016,SKF India (Industrial) Ltd.,360000.0,9863.64,1.14,Industrial Products,SDYF,SBI AMC,2026-07
INE325A01013,Timken India Ltd.,300000.0,9436.2,1.09,Industrial Products,SDYF,SBI AMC,2026-07
INE274J01014,Oil India Ltd.,2000000.0,9172.0,1.06,Oil,SDYF,SBI AMC,2026-07
INE0UOS01011,Sanofi Consumer Healthcare India Ltd.,189554.0,8740.71,1.01,Pharmaceuticals & Biotechnology,SDYF,SBI AMC,2026-07
INE267A01025,Hindustan Zinc Ltd.,1225000.0,6605.2,0.76,Non - Ferrous Metals,SDYF,SBI AMC,2026-07
INE880J01026,JSW Infrastructure Ltd.,1700000.0,5310.8,0.61,Transport Infrastructure,SDYF,SBI AMC,2026-07
INE121E01018,JSW Energy Ltd.,952381.0,5282.38,0.61,Power,SDYF,SBI AMC,2026-07
INE704J01044,Vedanta Oil and Gas Ltd.,2800000.0,995.12,0.11,Oil,SDYF,SBI AMC,2026-07
INE694L01019,Vedanta Power Ltd.,2800000.0,966.56,0.11,Power,SDYF,SBI AMC,2026-07
INE1CLE01013,Vedanta Iron and Steel Ltd.,2800000.0,903.84,0.1,Ferrous Metals,SDYF,SBI AMC,2026-07
INE0NDH25011,Nexus Select Trust,12010584.0,20045.66,2.32,Realty,SDYF,SBI AMC,2026-07
INE041025011,Embassy Office Parks Reit,3529067.0,15456.96,1.79,Realty,SDYF,SBI AMC,2026-07
INE0FDU25010,Brookfield India Real Estate Trust,4054745.0,13846.14,1.6,Realty,SDYF,SBI AMC,2026-07
INE0CCU25019,Mindspace Business Parks Reit,1976000.0,9724.49,1.12,Realty,SDYF,SBI AMC,2026-07
IN002025Z344,364 DAY T-BILL 19.11.26,500000.0,492.01,0.06,Sovereign,SDYF,SBI AMC,2026-07
INE040A01034,HDFC Bank Ltd.,507216.0,3793.47,12.27,Banks,SBI-BSE-SENSEX-IF,SBI AMC,2026-07
INE090A01021,ICICI Bank Ltd.,238591.0,3424.38,11.07,Banks,SBI-BSE-SENSEX-IF,SBI AMC,2026-07
INE002A01018,Reliance Industries Ltd.,225166.0,2943.6,9.52,Petroleum Products,SBI-BSE-SENSEX-IF,SBI AMC,2026-07
INE397D01024,Bharti Airtel Ltd.,101390.0,1998.55,6.46,Telecom - Services,SBI-BSE-SENSEX-IF,SBI AMC,2026-07
INE018A01030,Larsen & Toubro Ltd.,38897.0,1532.0,4.95,Construction,SBI-BSE-SENSEX-IF,SBI AMC,2026-07
INE062A01020,State Bank of India,138225.0,1419.29,4.59,Banks,SBI-BSE-SENSEX-IF,SBI AMC,2026-07
INE009A01021,Infosys Ltd.,116062.0,1311.5,4.24,IT - Software,SBI-BSE-SENSEX-IF,SBI AMC,2026-07
INE238A01034,Axis Bank Ltd.,95191.0,1170.42,3.78,Banks,SBI-BSE-SENSEX-IF,SBI AMC,2026-07
INE296A01032,Bajaj Finance Ltd.,89083.0,1017.06,3.29,Finance,SBI-BSE-SENSEX-IF,SBI AMC,2026-07
INE101A01026,Mahindra & Mahindra Ltd.,29790.0,1011.77,3.27,Automobiles,SBI-BSE-SENSEX-IF,SBI AMC,2026-07
INE237A01036,Kotak Mahindra Bank Ltd.,244936.0,955.74,3.09,Banks,SBI-BSE-SENSEX-IF,SBI AMC,2026-07
INE154A01025,ITC Ltd.,321060.0,902.02,2.92,Diversified FMCG,SBI-BSE-SENSEX-IF,SBI AMC,2026-07
INE467B01029,Tata Consultancy Services Ltd.,33706.0,797.35,2.58,IT - Software,SBI-BSE-SENSEX-IF,SBI AMC,2026-07
INE758T01015,Eternal Ltd.,240862.0,728.25,2.35,Retailing,SBI-BSE-SENSEX-IF,SBI AMC,2026-07
INE044A01036,Sun Pharmaceutical Industries Ltd.,35917.0,714.51,2.31,Pharmaceuticals & Biotechnology,SBI-BSE-SENSEX-IF,SBI AMC,2026-07
INE280A01028,Titan Company Ltd.,13592.0,662.65,2.14,Consumer Durables,SBI-BSE-SENSEX-IF,SBI AMC,2026-07
INE030A01027,Hindustan Unilever Ltd.,29709.0,624.13,2.02,Diversified FMCG,SBI-BSE-SENSEX-IF,SBI AMC,2026-07
INE585B01010,Maruti Suzuki India Ltd.,4291.0,611.01,1.98,Automobiles,SBI-BSE-SENSEX-IF,SBI AMC,2026-07
INE733E01010,NTPC Ltd.,158121.0,548.92,1.77,Power,SBI-BSE-SENSEX-IF,SBI AMC,2026-07
INE081A01020,Tata Steel Ltd.,274176.0,520.39,1.68,Ferrous Metals,SBI-BSE-SENSEX-IF,SBI AMC,2026-07
INE860A01027,HCL Technologies Ltd.,35209.0,474.09,1.53,IT - Software,SBI-BSE-SENSEX-IF,SBI AMC,2026-07
INE481G01011,Ultratech Cement Ltd.,3921.0,466.78,1.51,Cement & Cement Products,SBI-BSE-SENSEX-IF,SBI AMC,2026-07
INE263A01024,Bharat Electronics Ltd.,119185.0,462.2,1.49,Aerospace & Defense,SBI-BSE-SENSEX-IF,SBI AMC,2026-07
INE752E01010,Power Grid Corporation of India Ltd.,151658.0,431.16,1.39,Power,SBI-BSE-SENSEX-IF,SBI AMC,2026-07
INE742F01042,Adani Ports and Special Economic Zone Ltd.,24536.0,416.99,1.35,Transport Infrastructure,SBI-BSE-SENSEX-IF,SBI AMC,2026-07
INE021A01026,Asian Paints Ltd.,15004.0,412.38,1.33,Consumer Durables,SBI-BSE-SENSEX-IF,SBI AMC,2026-07
INE646L01027,Interglobe Aviation Ltd.,7464.0,385.94,1.25,Transport Services,SBI-BSE-SENSEX-IF,SBI AMC,2026-07
INE918I01026,Bajaj Finserv Ltd.,18644.0,378.36,1.22,Finance,SBI-BSE-SENSEX-IF,SBI AMC,2026-07
INE669C01036,Tech Mahindra Ltd.,21196.0,350.07,1.13,IT - Software,SBI-BSE-SENSEX-IF,SBI AMC,2026-07
INE849A01020,Trent Ltd.,11003.0,330.6,1.07,Retailing,SBI-BSE-SENSEX-IF,SBI AMC,2026-07
INE860A01027,HCL Technologies Ltd.,189264.0,2549.2,2.35,IT - Software,SN50EWIF,SBI AMC,2026-07
INE917I01010,Bajaj Auto Ltd.,21622.0,2490.96,2.3,Automobiles,SN50EWIF,SBI AMC,2026-07
INE758T01015,Eternal Ltd.,822409.0,2487.38,2.3,Retailing,SN50EWIF,SBI AMC,2026-07
INE296A01032,Bajaj Finance Ltd.,212747.0,2427.87,2.24,Finance,SN50EWIF,SBI AMC,2026-07
INE918I01026,Bajaj Finserv Ltd.,118407.0,2402.6,2.22,Finance,SN50EWIF,SBI AMC,2026-07
INE669C01036,Tech Mahindra Ltd.,144244.0,2381.9,2.2,IT - Software,SN50EWIF,SBI AMC,2026-07
INE280A01028,Titan Company Ltd.,48759.0,2377.1,2.2,Consumer Durables,SN50EWIF,SBI AMC,2026-07
INE467B01029,Tata Consultancy Services Ltd.,99963.0,2364.72,2.18,IT - Software,SN50EWIF,SBI AMC,2026-07
INE101A01026,Mahindra & Mahindra Ltd.,68794.0,2337.96,2.16,Automobiles,SN50EWIF,SBI AMC,2026-07
INE239A01024,Nestle India Ltd.,152484.0,2301.9,2.13,Food Products,SN50EWIF,SBI AMC,2026-07
INE585B01010,Maruti Suzuki India Ltd.,15913.0,2265.06,2.09,Automobiles,SN50EWIF,SBI AMC,2026-07
INE758E01017,Jio Financial Services Ltd.,882589.0,2263.49,2.09,Finance,SN50EWIF,SBI AMC,2026-07
INE009A01021,Infosys Ltd.,199527.0,2254.85,2.08,IT - Software,SN50EWIF,SBI AMC,2026-07
INE123W01016,SBI Life Insurance Co. Ltd.,119266.0,2244.59,2.07,Insurance,SN50EWIF,SBI AMC,2026-07
INE044A01036,Sun Pharmaceutical Industries Ltd.,112477.0,2238.85,2.07,Pharmaceuticals & Biotechnology,SN50EWIF,SBI AMC,2026-07
INE075A01022,Wipro Ltd.,1208299.0,2219.04,2.05,IT - Software,SN50EWIF,SBI AMC,2026-07
INE397D01024,Bharti Airtel Ltd.,112304.0,2214.63,2.05,Telecom - Services,SN50EWIF,SBI AMC,2026-07
INE090A01021,ICICI Bank Ltd.,153483.0,2203.09,2.04,Banks,SN50EWIF,SBI AMC,2026-07
INE437A01024,Apollo Hospitals Enterprise Ltd.,24591.0,2202.62,2.03,Healthcare Services,SN50EWIF,SBI AMC,2026-07
INE481G01011,Ultratech Cement Ltd.,18447.0,2195.75,2.03,Cement & Cement Products,SN50EWIF,SBI AMC,2026-07
INE066A01021,Eicher Motors Ltd.,27842.0,2181.0,2.01,Automobiles,SN50EWIF,SBI AMC,2026-07
INE019A01038,JSW Steel Ltd.,171231.0,2174.63,2.01,Ferrous Metals,SN50EWIF,SBI AMC,2026-07
INE021A01026,Asian Paints Ltd.,79035.0,2171.33,2.01,Consumer Durables,SN50EWIF,SBI AMC,2026-07
INE721A01047,Shriram Finance Ltd.,206892.0,2165.54,2.0,Finance,SN50EWIF,SBI AMC,2026-07
INE059A01026,Cipla Ltd.,146619.0,2159.99,2.0,Pharmaceuticals & Biotechnology,SN50EWIF,SBI AMC,2026-07
INE027H01010,Max Healthcare Institute Ltd.,194898.0,2140.95,1.98,Healthcare Services,SN50EWIF,SBI AMC,2026-07
INE213A01029,Oil & Natural Gas Corporation Ltd.,878439.0,2130.48,1.97,Oil,SN50EWIF,SBI AMC,2026-07
INE038A01020,Hindalco Industries Ltd.,215872.0,2103.56,1.94,Non - Ferrous Metals,SN50EWIF,SBI AMC,2026-07
INE081A01020,Tata Steel Ltd.,1108669.0,2103.03,1.94,Ferrous Metals,SN50EWIF,SBI AMC,2026-07
INE002A01018,Reliance Industries Ltd.,160492.0,2098.91,1.94,Petroleum Products,SN50EWIF,SBI AMC,2026-07
INE062A01020,State Bank of India,203771.0,2093.54,1.93,Banks,SN50EWIF,SBI AMC,2026-07
INE646L01027,Interglobe Aviation Ltd.,40484.0,2093.43,1.93,Transport Services,SN50EWIF,SBI AMC,2026-07
INE047A01021,Grasim Industries Ltd.,67402.0,2090.0,1.93,Cement & Cement Products,SN50EWIF,SBI AMC,2026-07
INE192A01025,Tata Consumer Products Ltd.,191987.0,2079.41,1.92,Agricultural Food & other Products,SN50EWIF,SBI AMC,2026-07
INE423A01024,Adani Enterprises Ltd.,68680.0,2066.92,1.91,Metals & Minerals Trading,SN50EWIF,SBI AMC,2026-07
INE752E01010,Power Grid Corporation of India Ltd.,724734.0,2060.06,1.9,Power,SN50EWIF,SBI AMC,2026-07
INE030A01027,Hindustan Unilever Ltd.,97706.0,2053.1,1.9,Diversified FMCG,SN50EWIF,SBI AMC,2026-07
INE733E01010,NTPC Ltd.,590465.0,2050.39,1.89,Power,SN50EWIF,SBI AMC,2026-07
INE155A01022,Tata Motors Passenger Vehicles Ltd.,602871.0,2048.25,1.89,Automobiles,SN50EWIF,SBI AMC,2026-07
INE154A01025,ITC Ltd.,726109.0,2040.37,1.88,Diversified FMCG,SN50EWIF,SBI AMC,2026-07
INE237A01036,Kotak Mahindra Bank Ltd.,519338.0,2026.98,1.87,Banks,SN50EWIF,SBI AMC,2026-07
INE040A01034,HDFC Bank Ltd.,265790.0,1988.51,1.84,Banks,SN50EWIF,SBI AMC,2026-07
INE018A01030,Larsen & Toubro Ltd.,50417.0,1985.88,1.83,Construction,SN50EWIF,SBI AMC,2026-07
INE263A01024,Bharat Electronics Ltd.,509790.0,1977.22,1.83,Aerospace & Defense,SN50EWIF,SBI AMC,2026-07
INE522F01014,Coal India Ltd.,477250.0,1976.53,1.83,Consumable Fuels,SN50EWIF,SBI AMC,2026-07
INE742F01042,Adani Ports and Special Economic Zone Ltd.,116266.0,1972.45,1.82,Transport Infrastructure,SN50EWIF,SBI AMC,2026-07
INE795G01014,HDFC Life Insurance Company Ltd.,356272.0,1954.15,1.81,Insurance,SN50EWIF,SBI AMC,2026-07
INE849A01020,Trent Ltd.,64928.0,1951.67,1.8,Retailing,SN50EWIF,SBI AMC,2026-07
INE238A01034,Axis Bank Ltd.,152275.0,1872.22,1.73,Banks,SN50EWIF,SBI AMC,2026-07
INE089A01031,Dr. Reddy's Laboratories Ltd.,158705.0,1822.09,1.68,Pharmaceuticals & Biotechnology,SN50EWIF,SBI AMC,2026-07
INE002A01018,Reliance Industries Ltd.,5945000.0,77748.71,8.99,Petroleum Products,SEOF,SBI AMC,2026-07
INE129A01019,GAIL (India) Ltd.,37434819.0,67921.74,7.86,Gas,SEOF,SBI AMC,2026-07
INE213A01029,Oil & Natural Gas Corporation Ltd.,24310276.0,58959.71,6.82,Oil,SEOF,SBI AMC,2026-07
INE220B01022,Kalpataru Projects International Ltd.,4005515.0,51655.12,5.97,Construction,SEOF,SBI AMC,2026-07
INE844O01030,Gujarat Energy Ltd.,18798534.0,51601.98,5.97,Gas,SEOF,SBI AMC,2026-07
INE545A01024,HEG Ltd.,6524614.0,42883.03,4.96,Industrial Products,SEOF,SBI AMC,2026-07
INE733E01010,NTPC Ltd.,11245170.0,39048.85,4.52,Power,SEOF,SBI AMC,2026-07
INE029A01011,Bharat Petroleum Corporation Ltd.,12163692.0,38893.41,4.5,Petroleum Products,SEOF,SBI AMC,2026-07
INE152A01029,Thermax Ltd.,883474.0,38042.39,4.4,Electrical Equipment,SEOF,SBI AMC,2026-07
INE347G01014,Petronet LNG Ltd.,13219320.0,37113.24,4.29,Gas,SEOF,SBI AMC,2026-07
INE121E01018,JSW Energy Ltd.,6076446.0,33703.01,3.9,Power,SEOF,SBI AMC,2026-07
INE813H01021,Torrent Power Ltd.,2285360.0,32298.99,3.74,Power,SEOF,SBI AMC,2026-07
INE671A01010,Honeywell Automation India Ltd.,75150.0,28673.48,3.32,Industrial Manufacturing,SEOF,SBI AMC,2026-07
INE035D01020,Savita Oil Technologies Ltd.,4547684.0,27365.69,3.16,Petroleum Products,SEOF,SBI AMC,2026-07
INE242A01010,Indian Oil Corporation Ltd.,17647288.0,24736.2,2.86,Petroleum Products,SEOF,SBI AMC,2026-07
INE423A01024,Adani Enterprises Ltd.,676437.0,20357.37,2.35,Metals & Minerals Trading,SEOF,SBI AMC,2026-07
INE486A01021,CESC Ltd.,12114574.0,20058.1,2.32,Power,SEOF,SBI AMC,2026-07
INE371A01025,Graphite India Ltd.,2796573.0,18356.71,2.12,Industrial Products,SEOF,SBI AMC,2026-07
INE134E01011,Power Finance Corporation Ltd.,4257426.0,18066.39,2.09,Finance,SEOF,SBI AMC,2026-07
INE203G01027,Indraprastha Gas Ltd.,11183665.0,16996.93,1.97,Gas,SEOF,SBI AMC,2026-07
INE020B01018,REC Ltd.,4325000.0,16130.09,1.87,Finance,SEOF,SBI AMC,2026-07
INE921L01032,Powerica Ltd.,2400993.0,12715.66,1.47,Electrical Equipment,SEOF,SBI AMC,2026-07
INE003A01024,Siemens Ltd.,334518.0,12577.88,1.45,Electrical Equipment,SEOF,SBI AMC,2026-07
INE974X01010,Tube Investments of India Ltd.,452514.0,12457.71,1.44,Auto Components,SEOF,SBI AMC,2026-07
INE848E01016,NHPC Ltd.,15745621.0,12396.53,1.43,Power,SEOF,SBI AMC,2026-07
INE1TUG01013,GSPL Transmission Ltd.,6266178.0,9399.27,1.09,Gas,SEOF,SBI AMC,2026-07
INE752E01010,Power Grid Corporation of India Ltd.,3010964.0,8558.67,0.99,Power,SEOF,SBI AMC,2026-07
INE488A01050,Chemplast Sanmar Ltd.,4378853.0,8502.86,0.98,Chemicals & Petrochemicals,SEOF,SBI AMC,2026-07
INE022Q01020,Indian Energy Exchange Ltd.,5704650.0,7543.83,0.87,Capital Markets,SEOF,SBI AMC,2026-07
INE389H01022,KEC International Ltd.,900000.0,4220.55,0.49,Construction,SEOF,SBI AMC,2026-07
INE386D01027,Shivalik Bimetal Controls Ltd.,500471.0,3750.78,0.43,Industrial Products,SEOF,SBI AMC,2026-07
INE05C901015,Juniper Green Energy Ltd.,1333266.0,2999.85,0.35,Power,SEOF,SBI AMC,2026-07
INE704J01044,Vedanta Oil and Gas Ltd.,6882619.0,2446.08,0.28,Oil,SEOF,SBI AMC,2026-07
INE616N01034,Inox India Ltd.,106737.0,2036.54,0.24,Industrial Products,SEOF,SBI AMC,2026-07
INE274J01014,Oil India Ltd.,121912.0,559.09,0.06,Oil,SEOF,SBI AMC,2026-07
INE00WV01027,CMR Green Technologies Ltd.,96602.0,209.34,0.02,Industrial Products,SEOF,SBI AMC,2026-07
IN002025Z344,364 DAY T-BILL 19.11.26,500000.0,492.01,0.06,Sovereign,SEOF,SBI AMC,2026-07
INE101A01026,Mahindra & Mahindra Ltd.,2700000.0,91759.5,15.95,Automobiles,SBI-AOF,SBI AMC,2026-07
INE585B01010,Maruti Suzuki India Ltd.,300000.0,42702.0,7.42,Automobiles,SBI-AOF,SBI AMC,2026-07
INE066A01021,Eicher Motors Ltd.,520000.0,40734.2,7.08,Automobiles,SBI-AOF,SBI AMC,2026-07
INE494B01023,TVS Motor Company Ltd.,800000.0,34504.8,6.0,Automobiles,SBI-AOF,SBI AMC,2026-07
INE073K01018,Sona Blw Precision Forgings Ltd.,3500000.0,26929.0,4.68,Auto Components,SBI-AOF,SBI AMC,2026-07
INE465A01025,Bharat Forge Ltd.,1200000.0,26397.6,4.59,Auto Components,SBI-AOF,SBI AMC,2026-07
INE775A01035,Samvardhana Motherson International Ltd.,16000000.0,24120.0,4.19,Auto Components,SBI-AOF,SBI AMC,2026-07
INE524A01029,Gabriel India Ltd.,1320000.0,19031.76,3.31,Auto Components,SBI-AOF,SBI AMC,2026-07
INE1TAE01010,Tata Motors Ltd.,4000000.0,17472.0,3.04,"Agricultural, Commercial & Construction Vehicles",SBI-AOF,SBI AMC,2026-07
INE953O01021,Sansera Engineering Ltd.,500000.0,16734.5,2.91,Auto Components,SBI-AOF,SBI AMC,2026-07
INE330T01021,Happy Forgings Ltd.,1000000.0,16527.0,2.87,Industrial Products,SBI-AOF,SBI AMC,2026-07
INE323A01026,Bosch Ltd.,40000.0,16434.0,2.86,Auto Components,SBI-AOF,SBI AMC,2026-07
INE0LEZ01016,Ather Energy Ltd.,1280000.0,16131.84,2.8,Automobiles,SBI-AOF,SBI AMC,2026-07
INE405E01023,UNO Minda Ltd.,1320000.0,15582.6,2.71,Auto Components,SBI-AOF,SBI AMC,2026-07
INE0V6F01027,Hyundai Motor India Ltd.,700000.0,15264.9,2.65,Automobiles,SBI-AOF,SBI AMC,2026-07
INE00XB01019,Sedemac Mechatronics Ltd.,500000.0,13422.0,2.33,Auto Components,SBI-AOF,SBI AMC,2026-07
INE894V01022,Belrise Industries Ltd.,5000000.0,11836.5,2.06,Auto Components,SBI-AOF,SBI AMC,2026-07
INE842C01021,Minda Corporation Ltd.,1600000.0,11215.2,1.95,Auto Components,SBI-AOF,SBI AMC,2026-07
INE325A01013,Timken India Ltd.,350000.0,11008.9,1.91,Industrial Products,SBI-AOF,SBI AMC,2026-07
INE473D01015,Kingfa Science & Technology India Ltd.,200000.0,10497.0,1.82,Industrial Products,SBI-AOF,SBI AMC,2026-07
INE513A01022,Schaeffler India Ltd.,240000.0,9790.08,1.7,Auto Components,SBI-AOF,SBI AMC,2026-07
INE387A01021,Sundram Fasteners Ltd.,1000000.0,9774.5,1.7,Auto Components,SBI-AOF,SBI AMC,2026-07
INE19RI01016,Tenneco Clean Air India Ltd.,1788227.0,9619.77,1.67,Auto Components,SBI-AOF,SBI AMC,2026-07
INE491J01022,ASK Automotive Ltd.,1800000.0,9504.9,1.65,Auto Components,SBI-AOF,SBI AMC,2026-07
INE00LO01017,Craftsman Automation Ltd.,90000.0,8886.15,1.54,Auto Components,SBI-AOF,SBI AMC,2026-07
INE342J01019,ZF Commercial Vehicle Control Systems India Ltd.,360000.0,8704.44,1.51,Auto Components,SBI-AOF,SBI AMC,2026-07
INE913H01037,Endurance Technologies Ltd.,300000.0,8274.9,1.44,Auto Components,SBI-AOF,SBI AMC,2026-07
INE439A01020,Asahi India Glass Ltd.,800000.0,7012.4,1.22,Auto Components,SBI-AOF,SBI AMC,2026-07
INE787D01026,Balkrishna Industries Ltd.,131656.0,3256.51,0.57,Auto Components,SBI-AOF,SBI AMC,2026-07
INE0Q3R01026,Sundaram Clayton Ltd.,200000.0,2507.2,0.44,Auto Components,SBI-AOF,SBI AMC,2026-07
INE062D01024,Alicon Castalloy Ltd.,360000.0,2420.46,0.42,Auto Components,SBI-AOF,SBI AMC,2026-07
INE917I01010,Bajaj Auto Ltd.,20000.0,2304.1,0.4,Automobiles,SBI-AOF,SBI AMC,2026-07
IN002025Z344,364 DAY T-BILL 19.11.26,500000.0,492.01,0.09,Sovereign,SBI-AOF,SBI AMC,2026-07
INF200KB1217,SBI Silver ETF,170825802.0,361535.73,100.03,Mutual Fund/ETF,SETFSILVER-FOF,SBI AMC,2026-07
INE860A01027,HCL Technologies Ltd.,7076.0,95.31,2.35,IT - Software,SN50EW-ETF,SBI AMC,2026-07
INE917I01010,Bajaj Auto Ltd.,808.0,93.09,2.3,Automobiles,SN50EW-ETF,SBI AMC,2026-07
INE758T01015,Eternal Ltd.,30749.0,93.0,2.3,Retailing,SN50EW-ETF,SBI AMC,2026-07
INE296A01032,Bajaj Finance Ltd.,7954.0,90.77,2.24,Finance,SN50EW-ETF,SBI AMC,2026-07
INE918I01026,Bajaj Finserv Ltd.,4427.0,89.83,2.22,Finance,SN50EW-ETF,SBI AMC,2026-07
INE669C01036,Tech Mahindra Ltd.,5393.0,89.05,2.2,IT - Software,SN50EW-ETF,SBI AMC,2026-07
INE280A01028,Titan Company Ltd.,1823.0,88.87,2.2,Consumer Durables,SN50EW-ETF,SBI AMC,2026-07
INE467B01029,Tata Consultancy Services Ltd.,3738.0,88.43,2.18,IT - Software,SN50EW-ETF,SBI AMC,2026-07
INE101A01026,Mahindra & Mahindra Ltd.,2572.0,87.41,2.16,Automobiles,SN50EW-ETF,SBI AMC,2026-07
INE239A01024,Nestle India Ltd.,5701.0,86.06,2.13,Food Products,SN50EW-ETF,SBI AMC,2026-07
INE585B01010,Maruti Suzuki India Ltd.,595.0,84.69,2.09,Automobiles,SN50EW-ETF,SBI AMC,2026-07
INE758E01017,Jio Financial Services Ltd.,32999.0,84.63,2.09,Finance,SN50EW-ETF,SBI AMC,2026-07
INE009A01021,Infosys Ltd.,7460.0,84.31,2.08,IT - Software,SN50EW-ETF,SBI AMC,2026-07
INE123W01016,SBI Life Insurance Co. Ltd.,4459.0,83.92,2.07,Insurance,SN50EW-ETF,SBI AMC,2026-07
INE044A01036,Sun Pharmaceutical Industries Ltd.,4206.0,83.72,2.07,Pharmaceuticals & Biotechnology,SN50EW-ETF,SBI AMC,2026-07
INE075A01022,Wipro Ltd.,45177.0,82.97,2.05,IT - Software,SN50EW-ETF,SBI AMC,2026-07
INE397D01024,Bharti Airtel Ltd.,4199.0,82.8,2.05,Telecom - Services,SN50EW-ETF,SBI AMC,2026-07
INE090A01021,ICICI Bank Ltd.,5739.0,82.38,2.03,Banks,SN50EW-ETF,SBI AMC,2026-07
INE437A01024,Apollo Hospitals Enterprise Ltd.,919.0,82.31,2.03,Healthcare Services,SN50EW-ETF,SBI AMC,2026-07
INE481G01011,Ultratech Cement Ltd.,690.0,82.13,2.03,Cement & Cement Products,SN50EW-ETF,SBI AMC,2026-07
INE066A01021,Eicher Motors Ltd.,1041.0,81.55,2.01,Automobiles,SN50EW-ETF,SBI AMC,2026-07
INE019A01038,JSW Steel Ltd.,6402.0,81.31,2.01,Ferrous Metals,SN50EW-ETF,SBI AMC,2026-07
INE021A01026,Asian Paints Ltd.,2954.0,81.16,2.0,Consumer Durables,SN50EW-ETF,SBI AMC,2026-07
INE721A01047,Shriram Finance Ltd.,7735.0,80.96,2.0,Finance,SN50EW-ETF,SBI AMC,2026-07
INE059A01026,Cipla Ltd.,5482.0,80.76,1.99,Pharmaceuticals & Biotechnology,SN50EW-ETF,SBI AMC,2026-07
INE027H01010,Max Healthcare Institute Ltd.,7287.0,80.05,1.98,Healthcare Services,SN50EW-ETF,SBI AMC,2026-07
INE213A01029,Oil & Natural Gas Corporation Ltd.,32844.0,79.66,1.97,Oil,SN50EW-ETF,SBI AMC,2026-07
INE038A01020,Hindalco Industries Ltd.,8071.0,78.65,1.94,Non - Ferrous Metals,SN50EW-ETF,SBI AMC,2026-07
INE081A01020,Tata Steel Ltd.,41452.0,78.63,1.94,Ferrous Metals,SN50EW-ETF,SBI AMC,2026-07
INE002A01018,Reliance Industries Ltd.,6001.0,78.48,1.94,Petroleum Products,SN50EW-ETF,SBI AMC,2026-07
INE646L01027,Interglobe Aviation Ltd.,1514.0,78.29,1.93,Transport Services,SN50EW-ETF,SBI AMC,2026-07
INE062A01020,State Bank of India,7619.0,78.28,1.93,Banks,SN50EW-ETF,SBI AMC,2026-07
INE047A01021,Grasim Industries Ltd.,2520.0,78.14,1.93,Cement & Cement Products,SN50EW-ETF,SBI AMC,2026-07
INE192A01025,Tata Consumer Products Ltd.,7178.0,77.74,1.92,Agricultural Food & other Products,SN50EW-ETF,SBI AMC,2026-07
INE423A01024,Adani Enterprises Ltd.,2567.0,77.25,1.91,Metals & Minerals Trading,SN50EW-ETF,SBI AMC,2026-07
INE752E01010,Power Grid Corporation of India Ltd.,27097.0,77.02,1.9,Power,SN50EW-ETF,SBI AMC,2026-07
INE030A01027,Hindustan Unilever Ltd.,3653.0,76.76,1.9,Diversified FMCG,SN50EW-ETF,SBI AMC,2026-07
INE733E01010,NTPC Ltd.,22077.0,76.66,1.89,Power,SN50EW-ETF,SBI AMC,2026-07
INE155A01022,Tata Motors Passenger Vehicles Ltd.,22541.0,76.58,1.89,Automobiles,SN50EW-ETF,SBI AMC,2026-07
INE154A01025,ITC Ltd.,27149.0,76.29,1.88,Diversified FMCG,SN50EW-ETF,SBI AMC,2026-07
INE237A01036,Kotak Mahindra Bank Ltd.,19417.0,75.78,1.87,Banks,SN50EW-ETF,SBI AMC,2026-07
INE040A01034,HDFC Bank Ltd.,9938.0,74.35,1.84,Banks,SN50EW-ETF,SBI AMC,2026-07
INE018A01030,Larsen & Toubro Ltd.,1885.0,74.25,1.83,Construction,SN50EW-ETF,SBI AMC,2026-07
INE263A01024,Bharat Electronics Ltd.,19060.0,73.92,1.83,Aerospace & Defense,SN50EW-ETF,SBI AMC,2026-07
INE522F01014,Coal India Ltd.,17844.0,73.9,1.83,Consumable Fuels,SN50EW-ETF,SBI AMC,2026-07
INE742F01042,Adani Ports and Special Economic Zone Ltd.,4347.0,73.75,1.82,Transport Infrastructure,SN50EW-ETF,SBI AMC,2026-07
INE795G01014,HDFC Life Insurance Company Ltd.,13320.0,73.06,1.8,Insurance,SN50EW-ETF,SBI AMC,2026-07
INE849A01020,Trent Ltd.,2427.0,72.95,1.8,Retailing,SN50EW-ETF,SBI AMC,2026-07
INE238A01034,Axis Bank Ltd.,5693.0,70.0,1.73,Banks,SN50EW-ETF,SBI AMC,2026-07
INE089A01031,Dr. Reddy's Laboratories Ltd.,5934.0,68.13,1.68,Pharmaceuticals & Biotechnology,SN50EW-ETF,SBI AMC,2026-07
INE758T01015,Eternal Ltd.,14500000.0,43855.25,8.43,Retailing,SIOF,SBI AMC,2026-07
INE673O01025,TBO Tek Ltd.,2017397.0,30890.38,5.94,Leisure Services,SIOF,SBI AMC,2026-07
INE296A01032,Bajaj Finance Ltd.,2500000.0,28530.0,5.49,Finance,SIOF,SBI AMC,2026-07
INE388Y01029,FSN E-Commerce Ventures Ltd.,8000000.0,26672.0,5.13,Retailing,SIOF,SBI AMC,2026-07
INE0LEZ01016,Ather Energy Ltd.,2000000.0,25206.0,4.85,Automobiles,SIOF,SBI AMC,2026-07
INE361B01024,Divi's Laboratories Ltd.,300000.0,24168.0,4.65,Pharmaceuticals & Biotechnology,SIOF,SBI AMC,2026-07
INE0UIZ01018,BlackBuck Ltd.,4000000.0,21700.0,4.17,Transport Services,SIOF,SBI AMC,2026-07
INE0VDM01015,Meesho Ltd.,11908085.0,21695.34,4.17,Retailing,SIOF,SBI AMC,2026-07
INE684F01012,Firstsource Solutions Ltd.,7000000.0,21148.4,4.07,Commercial Services & Supplies,SIOF,SBI AMC,2026-07
INE044A01036,Sun Pharmaceutical Industries Ltd.,1000000.0,19905.0,3.83,Pharmaceuticals & Biotechnology,SIOF,SBI AMC,2026-07
INE0CAZ01013,Urban Company Ltd.,11476441.0,14849.37,2.86,Retailing,SIOF,SBI AMC,2026-07
INE663F01032,Info Edge (India) Ltd.,1200000.0,14715.0,2.83,Retailing,SIOF,SBI AMC,2026-07
INE00H001014,Swiggy Ltd.,5000000.0,14243.0,2.74,Retailing,SIOF,SBI AMC,2026-07
INE591G01025,Coforge Ltd.,800000.0,13768.0,2.65,IT - Software,SIOF,SBI AMC,2026-07
INE918I01026,Bajaj Finserv Ltd.,650000.0,13189.15,2.54,Finance,SIOF,SBI AMC,2026-07
INE152A01029,Thermax Ltd.,300000.0,12918.0,2.48,Electrical Equipment,SIOF,SBI AMC,2026-07
INE00XB01019,Sedemac Mechatronics Ltd.,454199.0,12192.52,2.34,Auto Components,SIOF,SBI AMC,2026-07
INE326A01037,Lupin Ltd.,500000.0,12075.0,2.32,Pharmaceuticals & Biotechnology,SIOF,SBI AMC,2026-07
INE419U01012,Happiest Minds Technologies Ltd.,2889935.0,10900.83,2.1,IT - Software,SIOF,SBI AMC,2026-07
INE671A01010,Honeywell Automation India Ltd.,27369.0,10442.64,2.01,Industrial Manufacturing,SIOF,SBI AMC,2026-07
INE358A01014,Abbott India Ltd.,34412.0,9566.54,1.84,Pharmaceuticals & Biotechnology,SIOF,SBI AMC,2026-07
INE121R01077,Amagi Media Labs Ltd.,1447281.0,9417.46,1.81,IT - Services,SIOF,SBI AMC,2026-07
INE536A01023,Grindwell Norton Ltd.,400000.0,8480.8,1.63,Industrial Products,SIOF,SBI AMC,2026-07
INE093A01041,Hexaware Technologies Ltd.,1502464.0,8438.59,1.62,IT - Software,SIOF,SBI AMC,2026-07
INE065X01017,Indegene Ltd.,1596490.0,8224.32,1.58,Healthcare Services,SIOF,SBI AMC,2026-07
INE0LP301011,Physicswallah Ltd.,6321778.0,7895.27,1.52,Other Consumer Services,SIOF,SBI AMC,2026-07
INE03JT01014,GO Digit General Insurance Ltd.,3029115.0,7703.04,1.48,Insurance,SIOF,SBI AMC,2026-07
INE073K01018,Sona Blw Precision Forgings Ltd.,1000000.0,7694.0,1.48,Auto Components,SIOF,SBI AMC,2026-07
INE417T01026,PB Fintech Ltd.,476698.0,7634.32,1.47,Financial Technology (Fintech),SIOF,SBI AMC,2026-07
INE15B701018,Pine Labs Ltd.,5000000.0,6948.5,1.34,Financial Technology (Fintech),SIOF,SBI AMC,2026-07
INE342G01023,NIIT Learning Systems Ltd.,2438465.0,5847.68,1.12,Other Consumer Services,SIOF,SBI AMC,2026-07
INE982J01020,One 97 Communications Ltd.,400000.0,5372.0,1.03,Financial Technology (Fintech),SIOF,SBI AMC,2026-07
INE450U01017,Route Mobile Ltd.,937524.0,5062.63,0.97,Telecom - Services,SIOF,SBI AMC,2026-07
INE0HOQ01053,Billionbrains Garage Ventures Ltd.,2366360.0,4599.49,0.88,Capital Markets,SIOF,SBI AMC,2026-07
INE00FF01025,Acutaas Chemicals Ltd.,140000.0,4346.86,0.84,Pharmaceuticals & Biotechnology,SIOF,SBI AMC,2026-07
INE985S01024,TeamLease Services Ltd.,309167.0,3817.9,0.73,Commercial Services & Supplies,SIOF,SBI AMC,2026-07
INE956O01016,Lenskart Solutions Ltd.,621896.0,3491.32,0.67,Retailing,SIOF,SBI AMC,2026-07
IN002025Z344,364 DAY T-BILL 19.11.26,500000.0,492.01,0.09,Sovereign,SIOF,SBI AMC,2026-07
INE040A01034,HDFC Bank Ltd.,598062.0,4474.4,5.72,Banks,SN500IF,SBI AMC,2026-07
INE090A01021,ICICI Bank Ltd.,279780.0,4015.96,5.13,Banks,SN500IF,SBI AMC,2026-07
INE002A01018,Reliance Industries Ltd.,263844.0,3450.55,4.41,Petroleum Products,SN500IF,SBI AMC,2026-07
INE397D01024,Bharti Airtel Ltd.,118762.0,2341.99,2.99,Telecom - Services,SN500IF,SBI AMC,2026-07
INE018A01030,Larsen & Toubro Ltd.,45712.0,1800.55,2.3,Construction,SN500IF,SBI AMC,2026-07
INE062A01020,State Bank of India,161433.0,1658.56,2.12,Banks,SN500IF,SBI AMC,2026-07
INE009A01021,Infosys Ltd.,136986.0,1548.08,1.98,IT - Software,SN500IF,SBI AMC,2026-07
INE238A01034,Axis Bank Ltd.,112163.0,1379.04,1.76,Banks,SN500IF,SBI AMC,2026-07
INE296A01032,Bajaj Finance Ltd.,104677.0,1194.57,1.53,Finance,SN500IF,SBI AMC,2026-07
INE101A01026,Mahindra & Mahindra Ltd.,34868.0,1184.99,1.51,Automobiles,SN500IF,SBI AMC,2026-07
INE237A01036,Kotak Mahindra Bank Ltd.,287545.0,1122.29,1.43,Banks,SN500IF,SBI AMC,2026-07
INE154A01025,ITC Ltd.,376480.0,1057.91,1.35,Diversified FMCG,SN500IF,SBI AMC,2026-07
INE467B01029,Tata Consultancy Services Ltd.,39874.0,943.26,1.2,IT - Software,SN500IF,SBI AMC,2026-07
INE758T01015,Eternal Ltd.,282351.0,853.97,1.09,Retailing,SN500IF,SBI AMC,2026-07
INE044A01036,Sun Pharmaceutical Industries Ltd.,41355.0,823.17,1.05,Pharmaceuticals & Biotechnology,SN500IF,SBI AMC,2026-07
INE280A01028,Titan Company Ltd.,16125.0,786.13,1.0,Consumer Durables,SN500IF,SBI AMC,2026-07
INE030A01027,Hindustan Unilever Ltd.,34649.0,728.08,0.93,Diversified FMCG,SN500IF,SBI AMC,2026-07
INE585B01010,Maruti Suzuki India Ltd.,5095.0,725.22,0.93,Automobiles,SN500IF,SBI AMC,2026-07
INE733E01010,NTPC Ltd.,185155.0,642.95,0.82,Power,SN500IF,SBI AMC,2026-07
INE081A01020,Tata Steel Ltd.,322834.0,612.38,0.78,Ferrous Metals,SN500IF,SBI AMC,2026-07
INE118H01025,BSE Ltd.,15959.0,581.9,0.74,Capital Markets,SN500IF,SBI AMC,2026-07
INE721A01047,Shriram Finance Ltd.,54696.0,572.5,0.73,Finance,SN500IF,SBI AMC,2026-07
INE860A01027,HCL Technologies Ltd.,41176.0,554.6,0.71,IT - Software,SN500IF,SBI AMC,2026-07
INE038A01020,Hindalco Industries Ltd.,56549.0,551.04,0.7,Non - Ferrous Metals,SN500IF,SBI AMC,2026-07
INE481G01011,Ultratech Cement Ltd.,4621.0,550.04,0.7,Cement & Cement Products,SN500IF,SBI AMC,2026-07
INE263A01024,Bharat Electronics Ltd.,139884.0,542.54,0.69,Aerospace & Defense,SN500IF,SBI AMC,2026-07
INE752E01010,Power Grid Corporation of India Ltd.,176865.0,502.74,0.64,Power,SN500IF,SBI AMC,2026-07
INE917I01010,Bajaj Auto Ltd.,4325.0,498.26,0.64,Automobiles,SN500IF,SBI AMC,2026-07
INE742F01042,Adani Ports and Special Economic Zone Ltd.,28813.0,488.81,0.62,Transport Infrastructure,SN500IF,SBI AMC,2026-07
INE021A01026,Asian Paints Ltd.,17662.0,485.23,0.62,Consumer Durables,SN500IF,SBI AMC,2026-07
INE019A01038,JSW Steel Ltd.,36631.0,465.21,0.59,Ferrous Metals,SN500IF,SBI AMC,2026-07
INE918I01026,Bajaj Finserv Ltd.,22610.0,458.78,0.59,Finance,SN500IF,SBI AMC,2026-07
INE646L01027,Interglobe Aviation Ltd.,8841.0,457.17,0.58,Transport Services,SN500IF,SBI AMC,2026-07
INE047A01021,Grasim Industries Ltd.,14736.0,456.93,0.58,Cement & Cement Products,SN500IF,SBI AMC,2026-07
INE239A01024,Nestle India Ltd.,28003.0,422.73,0.54,Food Products,SN500IF,SBI AMC,2026-07
INE066A01021,Eicher Motors Ltd.,5382.0,421.6,0.54,Automobiles,SN500IF,SBI AMC,2026-07
INE669C01036,Tech Mahindra Ltd.,24804.0,409.59,0.52,IT - Software,SN500IF,SBI AMC,2026-07
INE361B01024,Divi's Laboratories Ltd.,4964.0,399.9,0.51,Pharmaceuticals & Biotechnology,SN500IF,SBI AMC,2026-07
INE494B01023,TVS Motor Company Ltd.,9175.0,395.73,0.51,Automobiles,SN500IF,SBI AMC,2026-07
INE849A01020,Trent Ltd.,12996.0,390.65,0.5,Retailing,SN500IF,SBI AMC,2026-07
INE522F01014,Coal India Ltd.,93549.0,387.43,0.49,Consumable Fuels,SN500IF,SBI AMC,2026-07
INE213A01029,Oil & Natural Gas Corporation Ltd.,151710.0,367.94,0.47,Oil,SN500IF,SBI AMC,2026-07
INE437A01024,Apollo Hospitals Enterprise Ltd.,4019.0,359.98,0.46,Healthcare Services,SN500IF,SBI AMC,2026-07
INE1TAE01010,Tata Motors Ltd.,81569.0,356.29,0.46,"Agricultural, Commercial & Construction Vehicles",SN500IF,SBI AMC,2026-07
INE171A01029,The Federal Bank Ltd.,96260.0,345.43,0.44,Banks,SN500IF,SBI AMC,2026-07
INE066F01020,Hindustan Aeronautics Ltd.,7409.0,344.26,0.44,Aerospace & Defense,SN500IF,SBI AMC,2026-07
INE814H01029,Adani Power Ltd.,162055.0,342.44,0.44,Power,SN500IF,SBI AMC,2026-07
INE423A01024,Adani Enterprises Ltd.,11270.0,339.17,0.43,Metals & Minerals Trading,SN500IF,SBI AMC,2026-07
INE123W01016,SBI Life Insurance Co. Ltd.,17548.0,330.25,0.42,Insurance,SN500IF,SBI AMC,2026-07
INE758E01017,Jio Financial Services Ltd.,128144.0,328.64,0.42,Finance,SN500IF,SBI AMC,2026-07
INE059A01026,Cipla Ltd.,21976.0,323.75,0.41,Pharmaceuticals & Biotechnology,SN500IF,SBI AMC,2026-07
INE027H01010,Max Healthcare Institute Ltd.,29066.0,319.29,0.41,Healthcare Services,SN500IF,SBI AMC,2026-07
INE121A01024,Cholamandalam Investment & Finance Co. Ltd.,16896.0,312.56,0.4,Finance,SN500IF,SBI AMC,2026-07
INE685A01028,Torrent Pharmaceuticals Ltd.,5729.0,293.49,0.37,Pharmaceuticals & Biotechnology,SN500IF,SBI AMC,2026-07
INE298A01020,Cummins India Ltd.,5276.0,291.18,0.37,Industrial Products,SN500IF,SBI AMC,2026-07
INE155A01022,Tata Motors Passenger Vehicles Ltd.,81623.0,277.31,0.35,Automobiles,SN500IF,SBI AMC,2026-07
INE947Q01028,Laurus Labs Ltd.,15196.0,275.99,0.35,Pharmaceuticals & Biotechnology,SN500IF,SBI AMC,2026-07
INE192A01025,Tata Consumer Products Ltd.,25434.0,275.48,0.35,Agricultural Food & other Products,SN500IF,SBI AMC,2026-07
INE089A01031,Dr. Reddy's Laboratories Ltd.,23807.0,273.33,0.35,Pharmaceuticals & Biotechnology,SN500IF,SBI AMC,2026-07
INE158A01026,Hero MotoCorp Ltd.,5070.0,273.07,0.35,Automobiles,SN500IF,SBI AMC,2026-07
INE745G01043,Multi Commodity Exchange of India Ltd.,9964.0,268.25,0.34,Capital Markets,SN500IF,SBI AMC,2026-07
INE095A01012,IndusInd Bank Ltd.,25724.0,260.44,0.33,Banks,SN500IF,SBI AMC,2026-07
INE775A01035,Samvardhana Motherson International Ltd.,172540.0,260.1,0.33,Auto Components,SN500IF,SBI AMC,2026-07
INE053A01029,The Indian Hotels Company Ltd.,34296.0,253.29,0.32,Leisure Services,SN500IF,SBI AMC,2026-07
INE029A01011,Bharat Petroleum Corporation Ltd.,79153.0,253.09,0.32,Petroleum Products,SN500IF,SBI AMC,2026-07
INE216A01030,Britannia Industries Ltd.,4600.0,249.16,0.32,Food Products,SN500IF,SBI AMC,2026-07
INE245A01021,Tata Power Company Ltd.,65142.0,248.0,0.32,Power,SN500IF,SBI AMC,2026-07
INE192R01011,Avenue Supermarts Ltd.,6293.0,246.75,0.32,Retailing,SN500IF,SBI AMC,2026-07
INE134E01011,Power Finance Corporation Ltd.,56869.0,241.32,0.31,Finance,SN500IF,SBI AMC,2026-07
INE200M01039,Varun Beverages Ltd.,53400.0,236.19,0.3,Beverages,SN500IF,SBI AMC,2026-07
INE262H01021,Persistent Systems Ltd.,4244.0,235.5,0.3,IT - Software,SN500IF,SBI AMC,2026-07
INE591G01025,Coforge Ltd.,13592.0,233.92,0.3,IT - Software,SN500IF,SBI AMC,2026-07
INE257A01026,Bharat Heavy Electricals Ltd.,56933.0,231.72,0.3,Electrical Equipment,SN500IF,SBI AMC,2026-07
INE949L01017,AU Small Finance Bank Ltd.,22113.0,231.59,0.3,Banks,SN500IF,SBI AMC,2026-07
INE067A01029,CG Power and Industrial Solutions Ltd.,26780.0,231.22,0.3,Electrical Equipment,SN500IF,SBI AMC,2026-07
INE795G01014,HDFC Life Insurance Company Ltd.,42014.0,230.45,0.29,Insurance,SN500IF,SBI AMC,2026-07
INE326A01037,Lupin Ltd.,9485.0,229.06,0.29,Pharmaceuticals & Biotechnology,SN500IF,SBI AMC,2026-07
INE465A01025,Bharat Forge Ltd.,10410.0,229.0,0.29,Auto Components,SN500IF,SBI AMC,2026-07
INE040H01021,Suzlon Energy Ltd.,475028.0,228.06,0.29,Electrical Equipment,SN500IF,SBI AMC,2026-07
INE935N01020,Dixon Technologies (India) Ltd.,1621.0,227.73,0.29,Consumer Durables,SN500IF,SBI AMC,2026-07
INE982J01020,One 97 Communications Ltd.,16443.0,220.83,0.28,Financial Technology (Fintech),SN500IF,SBI AMC,2026-07
INE092T01019,IDFC First Bank Ltd.,259123.0,219.43,0.28,Banks,SN500IF,SBI AMC,2026-07
INE417T01026,PB Fintech Ltd.,13515.0,216.44,0.28,Financial Technology (Fintech),SN500IF,SBI AMC,2026-07
INE931S01010,Adani Energy Solutions Ltd.,12826.0,211.04,0.27,Power,SN500IF,SBI AMC,2026-07
INE200A01026,GE Vernova T&D India Ltd.,4840.0,209.25,0.27,Electrical Equipment,SN500IF,SBI AMC,2026-07
INE127D01025,HDFC Asset Management Co. Ltd.,7963.0,208.3,0.27,Capital Markets,SN500IF,SBI AMC,2026-07
INE242A01010,Indian Oil Corporation Ltd.,145922.0,204.54,0.26,Petroleum Products,SN500IF,SBI AMC,2026-07
INE121J01017,Indus Towers Ltd.,50322.0,196.81,0.25,Telecom - Services,SN500IF,SBI AMC,2026-07
INE318A01026,Pidilite Industries Ltd.,12102.0,195.01,0.25,Chemicals & Petrochemicals,SN500IF,SBI AMC,2026-07
INE075A01022,Wipro Ltd.,105770.0,194.25,0.25,IT - Software,SN500IF,SBI AMC,2026-07
INE061F01013,Fortis Healthcare Ltd.,20353.0,192.34,0.25,Healthcare Services,SN500IF,SBI AMC,2026-07
INE118A01012,Bajaj Holdings & Investment Ltd.,1691.0,191.81,0.25,Finance,SN500IF,SBI AMC,2026-07
INE129A01019,GAIL (India) Ltd.,105348.0,191.14,0.24,Gas,SN500IF,SBI AMC,2026-07
INE455K01017,Polycab India Ltd.,2088.0,190.14,0.24,Industrial Products,SN500IF,SBI AMC,2026-07
INE208A01029,Ashok Leyland Ltd.,111752.0,185.71,0.24,"Agricultural, Commercial & Construction Vehicles",SN500IF,SBI AMC,2026-07
INE663F01032,Info Edge (India) Ltd.,14953.0,183.36,0.23,Retailing,SN500IF,SBI AMC,2026-07
INE020B01018,REC Ltd.,48783.0,181.94,0.23,Finance,SN500IF,SBI AMC,2026-07
INE364U01010,Adani Green Energy Ltd.,13094.0,181.09,0.23,Power,SN500IF,SBI AMC,2026-07
INE196A01026,Marico Ltd.,20673.0,179.99,0.23,Agricultural Food & other Products,SN500IF,SBI AMC,2026-07
INE388Y01029,FSN E-Commerce Ventures Ltd.,53443.0,178.18,0.23,Retailing,SN500IF,SBI AMC,2026-07
INE028A01039,Bank of Baroda,72457.0,175.78,0.22,Banks,SN500IF,SBI AMC,2026-07
INE205A01025,Vedanta Ltd.,66229.0,175.01,0.22,Diversified Metals,SN500IF,SBI AMC,2026-07
INE343H01029,Solar Industries India Ltd.,951.0,174.9,0.22,Chemicals & Petrochemicals,SN500IF,SBI AMC,2026-07
INE854D01024,United Spirits Ltd.,11537.0,174.89,0.22,Beverages,SN500IF,SBI AMC,2026-07
INE406A01037,Aurobindo Pharma Ltd.,10810.0,170.82,0.22,Pharmaceuticals & Biotechnology,SN500IF,SBI AMC,2026-07
INE102D01028,Godrej Consumer Products Ltd.,15696.0,168.01,0.21,Personal Products,SN500IF,SBI AMC,2026-07
INE271C01023,DLF Ltd.,25054.0,165.18,0.21,Realty,SN500IF,SBI AMC,2026-07
INE476A01022,Canara Bank,131262.0,164.05,0.21,Banks,SN500IF,SBI AMC,2026-07
INE07Y701011,Hitachi Energy India Ltd.,496.0,159.59,0.2,Electrical Equipment,SN500IF,SBI AMC,2026-07
INE749A01030,Jindal Steel Ltd.,14467.0,159.48,0.2,Ferrous Metals,SN500IF,SBI AMC,2026-07
INE214T01019,LTM Ltd.,3627.0,158.21,0.2,IT - Software,SN500IF,SBI AMC,2026-07
INE00H001014,Swiggy Ltd.,55430.0,157.9,0.2,Retailing,SN500IF,SBI AMC,2026-07
INE528G01035,Yes Bank Ltd.,686003.0,156.2,0.2,Banks,SN500IF,SBI AMC,2026-07
INE180A01020,Max Financial Services Ltd.,10359.0,155.28,0.2,Insurance,SN500IF,SBI AMC,2026-07
INE765G01017,ICICI Lombard General Insurance Company Ltd.,9491.0,154.11,0.2,Insurance,SN500IF,SBI AMC,2026-07
INE160A01022,Punjab National Bank,134508.0,151.6,0.19,Banks,SN500IF,SBI AMC,2026-07
INE117A01022,ABB India Ltd.,2050.0,149.33,0.19,Electrical Equipment,SN500IF,SBI AMC,2026-07
INE647A01010,SRF Ltd.,5672.0,148.75,0.19,Chemicals & Petrochemicals,SN500IF,SBI AMC,2026-07
INE776C01039,GMR Airports Ltd.,139006.0,146.32,0.19,Transport Infrastructure,SN500IF,SBI AMC,2026-07
INE094A01015,Hindustan Petroleum Corporation Ltd.,37505.0,146.18,0.19,Petroleum Products,SN500IF,SBI AMC,2026-07
INE669E01016,Vodafone Idea Ltd.,1075226.0,139.89,0.18,Telecom - Services,SN500IF,SBI AMC,2026-07
INE323A01026,Bosch Ltd.,338.0,138.87,0.18,Auto Components,SN500IF,SBI AMC,2026-07
INE211B01039,The Phoenix Mills Ltd.,7291.0,138.04,0.18,Realty,SN500IF,SBI AMC,2026-07
INE070A01015,Shree Cement Ltd.,523.0,136.27,0.17,Cement & Cement Products,SN500IF,SBI AMC,2026-07
INE670K01029,Lodha Developers Ltd.,10834.0,134.77,0.17,Realty,SN500IF,SBI AMC,2026-07
INE073K01018,Sona Blw Precision Forgings Ltd.,17510.0,134.72,0.17,Auto Components,SN500IF,SBI AMC,2026-07
INE944F01028,Radico Khaitan Ltd.,3060.0,132.83,0.17,Beverages,SN500IF,SBI AMC,2026-07
INE121E01018,JSW Energy Ltd.,23939.0,132.78,0.17,Power,SN500IF,SBI AMC,2026-07
INE628A01036,UPL Ltd.,21902.0,132.35,0.17,Fertilizers & Agrochemicals,SN500IF,SBI AMC,2026-07
INE540L01014,Alkem Laboratories Ltd.,2285.0,131.42,0.17,Pharmaceuticals & Biotechnology,SN500IF,SBI AMC,2026-07
INE935A01035,Glenmark Pharmaceuticals Ltd.,5881.0,131.38,0.17,Pharmaceuticals & Biotechnology,SN500IF,SBI AMC,2026-07
INE414G01012,Muthoot Finance Ltd.,4188.0,130.65,0.17,Finance,SN500IF,SBI AMC,2026-07
INE674K01013,Aditya Birla Capital Ltd.,32160.0,130.02,0.17,Finance,SN500IF,SBI AMC,2026-07
INE003A01024,Siemens Ltd.,3452.0,129.8,0.17,Electrical Equipment,SN500IF,SBI AMC,2026-07
INE702C01027,APL Apollo Tubes Ltd.,7110.0,129.37,0.17,Industrial Products,SN500IF,SBI AMC,2026-07
INE692A01016,Union Bank of India,75466.0,129.23,0.17,Banks,SN500IF,SBI AMC,2026-07
INE036D01028,Karur Vysya Bank Ltd.,36893.0,126.34,0.16,Banks,SN500IF,SBI AMC,2026-07
INE660A01013,Sundaram Finance Ltd.,2690.0,125.5,0.16,Finance,SN500IF,SBI AMC,2026-07
INE176B01034,Havells India Ltd.,9842.0,124.08,0.16,Consumer Durables,SN500IF,SBI AMC,2026-07
INE139A01034,National Aluminium Company Ltd.,35023.0,122.6,0.16,Non - Ferrous Metals,SN500IF,SBI AMC,2026-07
INE0V6F01027,Hyundai Motor India Ltd.,5568.0,121.42,0.16,Automobiles,SN500IF,SBI AMC,2026-07
INE356A01018,Mphasis Ltd.,5170.0,121.1,0.15,IT - Software,SN500IF,SBI AMC,2026-07
INE878B01027,KEI Industries Ltd.,2410.0,120.48,0.15,Industrial Products,SN500IF,SBI AMC,2026-07
INE376G01013,Biocon Ltd.,27864.0,118.62,0.15,Pharmaceuticals & Biotechnology,SN500IF,SBI AMC,2026-07
INE226A01021,Voltas Ltd.,8905.0,118.34,0.15,Consumer Durables,SN500IF,SBI AMC,2026-07
INE01EA01019,Vishal Mega Mart Ltd.,108856.0,116.58,0.15,Retailing,SN500IF,SBI AMC,2026-07
INE848E01016,NHPC Ltd.,147204.0,115.89,0.15,Power,SN500IF,SBI AMC,2026-07
INE562A01011,Indian Bank,13802.0,115.45,0.15,Banks,SN500IF,SBI AMC,2026-07
INE466L01038,360 ONE WAM Ltd.,10120.0,114.89,0.15,Capital Markets,SN500IF,SBI AMC,2026-07
INE974X01010,Tube Investments of India Ltd.,4173.0,114.88,0.15,Auto Components,SN500IF,SBI AMC,2026-07
INE584A01023,NMDC Ltd.,134989.0,114.79,0.15,Minerals & Mining,SN500IF,SBI AMC,2026-07
INE1NPP01017,Siemens Energy India Ltd.,3454.0,111.59,0.14,Electrical Equipment,SN500IF,SBI AMC,2026-07
INE484J01027,Godrej Properties Ltd.,5282.0,111.22,0.14,Realty,SN500IF,SBI AMC,2026-07
INE010B01027,Zydus Lifesciences Ltd.,9771.0,110.1,0.14,Pharmaceuticals & Biotechnology,SN500IF,SBI AMC,2026-07
INE634S01028,Mankind Pharma Ltd.,4421.0,109.18,0.14,Pharmaceuticals & Biotechnology,SN500IF,SBI AMC,2026-07
INE048G01026,Navin Fluorine International Ltd.,1437.0,108.74,0.14,Chemicals & Petrochemicals,SN500IF,SBI AMC,2026-07
INE259A01022,Colgate Palmolive (India) Ltd.,5145.0,106.82,0.14,Personal Products,SN500IF,SBI AMC,2026-07
INE811K01011,Prestige Estates Projects Ltd.,6588.0,106.48,0.14,Realty,SN500IF,SBI AMC,2026-07
INE148O01028,Delhivery Ltd.,21875.0,105.43,0.13,Transport Services,SN500IF,SBI AMC,2026-07
INE079A01024,Ambuja Cements Ltd.,24349.0,105.24,0.13,Cement & Cement Products,SN500IF,SBI AMC,2026-07
INE813H01021,Torrent Power Ltd.,7426.0,104.95,0.13,Power,SN500IF,SBI AMC,2026-07
INE883A01011,MRF Ltd.,79.0,104.89,0.13,Auto Components,SN500IF,SBI AMC,2026-07
INE881D01027,Oracle Financial Services Software Ltd.,931.0,104.14,0.13,IT - Software,SN500IF,SBI AMC,2026-07
INE281B01032,Lloyds Metals And Energy Ltd.,5083.0,104.05,0.13,Minerals & Mining,SN500IF,SBI AMC,2026-07
INE498L01015,L&T Finance Ltd.,33320.0,103.71,0.13,Finance,SN500IF,SBI AMC,2026-07
INE267A01025,Hindustan Zinc Ltd.,18782.0,101.27,0.13,Non - Ferrous Metals,SN500IF,SBI AMC,2026-07
INE377N01017,Waaree Energies Ltd.,3739.0,100.21,0.13,Electrical Equipment,SN500IF,SBI AMC,2026-07
INE774D01024,Mahindra & Mahindra Financial Services Ltd.,25841.0,99.68,0.13,Finance,SN500IF,SBI AMC,2026-07
INE761H01022,Page Industries Ltd.,246.0,99.32,0.13,Textiles & Apparels,SN500IF,SBI AMC,2026-07
INE274J01014,Oil India Ltd.,21301.0,97.69,0.12,Oil,SN500IF,SBI AMC,2026-07
INE016A01026,Dabur India Ltd.,23061.0,97.19,0.12,Personal Products,SN500IF,SBI AMC,2026-07
INE169A01031,Coromandel International Ltd.,4670.0,96.84,0.12,Fertilizers & Agrochemicals,SN500IF,SBI AMC,2026-07
INE202B01038,Piramal Finance Ltd.,4703.0,96.67,0.12,Finance,SN500IF,SBI AMC,2026-07
INE114A01011,Steel Authority of India Ltd.,56461.0,95.44,0.12,Ferrous Metals,SN500IF,SBI AMC,2026-07
INE571A01038,IPCA Laboratories Ltd.,5425.0,94.82,0.12,Pharmaceuticals & Biotechnology,SN500IF,SBI AMC,2026-07
INE372A01015,Apar Industries Ltd.,660.0,94.7,0.12,Electrical Equipment,SN500IF,SBI AMC,2026-07
INE0LEZ01016,Ather Energy Ltd.,7493.0,94.43,0.12,Automobiles,SN500IF,SBI AMC,2026-07
INE736A01011,Central Depository Services (I) Ltd.,6958.0,92.75,0.12,Capital Markets,SN500IF,SBI AMC,2026-07
INE303R01014,Kalyan Jewellers India Ltd.,15007.0,91.93,0.12,Consumer Durables,SN500IF,SBI AMC,2026-07
INE976G01028,RBL Bank Ltd.,24137.0,90.63,0.12,Banks,SN500IF,SBI AMC,2026-07
INE220G01021,Jindal Stainless Ltd.,12232.0,89.88,0.11,Ferrous Metals,SN500IF,SBI AMC,2026-07
INE823G01014,JK Cement Ltd.,1635.0,89.01,0.11,Cement & Cement Products,SN500IF,SBI AMC,2026-07
INE195A01028,Supreme Industries Ltd.,2515.0,87.15,0.11,Industrial Products,SN500IF,SBI AMC,2026-07
INE603J01030,PI Industries Ltd.,3164.0,87.05,0.11,Fertilizers & Agrochemicals,SN500IF,SBI AMC,2026-07
INE472A01039,Blue Star Ltd.,5067.0,85.19,0.11,Consumer Durables,SN500IF,SBI AMC,2026-07
INE191B01025,Welspun Corp Ltd.,5118.0,84.48,0.11,Industrial Products,SN500IF,SBI AMC,2026-07
INE093I01010,Oberoi Realty Ltd.,4597.0,84.02,0.11,Realty,SN500IF,SBI AMC,2026-07
INE405E01023,UNO Minda Ltd.,7104.0,83.86,0.11,Auto Components,SN500IF,SBI AMC,2026-07
INE347G01014,Petronet LNG Ltd.,29266.0,82.16,0.1,Gas,SN500IF,SBI AMC,2026-07
INE967H01025,Krishna Institute of Medical Sciences Ltd.,10125.0,81.48,0.1,Healthcare Services,SN500IF,SBI AMC,2026-07
INE298J01013,Nippon Life India Asset Management Ltd.,7003.0,81.33,0.1,Capital Markets,SN500IF,SBI AMC,2026-07
INE914M01019,Aster DM Quality Care Ltd.,9889.0,81.3,0.1,Healthcare Services,SN500IF,SBI AMC,2026-07
INE151A01013,Tata Communications Ltd.,4586.0,80.55,0.1,Telecom - Services,SN500IF,SBI AMC,2026-07
INE302A01020,Exide Industries Ltd.,17768.0,79.92,0.1,Auto Components,SN500IF,SBI AMC,2026-07
INE522D01027,Manappuram Finance Ltd.,21436.0,79.71,0.1,Finance,SN500IF,SBI AMC,2026-07
INE726G01019,ICICI Prudential Life Insurance Company Ltd.,15450.0,79.63,0.1,Insurance,SN500IF,SBI AMC,2026-07
INE068V01023,Gland Pharma Ltd.,3112.0,77.89,0.1,Pharmaceuticals & Biotechnology,SN500IF,SBI AMC,2026-07
INE491A01021,City Union Bank Ltd.,37599.0,77.64,0.1,Banks,SN500IF,SBI AMC,2026-07
INE787D01026,Balkrishna Industries Ltd.,3138.0,77.62,0.1,Auto Components,SN500IF,SBI AMC,2026-07
INE548A01028,HFCL Ltd.,39957.0,77.48,0.1,Telecom - Services,SN500IF,SBI AMC,2026-07
INE572E01012,PNB Housing Finance Ltd.,7342.0,77.32,0.1,Finance,SN500IF,SBI AMC,2026-07
INE018E01016,SBI Cards & Payment Services Ltd.,11582.0,76.46,0.1,Finance,SN500IF,SBI AMC,2026-07
INE732I01021,Angel One Ltd.,25373.0,75.6,0.1,Capital Markets,SN500IF,SBI AMC,2026-07
INE596I01020,Computer Age Management Services Ltd.,9385.0,74.72,0.1,Capital Markets,SN500IF,SBI AMC,2026-07
INE891D01026,Redington Ltd.,23203.0,74.63,0.1,Commercial Services & Supplies,SN500IF,SBI AMC,2026-07
INE0J1Y01017,Life Insurance Corporation of India,17341.0,73.65,0.09,Insurance,SN500IF,SBI AMC,2026-07
INE956O01016,Lenskart Solutions Ltd.,13094.0,73.51,0.09,Retailing,SN500IF,SBI AMC,2026-07
INE880J01026,JSW Infrastructure Ltd.,23302.0,72.8,0.09,Transport Infrastructure,SN500IF,SBI AMC,2026-07
INE463V01026,AnandRathi Wealth Ltd.,3486.0,72.29,0.09,Capital Markets,SN500IF,SBI AMC,2026-07
INE09N301011,Gujarat Fluorochemicals Ltd.,1647.0,71.92,0.09,Chemicals & Petrochemicals,SN500IF,SBI AMC,2026-07
INE976I01016,TATA Capital Ltd.,19659.0,71.83,0.09,Finance,SN500IF,SBI AMC,2026-07
INE146L01010,Kirloskar Oil Engines Ltd.,3252.0,71.21,0.09,Industrial Products,SN500IF,SBI AMC,2026-07
INE379A01028,ITC Hotels Ltd.,43763.0,71.06,0.09,Leisure Services,SN500IF,SBI AMC,2026-07
INE570L01029,Sai Life Sciences Ltd.,5388.0,70.86,0.09,Pharmaceuticals & Biotechnology,SN500IF,SBI AMC,2026-07
INE111A01025,Container Corporation of India Ltd.,13483.0,70.85,0.09,Transport Services,SN500IF,SBI AMC,2026-07
INE249Z01020,Mazagon Dock Shipbuilders Ltd.,2967.0,70.67,0.09,Industrial Manufacturing,SN500IF,SBI AMC,2026-07
INE399L01023,Adani Total Gas Ltd.,10834.0,70.58,0.09,Gas,SN500IF,SBI AMC,2026-07
INE053F01010,Indian Railway Finance Corporation Ltd.,78559.0,70.04,0.09,Finance,SN500IF,SBI AMC,2026-07
INE212H01026,AIA Engineering Ltd.,1516.0,69.6,0.09,Industrial Products,SN500IF,SBI AMC,2026-07
INE006I01046,Astral Ltd.,4777.0,69.2,0.09,Industrial Products,SN500IF,SBI AMC,2026-07
INE019C01026,Himadri Speciality Chemical Ltd.,9173.0,68.86,0.09,Chemicals & Petrochemicals,SN500IF,SBI AMC,2026-07
INE797F01020,Jubilant Foodworks Ltd.,15287.0,67.0,0.09,Leisure Services,SN500IF,SBI AMC,2026-07
INE084A01016,Bank of India,47460.0,65.47,0.08,Banks,SN500IF,SBI AMC,2026-07
INE299U01018,Crompton Greaves Consumer Electricals Ltd.,25090.0,65.28,0.08,Consumer Durables,SN500IF,SBI AMC,2026-07
INE152A01029,Thermax Ltd.,1513.0,65.15,0.08,Electrical Equipment,SN500IF,SBI AMC,2026-07
INE511C01022,Poonawalla Fincorp Ltd.,13895.0,64.41,0.08,Finance,SN500IF,SBI AMC,2026-07
INE513A01022,Schaeffler India Ltd.,1573.0,64.17,0.08,Auto Components,SN500IF,SBI AMC,2026-07
INE794A01010,Neuland Laboratories Ltd.,336.0,63.98,0.08,Pharmaceuticals & Biotechnology,SN500IF,SBI AMC,2026-07
INE371P01015,Amber Enterprises India Ltd.,854.0,63.54,0.08,Consumer Durables,SN500IF,SBI AMC,2026-07
INE049B01025,Wockhardt Ltd.,3225.0,63.2,0.08,Pharmaceuticals & Biotechnology,SN500IF,SBI AMC,2026-07
INE457A01014,Bank of Maharashtra,79524.0,63.09,0.08,Banks,SN500IF,SBI AMC,2026-07
INE531E01026,Hindustan Copper Ltd.,12817.0,63.01,0.08,Non - Ferrous Metals,SN500IF,SBI AMC,2026-07
INE00FF01025,Acutaas Chemicals Ltd.,2025.0,62.87,0.08,Pharmaceuticals & Biotechnology,SN500IF,SBI AMC,2026-07
INE208C01025,Aegis Logistics Ltd.,4903.0,62.8,0.08,Gas,SN500IF,SBI AMC,2026-07
INE545U01014,Bandhan Bank Ltd.,35630.0,62.04,0.08,Banks,SN500IF,SBI AMC,2026-07
INE115A01026,LIC Housing Finance Ltd.,11742.0,61.42,0.08,Finance,SN500IF,SBI AMC,2026-07
INE346A01027,ICICI Prudential Asset Management Company Ltd.,1910.0,59.51,0.08,Capital Markets,SN500IF,SBI AMC,2026-07
INE324D01010,LG Electronics India Ltd.,3988.0,59.44,0.08,Consumer Durables,SN500IF,SBI AMC,2026-07
INE149A01033,Cholamandalam Financial Holdings Ltd.,3873.0,59.42,0.08,Finance,SN500IF,SBI AMC,2026-07
INE0HOQ01053,Billionbrains Garage Ventures Ltd.,30057.0,58.42,0.07,Capital Markets,SN500IF,SBI AMC,2026-07
INE600L01024,Dr. Lal Path labs Ltd.,3044.0,57.99,0.07,Healthcare Services,SN500IF,SBI AMC,2026-07
INE463A01038,Berger Paints India Ltd.,11133.0,57.94,0.07,Consumer Durables,SN500IF,SBI AMC,2026-07
INE335Y01020,Indian Railway Catering & Tourism Corporation Ltd.,11782.0,57.71,0.07,Leisure Services,SN500IF,SBI AMC,2026-07
INE220B01022,Kalpataru Projects International Ltd.,4434.0,57.18,0.07,Construction,SN500IF,SBI AMC,2026-07
INE031B01049,Ajanta Pharma Ltd.,1645.0,57.0,0.07,Pharmaceuticals & Biotechnology,SN500IF,SBI AMC,2026-07
INE756I01012,HDB Financial Services Ltd.,8287.0,56.88,0.07,Finance,SN500IF,SBI AMC,2026-07
INE358A01014,Abbott India Ltd.,203.0,56.43,0.07,Pharmaceuticals & Biotechnology,SN500IF,SBI AMC,2026-07
INE00LO01017,Craftsman Automation Ltd.,570.0,56.28,0.07,Auto Components,SN500IF,SBI AMC,2026-07
INE00R701025,Dalmia Bharat Ltd.,3105.0,55.88,0.07,Cement & Cement Products,SN500IF,SBI AMC,2026-07
INE206F01022,Authum Investment & Infrastructure Ltd.,10338.0,55.75,0.07,Finance,SN500IF,SBI AMC,2026-07
INE473A01011,Linde India Ltd.,822.0,55.44,0.07,Chemicals & Petrochemicals,SN500IF,SBI AMC,2026-07
INE481Y01014,General Insurance Corporation of India,15512.0,55.32,0.07,Insurance,SN500IF,SBI AMC,2026-07
INE530B01024,IIFL Finance Ltd.,9083.0,55.28,0.07,Finance,SN500IF,SBI AMC,2026-07
INE575P01011,Star Health & Allied Insurance Co. Ltd.,9162.0,55.06,0.07,Insurance,SN500IF,SBI AMC,2026-07
INE410P01011,Narayana Hrudayalaya Ltd.,2699.0,54.77,0.07,Healthcare Services,SN500IF,SBI AMC,2026-07
INE531F01023,Nuvama Wealth Management Ltd.,3019.0,54.46,0.07,Capital Markets,SN500IF,SBI AMC,2026-07
INE438A01022,Apollo Tyres Ltd.,12605.0,53.97,0.07,Auto Components,SN500IF,SBI AMC,2026-07
INE017A01032,The Great Eastern Shipping Co. Ltd.,3871.0,52.27,0.07,Transport Services,SN500IF,SBI AMC,2026-07
INE338I01027,Motilal Oswal Financial Services Ltd.,6109.0,52.05,0.07,Capital Markets,SN500IF,SBI AMC,2026-07
INE0IX101010,Data Patterns (India) Ltd.,1177.0,50.39,0.06,Aerospace & Defense,SN500IF,SBI AMC,2026-07
INE142M01025,Tata Technologies Ltd.,6708.0,50.15,0.06,IT - Services,SN500IF,SBI AMC,2026-07
INE415G01027,Rail Vikas Nigam Ltd.,22170.0,49.99,0.06,Construction,SN500IF,SBI AMC,2026-07
INE013P01021,Onesource Specialty Pharma Ltd.,3071.0,49.74,0.06,Pharmaceuticals & Biotechnology,SN500IF,SBI AMC,2026-07
INE670A01012,Tata Elxsi Ltd.,1344.0,49.36,0.06,IT - Software,SN500IF,SBI AMC,2026-07
INE138Y01010,Kfin Technologies Ltd.,5222.0,48.98,0.06,Capital Markets,SN500IF,SBI AMC,2026-07
INE148I01020,Sammaan Capital Ltd.,29991.0,48.71,0.06,Finance,SN500IF,SBI AMC,2026-07
INE120A01034,Carborundum Universal Ltd.,4511.0,47.99,0.06,Industrial Products,SN500IF,SBI AMC,2026-07
INE619A01035,Patanjali Foods Ltd.,13530.0,47.98,0.06,Agricultural Food & other Products,SN500IF,SBI AMC,2026-07
INE285A01027,Elgi Equipments Ltd.,8391.0,47.8,0.06,Industrial Products,SN500IF,SBI AMC,2026-07
INE0DK501011,Piramal Pharma Ltd.,24291.0,47.52,0.06,Pharmaceuticals & Biotechnology,SN500IF,SBI AMC,2026-07
INE0BS701011,Premier Energies Ltd,4630.0,47.33,0.06,Electrical Equipment,SN500IF,SBI AMC,2026-07
INE343G01021,Bharti Hexacom Ltd.,2938.0,47.23,0.06,Telecom - Services,SN500IF,SBI AMC,2026-07
INE704P01025,Cochin Shipyard Ltd.,3306.0,47.04,0.06,Industrial Manufacturing,SN500IF,SBI AMC,2026-07
INE474Q01031,Global Health Ltd.,3344.0,47.0,0.06,Healthcare Services,SN500IF,SBI AMC,2026-07
INE101D01020,Granules India Ltd.,5667.0,46.73,0.06,Pharmaceuticals & Biotechnology,SN500IF,SBI AMC,2026-07
INE918Z01012,Kaynes Technology India Ltd.,1222.0,46.49,0.06,Industrial Manufacturing,SN500IF,SBI AMC,2026-07
INE930H01031,K.P.R. Mill Ltd.,4344.0,45.6,0.06,Textiles & Apparels,SN500IF,SBI AMC,2026-07
INE331A01037,The Ramco Cements Ltd.,4937.0,45.33,0.06,Cement & Cement Products,SN500IF,SBI AMC,2026-07
INE171Z01026,Bharat Dynamics Ltd.,3599.0,45.1,0.06,Aerospace & Defense,SN500IF,SBI AMC,2026-07
INE290S01011,CarTrade Tech Ltd.,1656.0,45.04,0.06,Retailing,SN500IF,SBI AMC,2026-07
INE481N01025,Home First Finance Company India Ltd.,3768.0,44.8,0.06,Finance,SN500IF,SBI AMC,2026-07
INE288B01029,Deepak Nitrite Ltd.,2681.0,44.56,0.06,Chemicals & Petrochemicals,SN500IF,SBI AMC,2026-07
INE325A01013,Timken India Ltd.,1402.0,44.1,0.06,Industrial Products,SN500IF,SBI AMC,2026-07
INE885A01032,Amara Raja Energy & Mobility Ltd.,4783.0,43.55,0.06,Auto Components,SN500IF,SBI AMC,2026-07
INE159A01016,Glaxosmithkline Pharmaceuticals Ltd.,1617.0,42.94,0.05,Pharmaceuticals & Biotechnology,SN500IF,SBI AMC,2026-07
INE342J01019,ZF Commercial Vehicle Control Systems India Ltd.,1771.0,42.82,0.05,Auto Components,SN500IF,SBI AMC,2026-07
INE589A01014,NLC India Ltd.,14221.0,42.36,0.05,Power,SN500IF,SBI AMC,2026-07
INE791I01019,Brigade Enterprises Ltd.,7239.0,42.0,0.05,Realty,SN500IF,SBI AMC,2026-07
INE100A01010,Atul Ltd.,622.0,41.9,0.05,Chemicals & Petrochemicals,SN500IF,SBI AMC,2026-07
INE596F01018,PTC Industries Ltd.,236.0,41.86,0.05,Industrial Products,SN500IF,SBI AMC,2026-07
INE203G01027,Indraprastha Gas Ltd.,27395.0,41.63,0.05,Gas,SN500IF,SBI AMC,2026-07
INE0DYJ01015,Syrma SGS Technology Ltd.,3041.0,41.56,0.05,Industrial Manufacturing,SN500IF,SBI AMC,2026-07
INE007A01025,CRISIL Ltd.,952.0,41.51,0.05,Finance,SN500IF,SBI AMC,2026-07
INE439A01020,Asahi India Glass Ltd.,4735.0,41.5,0.05,Auto Components,SN500IF,SBI AMC,2026-07
INE128S01021,Five Star Business Finance Ltd.,7565.0,41.45,0.05,Finance,SN500IF,SBI AMC,2026-07
INE092A01019,Tata Chemicals Ltd.,6112.0,41.17,0.05,Chemicals & Petrochemicals,SN500IF,SBI AMC,2026-07
INE699H01024,AWL Agri Business Ltd.,21689.0,41.09,0.05,Agricultural Food & other Products,SN500IF,SBI AMC,2026-07
INE256A01028,Zee Entertainment Enterprises Ltd.,35858.0,41.08,0.05,Entertainment,SN500IF,SBI AMC,2026-07
INE022Q01020,Indian Energy Exchange Ltd.,31040.0,41.05,0.05,Capital Markets,SN500IF,SBI AMC,2026-07
INE486A01021,CESC Ltd.,24625.0,40.77,0.05,Power,SN500IF,SBI AMC,2026-07
INE501A01019,Deepak Fertilizers and Petrochemicals Corporation Ltd.,2618.0,40.65,0.05,Chemicals & Petrochemicals,SN500IF,SBI AMC,2026-07
INE0FS801015,Motherson Sumi Wiring India Ltd.,99290.0,40.32,0.05,Auto Components,SN500IF,SBI AMC,2026-07
INE042A01014,Escorts Kubota Ltd.,1297.0,40.03,0.05,"Agricultural, Commercial & Construction Vehicles",SN500IF,SBI AMC,2026-07
INE686F01025,United Breweries Ltd.,2821.0,40.02,0.05,Beverages,SN500IF,SBI AMC,2026-07
INE0VDM01015,Meesho Ltd.,21752.0,39.63,0.05,Retailing,SN500IF,SBI AMC,2026-07
INE769A01020,Aarti Industries Ltd.,8036.0,39.3,0.05,Chemicals & Petrochemicals,SN500IF,SBI AMC,2026-07
INE00WC01027,AFFLE 3I Ltd.,2472.0,39.21,0.05,IT - Services,SN500IF,SBI AMC,2026-07
INE0W2G01015,Sagility Ltd.,89930.0,39.03,0.05,IT - Services,SN500IF,SBI AMC,2026-07
INE217B01036,Kajaria Ceramics Ltd.,3234.0,38.75,0.05,Consumer Durables,SN500IF,SBI AMC,2026-07
INE457L01029,PG Electroplast Ltd.,6305.0,38.67,0.05,Consumer Durables,SN500IF,SBI AMC,2026-07
INE095N01031,NBCC (India) Ltd.,40439.0,38.34,0.05,Construction,SN500IF,SBI AMC,2026-07
INE010V01017,L&T Technology Services Ltd.,1078.0,38.33,0.05,IT - Services,SN500IF,SBI AMC,2026-07
INE04I401011,KPIT Technologies Ltd.,6405.0,38.33,0.05,IT - Software,SN500IF,SBI AMC,2026-07
INE031A01017,Housing and Urban Development Corporation Ltd.,19600.0,38.24,0.05,Finance,SN500IF,SBI AMC,2026-07
INE470A01017,3M India Ltd.,110.0,38.08,0.05,Diversified,SN500IF,SBI AMC,2026-07
INE913H01037,Endurance Technologies Ltd.,1377.0,37.98,0.05,Auto Components,SN500IF,SBI AMC,2026-07
INE684F01012,Firstsource Solutions Ltd.,12375.0,37.39,0.05,Commercial Services & Supplies,SN500IF,SBI AMC,2026-07
INE242C01024,Anant Raj Ltd.,5960.0,37.22,0.05,Realty,SN500IF,SBI AMC,2026-07
INE377Y01014,Bajaj Housing Finance Ltd.,43243.0,37.2,0.05,Finance,SN500IF,SBI AMC,2026-07
INE202E01016,Indian Renewable Energy Development Agency Ltd.,31072.0,37.16,0.05,Finance,SN500IF,SBI AMC,2026-07
INE115Q01022,Inventurus Knowledge Solutions Ltd.,2005.0,37.07,0.05,IT - Services,SN500IF,SBI AMC,2026-07
INE852O01025,Aptus Value Housing Finance India Ltd.,13833.0,36.13,0.05,Finance,SN500IF,SBI AMC,2026-07
INE819V01029,Aditya Infotech Ltd.,1056.0,35.81,0.05,Industrial Manufacturing,SN500IF,SBI AMC,2026-07
INE228A01035,Usha Martin Ltd.,7115.0,35.29,0.05,Industrial Products,SN500IF,SBI AMC,2026-07
INE180C01042,Capri Global Capital Ltd.,15096.0,35.08,0.04,Finance,SN500IF,SBI AMC,2026-07
INE894V01022,Belrise Industries Ltd.,14717.0,34.84,0.04,Auto Components,SN500IF,SBI AMC,2026-07
INE351F01018,Jaiprakash Power Ventures Ltd.,190140.0,34.78,0.04,Power,SN500IF,SBI AMC,2026-07
INE672A01026,Tata Investment Corporation Ltd.,5097.0,34.63,0.04,Finance,SN500IF,SBI AMC,2026-07
INE172A01027,Castrol India Ltd.,18686.0,34.61,0.04,Petroleum Products,SN500IF,SBI AMC,2026-07
INE0LXG01040,Ola Electric Mobility Ltd.,88116.0,34.07,0.04,Automobiles,SN500IF,SBI AMC,2026-07
INE260B01028,Godfrey Phillips India Ltd.,1595.0,34.03,0.04,Cigarettes & Tobacco Products,SN500IF,SBI AMC,2026-07
INE741K01010,CreditAccess Grameen Ltd.,2117.0,33.72,0.04,Finance,SN500IF,SBI AMC,2026-07
INE451A01017,Force Motors Ltd.,188.0,33.66,0.04,Automobiles,SN500IF,SBI AMC,2026-07
INE777K01022,R R Kabel Ltd.,1285.0,33.45,0.04,Industrial Products,SN500IF,SBI AMC,2026-07
INE0NT901020,Netweb Technologies India Ltd.,736.0,33.3,0.04,IT - Services,SN500IF,SBI AMC,2026-07
INE671A01010,Honeywell Automation India Ltd.,86.0,32.81,0.04,Industrial Manufacturing,SN500IF,SBI AMC,2026-07
INE0ONG01011,NTPC Green Energy Ltd.,36279.0,32.66,0.04,Power,SN500IF,SBI AMC,2026-07
INE093A01041,Hexaware Technologies Ltd.,5794.0,32.54,0.04,IT - Software,SN500IF,SBI AMC,2026-07
INE987B01026,Natco Pharma Ltd.,3509.0,32.18,0.04,Pharmaceuticals & Biotechnology,SN500IF,SBI AMC,2026-07
INE421D01022,CCL Products (India) Ltd.,2758.0,31.86,0.04,Agricultural Food & other Products,SN500IF,SBI AMC,2026-07
INE012A01025,ACC Ltd.,2342.0,31.79,0.04,Cement & Cement Products,SN500IF,SBI AMC,2026-07
INE292B01021,HBL Engineering Ltd.,4401.0,31.63,0.04,Industrial Products,SN500IF,SBI AMC,2026-07
INE191H01014,PVR Inox Ltd.,2786.0,31.5,0.04,Entertainment,SN500IF,SBI AMC,2026-07
INE839M01018,Schneider Electric Infrastructure Ltd.,2285.0,30.97,0.04,Electrical Equipment,SN500IF,SBI AMC,2026-07
INE821I01022,IRB Infrastructure Developers Ltd.,153193.0,30.64,0.04,Construction,SN500IF,SBI AMC,2026-07
INE548C01032,Emami Ltd.,7694.0,30.63,0.04,Personal Products,SN500IF,SBI AMC,2026-07
INE126A01031,E.I.D-Parry (India) Ltd.,4017.0,30.53,0.04,Food Products,SN500IF,SBI AMC,2026-07
INE725A01030,Nava Ltd.,5416.0,29.97,0.04,Power,SN500IF,SBI AMC,2026-07
INE382Z01011,Garden Reach Shipbuilders & Engineers Ltd.,1144.0,29.76,0.04,Aerospace & Defense,SN500IF,SBI AMC,2026-07
INE961O01016,Rainbow Children's Medicare Ltd.,1947.0,29.7,0.04,Healthcare Services,SN500IF,SBI AMC,2026-07
INE686A01026,Cemindia Projects Ltd.,2171.0,29.69,0.04,Construction,SN500IF,SBI AMC,2026-07
INE066P01011,Inox Wind Ltd.,37659.0,29.43,0.04,Electrical Equipment,SN500IF,SBI AMC,2026-07
INE738I01010,eClerx Services Ltd.,1594.0,29.42,0.04,Commercial Services & Supplies,SN500IF,SBI AMC,2026-07
INE700A01033,Jubilant Pharmova Ltd.,3145.0,29.41,0.04,Pharmaceuticals & Biotechnology,SN500IF,SBI AMC,2026-07
INE251B01027,Zen Technologies Ltd.,1801.0,29.25,0.04,Aerospace & Defense,SN500IF,SBI AMC,2026-07
INE235A01022,Finolex Cables Ltd.,2957.0,29.2,0.04,Industrial Products,SN500IF,SBI AMC,2026-07
INE055A01016,Aditya Birla Real Estate Ltd.,2045.0,29.0,0.04,Realty,SN500IF,SBI AMC,2026-07
INE524A01029,Gabriel India Ltd.,2006.0,28.92,0.04,Auto Components,SN500IF,SBI AMC,2026-07
INE404A01024,Aditya Birla Sun Life Amc Ltd.,2848.0,28.82,0.04,Capital Markets,SN500IF,SBI AMC,2026-07
INE398R01022,Syngene International Ltd.,7425.0,28.65,0.04,Healthcare Services,SN500IF,SBI AMC,2026-07
INE406M01024,Eris Lifesciences Ltd.,2110.0,28.58,0.04,Pharmaceuticals & Biotechnology,SN500IF,SBI AMC,2026-07
INE182A01018,Pfizer Ltd.,592.0,28.56,0.04,Pharmaceuticals & Biotechnology,SN500IF,SBI AMC,2026-07
INE622W01025,Acme Solar Holdings Ltd.,7871.0,28.54,0.04,Power,SN500IF,SBI AMC,2026-07
INE810G01011,Shyam Metalics and Energy Ltd.,2746.0,28.32,0.04,Industrial Products,SN500IF,SBI AMC,2026-07
INE0CZ201020,Anthem Biosciences Ltd.,3476.0,28.13,0.04,Pharmaceuticals & Biotechnology,SN500IF,SBI AMC,2026-07
INE136B01020,Cyient Ltd.,3309.0,28.05,0.04,IT - Services,SN500IF,SBI AMC,2026-07
INE482A01020,CEAT Ltd.,817.0,28.02,0.04,Auto Components,SN500IF,SBI AMC,2026-07
INE152M01016,Triveni Turbine Ltd.,4569.0,27.49,0.04,Electrical Equipment,SN500IF,SBI AMC,2026-07
INE102B01014,Choice International Ltd.,3327.0,27.38,0.03,Finance,SN500IF,SBI AMC,2026-07
INE168A01041,The Jammu & Kashmir Bank Ltd.,17418.0,27.17,0.03,Banks,SN500IF,SBI AMC,2026-07
INE477A01020,Can Fin Homes Ltd.,3291.0,27.01,0.03,Finance,SN500IF,SBI AMC,2026-07
INE03QK01018,Cohance Lifesciences Ltd.,6354.0,27.01,0.03,Pharmaceuticals & Biotechnology,SN500IF,SBI AMC,2026-07
INE980O01024,Jyoti CNC Automation Ltd.,3329.0,26.92,0.03,Industrial Manufacturing,SN500IF,SBI AMC,2026-07
INE614G01033,Reliance Power Ltd.,113289.0,26.52,0.03,Power,SN500IF,SBI AMC,2026-07
INE0LP301011,Physicswallah Ltd.,21131.0,26.39,0.03,Other Consumer Services,SN500IF,SBI AMC,2026-07
INE168P01015,Emcure Pharmaceuticals Ltd.,1343.0,26.32,0.03,Pharmaceuticals & Biotechnology,SN500IF,SBI AMC,2026-07
INE399G01023,Ramkrishna Forgings Ltd.,4022.0,26.19,0.03,Auto Components,SN500IF,SBI AMC,2026-07
INE258A01024,BEML Ltd.,1493.0,26.13,0.03,"Agricultural, Commercial & Construction Vehicles",SN500IF,SBI AMC,2026-07
INE615H01020,Titagarh Rail Systems Ltd.,3128.0,25.81,0.03,Industrial Manufacturing,SN500IF,SBI AMC,2026-07
INE043W01024,Vijaya Diagnostic Centre Ltd.,1914.0,25.73,0.03,Healthcare Services,SN500IF,SBI AMC,2026-07
INE085A01013,Chambal Fertilisers and Chemicals Ltd.,5810.0,25.5,0.03,Fertilizers & Agrochemicals,SN500IF,SBI AMC,2026-07
INE205C01021,Polymedicure Ltd.,1491.0,25.38,0.03,Healthcare Equipment & Supplies,SN500IF,SBI AMC,2026-07
INE306R01017,Intellect Design Arena Ltd.,3520.0,25.34,0.03,IT - Software,SN500IF,SBI AMC,2026-07
INE230A01023,EIH Ltd.,7738.0,25.3,0.03,Leisure Services,SN500IF,SBI AMC,2026-07
INE002S01010,Mahanagar Gas Ltd.,2224.0,24.92,0.03,Gas,SN500IF,SBI AMC,2026-07
INE119A01028,Balrampur Chini Mills Ltd.,4250.0,24.91,0.03,Agricultural Food & other Products,SN500IF,SBI AMC,2026-07
INE088F01024,Paradeep Phosphates Ltd.,16875.0,24.86,0.03,Fertilizers & Agrochemicals,SN500IF,SBI AMC,2026-07
INE258G01013,Sumitomo Chemical India Ltd.,4795.0,24.47,0.03,Fertilizers & Agrochemicals,SN500IF,SBI AMC,2026-07
INE269A01021,Sonata Software Ltd.,7585.0,24.46,0.03,IT - Software,SN500IF,SBI AMC,2026-07
INE322A01010,Gillette India Ltd.,317.0,24.17,0.03,Personal Products,SN500IF,SBI AMC,2026-07
INE0BY001018,Jubilant Ingrevia Ltd.,3275.0,24.09,0.03,Chemicals & Petrochemicals,SN500IF,SBI AMC,2026-07
INE0J5401028,Honasa Consumer Ltd.,5319.0,23.91,0.03,Personal Products,SN500IF,SBI AMC,2026-07
INE03JT01014,GO Digit General Insurance Ltd.,9401.0,23.91,0.03,Insurance,SN500IF,SBI AMC,2026-07
INE716A01013,Whirlpool of India Ltd.,2977.0,23.9,0.03,Consumer Durables,SN500IF,SBI AMC,2026-07
INE671H01015,Sobha Ltd.,1739.0,23.86,0.03,Realty,SN500IF,SBI AMC,2026-07
INE510A01028,Engineers India Ltd.,10697.0,23.79,0.03,Construction,SN500IF,SBI AMC,2026-07
INE389H01022,KEC International Ltd.,5066.0,23.76,0.03,Construction,SN500IF,SBI AMC,2026-07
INE178A01016,Chennai Petroleum Corporation Ltd.,1879.0,23.69,0.03,Petroleum Products,SN500IF,SBI AMC,2026-07
INE324A01032,Jindal Saw Ltd.,9095.0,23.37,0.03,Industrial Products,SN500IF,SBI AMC,2026-07
INE177H01039,Godawari Power & Ispat Ltd.,9591.0,23.25,0.03,Industrial Products,SN500IF,SBI AMC,2026-07
INE825A01020,Vardhman Textiles Ltd.,3903.0,22.86,0.03,Textiles & Apparels,SN500IF,SBI AMC,2026-07
INE427F01016,Chalet Hotels Ltd.,2790.0,22.64,0.03,Leisure Services,SN500IF,SBI AMC,2026-07
INE520A01027,Zensar Technologies Ltd.,4450.0,22.6,0.03,IT - Software,SN500IF,SBI AMC,2026-07
INE868B01028,NCC Ltd.,15801.0,22.29,0.03,Construction,SN500IF,SBI AMC,2026-07
INE233A01035,Godrej Industries Ltd.,1686.0,22.21,0.03,Diversified,SN500IF,SBI AMC,2026-07
INE818H01020,LT Foods Ltd.,5374.0,22.05,0.03,Agricultural Food & other Products,SN500IF,SBI AMC,2026-07
INE842C01021,Minda Corporation Ltd.,3139.0,22.0,0.03,Auto Components,SN500IF,SBI AMC,2026-07
INE602A01031,PCBL Chemical Ltd.,6853.0,21.79,0.03,Chemicals & Petrochemicals,SN500IF,SBI AMC,2026-07
INE768C01028,Zydus Wellness Ltd.,3758.0,21.7,0.03,Food Products,SN500IF,SBI AMC,2026-07
INE933S01016,Indiamart Intermesh Ltd.,1197.0,21.54,0.03,Retailing,SN500IF,SBI AMC,2026-07
INE14LE01019,Aditya Birla Lifestyle Brands Ltd.,22677.0,21.47,0.03,Retailing,SN500IF,SBI AMC,2026-07
INE545A01024,HEG Ltd.,3246.0,21.33,0.03,Industrial Products,SN500IF,SBI AMC,2026-07
INE970X01018,Lemon Tree Hotels Ltd.,19398.0,21.2,0.03,Leisure Services,SN500IF,SBI AMC,2026-07
INE216P01012,Aavas Financiers Ltd.,1557.0,21.17,0.03,Finance,SN500IF,SBI AMC,2026-07
INE260D01016,Olectra Greentech Ltd.,1599.0,21.17,0.03,Automobiles,SN500IF,SBI AMC,2026-07
INE462A01022,Bayer Cropscience Ltd.,497.0,21.04,0.03,Fertilizers & Agrochemicals,SN500IF,SBI AMC,2026-07
INE995S01015,Niva Bupa Health Insurance Company Ltd.,24165.0,21.03,0.03,Insurance,SN500IF,SBI AMC,2026-07
INE883F01010,Aadhar Housing Finance Ltd.,4202.0,20.87,0.03,Finance,SN500IF,SBI AMC,2026-07
INE065X01017,Indegene Ltd.,4039.0,20.81,0.03,Healthcare Services,SN500IF,SBI AMC,2026-07
INE483A01010,Central Bank of India,66680.0,20.65,0.03,Banks,SN500IF,SBI AMC,2026-07
INE673O01025,TBO Tek Ltd.,1342.0,20.55,0.03,Leisure Services,SN500IF,SBI AMC,2026-07
INE536H01010,CIE Automotive India Ltd.,4981.0,20.35,0.03,Auto Components,SN500IF,SBI AMC,2026-07
INE188A01015,Fertilisers And Chemicals Travancore Ltd.,2433.0,20.11,0.03,Fertilizers & Agrochemicals,SN500IF,SBI AMC,2026-07
INE024L01027,Gravita India Ltd.,1236.0,19.98,0.03,Minerals & Mining,SN500IF,SBI AMC,2026-07
INE039A01010,IFCI Ltd.,26007.0,19.91,0.03,Finance,SN500IF,SBI AMC,2026-07
INE133A01011,JSW Dulux Ltd.,674.0,19.81,0.03,Consumer Durables,SN500IF,SBI AMC,2026-07
INE424H01027,Sun TV Network Ltd.,3859.0,19.63,0.03,Entertainment,SN500IF,SBI AMC,2026-07
INE475E01026,Caplin Point Laboratories Ltd.,779.0,19.61,0.03,Pharmaceuticals & Biotechnology,SN500IF,SBI AMC,2026-07
INE836A01035,Birlasoft Ltd.,6478.0,19.59,0.03,IT - Software,SN500IF,SBI AMC,2026-07
INE573A01042,JK Tyre & Industries Ltd.,4885.0,19.53,0.02,Auto Components,SN500IF,SBI AMC,2026-07
INE192B01031,Welspun Living Ltd.,12416.0,19.36,0.02,Textiles & Apparels,SN500IF,SBI AMC,2026-07
INE0NNS01018,NMDC Steel Ltd.,44995.0,19.36,0.02,Ferrous Metals,SN500IF,SBI AMC,2026-07
INE565A01014,Indian Overseas Bank,57027.0,19.33,0.02,Banks,SN500IF,SBI AMC,2026-07
INE109A01011,Shipping Corporation of India Ltd.,6604.0,19.25,0.02,Transport Services,SN500IF,SBI AMC,2026-07
INE285K01026,Techno Electric & Engineering Company Ltd.,1959.0,19.2,0.02,Construction,SN500IF,SBI AMC,2026-07
INE002L01015,SJVN Ltd.,27935.0,19.17,0.02,Power,SN500IF,SBI AMC,2026-07
INE19RI01016,Tenneco Clean Air India Ltd.,3551.0,19.1,0.02,Auto Components,SN500IF,SBI AMC,2026-07
INE872J01023,Devyani International Ltd.,16631.0,18.99,0.02,Leisure Services,SN500IF,SBI AMC,2026-07
INE02RE01045,Brainbees Solutions Ltd.,8816.0,18.71,0.02,Retailing,SN500IF,SBI AMC,2026-07
INE385C01021,Sarda Energy & Minerals Ltd.,3590.0,18.55,0.02,Ferrous Metals,SN500IF,SBI AMC,2026-07
INE338H01029,Concord Biotech Ltd.,1294.0,18.39,0.02,Pharmaceuticals & Biotechnology,SN500IF,SBI AMC,2026-07
INE780C01023,JM Financial Ltd.,15036.0,18.37,0.02,Finance,SN500IF,SBI AMC,2026-07
INE008A01015,IDBI Bank Ltd.,21898.0,18.34,0.02,Banks,SN500IF,SBI AMC,2026-07
INE131A01031,Gujarat Mineral Development Corporation Ltd.,3232.0,18.24,0.02,Minerals & Mining,SN500IF,SBI AMC,2026-07
INE663A01033,Supreme Petrochem Ltd.,2463.0,17.56,0.02,Chemicals & Petrochemicals,SN500IF,SBI AMC,2026-07
INE176A01028,Bata India Ltd.,2493.0,17.36,0.02,Consumer Durables,SN500IF,SBI AMC,2026-07
INE731H01025,Action Construction Equipment Ltd.,1608.0,17.21,0.02,"Agricultural, Commercial & Construction Vehicles",SN500IF,SBI AMC,2026-07
INE806T01020,Sapphire Foods India Ltd.,9243.0,17.11,0.02,Leisure Services,SN500IF,SBI AMC,2026-07
INE371A01025,Graphite India Ltd.,2605.0,17.1,0.02,Industrial Products,SN500IF,SBI AMC,2026-07
INE0CAZ01013,Urban Company Ltd.,13173.0,17.04,0.02,Retailing,SN500IF,SBI AMC,2026-07
INE665A01038,Swan Corp Ltd.,5448.0,16.77,0.02,Chemicals & Petrochemicals,SN500IF,SBI AMC,2026-07
INE1C6T01020,Emmvee Photovoltaic Power Ltd.,5234.0,16.62,0.02,Electrical Equipment,SN500IF,SBI AMC,2026-07
INE101I01011,Afcons Infrastructure Ltd.,6105.0,16.55,0.02,Construction,SN500IF,SBI AMC,2026-07
INE010J01012,Tejas Networks Ltd.,3223.0,16.53,0.02,Telecom - Equipment & Accessories,SN500IF,SBI AMC,2026-07
INE00E101023,Bikaji Foods International Ltd.,2562.0,16.44,0.02,Food Products,SN500IF,SBI AMC,2026-07
INE0INX01018,Aegis Vopak Terminals Ltd.,5635.0,16.35,0.02,Oil,SN500IF,SBI AMC,2026-07
INE470Y01017,The New India Assurance Co. Ltd.,9399.0,16.32,0.02,Insurance,SN500IF,SBI AMC,2026-07
INE962Y01021,Ircon International Ltd.,12726.0,16.03,0.02,Construction,SN500IF,SBI AMC,2026-07
INE499A01024,DCM Shriram Ltd.,1547.0,15.99,0.02,Diversified,SN500IF,SBI AMC,2026-07
INE321T01012,Doms Industries Ltd.,704.0,15.91,0.02,Household Products,SN500IF,SBI AMC,2026-07
INE0AQ201015,Leela Palaces Hotels & Resorts Ltd.,3151.0,15.58,0.02,Leisure Services,SN500IF,SBI AMC,2026-07
INE094J01016,UTI Asset Management Co. Ltd.,1644.0,14.85,0.02,Capital Markets,SN500IF,SBI AMC,2026-07
INE979A01025,SAREGAMA India Ltd.,2822.0,14.75,0.02,Entertainment,SN500IF,SBI AMC,2026-07
INE423Y01016,SBFC Finance Ltd.,16092.0,14.55,0.02,Finance,SN500IF,SBI AMC,2026-07
INE205B01031,Elecon Engineering Company Ltd.,3433.0,14.39,0.02,Electrical Equipment,SN500IF,SBI AMC,2026-07
INE930P01018,Anupam Rasayan India Ltd.,1183.0,14.29,0.02,Chemicals & Petrochemicals,SN500IF,SBI AMC,2026-07
INE0Q9301021,International Gemological Institute Ltd.,3968.0,14.02,0.02,Commercial Services & Supplies,SN500IF,SBI AMC,2026-07
INE619B01017,Newgen Software Technologies Ltd.,2496.0,13.87,0.02,IT - Software,SN500IF,SBI AMC,2026-07
INE718I01012,JSW Cement Ltd.,10417.0,13.87,0.02,Cement & Cement Products,SN500IF,SBI AMC,2026-07
INE647O01011,Aditya Birla Fashion and Retail Ltd.,22987.0,13.85,0.02,Retailing,SN500IF,SBI AMC,2026-07
INE209L01016,Jupiter Wagons Ltd.,5304.0,13.75,0.02,Industrial Manufacturing,SN500IF,SBI AMC,2026-07
INE227W01023,Clean Science & Technology Ltd.,1864.0,13.68,0.02,Chemicals & Petrochemicals,SN500IF,SBI AMC,2026-07
INE118D01016,Nuvoco Vistas Corporation Ltd.,3914.0,13.49,0.02,Cement & Cement Products,SN500IF,SBI AMC,2026-07
INE01TY01017,Canara HSBC Life Insurance Co.Ltd.,9203.0,13.48,0.02,Insurance,SN500IF,SBI AMC,2026-07
INE552Z01027,Allied Blenders And Distillers Ltd.,2091.0,12.95,0.02,Beverages,SN500IF,SBI AMC,2026-07
INE903U01023,Signatureglobal (India) Ltd.,1530.0,12.55,0.02,Realty,SN500IF,SBI AMC,2026-07
INE0KBH01020,Blue Jet Healthcare Ltd.,1991.0,12.47,0.02,Pharmaceuticals & Biotechnology,SN500IF,SBI AMC,2026-07
INE763I01026,Transformers & Rectifiers (India) Ltd.,4184.0,12.41,0.02,Electrical Equipment,SN500IF,SBI AMC,2026-07
INE064C01022,Trident Ltd.,48806.0,12.06,0.02,Textiles & Apparels,SN500IF,SBI AMC,2026-07
INE233B01017,Blue Dart Express Ltd.,231.0,11.92,0.02,Transport Services,SN500IF,SBI AMC,2026-07
INE15B701018,Pine Labs Ltd.,8452.0,11.75,0.02,Financial Technology (Fintech),SN500IF,SBI AMC,2026-07
INE103A01014,Mangalore Refinery and Petrochemicals Ltd.,6884.0,11.7,0.01,Petroleum Products,SN500IF,SBI AMC,2026-07
INE691A01018,UCO Bank,44404.0,11.62,0.01,Banks,SN500IF,SBI AMC,2026-07
INE153T01027,BLS International Services Ltd.,4732.0,11.33,0.01,Leisure Services,SN500IF,SBI AMC,2026-07
INE320J01015,Rites Ltd.,5232.0,11.2,0.01,Construction,SN500IF,SBI AMC,2026-07
INE383A01012,The India Cements Ltd.,2687.0,10.69,0.01,Cement & Cement Products,SN500IF,SBI AMC,2026-07
INE248A01017,ITI Ltd.,3763.0,10.41,0.01,Telecom - Equipment & Accessories,SN500IF,SBI AMC,2026-07
INE927D01051,JBM Auto Ltd.,1574.0,10.36,0.01,Auto Components,SN500IF,SBI AMC,2026-07
INE050A01025,The Bombay Burmah Trading Corporation Ltd.,677.0,10.14,0.01,Food Products,SN500IF,SBI AMC,2026-07
INE0DD101019,Railtel Corporation of India Ltd.,3413.0,9.71,0.01,Telecom - Services,SN500IF,SBI AMC,2026-07
INE0YD401026,Jain Resource Recycling Ltd.,2762.0,9.62,0.01,Diversified Metals,SN500IF,SBI AMC,2026-07
INE011K01018,Tega Industries Ltd.,646.0,9.6,0.01,Industrial Manufacturing,SN500IF,SBI AMC,2026-07
INE103V01028,Travel Food Services Ltd.,712.0,9.28,0.01,Leisure Services,SN500IF,SBI AMC,2026-07
INE743M01012,RHI Magnesita India Ltd.,2367.0,9.2,0.01,Industrial Products,SN500IF,SBI AMC,2026-07
INE0I7C01011,Latent View Analytics Ltd.,2826.0,8.94,0.01,IT - Software,SN500IF,SBI AMC,2026-07
INE0BV301023,C.E.Info Systems Ltd.,676.0,7.99,0.01,IT - Software,SN500IF,SBI AMC,2026-07
INE517B01013,Tata Teleservices (Maharastra) Ltd.,19630.0,7.84,0.01,Telecom - Services,SN500IF,SBI AMC,2026-07
INE367G01038,Prime Focus Ltd.,2597.0,7.46,0.01,Entertainment,SN500IF,SBI AMC,2026-07
INE297H01019,Gallantt Ispat Ltd.,1167.0,7.17,0.01,Industrial Products,SN500IF,SBI AMC,2026-07
INE123F01029,MMTC LTD,5908.0,3.7,,Commercial Services & Supplies,SN500IF,SBI AMC,2026-07
INE397D01024,Bharti Airtel Ltd.,136699.0,2695.7,9.99,Telecom - Services,SNICIF,SBI AMC,2026-07
INE101A01026,Mahindra & Mahindra Ltd.,68975.0,2344.12,8.69,Automobiles,SNICIF,SBI AMC,2026-07
INE154A01025,ITC Ltd.,744755.0,2092.76,7.75,Diversified FMCG,SNICIF,SBI AMC,2026-07
INE758T01015,Eternal Ltd.,558548.0,1689.33,6.26,Retailing,SNICIF,SBI AMC,2026-07
INE280A01028,Titan Company Ltd.,31899.0,1555.14,5.76,Consumer Durables,SNICIF,SBI AMC,2026-07
INE030A01027,Hindustan Unilever Ltd.,68540.0,1440.23,5.34,Diversified FMCG,SNICIF,SBI AMC,2026-07
INE585B01010,Maruti Suzuki India Ltd.,10074.0,1433.93,5.31,Automobiles,SNICIF,SBI AMC,2026-07
INE917I01010,Bajaj Auto Ltd.,8554.0,985.46,3.65,Automobiles,SNICIF,SBI AMC,2026-07
INE021A01026,Asian Paints Ltd.,34938.0,959.85,3.56,Consumer Durables,SNICIF,SBI AMC,2026-07
INE646L01027,Interglobe Aviation Ltd.,17486.0,904.2,3.35,Transport Services,SNICIF,SBI AMC,2026-07
INE239A01024,Nestle India Ltd.,55392.0,836.2,3.1,Food Products,SNICIF,SBI AMC,2026-07
INE066A01021,Eicher Motors Ltd.,10650.0,834.27,3.09,Automobiles,SNICIF,SBI AMC,2026-07
INE494B01023,TVS Motor Company Ltd.,18147.0,782.7,2.9,Automobiles,SNICIF,SBI AMC,2026-07
INE849A01020,Trent Ltd.,25704.0,772.64,2.86,Retailing,SNICIF,SBI AMC,2026-07
INE437A01024,Apollo Hospitals Enterprise Ltd.,7949.0,711.99,2.64,Healthcare Services,SNICIF,SBI AMC,2026-07
INE814H01029,Adani Power Ltd.,320580.0,677.42,2.51,Power,SNICIF,SBI AMC,2026-07
INE027H01010,Max Healthcare Institute Ltd.,57498.0,631.62,2.34,Healthcare Services,SNICIF,SBI AMC,2026-07
INE192A01025,Tata Consumer Products Ltd.,50310.0,544.91,2.02,Agricultural Food & other Products,SNICIF,SBI AMC,2026-07
INE158A01026,Hero MotoCorp Ltd.,10028.0,540.11,2.0,Automobiles,SNICIF,SBI AMC,2026-07
INE053A01029,The Indian Hotels Company Ltd.,67843.0,501.05,1.86,Leisure Services,SNICIF,SBI AMC,2026-07
INE216A01030,Britannia Industries Ltd.,9096.0,492.68,1.83,Food Products,SNICIF,SBI AMC,2026-07
INE245A01021,Tata Power Company Ltd.,128861.0,490.57,1.82,Power,SNICIF,SBI AMC,2026-07
INE192R01011,Avenue Supermarts Ltd.,12449.0,488.13,1.81,Retailing,SNICIF,SBI AMC,2026-07
INE200M01039,Varun Beverages Ltd.,105632.0,467.21,1.73,Beverages,SNICIF,SBI AMC,2026-07
INE935N01020,Dixon Technologies (India) Ltd.,3205.0,450.27,1.67,Consumer Durables,SNICIF,SBI AMC,2026-07
INE663F01032,Info Edge (India) Ltd.,29578.0,362.7,1.34,Retailing,SNICIF,SBI AMC,2026-07
INE854D01024,United Spirits Ltd.,22822.0,345.96,1.28,Beverages,SNICIF,SBI AMC,2026-07
INE102D01028,Godrej Consumer Products Ltd.,31045.0,332.31,1.23,Personal Products,SNICIF,SBI AMC,2026-07
INE271C01023,DLF Ltd.,49565.0,326.78,1.21,Realty,SNICIF,SBI AMC,2026-07
INE176B01034,Havells India Ltd.,19467.0,245.42,0.91,Consumer Durables,SNICIF,SBI AMC,2026-07
INE296A01032,Bajaj Finance Ltd.,1874162.0,21387.94,7.02,Finance,SQF,SBI AMC,2026-07
INE917I01010,Bajaj Auto Ltd.,149003.0,17165.89,5.64,Automobiles,SQF,SBI AMC,2026-07
INE239A01024,Nestle India Ltd.,1108555.0,16734.75,5.5,Food Products,SQF,SBI AMC,2026-07
INE158A01026,Hero MotoCorp Ltd.,309363.0,16662.29,5.47,Automobiles,SQF,SBI AMC,2026-07
INE171A01029,The Federal Bank Ltd.,4546985.0,16316.86,5.36,Banks,SQF,SBI AMC,2026-07
INE127D01025,HDFC Asset Management Co. Ltd.,616433.0,16124.65,5.3,Capital Markets,SQF,SBI AMC,2026-07
INE949L01017,AU Small Finance Bank Ltd.,1515798.0,15874.95,5.21,Banks,SQF,SBI AMC,2026-07
INE134E01011,Power Finance Corporation Ltd.,3560273.0,15108.02,4.96,Finance,SQF,SBI AMC,2026-07
INE669C01036,Tech Mahindra Ltd.,801385.0,13233.27,4.35,IT - Software,SQF,SBI AMC,2026-07
INE021A01026,Asian Paints Ltd.,459948.0,12636.15,4.15,Consumer Durables,SQF,SBI AMC,2026-07
INE090A01021,ICICI Bank Ltd.,816820.0,11724.63,3.85,Banks,SQF,SBI AMC,2026-07
INE298A01020,Cummins India Ltd.,205662.0,11350.49,3.73,Industrial Products,SQF,SBI AMC,2026-07
INE591G01025,Coforge Ltd.,638878.0,10995.09,3.61,IT - Software,SQF,SBI AMC,2026-07
INE196A01026,Marico Ltd.,1151449.0,10025.09,3.29,Agricultural Food & other Products,SQF,SBI AMC,2026-07
INE066A01021,Eicher Motors Ltd.,127461.0,9984.66,3.28,Automobiles,SQF,SBI AMC,2026-07
INE455K01017,Polycab India Ltd.,90917.0,8279.36,2.72,Industrial Products,SQF,SBI AMC,2026-07
INE406A01037,Aurobindo Pharma Ltd.,513420.0,8113.06,2.66,Pharmaceuticals & Biotechnology,SQF,SBI AMC,2026-07
INE584A01023,NMDC Ltd.,9205088.0,7828.01,2.57,Minerals & Mining,SQF,SBI AMC,2026-07
INE881D01027,Oracle Financial Services Software Ltd.,68756.0,7691.05,2.53,IT - Software,SQF,SBI AMC,2026-07
INE670K01029,Lodha Developers Ltd.,610254.0,7591.25,2.49,Realty,SQF,SBI AMC,2026-07
INE200A01026,GE Vernova T&D India Ltd.,164502.0,7111.91,2.34,Electrical Equipment,SQF,SBI AMC,2026-07
INE040A01034,HDFC Bank Ltd.,724103.0,5417.38,1.78,Banks,SQF,SBI AMC,2026-07
INE121A01024,Cholamandalam Investment & Finance Co. Ltd.,291630.0,5394.86,1.77,Finance,SQF,SBI AMC,2026-07
INE774D01024,Mahindra & Mahindra Financial Services Ltd.,1283718.0,4951.94,1.63,Finance,SQF,SBI AMC,2026-07
INE010B01027,Zydus Lifesciences Ltd.,341736.0,3850.68,1.26,Pharmaceuticals & Biotechnology,SQF,SBI AMC,2026-07
INE721A01047,Shriram Finance Ltd.,354523.0,3710.79,1.22,Finance,SQF,SBI AMC,2026-07
INE318A01026,Pidilite Industries Ltd.,189705.0,3056.91,1.0,Chemicals & Petrochemicals,SQF,SBI AMC,2026-07
INE854D01024,United Spirits Ltd.,191388.0,2901.25,0.95,Beverages,SQF,SBI AMC,2026-07
INE498L01015,L&T Finance Ltd.,881091.0,2742.4,0.9,Finance,SQF,SBI AMC,2026-07
INE540L01014,Alkem Laboratories Ltd.,37774.0,2172.57,0.71,Pharmaceuticals & Biotechnology,SQF,SBI AMC,2026-07
INE522F01014,Coal India Ltd.,240252.0,995.0,0.33,Consumable Fuels,SQF,SBI AMC,2026-07
INE481Y01014,General Insurance Corporation of India,223651.0,797.54,0.26,Insurance,SQF,SBI AMC,2026-07
INE002A01018,Reliance Industries Ltd.,40417.0,528.57,0.17,Petroleum Products,SQF,SBI AMC,2026-07
INE040A01034,HDFC Bank Ltd.,501808.0,3754.28,18.15,Banks,SNBIF,SBI AMC,2026-07
INE090A01021,ICICI Bank Ltd.,213520.0,3064.87,14.82,Banks,SNBIF,SBI AMC,2026-07
INE062A01020,State Bank of India,202488.0,2080.36,10.06,Banks,SNBIF,SBI AMC,2026-07
INE237A01036,Kotak Mahindra Bank Ltd.,492310.0,1921.49,9.29,Banks,SNBIF,SBI AMC,2026-07
INE238A01034,Axis Bank Ltd.,147829.0,1817.56,8.79,Banks,SNBIF,SBI AMC,2026-07
INE171A01029,The Federal Bank Ltd.,418888.0,1503.18,7.27,Banks,SNBIF,SBI AMC,2026-07
INE095A01012,IndusInd Bank Ltd.,111941.0,1133.35,5.48,Banks,SNBIF,SBI AMC,2026-07
INE949L01017,AU Small Finance Bank Ltd.,92783.0,971.72,4.7,Banks,SNBIF,SBI AMC,2026-07
INE092T01019,IDFC First Bank Ltd.,1136897.0,962.72,4.66,Banks,SNBIF,SBI AMC,2026-07
INE028A01039,Bank of Baroda,304482.0,738.67,3.57,Banks,SNBIF,SBI AMC,2026-07
INE160A01022,Punjab National Bank,617093.0,695.53,3.36,Banks,SNBIF,SBI AMC,2026-07
INE528G01035,Yes Bank Ltd.,3051469.0,694.82,3.36,Banks,SNBIF,SBI AMC,2026-07
INE476A01022,Canara Bank,547720.0,684.54,3.31,Banks,SNBIF,SBI AMC,2026-07
INE692A01016,Union Bank of India,351038.0,601.12,2.91,Banks,SNBIF,SBI AMC,2026-07
INE009A01021,Infosys Ltd.,326009.0,3684.23,29.51,IT - Software,SNITIF,SBI AMC,2026-07
INE467B01029,Tata Consultancy Services Ltd.,108110.0,2557.45,20.49,IT - Software,SNITIF,SBI AMC,2026-07
INE860A01027,HCL Technologies Ltd.,111637.0,1503.64,12.04,IT - Software,SNITIF,SBI AMC,2026-07
INE669C01036,Tech Mahindra Ltd.,82766.0,1366.71,10.95,IT - Software,SNITIF,SBI AMC,2026-07
INE262H01021,Persistent Systems Ltd.,14162.0,785.85,6.29,IT - Software,SNITIF,SBI AMC,2026-07
INE591G01025,Coforge Ltd.,45355.0,780.56,6.25,IT - Software,SNITIF,SBI AMC,2026-07
INE075A01022,Wipro Ltd.,353010.0,648.3,5.19,IT - Software,SNITIF,SBI AMC,2026-07
INE214T01019,LTM Ltd.,12105.0,528.03,4.23,IT - Software,SNITIF,SBI AMC,2026-07
INE356A01018,Mphasis Ltd.,17253.0,404.12,3.24,IT - Software,SNITIF,SBI AMC,2026-07
INE881D01027,Oracle Financial Services Software Ltd.,3108.0,347.66,2.78,IT - Software,SNITIF,SBI AMC,2026-07
INE062A01020,State Bank of India,2026712.0,20810.28,25.98,Banks,SBI BSE PSU Bank ETF,SBI AMC,2026-07
INE028A01039,Bank of Baroda,4771943.0,11576.73,14.45,Banks,SBI BSE PSU Bank ETF,SBI AMC,2026-07
INE476A01022,Canara Bank,8602565.0,10753.21,13.42,Banks,SBI BSE PSU Bank ETF,SBI AMC,2026-07
INE160A01022,Punjab National Bank,8837721.0,9960.11,12.43,Banks,SBI BSE PSU Bank ETF,SBI AMC,2026-07
INE692A01016,Union Bank of India,4891674.0,8372.1,10.45,Banks,SBI BSE PSU Bank ETF,SBI AMC,2026-07
INE562A01011,Indian Bank,897671.0,7508.12,9.37,Banks,SBI BSE PSU Bank ETF,SBI AMC,2026-07
INE084A01016,Bank of India,3150776.0,4344.92,5.42,Banks,SBI BSE PSU Bank ETF,SBI AMC,2026-07
INE457A01014,Bank of Maharashtra,5125961.0,4066.94,5.08,Banks,SBI BSE PSU Bank ETF,SBI AMC,2026-07
INE565A01014,Indian Overseas Bank,3455135.0,1171.64,1.46,Banks,SBI BSE PSU Bank ETF,SBI AMC,2026-07
INE483A01010,Central Bank of India,2552093.0,790.38,0.99,Banks,SBI BSE PSU Bank ETF,SBI AMC,2026-07
INE691A01018,UCO Bank,2892760.0,757.32,0.95,Banks,SBI BSE PSU Bank ETF,SBI AMC,2026-07
INE062A01020,State Bank of India,875277.0,8987.34,26.0,Banks,SBI BSE PSU Bank Index Fund,SBI AMC,2026-07
INE028A01039,Bank of Baroda,2060840.0,4999.6,14.46,Banks,SBI BSE PSU Bank Index Fund,SBI AMC,2026-07
INE476A01022,Canara Bank,3715156.0,4643.95,13.43,Banks,SBI BSE PSU Bank Index Fund,SBI AMC,2026-07
INE160A01022,Punjab National Bank,3816713.0,4301.44,12.44,Banks,SBI BSE PSU Bank Index Fund,SBI AMC,2026-07
INE692A01016,Union Bank of India,2112576.0,3615.67,10.46,Banks,SBI BSE PSU Bank Index Fund,SBI AMC,2026-07
INE562A01011,Indian Bank,387676.0,3242.52,9.38,Banks,SBI BSE PSU Bank Index Fund,SBI AMC,2026-07
INE084A01016,Bank of India,1360710.0,1876.42,5.43,Banks,SBI BSE PSU Bank Index Fund,SBI AMC,2026-07
INE457A01014,Bank of Maharashtra,2213759.0,1756.4,5.08,Banks,SBI BSE PSU Bank Index Fund,SBI AMC,2026-07
INE565A01014,Indian Overseas Bank,1492151.0,505.99,1.46,Banks,SBI BSE PSU Bank Index Fund,SBI AMC,2026-07
INE483A01010,Central Bank of India,1102156.0,341.34,0.99,Banks,SBI BSE PSU Bank Index Fund,SBI AMC,2026-07
INE691A01018,UCO Bank,1249280.0,327.06,0.95,Banks,SBI BSE PSU Bank Index Fund,SBI AMC,2026-07
INF200K01QU0,SBI Arbitrage Opportunities Fund - Direct Plan - Growth Option,174484236.864,67165.44,37.03,Mutual Fund/ETF,SIPAAFOF,SBI AMC,2026-07
INF200K01V08,SBI Banking & PSU Fund - Direct Plan - Growth Option,1468219.559,51675.88,28.49,Mutual Fund/ETF,SIPAAFOF,SBI AMC,2026-07
INF200KA1YR4,SBI Corporate Bond Fund - Direct Plan - Growth Option,189006695.486,32086.34,17.69,Mutual Fund/ETF,SIPAAFOF,SBI AMC,2026-07
INF200K01VE4,SBI Short Term Debt Fund - Direct Plan - Growth Option,86604941.506,31495.62,17.36,Mutual Fund/ETF,SIPAAFOF,SBI AMC,2026-07
INE467B01029,Tata Consultancy Services Ltd.,76039.0,1798.78,5.37,IT - Software,SBI Nifty200 Quality 30,SBI AMC,2026-07
INE239A01024,Nestle India Ltd.,115990.0,1750.99,5.23,Food Products,SBI Nifty200 Quality 30,SBI AMC,2026-07
INE009A01021,Infosys Ltd.,151773.0,1715.19,5.12,IT - Software,SBI Nifty200 Quality 30,SBI AMC,2026-07
INE860A01027,HCL Technologies Ltd.,116245.0,1565.7,4.68,IT - Software,SBI Nifty200 Quality 30,SBI AMC,2026-07
INE154A01025,ITC Ltd.,552317.0,1552.01,4.64,Diversified FMCG,SBI Nifty200 Quality 30,SBI AMC,2026-07
INE030A01027,Hindustan Unilever Ltd.,72920.0,1532.27,4.58,Diversified FMCG,SBI Nifty200 Quality 30,SBI AMC,2026-07
INE263A01024,Bharat Electronics Ltd.,386972.0,1500.87,4.48,Aerospace & Defense,SBI Nifty200 Quality 30,SBI AMC,2026-07
INE917I01010,Bajaj Auto Ltd.,12334.0,1420.94,4.24,Automobiles,SBI Nifty200 Quality 30,SBI AMC,2026-07
INE216A01030,Britannia Industries Ltd.,25766.0,1395.62,4.17,Food Products,SBI Nifty200 Quality 30,SBI AMC,2026-07
INE935N01020,Dixon Technologies (India) Ltd.,9459.0,1328.89,3.97,Consumer Durables,SBI Nifty200 Quality 30,SBI AMC,2026-07
INE259A01022,Colgate Palmolive (India) Ltd.,62684.0,1301.38,3.89,Personal Products,SBI Nifty200 Quality 30,SBI AMC,2026-07
INE522F01014,Coal India Ltd.,304448.0,1260.87,3.77,Consumable Fuels,SBI Nifty200 Quality 30,SBI AMC,2026-07
INE021A01026,Asian Paints Ltd.,44448.0,1221.12,3.65,Consumer Durables,SBI Nifty200 Quality 30,SBI AMC,2026-07
INE066F01020,Hindustan Aeronautics Ltd.,24692.0,1147.31,3.43,Aerospace & Defense,SBI Nifty200 Quality 30,SBI AMC,2026-07
INE158A01026,Hero MotoCorp Ltd.,19895.0,1071.54,3.2,Automobiles,SBI Nifty200 Quality 30,SBI AMC,2026-07
INE298A01020,Cummins India Ltd.,19294.0,1064.84,3.18,Industrial Products,SBI Nifty200 Quality 30,SBI AMC,2026-07
INE196A01026,Marico Ltd.,120315.0,1047.52,3.13,Agricultural Food & other Products,SBI Nifty200 Quality 30,SBI AMC,2026-07
INE127D01025,HDFC Asset Management Co. Ltd.,38854.0,1016.34,3.04,Capital Markets,SBI Nifty200 Quality 30,SBI AMC,2026-07
INE262H01021,Persistent Systems Ltd.,17312.0,960.64,2.87,IT - Software,SBI Nifty200 Quality 30,SBI AMC,2026-07
INE267A01025,Hindustan Zinc Ltd.,172219.0,928.6,2.77,Non - Ferrous Metals,SBI Nifty200 Quality 30,SBI AMC,2026-07
INE343H01029,Solar Industries India Ltd.,4902.0,901.53,2.69,Chemicals & Petrochemicals,SBI Nifty200 Quality 30,SBI AMC,2026-07
INE318A01026,Pidilite Industries Ltd.,52225.0,841.55,2.51,Chemicals & Petrochemicals,SBI Nifty200 Quality 30,SBI AMC,2026-07
INE761H01022,Page Industries Ltd.,2084.0,841.42,2.51,Textiles & Apparels,SBI Nifty200 Quality 30,SBI AMC,2026-07
INE455K01017,Polycab India Ltd.,8802.0,801.55,2.39,Industrial Products,SBI Nifty200 Quality 30,SBI AMC,2026-07
INE214T01019,LTM Ltd.,17349.0,756.78,2.26,IT - Software,SBI Nifty200 Quality 30,SBI AMC,2026-07
INE881D01027,Oracle Financial Services Software Ltd.,6300.0,704.72,2.11,IT - Software,SBI Nifty200 Quality 30,SBI AMC,2026-07
INE176B01034,Havells India Ltd.,49716.0,626.77,1.87,Consumer Durables,SBI Nifty200 Quality 30,SBI AMC,2026-07
INE249Z01020,Mazagon Dock Shipbuilders Ltd.,23188.0,552.29,1.65,Industrial Manufacturing,SBI Nifty200 Quality 30,SBI AMC,2026-07
INE670A01012,Tata Elxsi Ltd.,12026.0,441.7,1.32,IT - Software,SBI Nifty200 Quality 30,SBI AMC,2026-07
INE04I401011,KPIT Technologies Ltd.,58712.0,351.33,1.05,IT - Software,SBI Nifty200 Quality 30,SBI AMC,2026-07
INE947Q01028,Laurus Labs Ltd.,37492.0,680.93,5.85,Pharmaceuticals & Biotechnology,SBI Nifty200 Mom 30,SBI AMC,2026-07
INE721A01047,Shriram Finance Ltd.,57934.0,606.4,5.21,Finance,SBI Nifty200 Mom 30,SBI AMC,2026-07
INE038A01020,Hindalco Industries Ltd.,60452.0,589.07,5.06,Non - Ferrous Metals,SBI Nifty200 Mom 30,SBI AMC,2026-07
INE081A01020,Tata Steel Ltd.,310470.0,588.93,5.06,Ferrous Metals,SBI Nifty200 Mom 30,SBI AMC,2026-07
INE298A01020,Cummins India Ltd.,10628.0,586.56,5.04,Industrial Products,SBI Nifty200 Mom 30,SBI AMC,2026-07
INE733E01010,NTPC Ltd.,165353.0,574.19,4.93,Power,SBI Nifty200 Mom 30,SBI AMC,2026-07
INE745G01043,Multi Commodity Exchange of India Ltd.,20784.0,559.55,4.81,Capital Markets,SBI Nifty200 Mom 30,SBI AMC,2026-07
INE118H01025,BSE Ltd.,15188.0,553.78,4.76,Capital Markets,SBI Nifty200 Mom 30,SBI AMC,2026-07
INE814H01029,Adani Power Ltd.,256957.0,542.98,4.66,Power,SBI Nifty200 Mom 30,SBI AMC,2026-07
INE200A01026,GE Vernova T&D India Ltd.,11684.0,505.13,4.34,Electrical Equipment,SBI Nifty200 Mom 30,SBI AMC,2026-07
INE205A01025,Vedanta Ltd.,186508.0,492.85,4.23,Diversified Metals,SBI Nifty200 Mom 30,SBI AMC,2026-07
INE171A01029,The Federal Bank Ltd.,133904.0,480.51,4.13,Banks,SBI Nifty200 Mom 30,SBI AMC,2026-07
INE465A01025,Bharat Forge Ltd.,18835.0,414.33,3.56,Auto Components,SBI Nifty200 Mom 30,SBI AMC,2026-07
INE257A01026,Bharat Heavy Electricals Ltd.,99486.0,404.91,3.48,Electrical Equipment,SBI Nifty200 Mom 30,SBI AMC,2026-07
INE931S01010,Adani Energy Solutions Ltd.,24102.0,396.57,3.41,Power,SBI Nifty200 Mom 30,SBI AMC,2026-07
INE775A01035,Samvardhana Motherson International Ltd.,232342.0,350.26,3.01,Auto Components,SBI Nifty200 Mom 30,SBI AMC,2026-07
INE067A01029,CG Power and Industrial Solutions Ltd.,40328.0,348.19,2.99,Electrical Equipment,SBI Nifty200 Mom 30,SBI AMC,2026-07
INE07Y701011,Hitachi Energy India Ltd.,1075.0,345.88,2.97,Electrical Equipment,SBI Nifty200 Mom 30,SBI AMC,2026-07
INE685A01028,Torrent Pharmaceuticals Ltd.,6731.0,344.82,2.96,Pharmaceuticals & Biotechnology,SBI Nifty200 Mom 30,SBI AMC,2026-07
INE455K01017,Polycab India Ltd.,3504.0,319.09,2.74,Industrial Products,SBI Nifty200 Mom 30,SBI AMC,2026-07
INE139A01034,National Aluminium Company Ltd.,88305.0,309.11,2.66,Non - Ferrous Metals,SBI Nifty200 Mom 30,SBI AMC,2026-07
INE364U01010,Adani Green Energy Ltd.,18393.0,254.38,2.19,Power,SBI Nifty200 Mom 30,SBI AMC,2026-07
INE669E01016,Vodafone Idea Ltd.,1771433.0,230.46,1.98,Telecom - Services,SBI Nifty200 Mom 30,SBI AMC,2026-07
INE343H01029,Solar Industries India Ltd.,1245.0,228.97,1.97,Chemicals & Petrochemicals,SBI Nifty200 Mom 30,SBI AMC,2026-07
INE117A01022,ABB India Ltd.,3097.0,225.6,1.94,Electrical Equipment,SBI Nifty200 Mom 30,SBI AMC,2026-07
INE935A01035,Glenmark Pharmaceuticals Ltd.,8512.0,190.15,1.63,Pharmaceuticals & Biotechnology,SBI Nifty200 Mom 30,SBI AMC,2026-07
INE878B01027,KEI Industries Ltd.,3605.0,180.21,1.55,Industrial Products,SBI Nifty200 Mom 30,SBI AMC,2026-07
INE114A01011,Steel Authority of India Ltd.,105185.0,177.79,1.53,Ferrous Metals,SBI Nifty200 Mom 30,SBI AMC,2026-07
INE674K01013,Aditya Birla Capital Ltd.,39977.0,161.63,1.39,Finance,SBI Nifty200 Mom 30,SBI AMC,2026-07
INE498L01015,L&T Finance Ltd.,37656.0,117.2,1.01,Finance,SBI Nifty200 Mom 30,SBI AMC,2026-07
INE090A01021,ICICI Bank Ltd.,16454.0,236.18,3.96,Banks,SBI Nifty100 Low Vol 30,SBI AMC,2026-07
INE123W01016,SBI Life Insurance Co. Ltd.,11945.0,224.8,3.77,Insurance,SBI Nifty100 Low Vol 30,SBI AMC,2026-07
INE044A01036,Sun Pharmaceutical Industries Ltd.,11177.0,222.48,3.73,Pharmaceuticals & Biotechnology,SBI Nifty100 Low Vol 30,SBI AMC,2026-07
INE239A01024,Nestle India Ltd.,14614.0,220.61,3.7,Food Products,SBI Nifty100 Low Vol 30,SBI AMC,2026-07
INE397D01024,Bharti Airtel Ltd.,11185.0,220.57,3.7,Telecom - Services,SBI Nifty100 Low Vol 30,SBI AMC,2026-07
INE917I01010,Bajaj Auto Ltd.,1913.0,220.39,3.69,Automobiles,SBI Nifty100 Low Vol 30,SBI AMC,2026-07
INE733E01010,NTPC Ltd.,62817.0,218.13,3.65,Power,SBI Nifty100 Low Vol 30,SBI AMC,2026-07
INE437A01024,Apollo Hospitals Enterprise Ltd.,2430.0,217.66,3.65,Healthcare Services,SBI Nifty100 Low Vol 30,SBI AMC,2026-07
INE918I01026,Bajaj Finserv Ltd.,10370.0,210.42,3.53,Finance,SBI Nifty100 Low Vol 30,SBI AMC,2026-07
INE467B01029,Tata Consultancy Services Ltd.,8868.0,209.78,3.51,IT - Software,SBI Nifty100 Low Vol 30,SBI AMC,2026-07
INE216A01030,Britannia Industries Ltd.,3818.0,206.8,3.46,Food Products,SBI Nifty100 Low Vol 30,SBI AMC,2026-07
INE154A01025,ITC Ltd.,72118.0,202.65,3.4,Diversified FMCG,SBI Nifty100 Low Vol 30,SBI AMC,2026-07
INE030A01027,Hindustan Unilever Ltd.,9606.0,201.85,3.38,Diversified FMCG,SBI Nifty100 Low Vol 30,SBI AMC,2026-07
INE059A01026,Cipla Ltd.,13694.0,201.74,3.38,Pharmaceuticals & Biotechnology,SBI Nifty100 Low Vol 30,SBI AMC,2026-07
INE040A01034,HDFC Bank Ltd.,26871.0,201.04,3.37,Banks,SBI Nifty100 Low Vol 30,SBI AMC,2026-07
INE280A01028,Titan Company Ltd.,4117.0,200.71,3.36,Consumer Durables,SBI Nifty100 Low Vol 30,SBI AMC,2026-07
INE002A01018,Reliance Industries Ltd.,15152.0,198.16,3.32,Petroleum Products,SBI Nifty100 Low Vol 30,SBI AMC,2026-07
INE860A01027,HCL Technologies Ltd.,14552.0,196.0,3.28,IT - Software,SBI Nifty100 Low Vol 30,SBI AMC,2026-07
INE685A01028,Torrent Pharmaceuticals Ltd.,3806.0,194.97,3.27,Pharmaceuticals & Biotechnology,SBI Nifty100 Low Vol 30,SBI AMC,2026-07
INE585B01010,Maruti Suzuki India Ltd.,1334.0,189.88,3.18,Automobiles,SBI Nifty100 Low Vol 30,SBI AMC,2026-07
INE481G01011,Ultratech Cement Ltd.,1594.0,189.73,3.18,Cement & Cement Products,SBI Nifty100 Low Vol 30,SBI AMC,2026-07
INE237A01036,Kotak Mahindra Bank Ltd.,47533.0,185.52,3.11,Banks,SBI Nifty100 Low Vol 30,SBI AMC,2026-07
INE075A01022,Wipro Ltd.,100155.0,183.93,3.08,IT - Software,SBI Nifty100 Low Vol 30,SBI AMC,2026-07
INE062A01020,State Bank of India,17613.0,180.96,3.03,Banks,SBI Nifty100 Low Vol 30,SBI AMC,2026-07
INE021A01026,Asian Paints Ltd.,6474.0,177.86,2.98,Consumer Durables,SBI Nifty100 Low Vol 30,SBI AMC,2026-07
INE318A01026,Pidilite Industries Ltd.,10860.0,175.0,2.93,Chemicals & Petrochemicals,SBI Nifty100 Low Vol 30,SBI AMC,2026-07
INE070A01015,Shree Cement Ltd.,658.0,171.44,2.87,Cement & Cement Products,SBI Nifty100 Low Vol 30,SBI AMC,2026-07
INE009A01021,Infosys Ltd.,15147.0,171.18,2.87,IT - Software,SBI Nifty100 Low Vol 30,SBI AMC,2026-07
INE018A01030,Larsen & Toubro Ltd.,3973.0,156.49,2.62,Construction,SBI Nifty100 Low Vol 30,SBI AMC,2026-07
INE089A01031,Dr. Reddy's Laboratories Ltd.,13407.0,153.93,2.58,Pharmaceuticals & Biotechnology,SBI Nifty100 Low Vol 30,SBI AMC,2026-07
INF200K01VB0,SBI Medium Duration Fund - Direct Plan - Growth Option,74741665.404,44354.99,18.8,Mutual Fund/ETF,SDAAAFOF,SBI AMC,2026-07
INF200K01RJ1,SBI Focused Fund - Direct Plan - Growth Option,5079904.231,23043.57,9.77,Mutual Fund/ETF,SDAAAFOF,SBI AMC,2026-07
INF200K01UJ5,SBI Large and Midcap Fund - Direct Plan - Growth Option,3056499.129,22003.75,9.32,Mutual Fund/ETF,SDAAAFOF,SBI AMC,2026-07
INF200K01SR2,SBI Medium to Long Duration Fund - Direct Plan - Growth Option,25951097.047,20822.3,8.82,Mutual Fund/ETF,SDAAAFOF,SBI AMC,2026-07
INF200KA14W3,SBI Dividend Yield Fund - Direct Plan - Growth Option,124881211.223,20397.72,8.64,Mutual Fund/ETF,SDAAAFOF,SBI AMC,2026-07
INF200K01RD4,SBI Dynamic Bond Fund - Direct Plan - Growth Option,43446903.26,17962.73,7.61,Mutual Fund/ETF,SDAAAFOF,SBI AMC,2026-07
INF200K01UP2,SBI Healthcare Opportunities Fund - Direct Plan -Growth,2390101.441,14195.81,6.02,Mutual Fund/ETF,SDAAAFOF,SBI AMC,2026-07
INF200K01RV6,SBI Technology Opportunities Fund - Direct Plan - Growth Option,5839110.401,13616.34,5.77,Mutual Fund/ETF,SDAAAFOF,SBI AMC,2026-07
INF200K01UG1,SBI Flexicap Fund - Direct Plan - Growth Option,10893193.904,13249.16,5.61,Mutual Fund/ETF,SDAAAFOF,SBI AMC,2026-07
INF200KA1507,SBI Banking And Financial Services Fund - Direct Plan - Growth Option,26035870.29,12915.93,5.47,Mutual Fund/ETF,SDAAAFOF,SBI AMC,2026-07
INF200K01RM5,SBI Consumption Opportunities Fund - Direct Plan - Growth Option,3802253.204,12839.12,5.44,Mutual Fund/ETF,SDAAAFOF,SBI AMC,2026-07
INF200KA1YR4,SBI Corporate Bond Fund - Direct Plan - Growth Option,59399206.535,10083.79,4.27,Mutual Fund/ETF,SDAAAFOF,SBI AMC,2026-07
INF200K01SB6,SBI Comma Fund - Direct Plan - Growth Option,7682875.415,9713.54,4.12,Mutual Fund/ETF,SDAAAFOF,SBI AMC,2026-07
INE090A01021,ICICI Bank Ltd.,1358000.0,19492.73,7.72,Banks,SQLF,SBI AMC,2026-07
INE917I01010,Bajaj Auto Ltd.,154478.0,17796.64,7.05,Automobiles,SQLF,SBI AMC,2026-07
INE239A01024,Nestle India Ltd.,1014500.0,15314.89,6.07,Food Products,SQLF,SBI AMC,2026-07
INE196A01026,Marico Ltd.,1290249.0,11233.55,4.45,Agricultural Food & other Products,SQLF,SBI AMC,2026-07
INE298A01020,Cummins India Ltd.,182982.0,10098.78,4.0,Industrial Products,SQLF,SBI AMC,2026-07
INE935N01020,Dixon Technologies (India) Ltd.,65800.0,9244.24,3.66,Consumer Durables,SQLF,SBI AMC,2026-07
INE494B01023,TVS Motor Company Ltd.,174264.0,7516.18,2.98,Automobiles,SQLF,SBI AMC,2026-07
INE591G01025,Coforge Ltd.,396000.0,6815.16,2.7,IT - Software,SQLF,SBI AMC,2026-07
INE073K01018,Sona Blw Precision Forgings Ltd.,838000.0,6447.57,2.55,Auto Components,SQLF,SBI AMC,2026-07
INE940H01022,Pearl Global Industries Ltd.,294703.0,6085.03,2.41,Textiles & Apparels,SQLF,SBI AMC,2026-07
INE262H01021,Persistent Systems Ltd.,105000.0,5826.45,2.31,IT - Software,SQLF,SBI AMC,2026-07
INE536A01023,Grindwell Norton Ltd.,271600.0,5758.46,2.28,Industrial Products,SQLF,SBI AMC,2026-07
INE361B01024,Divi's Laboratories Ltd.,67000.0,5397.52,2.14,Pharmaceuticals & Biotechnology,SQLF,SBI AMC,2026-07
INE031B01049,Ajanta Pharma Ltd.,153000.0,5301.76,2.1,Pharmaceuticals & Biotechnology,SQLF,SBI AMC,2026-07
INE421D01022,CCL Products (India) Ltd.,455499.0,5262.38,2.08,Agricultural Food & other Products,SQLF,SBI AMC,2026-07
INE212H01026,AIA Engineering Ltd.,113588.0,5214.83,2.07,Industrial Products,SQLF,SBI AMC,2026-07
INE437A01024,Apollo Hospitals Enterprise Ltd.,58000.0,5195.06,2.06,Healthcare Services,SQLF,SBI AMC,2026-07
INE117A01022,ABB India Ltd.,70404.0,5128.58,2.03,Electrical Equipment,SQLF,SBI AMC,2026-07
INE921L01032,Powerica Ltd.,967000.0,5121.23,2.03,Electrical Equipment,SQLF,SBI AMC,2026-07
INE062A01020,State Bank of India,484500.0,4977.75,1.97,Banks,SQLF,SBI AMC,2026-07
INE003A01024,Siemens Ltd.,131000.0,4925.6,1.95,Electrical Equipment,SQLF,SBI AMC,2026-07
INE263A01024,Bharat Electronics Ltd.,1261857.0,4894.11,1.94,Aerospace & Defense,SQLF,SBI AMC,2026-07
INE200M01039,Varun Beverages Ltd.,1053931.0,4661.54,1.85,Beverages,SQLF,SBI AMC,2026-07
INE127D01025,HDFC Asset Management Co. Ltd.,165300.0,4323.92,1.71,Capital Markets,SQLF,SBI AMC,2026-07
INE860A01027,HCL Technologies Ltd.,300000.0,4040.7,1.6,IT - Software,SQLF,SBI AMC,2026-07
INE00XB01019,Sedemac Mechatronics Ltd.,149185.0,4004.72,1.59,Auto Components,SQLF,SBI AMC,2026-07
INE765G01017,ICICI Lombard General Insurance Company Ltd.,229400.0,3724.77,1.48,Insurance,SQLF,SBI AMC,2026-07
INE761H01022,Page Industries Ltd.,8955.0,3615.58,1.43,Textiles & Apparels,SQLF,SBI AMC,2026-07
INE881D01027,Oracle Financial Services Software Ltd.,32300.0,3613.08,1.43,IT - Software,SQLF,SBI AMC,2026-07
INE084101034,INDO-MIM Ltd.,398494.0,3092.91,1.22,Industrial Manufacturing,SQLF,SBI AMC,2026-07
INE2KCE01013,Kwality Walls India Ltd.,10000000.0,3091.0,1.22,Food Products,SQLF,SBI AMC,2026-07
INE280A01028,Titan Company Ltd.,57400.0,2798.36,1.11,Consumer Durables,SQLF,SBI AMC,2026-07
INE274Y01021,Ajax Engineering Ltd.,464300.0,2693.64,1.07,"Agricultural, Commercial & Construction Vehicles",SQLF,SBI AMC,2026-07
INE0CZ201020,Anthem Biosciences Ltd.,325337.0,2632.63,1.04,Pharmaceuticals & Biotechnology,SQLF,SBI AMC,2026-07
INE343H01029,Solar Industries India Ltd.,14000.0,2574.74,1.02,Chemicals & Petrochemicals,SQLF,SBI AMC,2026-07
INE066A01021,Eicher Motors Ltd.,32000.0,2506.72,0.99,Automobiles,SQLF,SBI AMC,2026-07
INE745G01043,Multi Commodity Exchange of India Ltd.,88500.0,2382.6,0.94,Capital Markets,SQLF,SBI AMC,2026-07
INE498Q01014,Vintage Coffee And Beverages Ltd.,1500000.0,2242.2,0.89,Agricultural Food & other Products,SQLF,SBI AMC,2026-07
INE758T01015,Eternal Ltd.,475000.0,1436.64,0.57,Retailing,SQLF,SBI AMC,2026-07
INE021O01019,Dodla Dairy Ltd.,56557.0,588.53,0.23,Food Products,SQLF,SBI AMC,2026-07
INE683A01023,The South Indian Bank Ltd.,535442.0,250.05,0.1,Banks,SQLF,SBI AMC,2026-07
INE0ISX01025,Kusumgar Ltd.,8551.0,49.84,0.02,Textiles & Apparels,SQLF,SBI AMC,2026-07
INE947Q01028,Laurus Labs Ltd.,3611.0,65.58,6.22,Pharmaceuticals & Biotechnology,SNM150M50ETF,SBI AMC,2026-07
INE171A01029,The Federal Bank Ltd.,14757.0,52.96,5.02,Banks,SNM150M50ETF,SBI AMC,2026-07
INE745G01043,Multi Commodity Exchange of India Ltd.,1848.0,49.75,4.72,Capital Markets,SNM150M50ETF,SBI AMC,2026-07
INE118H01025,BSE Ltd.,1351.0,49.26,4.67,Capital Markets,SNM150M50ETF,SBI AMC,2026-07
INE465A01025,Bharat Forge Ltd.,2065.0,45.43,4.31,Auto Components,SNM150M50ETF,SBI AMC,2026-07
INE200A01026,GE Vernova T&D India Ltd.,1039.0,44.92,4.26,Electrical Equipment,SNM150M50ETF,SBI AMC,2026-07
INE257A01026,Bharat Heavy Electricals Ltd.,10926.0,44.47,4.22,Electrical Equipment,SNM150M50ETF,SBI AMC,2026-07
INE07Y701011,Hitachi Energy India Ltd.,117.0,37.64,3.57,Electrical Equipment,SNM150M50ETF,SBI AMC,2026-07
INE455K01017,Polycab India Ltd.,384.0,34.97,3.31,Industrial Products,SNM150M50ETF,SBI AMC,2026-07
INE139A01034,National Aluminium Company Ltd.,9594.0,33.58,3.18,Non - Ferrous Metals,SNM150M50ETF,SBI AMC,2026-07
INE949L01017,AU Small Finance Bank Ltd.,2701.0,28.29,2.68,Banks,SNM150M50ETF,SBI AMC,2026-07
INE326A01037,Lupin Ltd.,1106.0,26.71,2.53,Pharmaceuticals & Biotechnology,SNM150M50ETF,SBI AMC,2026-07
INE669E01016,Vodafone Idea Ltd.,194362.0,25.29,2.4,Telecom - Services,SNM150M50ETF,SBI AMC,2026-07
INE196A01026,Marico Ltd.,2880.0,25.07,2.38,Agricultural Food & other Products,SNM150M50ETF,SBI AMC,2026-07
INE095A01012,IndusInd Bank Ltd.,2415.0,24.45,2.32,Banks,SNM150M50ETF,SBI AMC,2026-07
INE406A01037,Aurobindo Pharma Ltd.,1433.0,22.64,2.15,Pharmaceuticals & Biotechnology,SNM150M50ETF,SBI AMC,2026-07
INE061F01013,Fortis Healthcare Ltd.,2243.0,21.2,2.01,Healthcare Services,SNM150M50ETF,SBI AMC,2026-07
INE935A01035,Glenmark Pharmaceuticals Ltd.,937.0,20.93,1.98,Pharmaceuticals & Biotechnology,SNM150M50ETF,SBI AMC,2026-07
INE121J01017,Indus Towers Ltd.,5318.0,20.8,1.97,Telecom - Services,SNM150M50ETF,SBI AMC,2026-07
INE878B01027,KEI Industries Ltd.,398.0,19.9,1.89,Industrial Products,SNM150M50ETF,SBI AMC,2026-07
INE114A01011,Steel Authority of India Ltd.,11542.0,19.51,1.85,Ferrous Metals,SNM150M50ETF,SBI AMC,2026-07
INE208A01029,Ashok Leyland Ltd.,10748.0,17.86,1.69,"Agricultural, Commercial & Construction Vehicles",SNM150M50ETF,SBI AMC,2026-07
INE674K01013,Aditya Birla Capital Ltd.,4409.0,17.83,1.69,Finance,SNM150M50ETF,SBI AMC,2026-07
INE388Y01029,FSN E-Commerce Ventures Ltd.,5265.0,17.55,1.66,Retailing,SNM150M50ETF,SBI AMC,2026-07
INE121E01018,JSW Energy Ltd.,3104.0,17.22,1.63,Power,SNM150M50ETF,SBI AMC,2026-07
INE281B01032,Lloyds Metals And Energy Ltd.,828.0,16.95,1.61,Minerals & Mining,SNM150M50ETF,SBI AMC,2026-07
INE944F01028,Radico Khaitan Ltd.,376.0,16.32,1.55,Beverages,SNM150M50ETF,SBI AMC,2026-07
INE372A01015,Apar Industries Ltd.,111.0,15.93,1.51,Electrical Equipment,SNM150M50ETF,SBI AMC,2026-07
INE982J01020,One 97 Communications Ltd.,1136.0,15.26,1.45,Financial Technology (Fintech),SNM150M50ETF,SBI AMC,2026-07
INE584A01023,NMDC Ltd.,17768.0,15.11,1.43,Minerals & Mining,SNM150M50ETF,SBI AMC,2026-07
INE152A01029,Thermax Ltd.,344.0,14.81,1.4,Electrical Equipment,SNM150M50ETF,SBI AMC,2026-07
INE376G01013,Biocon Ltd.,3300.0,14.05,1.33,Pharmaceuticals & Biotechnology,SNM150M50ETF,SBI AMC,2026-07
INE881D01027,Oracle Financial Services Software Ltd.,117.0,13.09,1.24,IT - Software,SNM150M50ETF,SBI AMC,2026-07
INE498L01015,L&T Finance Ltd.,4157.0,12.94,1.23,Finance,SNM150M50ETF,SBI AMC,2026-07
INE180A01020,Max Financial Services Ltd.,824.0,12.35,1.17,Insurance,SNM150M50ETF,SBI AMC,2026-07
INE298J01013,Nippon Life India Asset Management Ltd.,1028.0,11.94,1.13,Capital Markets,SNM150M50ETF,SBI AMC,2026-07
INE562A01011,Indian Bank,1358.0,11.36,1.08,Banks,SNM150M50ETF,SBI AMC,2026-07
INE776C01039,GMR Airports Ltd.,10588.0,11.14,1.06,Transport Infrastructure,SNM150M50ETF,SBI AMC,2026-07
INE457A01014,Bank of Maharashtra,13454.0,10.67,1.01,Banks,SNM150M50ETF,SBI AMC,2026-07
INE702C01027,APL Apollo Tubes Ltd.,578.0,10.52,1.0,Industrial Products,SNM150M50ETF,SBI AMC,2026-07
INE274J01014,Oil India Ltd.,2278.0,10.45,0.99,Oil,SNM150M50ETF,SBI AMC,2026-07
INE212H01026,AIA Engineering Ltd.,201.0,9.23,0.87,Industrial Products,SNM150M50ETF,SBI AMC,2026-07
INE151A01013,Tata Communications Ltd.,451.0,7.92,0.75,Telecom - Services,SNM150M50ETF,SBI AMC,2026-07
INE399L01023,Adani Total Gas Ltd.,1173.0,7.64,0.72,Gas,SNM150M50ETF,SBI AMC,2026-07
INE589A01014,NLC India Ltd.,2453.0,7.31,0.69,Power,SNM150M50ETF,SBI AMC,2026-07
INE031B01049,Ajanta Pharma Ltd.,196.0,6.79,0.64,Pharmaceuticals & Biotechnology,SNM150M50ETF,SBI AMC,2026-07
INE473A01011,Linde India Ltd.,84.0,5.67,0.54,Chemicals & Petrochemicals,SNM150M50ETF,SBI AMC,2026-07
INE220G01021,Jindal Stainless Ltd.,715.0,5.25,0.5,Ferrous Metals,SNM150M50ETF,SBI AMC,2026-07
INE084A01016,Bank of India,3549.0,4.9,0.46,Banks,SNM150M50ETF,SBI AMC,2026-07
INE470A01017,3M India Ltd.,8.0,2.77,0.26,Diversified,SNM150M50ETF,SBI AMC,2026-07
INE118H01025,BSE Ltd.,1269.0,46.27,3.57,Capital Markets,SNM150ETF,SBI AMC,2026-07
INE171A01029,The Federal Bank Ltd.,7653.0,27.46,2.12,Banks,SNM150ETF,SBI AMC,2026-07
INE947Q01028,Laurus Labs Ltd.,1208.0,21.94,1.69,Pharmaceuticals & Biotechnology,SNM150ETF,SBI AMC,2026-07
INE158A01026,Hero MotoCorp Ltd.,403.0,21.71,1.67,Automobiles,SNM150ETF,SBI AMC,2026-07
INE745G01043,Multi Commodity Exchange of India Ltd.,792.0,21.32,1.64,Capital Markets,SNM150ETF,SBI AMC,2026-07
INE095A01012,IndusInd Bank Ltd.,2045.0,20.7,1.6,Banks,SNM150ETF,SBI AMC,2026-07
INE262H01021,Persistent Systems Ltd.,337.0,18.7,1.44,IT - Software,SNM150ETF,SBI AMC,2026-07
INE591G01025,Coforge Ltd.,1081.0,18.6,1.43,IT - Software,SNM150ETF,SBI AMC,2026-07
INE257A01026,Bharat Heavy Electricals Ltd.,4527.0,18.42,1.42,Electrical Equipment,SNM150ETF,SBI AMC,2026-07
INE949L01017,AU Small Finance Bank Ltd.,1758.0,18.41,1.42,Banks,SNM150ETF,SBI AMC,2026-07
INE326A01037,Lupin Ltd.,754.0,18.21,1.4,Pharmaceuticals & Biotechnology,SNM150ETF,SBI AMC,2026-07
INE465A01025,Bharat Forge Ltd.,828.0,18.21,1.4,Auto Components,SNM150ETF,SBI AMC,2026-07
INE040H01021,Suzlon Energy Ltd.,37768.0,18.13,1.4,Electrical Equipment,SNM150ETF,SBI AMC,2026-07
INE935N01020,Dixon Technologies (India) Ltd.,129.0,18.12,1.4,Consumer Durables,SNM150ETF,SBI AMC,2026-07
INE982J01020,One 97 Communications Ltd.,1307.0,17.55,1.35,Financial Technology (Fintech),SNM150ETF,SBI AMC,2026-07
INE092T01019,IDFC First Bank Ltd.,20602.0,17.45,1.34,Banks,SNM150ETF,SBI AMC,2026-07
INE417T01026,PB Fintech Ltd.,1075.0,17.22,1.33,Financial Technology (Fintech),SNM150ETF,SBI AMC,2026-07
INE200A01026,GE Vernova T&D India Ltd.,385.0,16.64,1.28,Electrical Equipment,SNM150ETF,SBI AMC,2026-07
INE121J01017,Indus Towers Ltd.,4001.0,15.65,1.21,Telecom - Services,SNM150ETF,SBI AMC,2026-07
INE061F01013,Fortis Healthcare Ltd.,1618.0,15.29,1.18,Healthcare Services,SNM150ETF,SBI AMC,2026-07
INE455K01017,Polycab India Ltd.,166.0,15.12,1.17,Industrial Products,SNM150ETF,SBI AMC,2026-07
INE208A01029,Ashok Leyland Ltd.,8885.0,14.77,1.14,"Agricultural, Commercial & Construction Vehicles",SNM150ETF,SBI AMC,2026-07
INE663F01032,Info Edge (India) Ltd.,1189.0,14.58,1.12,Retailing,SNM150ETF,SBI AMC,2026-07
INE196A01026,Marico Ltd.,1644.0,14.31,1.1,Agricultural Food & other Products,SNM150ETF,SBI AMC,2026-07
INE388Y01029,FSN E-Commerce Ventures Ltd.,4249.0,14.17,1.09,Retailing,SNM150ETF,SBI AMC,2026-07
INE406A01037,Aurobindo Pharma Ltd.,860.0,13.59,1.05,Pharmaceuticals & Biotechnology,SNM150ETF,SBI AMC,2026-07
INE07Y701011,Hitachi Energy India Ltd.,39.0,12.55,0.97,Electrical Equipment,SNM150ETF,SBI AMC,2026-07
INE00H001014,Swiggy Ltd.,4407.0,12.55,0.97,Retailing,SNM150ETF,SBI AMC,2026-07
INE528G01035,Yes Bank Ltd.,54542.0,12.42,0.96,Banks,SNM150ETF,SBI AMC,2026-07
INE180A01020,Max Financial Services Ltd.,824.0,12.35,0.95,Insurance,SNM150ETF,SBI AMC,2026-07
INE765G01017,ICICI Lombard General Insurance Company Ltd.,755.0,12.26,0.94,Insurance,SNM150ETF,SBI AMC,2026-07
INE647A01010,SRF Ltd.,451.0,11.83,0.91,Chemicals & Petrochemicals,SNM150ETF,SBI AMC,2026-07
INE776C01039,GMR Airports Ltd.,11052.0,11.63,0.9,Transport Infrastructure,SNM150ETF,SBI AMC,2026-07
INE094A01015,Hindustan Petroleum Corporation Ltd.,2982.0,11.62,0.9,Petroleum Products,SNM150ETF,SBI AMC,2026-07
INE669E01016,Vodafone Idea Ltd.,85488.0,11.12,0.86,Telecom - Services,SNM150ETF,SBI AMC,2026-07
INE211B01039,The Phoenix Mills Ltd.,580.0,10.98,0.85,Realty,SNM150ETF,SBI AMC,2026-07
INE121E01018,JSW Energy Ltd.,1903.0,10.55,0.81,Power,SNM150ETF,SBI AMC,2026-07
INE944F01028,Radico Khaitan Ltd.,243.0,10.55,0.81,Beverages,SNM150ETF,SBI AMC,2026-07
INE628A01036,UPL Ltd.,1741.0,10.52,0.81,Fertilizers & Agrochemicals,SNM150ETF,SBI AMC,2026-07
INE540L01014,Alkem Laboratories Ltd.,182.0,10.47,0.81,Pharmaceuticals & Biotechnology,SNM150ETF,SBI AMC,2026-07
INE935A01035,Glenmark Pharmaceuticals Ltd.,468.0,10.45,0.81,Pharmaceuticals & Biotechnology,SNM150ETF,SBI AMC,2026-07
INE674K01013,Aditya Birla Capital Ltd.,2557.0,10.34,0.8,Finance,SNM150ETF,SBI AMC,2026-07
INE702C01027,APL Apollo Tubes Ltd.,565.0,10.28,0.79,Industrial Products,SNM150ETF,SBI AMC,2026-07
INE660A01013,Sundaram Finance Ltd.,214.0,9.98,0.77,Finance,SNM150ETF,SBI AMC,2026-07
INE176B01034,Havells India Ltd.,783.0,9.87,0.76,Consumer Durables,SNM150ETF,SBI AMC,2026-07
INE139A01034,National Aluminium Company Ltd.,2785.0,9.75,0.75,Non - Ferrous Metals,SNM150ETF,SBI AMC,2026-07
INE356A01018,Mphasis Ltd.,411.0,9.63,0.74,IT - Software,SNM150ETF,SBI AMC,2026-07
INE878B01027,KEI Industries Ltd.,192.0,9.6,0.74,Industrial Products,SNM150ETF,SBI AMC,2026-07
INE376G01013,Biocon Ltd.,2215.0,9.43,0.73,Pharmaceuticals & Biotechnology,SNM150ETF,SBI AMC,2026-07
INE226A01021,Voltas Ltd.,708.0,9.41,0.73,Consumer Durables,SNM150ETF,SBI AMC,2026-07
INE01EA01019,Vishal Mega Mart Ltd.,8655.0,9.27,0.71,Retailing,SNM150ETF,SBI AMC,2026-07
INE848E01016,NHPC Ltd.,11704.0,9.21,0.71,Power,SNM150ETF,SBI AMC,2026-07
INE562A01011,Indian Bank,1097.0,9.18,0.71,Banks,SNM150ETF,SBI AMC,2026-07
INE974X01010,Tube Investments of India Ltd.,332.0,9.14,0.7,Auto Components,SNM150ETF,SBI AMC,2026-07
INE466L01038,360 ONE WAM Ltd.,805.0,9.14,0.7,Capital Markets,SNM150ETF,SBI AMC,2026-07
INE584A01023,NMDC Ltd.,10733.0,9.13,0.7,Minerals & Mining,SNM150ETF,SBI AMC,2026-07
INE484J01027,Godrej Properties Ltd.,420.0,8.84,0.68,Realty,SNM150ETF,SBI AMC,2026-07
INE634S01028,Mankind Pharma Ltd.,352.0,8.69,0.67,Pharmaceuticals & Biotechnology,SNM150ETF,SBI AMC,2026-07
INE259A01022,Colgate Palmolive (India) Ltd.,409.0,8.49,0.65,Personal Products,SNM150ETF,SBI AMC,2026-07
INE811K01011,Prestige Estates Projects Ltd.,524.0,8.47,0.65,Realty,SNM150ETF,SBI AMC,2026-07
INE813H01021,Torrent Power Ltd.,590.0,8.34,0.64,Power,SNM150ETF,SBI AMC,2026-07
INE881D01027,Oracle Financial Services Software Ltd.,74.0,8.28,0.64,IT - Software,SNM150ETF,SBI AMC,2026-07
INE281B01032,Lloyds Metals And Energy Ltd.,404.0,8.27,0.64,Minerals & Mining,SNM150ETF,SBI AMC,2026-07
INE498L01015,L&T Finance Ltd.,2649.0,8.25,0.64,Finance,SNM150ETF,SBI AMC,2026-07
INE761H01022,Page Industries Ltd.,20.0,8.08,0.62,Textiles & Apparels,SNM150ETF,SBI AMC,2026-07
INE883A01011,MRF Ltd.,6.0,7.97,0.61,Auto Components,SNM150ETF,SBI AMC,2026-07
INE377N01017,Waaree Energies Ltd.,297.0,7.96,0.61,Electrical Equipment,SNM150ETF,SBI AMC,2026-07
INE774D01024,Mahindra & Mahindra Financial Services Ltd.,2055.0,7.93,0.61,Finance,SNM150ETF,SBI AMC,2026-07
INE274J01014,Oil India Ltd.,1694.0,7.77,0.6,Oil,SNM150ETF,SBI AMC,2026-07
INE016A01026,Dabur India Ltd.,1834.0,7.73,0.6,Personal Products,SNM150ETF,SBI AMC,2026-07
INE169A01031,Coromandel International Ltd.,371.0,7.69,0.59,Fertilizers & Agrochemicals,SNM150ETF,SBI AMC,2026-07
INE114A01011,Steel Authority of India Ltd.,4489.0,7.59,0.58,Ferrous Metals,SNM150ETF,SBI AMC,2026-07
INE571A01038,IPCA Laboratories Ltd.,431.0,7.53,0.58,Pharmaceuticals & Biotechnology,SNM150ETF,SBI AMC,2026-07
INE372A01015,Apar Industries Ltd.,52.0,7.46,0.58,Electrical Equipment,SNM150ETF,SBI AMC,2026-07
INE303R01014,Kalyan Jewellers India Ltd.,1193.0,7.31,0.56,Consumer Durables,SNM150ETF,SBI AMC,2026-07
INE220G01021,Jindal Stainless Ltd.,973.0,7.15,0.55,Ferrous Metals,SNM150ETF,SBI AMC,2026-07
INE823G01014,JK Cement Ltd.,130.0,7.08,0.55,Cement & Cement Products,SNM150ETF,SBI AMC,2026-07
INE195A01028,Supreme Industries Ltd.,200.0,6.93,0.53,Industrial Products,SNM150ETF,SBI AMC,2026-07
INE603J01030,PI Industries Ltd.,252.0,6.93,0.53,Fertilizers & Agrochemicals,SNM150ETF,SBI AMC,2026-07
INE472A01039,Blue Star Ltd.,403.0,6.78,0.52,Consumer Durables,SNM150ETF,SBI AMC,2026-07
INE093I01010,Oberoi Realty Ltd.,365.0,6.67,0.51,Realty,SNM150ETF,SBI AMC,2026-07
INE405E01023,UNO Minda Ltd.,565.0,6.67,0.51,Auto Components,SNM150ETF,SBI AMC,2026-07
INE347G01014,Petronet LNG Ltd.,2327.0,6.53,0.5,Gas,SNM150ETF,SBI AMC,2026-07
INE298J01013,Nippon Life India Asset Management Ltd.,557.0,6.47,0.5,Capital Markets,SNM150ETF,SBI AMC,2026-07
INE151A01013,Tata Communications Ltd.,365.0,6.41,0.49,Telecom - Services,SNM150ETF,SBI AMC,2026-07
INE302A01020,Exide Industries Ltd.,1413.0,6.36,0.49,Auto Components,SNM150ETF,SBI AMC,2026-07
INE726G01019,ICICI Prudential Life Insurance Company Ltd.,1228.0,6.33,0.49,Insurance,SNM150ETF,SBI AMC,2026-07
INE787D01026,Balkrishna Industries Ltd.,249.0,6.16,0.47,Auto Components,SNM150ETF,SBI AMC,2026-07
INE018E01016,SBI Cards & Payment Services Ltd.,921.0,6.08,0.47,Finance,SNM150ETF,SBI AMC,2026-07
INE0J1Y01017,Life Insurance Corporation of India,1379.0,5.86,0.45,Insurance,SNM150ETF,SBI AMC,2026-07
INE956O01016,Lenskart Solutions Ltd.,1041.0,5.84,0.45,Retailing,SNM150ETF,SBI AMC,2026-07
INE880J01026,JSW Infrastructure Ltd.,1853.0,5.79,0.45,Transport Infrastructure,SNM150ETF,SBI AMC,2026-07
INE09N301011,Gujarat Fluorochemicals Ltd.,131.0,5.72,0.44,Chemicals & Petrochemicals,SNM150ETF,SBI AMC,2026-07
INE379A01028,ITC Hotels Ltd.,3480.0,5.65,0.44,Leisure Services,SNM150ETF,SBI AMC,2026-07
INE111A01025,Container Corporation of India Ltd.,1072.0,5.63,0.43,Transport Services,SNM150ETF,SBI AMC,2026-07
INE399L01023,Adani Total Gas Ltd.,861.0,5.61,0.43,Gas,SNM150ETF,SBI AMC,2026-07
INE212H01026,AIA Engineering Ltd.,121.0,5.56,0.43,Industrial Products,SNM150ETF,SBI AMC,2026-07
INE006I01046,Astral Ltd.,380.0,5.5,0.42,Industrial Products,SNM150ETF,SBI AMC,2026-07
INE797F01020,Jubilant Foodworks Ltd.,1215.0,5.32,0.41,Leisure Services,SNM150ETF,SBI AMC,2026-07
INE084A01016,Bank of India,3773.0,5.2,0.4,Banks,SNM150ETF,SBI AMC,2026-07
INE152A01029,Thermax Ltd.,120.0,5.17,0.4,Electrical Equipment,SNM150ETF,SBI AMC,2026-07
INE513A01022,Schaeffler India Ltd.,125.0,5.1,0.39,Auto Components,SNM150ETF,SBI AMC,2026-07
INE457A01014,Bank of Maharashtra,6323.0,5.02,0.39,Banks,SNM150ETF,SBI AMC,2026-07
INE115A01026,LIC Housing Finance Ltd.,934.0,4.89,0.38,Finance,SNM150ETF,SBI AMC,2026-07
INE346A01027,ICICI Prudential Asset Management Company Ltd.,152.0,4.74,0.37,Capital Markets,SNM150ETF,SBI AMC,2026-07
INE324D01010,LG Electronics India Ltd.,317.0,4.72,0.36,Consumer Durables,SNM150ETF,SBI AMC,2026-07
INE0HOQ01053,Billionbrains Garage Ventures Ltd.,2390.0,4.65,0.36,Capital Markets,SNM150ETF,SBI AMC,2026-07
INE463A01038,Berger Paints India Ltd.,885.0,4.61,0.36,Consumer Durables,SNM150ETF,SBI AMC,2026-07
INE335Y01020,Indian Railway Catering & Tourism Corporation Ltd.,937.0,4.59,0.35,Leisure Services,SNM150ETF,SBI AMC,2026-07
INE031B01049,Ajanta Pharma Ltd.,131.0,4.54,0.35,Pharmaceuticals & Biotechnology,SNM150ETF,SBI AMC,2026-07
INE756I01012,HDB Financial Services Ltd.,659.0,4.52,0.35,Finance,SNM150ETF,SBI AMC,2026-07
INE358A01014,Abbott India Ltd.,16.0,4.45,0.34,Pharmaceuticals & Biotechnology,SNM150ETF,SBI AMC,2026-07
INE00R701025,Dalmia Bharat Ltd.,247.0,4.45,0.34,Cement & Cement Products,SNM150ETF,SBI AMC,2026-07
INE206F01022,Authum Investment & Infrastructure Ltd.,822.0,4.43,0.34,Finance,SNM150ETF,SBI AMC,2026-07
INE481Y01014,General Insurance Corporation of India,1233.0,4.4,0.34,Insurance,SNM150ETF,SBI AMC,2026-07
INE473A01011,Linde India Ltd.,65.0,4.38,0.34,Chemicals & Petrochemicals,SNM150ETF,SBI AMC,2026-07
INE438A01022,Apollo Tyres Ltd.,1002.0,4.29,0.33,Auto Components,SNM150ETF,SBI AMC,2026-07
INE338I01027,Motilal Oswal Financial Services Ltd.,486.0,4.14,0.32,Capital Markets,SNM150ETF,SBI AMC,2026-07
INE415G01027,Rail Vikas Nigam Ltd.,1763.0,3.98,0.31,Construction,SNM150ETF,SBI AMC,2026-07
INE670A01012,Tata Elxsi Ltd.,107.0,3.93,0.3,IT - Software,SNM150ETF,SBI AMC,2026-07
INE619A01035,Patanjali Foods Ltd.,1076.0,3.82,0.29,Agricultural Food & other Products,SNM150ETF,SBI AMC,2026-07
INE343G01021,Bharti Hexacom Ltd.,234.0,3.76,0.29,Telecom - Services,SNM150ETF,SBI AMC,2026-07
INE0BS701011,Premier Energies Ltd,368.0,3.76,0.29,Electrical Equipment,SNM150ETF,SBI AMC,2026-07
INE704P01025,Cochin Shipyard Ltd.,263.0,3.74,0.29,Industrial Manufacturing,SNM150ETF,SBI AMC,2026-07
INE474Q01031,Global Health Ltd.,266.0,3.74,0.29,Healthcare Services,SNM150ETF,SBI AMC,2026-07
INE930H01031,K.P.R. Mill Ltd.,345.0,3.62,0.28,Textiles & Apparels,SNM150ETF,SBI AMC,2026-07
INE171Z01026,Bharat Dynamics Ltd.,286.0,3.58,0.28,Aerospace & Defense,SNM150ETF,SBI AMC,2026-07
INE159A01016,Glaxosmithkline Pharmaceuticals Ltd.,129.0,3.43,0.26,Pharmaceuticals & Biotechnology,SNM150ETF,SBI AMC,2026-07
INE589A01014,NLC India Ltd.,1131.0,3.37,0.26,Power,SNM150ETF,SBI AMC,2026-07
INE007A01025,CRISIL Ltd.,76.0,3.31,0.26,Finance,SNM150ETF,SBI AMC,2026-07
INE699H01024,AWL Agri Business Ltd.,1724.0,3.27,0.25,Agricultural Food & other Products,SNM150ETF,SBI AMC,2026-07
INE686F01025,United Breweries Ltd.,224.0,3.18,0.24,Beverages,SNM150ETF,SBI AMC,2026-07
INE042A01014,Escorts Kubota Ltd.,103.0,3.18,0.25,"Agricultural, Commercial & Construction Vehicles",SNM150ETF,SBI AMC,2026-07
INE470A01017,3M India Ltd.,9.0,3.12,0.24,Diversified,SNM150ETF,SBI AMC,2026-07
INE010V01017,L&T Technology Services Ltd.,86.0,3.06,0.24,IT - Services,SNM150ETF,SBI AMC,2026-07
INE04I401011,KPIT Technologies Ltd.,509.0,3.05,0.23,IT - Software,SNM150ETF,SBI AMC,2026-07
INE031A01017,Housing and Urban Development Corporation Ltd.,1558.0,3.04,0.23,Finance,SNM150ETF,SBI AMC,2026-07
INE913H01037,Endurance Technologies Ltd.,110.0,3.03,0.23,Auto Components,SNM150ETF,SBI AMC,2026-07
INE377Y01014,Bajaj Housing Finance Ltd.,3438.0,2.96,0.23,Finance,SNM150ETF,SBI AMC,2026-07
INE202E01016,Indian Renewable Energy Development Agency Ltd.,2470.0,2.95,0.23,Finance,SNM150ETF,SBI AMC,2026-07
INE672A01026,Tata Investment Corporation Ltd.,405.0,2.75,0.21,Finance,SNM150ETF,SBI AMC,2026-07
INE260B01028,Godfrey Phillips India Ltd.,127.0,2.71,0.21,Cigarettes & Tobacco Products,SNM150ETF,SBI AMC,2026-07
INE671A01010,Honeywell Automation India Ltd.,7.0,2.67,0.21,Industrial Manufacturing,SNM150ETF,SBI AMC,2026-07
INE0ONG01011,NTPC Green Energy Ltd.,2884.0,2.6,0.2,Power,SNM150ETF,SBI AMC,2026-07
INE093A01041,Hexaware Technologies Ltd.,461.0,2.59,0.2,IT - Software,SNM150ETF,SBI AMC,2026-07
INE012A01025,ACC Ltd.,186.0,2.52,0.19,Cement & Cement Products,SNM150ETF,SBI AMC,2026-07
INE0CZ201020,Anthem Biosciences Ltd.,276.0,2.23,0.17,Pharmaceuticals & Biotechnology,SNM150ETF,SBI AMC,2026-07
INE233A01035,Godrej Industries Ltd.,134.0,1.77,0.14,Diversified,SNM150ETF,SBI AMC,2026-07
INE002L01015,SJVN Ltd.,2221.0,1.52,0.12,Power,SNM150ETF,SBI AMC,2026-07
INE470Y01017,The New India Assurance Co. Ltd.,747.0,1.3,0.1,Insurance,SNM150ETF,SBI AMC,2026-07
INE403D08207,Bharti Telecom Ltd.,7500.0,7526.99,9.53,CRISIL AAA,SCRIBXFS3-6M,SBI AMC,2026-07
INE756I07EU9,HDB Financial Services Ltd.,5000.0,5009.85,6.34,CRISIL AAA,SCRIBXFS3-6M,SBI AMC,2026-07
INE115A07RA9,LIC Housing Finance Ltd.,5000.0,5003.7,6.33,CRISIL AAA,SCRIBXFS3-6M,SBI AMC,2026-07
INE261F08EA6,National Bank for Agriculture and Rural Development,3500.0,3501.08,4.43,CRISIL AAA,SCRIBXFS3-6M,SBI AMC,2026-07
INE053F08338,Indian Railway Finance Corporation Ltd.,3000.0,3005.6,3.8,CRISIL AAA,SCRIBXFS3-6M,SBI AMC,2026-07
INE916DA7SP4,Kotak Mahindra Prime Ltd.,2500.0,2506.79,3.17,CRISIL AAA,SCRIBXFS3-6M,SBI AMC,2026-07
INE306N07NO7,TATA Capital Ltd.,2500.0,2504.2,3.17,[ICRA]AAA,SCRIBXFS3-6M,SBI AMC,2026-07
INE020B08EP3,REC Ltd.,2500.0,2503.06,3.17,CRISIL AAA,SCRIBXFS3-6M,SBI AMC,2026-07
INE115A07PN6,LIC Housing Finance Ltd.,250.0,2492.04,3.15,CRISIL AAA,SCRIBXFS3-6M,SBI AMC,2026-07
INE134E08LS5,Power Finance Corporation Ltd.,100.0,1000.22,1.27,CRISIL AAA,SCRIBXFS3-6M,SBI AMC,2026-07
INE763G14H25,ICICI Securities Ltd.,1000.0,4918.89,6.23,CRISIL A1+,SCRIBXFS3-6M,SBI AMC,2026-07
INE296A14D13,Bajaj Finance Ltd.,500.0,2454.01,3.11,CRISIL A1+,SCRIBXFS3-6M,SBI AMC,2026-07
INE556F16BQ4,Small Industries Development Bank of India,1000.0,4908.75,6.21,CRISIL A1+,SCRIBXFS3-6M,SBI AMC,2026-07
INE556F16BS0,Small Industries Development Bank of India,700.0,3418.12,4.33,CRISIL A1+,SCRIBXFS3-6M,SBI AMC,2026-07
INE028A16KI3,Bank of Baroda,500.0,2455.36,3.11,IND A1+,SCRIBXFS3-6M,SBI AMC,2026-07
INE556F16BR2,Small Industries Development Bank of India,500.0,2452.53,3.1,CRISIL A1+,SCRIBXFS3-6M,SBI AMC,2026-07
INE040A16HY1,HDFC Bank Ltd.,500.0,2449.22,3.1,CRISIL A1+,SCRIBXFS3-6M,SBI AMC,2026-07
INE238AD6BP3,Axis Bank Ltd.,500.0,2445.64,3.1,CRISIL A1+,SCRIBXFS3-6M,SBI AMC,2026-07
INE562A16QM0,Indian Bank,500.0,2442.78,3.09,CRISIL A1+,SCRIBXFS3-6M,SBI AMC,2026-07
INE028A16KO1,Bank of Baroda,500.0,2442.76,3.09,IND A1+,SCRIBXFS3-6M,SBI AMC,2026-07
INE028A16MQ2,Bank of Baroda,500.0,2441.43,3.09,IND A1+,SCRIBXFS3-6M,SBI AMC,2026-07
INE238AD6CN6,Axis Bank Ltd.,500.0,2441.08,3.09,CRISIL A1+,SCRIBXFS3-6M,SBI AMC,2026-07
INE476A16J90,Canara Bank,500.0,2440.99,3.09,CRISIL A1+,SCRIBXFS3-6M,SBI AMC,2026-07
INE040A16IJ0,HDFC Bank Ltd.,500.0,2437.79,3.09,CRISIL A1+,SCRIBXFS3-6M,SBI AMC,2026-07
INE160A16UT0,Punjab National Bank,300.0,1488.41,1.88,CRISIL A1+,SCRIBXFS3-6M,SBI AMC,2026-07
INE831R07391,Aditya Birla Housing Finance Ltd.,2500.0,2509.17,9.94,[ICRA]AAA,CRIBXFS9-12M,SBI AMC,2026-07
INE377Y07557,Bajaj Housing Finance Ltd.,2500.0,2494.81,9.88,CRISIL AAA,CRIBXFS9-12M,SBI AMC,2026-07
INE115A07PR7,LIC Housing Finance Ltd.,200.0,1991.43,7.89,CRISIL AAA,CRIBXFS9-12M,SBI AMC,2026-07
INE020B08AH8,REC Ltd.,100.0,1003.55,3.97,CRISIL AAA,CRIBXFS9-12M,SBI AMC,2026-07
INE774D14TL6,Mahindra & Mahindra Financial Services Ltd.,500.0,2403.32,9.52,CRISIL A1+,CRIBXFS9-12M,SBI AMC,2026-07
INE674K14BX6,Aditya Birla Capital Ltd.,500.0,2399.3,9.5,CRISIL A1+,CRIBXFS9-12M,SBI AMC,2026-07
INE296A14G28,Bajaj Finance Ltd.,500.0,2394.91,9.48,CRISIL A1+,CRIBXFS9-12M,SBI AMC,2026-07
INE160A16UI3,Punjab National Bank,500.0,2411.88,9.55,CRISIL A1+,CRIBXFS9-12M,SBI AMC,2026-07
INE692A16LU9,Union Bank of India,500.0,2399.02,9.5,[ICRA]A1+,CRIBXFS9-12M,SBI AMC,2026-07
INE556F16CC2,Small Industries Development Bank of India,400.0,1922.4,7.61,CRISIL A1+,CRIBXFS9-12M,SBI AMC,2026-07
INE261F16AO8,National Bank for Agriculture and Rural Development,400.0,1918.12,7.59,CRISIL A1+,CRIBXFS9-12M,SBI AMC,2026-07
INE476A16H43,Canara Bank,200.0,960.94,3.8,CRISIL A1+,CRIBXFS9-12M,SBI AMC,2026-07
INE040A16IZ6,HDFC Bank Ltd.,200.0,959.27,3.8,CRISIL A1+,CRIBXFS9-12M,SBI AMC,2026-07
INE160A16UE2,Punjab National Bank,100.0,482.82,1.91,CRISIL A1+,CRIBXFS9-12M,SBI AMC,2026-07
INE028A16LR2,Bank of Baroda,100.0,480.36,1.9,IND A1+,CRIBXFS9-12M,SBI AMC,2026-07
INE029A01011,Bharat Petroleum Corporation Ltd.,9604.0,30.71,5.12,Petroleum Products,Nifty200Value30,SBI AMC,2026-07
INE213A01029,Oil & Natural Gas Corporation Ltd.,12633.0,30.64,5.11,Oil,Nifty200Value30,SBI AMC,2026-07
INE062A01020,State Bank of India,2931.0,30.11,5.03,Banks,Nifty200Value30,SBI AMC,2026-07
INE733E01010,NTPC Ltd.,8491.0,29.48,4.92,Power,Nifty200Value30,SBI AMC,2026-07
INE155A01022,Tata Motors Passenger Vehicles Ltd.,8671.0,29.46,4.92,Automobiles,Nifty200Value30,SBI AMC,2026-07
INE154A01025,ITC Ltd.,10442.0,29.34,4.9,Diversified FMCG,Nifty200Value30,SBI AMC,2026-07
INE134E01011,Power Finance Corporation Ltd.,6864.0,29.13,4.86,Finance,Nifty200Value30,SBI AMC,2026-07
INE522F01014,Coal India Ltd.,6863.0,28.42,4.74,Consumable Fuels,Nifty200Value30,SBI AMC,2026-07
INE038A01020,Hindalco Industries Ltd.,2866.0,27.93,4.66,Non - Ferrous Metals,Nifty200Value30,SBI AMC,2026-07
INE242A01010,Indian Oil Corporation Ltd.,19483.0,27.31,4.56,Petroleum Products,Nifty200Value30,SBI AMC,2026-07
INE752E01010,Power Grid Corporation of India Ltd.,9576.0,27.22,4.54,Power,Nifty200Value30,SBI AMC,2026-07
INE081A01020,Tata Steel Ltd.,13793.0,26.16,4.37,Ferrous Metals,Nifty200Value30,SBI AMC,2026-07
INE205A01025,Vedanta Ltd.,9016.0,23.82,3.98,Diversified Metals,Nifty200Value30,SBI AMC,2026-07
INE047A01021,Grasim Industries Ltd.,765.0,23.72,3.96,Cement & Cement Products,Nifty200Value30,SBI AMC,2026-07
INE020B01018,REC Ltd.,5736.0,21.39,3.57,Finance,Nifty200Value30,SBI AMC,2026-07
INE094A01015,Hindustan Petroleum Corporation Ltd.,5087.0,19.83,3.31,Petroleum Products,Nifty200Value30,SBI AMC,2026-07
INE028A01039,Bank of Baroda,7545.0,18.3,3.05,Banks,Nifty200Value30,SBI AMC,2026-07
INE129A01019,GAIL (India) Ltd.,9829.0,17.83,2.98,Gas,Nifty200Value30,SBI AMC,2026-07
INE095A01012,IndusInd Bank Ltd.,1718.0,17.39,2.9,Banks,Nifty200Value30,SBI AMC,2026-07
INE476A01022,Canara Bank,13298.0,16.62,2.77,Banks,Nifty200Value30,SBI AMC,2026-07
INE160A01022,Punjab National Bank,13889.0,15.65,2.61,Banks,Nifty200Value30,SBI AMC,2026-07
INE171A01029,The Federal Bank Ltd.,4332.0,15.55,2.59,Banks,Nifty200Value30,SBI AMC,2026-07
INE692A01016,Union Bank of India,7168.0,12.27,2.05,Banks,Nifty200Value30,SBI AMC,2026-07
INE562A01011,Indian Bank,1023.0,8.56,1.43,Banks,Nifty200Value30,SBI AMC,2026-07
INE084A01016,Bank of India,5608.0,7.74,1.29,Banks,Nifty200Value30,SBI AMC,2026-07
INE274J01014,Oil India Ltd.,1534.0,7.03,1.17,Oil,Nifty200Value30,SBI AMC,2026-07
INE584A01023,NMDC Ltd.,8191.0,6.97,1.16,Minerals & Mining,Nifty200Value30,SBI AMC,2026-07
INE115A01026,LIC Housing Finance Ltd.,1298.0,6.79,1.13,Finance,Nifty200Value30,SBI AMC,2026-07
INE628A01036,UPL Ltd.,1094.0,6.61,1.1,Fertilizers & Agrochemicals,Nifty200Value30,SBI AMC,2026-07
INE114A01011,Steel Authority of India Ltd.,3088.0,5.22,0.87,Ferrous Metals,Nifty200Value30,SBI AMC,2026-07
INE073K01018,Sona Blw Precision Forgings Ltd.,1632.0,12.56,1.6,Auto Components,NiftySmallCap250,SBI AMC,2026-07
INE036D01028,Karur Vysya Bank Ltd.,3438.0,11.77,1.5,Banks,NiftySmallCap250,SBI AMC,2026-07
INE048G01026,Navin Fluorine International Ltd.,134.0,10.14,1.29,Chemicals & Petrochemicals,NiftySmallCap250,SBI AMC,2026-07
INE148O01028,Delhivery Ltd.,2038.0,9.82,1.25,Transport Services,NiftySmallCap250,SBI AMC,2026-07
INE202B01038,Piramal Finance Ltd.,438.0,9.0,1.15,Finance,NiftySmallCap250,SBI AMC,2026-07
INE0LEZ01016,Ather Energy Ltd.,698.0,8.8,1.12,Automobiles,NiftySmallCap250,SBI AMC,2026-07
INE736A01011,Central Depository Services (I) Ltd.,648.0,8.64,1.1,Capital Markets,NiftySmallCap250,SBI AMC,2026-07
INE976G01028,RBL Bank Ltd.,2249.0,8.44,1.08,Banks,NiftySmallCap250,SBI AMC,2026-07
INE191B01025,Welspun Corp Ltd.,477.0,7.87,1.0,Industrial Products,NiftySmallCap250,SBI AMC,2026-07
INE967H01025,Krishna Institute of Medical Sciences Ltd.,943.0,7.59,0.97,Healthcare Services,NiftySmallCap250,SBI AMC,2026-07
INE914M01019,Aster DM Quality Care Ltd.,921.0,7.57,0.97,Healthcare Services,NiftySmallCap250,SBI AMC,2026-07
INE522D01027,Manappuram Finance Ltd.,1997.0,7.43,0.95,Finance,NiftySmallCap250,SBI AMC,2026-07
INE068V01023,Gland Pharma Ltd.,290.0,7.26,0.93,Pharmaceuticals & Biotechnology,NiftySmallCap250,SBI AMC,2026-07
INE491A01021,City Union Bank Ltd.,3504.0,7.24,0.92,Banks,NiftySmallCap250,SBI AMC,2026-07
INE548A01028,HFCL Ltd.,3727.0,7.23,0.92,Telecom - Services,NiftySmallCap250,SBI AMC,2026-07
INE572E01012,PNB Housing Finance Ltd.,684.0,7.2,0.92,Finance,NiftySmallCap250,SBI AMC,2026-07
INE732I01021,Angel One Ltd.,2364.0,7.04,0.9,Capital Markets,NiftySmallCap250,SBI AMC,2026-07
INE596I01020,Computer Age Management Services Ltd.,874.0,6.96,0.89,Capital Markets,NiftySmallCap250,SBI AMC,2026-07
INE891D01026,Redington Ltd.,2162.0,6.95,0.89,Commercial Services & Supplies,NiftySmallCap250,SBI AMC,2026-07
INE463V01026,AnandRathi Wealth Ltd.,325.0,6.74,0.86,Capital Markets,NiftySmallCap250,SBI AMC,2026-07
INE146L01010,Kirloskar Oil Engines Ltd.,303.0,6.64,0.85,Industrial Products,NiftySmallCap250,SBI AMC,2026-07
INE570L01029,Sai Life Sciences Ltd.,502.0,6.6,0.84,Pharmaceuticals & Biotechnology,NiftySmallCap250,SBI AMC,2026-07
INE019C01026,Himadri Speciality Chemical Ltd.,854.0,6.41,0.82,Chemicals & Petrochemicals,NiftySmallCap250,SBI AMC,2026-07
INE299U01018,Crompton Greaves Consumer Electricals Ltd.,2338.0,6.08,0.78,Consumer Durables,NiftySmallCap250,SBI AMC,2026-07
INE511C01022,Poonawalla Fincorp Ltd.,1295.0,6.0,0.77,Finance,NiftySmallCap250,SBI AMC,2026-07
INE794A01010,Neuland Laboratories Ltd.,31.0,5.9,0.75,Pharmaceuticals & Biotechnology,NiftySmallCap250,SBI AMC,2026-07
INE049B01025,Wockhardt Ltd.,300.0,5.88,0.75,Pharmaceuticals & Biotechnology,NiftySmallCap250,SBI AMC,2026-07
INE371P01015,Amber Enterprises India Ltd.,79.0,5.88,0.75,Consumer Durables,NiftySmallCap250,SBI AMC,2026-07
INE531E01026,Hindustan Copper Ltd.,1195.0,5.87,0.75,Non - Ferrous Metals,NiftySmallCap250,SBI AMC,2026-07
INE00FF01025,Acutaas Chemicals Ltd.,189.0,5.87,0.75,Pharmaceuticals & Biotechnology,NiftySmallCap250,SBI AMC,2026-07
INE208C01025,Aegis Logistics Ltd.,457.0,5.85,0.75,Gas,NiftySmallCap250,SBI AMC,2026-07
INE545U01014,Bandhan Bank Ltd.,3319.0,5.78,0.74,Banks,NiftySmallCap250,SBI AMC,2026-07
INE149A01033,Cholamandalam Financial Holdings Ltd.,361.0,5.54,0.71,Finance,NiftySmallCap250,SBI AMC,2026-07
INE600L01024,Dr. Lal Path labs Ltd.,283.0,5.39,0.69,Healthcare Services,NiftySmallCap250,SBI AMC,2026-07
INE220B01022,Kalpataru Projects International Ltd.,413.0,5.33,0.68,Construction,NiftySmallCap250,SBI AMC,2026-07
INE00LO01017,Craftsman Automation Ltd.,53.0,5.23,0.67,Auto Components,NiftySmallCap250,SBI AMC,2026-07
INE530B01024,IIFL Finance Ltd.,846.0,5.15,0.66,Finance,NiftySmallCap250,SBI AMC,2026-07
INE575P01011,Star Health & Allied Insurance Co. Ltd.,853.0,5.13,0.65,Insurance,NiftySmallCap250,SBI AMC,2026-07
INE410P01011,Narayana Hrudayalaya Ltd.,251.0,5.09,0.65,Healthcare Services,NiftySmallCap250,SBI AMC,2026-07
INE531F01023,Nuvama Wealth Management Ltd.,281.0,5.07,0.65,Capital Markets,NiftySmallCap250,SBI AMC,2026-07
INE017A01032,The Great Eastern Shipping Co. Ltd.,360.0,4.86,0.62,Transport Services,NiftySmallCap250,SBI AMC,2026-07
INE0IX101010,Data Patterns (India) Ltd.,110.0,4.71,0.6,Aerospace & Defense,NiftySmallCap250,SBI AMC,2026-07
INE142M01025,Tata Technologies Ltd.,625.0,4.67,0.6,IT - Services,NiftySmallCap250,SBI AMC,2026-07
INE013P01021,Onesource Specialty Pharma Ltd.,286.0,4.63,0.59,Pharmaceuticals & Biotechnology,NiftySmallCap250,SBI AMC,2026-07
INE138Y01010,Kfin Technologies Ltd.,486.0,4.56,0.58,Capital Markets,NiftySmallCap250,SBI AMC,2026-07
INE148I01020,Sammaan Capital Ltd.,2794.0,4.54,0.58,Finance,NiftySmallCap250,SBI AMC,2026-07
INE120A01034,Carborundum Universal Ltd.,420.0,4.47,0.57,Industrial Products,NiftySmallCap250,SBI AMC,2026-07
INE285A01027,Elgi Equipments Ltd.,781.0,4.45,0.57,Industrial Products,NiftySmallCap250,SBI AMC,2026-07
INE0DK501011,Piramal Pharma Ltd.,2263.0,4.43,0.56,Pharmaceuticals & Biotechnology,NiftySmallCap250,SBI AMC,2026-07
INE101D01020,Granules India Ltd.,528.0,4.35,0.55,Pharmaceuticals & Biotechnology,NiftySmallCap250,SBI AMC,2026-07
INE918Z01012,Kaynes Technology India Ltd.,114.0,4.34,0.55,Industrial Manufacturing,NiftySmallCap250,SBI AMC,2026-07
INE331A01037,The Ramco Cements Ltd.,460.0,4.22,0.54,Cement & Cement Products,NiftySmallCap250,SBI AMC,2026-07
INE290S01011,CarTrade Tech Ltd.,154.0,4.19,0.53,Retailing,NiftySmallCap250,SBI AMC,2026-07
INE481N01025,Home First Finance Company India Ltd.,351.0,4.17,0.53,Finance,NiftySmallCap250,SBI AMC,2026-07
INE288B01029,Deepak Nitrite Ltd.,250.0,4.16,0.53,Chemicals & Petrochemicals,NiftySmallCap250,SBI AMC,2026-07
INE325A01013,Timken India Ltd.,131.0,4.12,0.53,Industrial Products,NiftySmallCap250,SBI AMC,2026-07
INE885A01032,Amara Raja Energy & Mobility Ltd.,445.0,4.05,0.52,Auto Components,NiftySmallCap250,SBI AMC,2026-07
INE342J01019,ZF Commercial Vehicle Control Systems India Ltd.,165.0,3.99,0.51,Auto Components,NiftySmallCap250,SBI AMC,2026-07
INE100A01010,Atul Ltd.,58.0,3.91,0.5,Chemicals & Petrochemicals,NiftySmallCap250,SBI AMC,2026-07
INE791I01019,Brigade Enterprises Ltd.,674.0,3.91,0.5,Realty,NiftySmallCap250,SBI AMC,2026-07
INE596F01018,PTC Industries Ltd.,22.0,3.9,0.5,Industrial Products,NiftySmallCap250,SBI AMC,2026-07
INE203G01027,Indraprastha Gas Ltd.,2552.0,3.88,0.49,Gas,NiftySmallCap250,SBI AMC,2026-07
INE439A01020,Asahi India Glass Ltd.,441.0,3.87,0.49,Auto Components,NiftySmallCap250,SBI AMC,2026-07
INE0DYJ01015,Syrma SGS Technology Ltd.,283.0,3.87,0.49,Industrial Manufacturing,NiftySmallCap250,SBI AMC,2026-07
INE128S01021,Five Star Business Finance Ltd.,705.0,3.86,0.49,Finance,NiftySmallCap250,SBI AMC,2026-07
INE092A01019,Tata Chemicals Ltd.,569.0,3.83,0.49,Chemicals & Petrochemicals,NiftySmallCap250,SBI AMC,2026-07
INE256A01028,Zee Entertainment Enterprises Ltd.,3340.0,3.83,0.49,Entertainment,NiftySmallCap250,SBI AMC,2026-07
INE022Q01020,Indian Energy Exchange Ltd.,2892.0,3.82,0.49,Capital Markets,NiftySmallCap250,SBI AMC,2026-07
INE486A01021,CESC Ltd.,2294.0,3.8,0.48,Power,NiftySmallCap250,SBI AMC,2026-07
INE501A01019,Deepak Fertilizers and Petrochemicals Corporation Ltd.,244.0,3.79,0.48,Chemicals & Petrochemicals,NiftySmallCap250,SBI AMC,2026-07
INE0FS801015,Motherson Sumi Wiring India Ltd.,9251.0,3.76,0.48,Auto Components,NiftySmallCap250,SBI AMC,2026-07
INE0VDM01015,Meesho Ltd.,2027.0,3.69,0.47,Retailing,NiftySmallCap250,SBI AMC,2026-07
INE769A01020,Aarti Industries Ltd.,748.0,3.66,0.47,Chemicals & Petrochemicals,NiftySmallCap250,SBI AMC,2026-07
INE00WC01027,AFFLE 3I Ltd.,230.0,3.65,0.46,IT - Services,NiftySmallCap250,SBI AMC,2026-07
INE0W2G01015,Sagility Ltd.,8379.0,3.64,0.46,IT - Services,NiftySmallCap250,SBI AMC,2026-07
INE217B01036,Kajaria Ceramics Ltd.,301.0,3.61,0.46,Consumer Durables,NiftySmallCap250,SBI AMC,2026-07
INE457L01029,PG Electroplast Ltd.,587.0,3.6,0.46,Consumer Durables,NiftySmallCap250,SBI AMC,2026-07
INE095N01031,NBCC (India) Ltd.,3768.0,3.57,0.46,Construction,NiftySmallCap250,SBI AMC,2026-07
INE684F01012,Firstsource Solutions Ltd.,1153.0,3.48,0.44,Commercial Services & Supplies,NiftySmallCap250,SBI AMC,2026-07
INE242C01024,Anant Raj Ltd.,555.0,3.47,0.44,Realty,NiftySmallCap250,SBI AMC,2026-07
INE115Q01022,Inventurus Knowledge Solutions Ltd.,187.0,3.46,0.44,IT - Services,NiftySmallCap250,SBI AMC,2026-07
INE852O01025,Aptus Value Housing Finance India Ltd.,1289.0,3.37,0.43,Finance,NiftySmallCap250,SBI AMC,2026-07
INE819V01029,Aditya Infotech Ltd.,98.0,3.32,0.42,Industrial Manufacturing,NiftySmallCap250,SBI AMC,2026-07
INE228A01035,Usha Martin Ltd.,663.0,3.29,0.42,Industrial Products,NiftySmallCap250,SBI AMC,2026-07
INE180C01042,Capri Global Capital Ltd.,1407.0,3.27,0.42,Finance,NiftySmallCap250,SBI AMC,2026-07
INE894V01022,Belrise Industries Ltd.,1372.0,3.25,0.41,Auto Components,NiftySmallCap250,SBI AMC,2026-07
INE351F01018,Jaiprakash Power Ventures Ltd.,17716.0,3.24,0.41,Power,NiftySmallCap250,SBI AMC,2026-07
INE172A01027,Castrol India Ltd.,1741.0,3.22,0.41,Petroleum Products,NiftySmallCap250,SBI AMC,2026-07
INE451A01017,Force Motors Ltd.,18.0,3.22,0.41,Automobiles,NiftySmallCap250,SBI AMC,2026-07
INE0LXG01040,Ola Electric Mobility Ltd.,8210.0,3.17,0.4,Automobiles,NiftySmallCap250,SBI AMC,2026-07
INE741K01010,CreditAccess Grameen Ltd.,197.0,3.14,0.4,Finance,NiftySmallCap250,SBI AMC,2026-07
INE777K01022,R R Kabel Ltd.,120.0,3.12,0.4,Industrial Products,NiftySmallCap250,SBI AMC,2026-07
INE0NT901020,Netweb Technologies India Ltd.,69.0,3.12,0.4,IT - Services,NiftySmallCap250,SBI AMC,2026-07
INE987B01026,Natco Pharma Ltd.,327.0,3.0,0.38,Pharmaceuticals & Biotechnology,NiftySmallCap250,SBI AMC,2026-07
INE421D01022,CCL Products (India) Ltd.,257.0,2.97,0.38,Agricultural Food & other Products,NiftySmallCap250,SBI AMC,2026-07
INE292B01021,HBL Engineering Ltd.,410.0,2.95,0.38,Industrial Products,NiftySmallCap250,SBI AMC,2026-07
INE191H01014,PVR Inox Ltd.,259.0,2.93,0.37,Entertainment,NiftySmallCap250,SBI AMC,2026-07
INE839M01018,Schneider Electric Infrastructure Ltd.,213.0,2.89,0.37,Electrical Equipment,NiftySmallCap250,SBI AMC,2026-07
INE548C01032,Emami Ltd.,717.0,2.85,0.36,Personal Products,NiftySmallCap250,SBI AMC,2026-07
INE821I01022,IRB Infrastructure Developers Ltd.,14273.0,2.85,0.36,Construction,NiftySmallCap250,SBI AMC,2026-07
INE126A01031,E.I.D-Parry (India) Ltd.,374.0,2.84,0.36,Food Products,NiftySmallCap250,SBI AMC,2026-07
INE725A01030,Nava Ltd.,504.0,2.79,0.36,Power,NiftySmallCap250,SBI AMC,2026-07
INE382Z01011,Garden Reach Shipbuilders & Engineers Ltd.,107.0,2.78,0.35,Aerospace & Defense,NiftySmallCap250,SBI AMC,2026-07
INE686A01026,Cemindia Projects Ltd.,202.0,2.76,0.35,Construction,NiftySmallCap250,SBI AMC,2026-07
INE961O01016,Rainbow Children's Medicare Ltd.,181.0,2.76,0.35,Healthcare Services,NiftySmallCap250,SBI AMC,2026-07
INE066P01011,Inox Wind Ltd.,3509.0,2.74,0.35,Electrical Equipment,NiftySmallCap250,SBI AMC,2026-07
INE700A01033,Jubilant Pharmova Ltd.,293.0,2.74,0.35,Pharmaceuticals & Biotechnology,NiftySmallCap250,SBI AMC,2026-07
INE738I01010,eClerx Services Ltd.,148.0,2.73,0.35,Commercial Services & Supplies,NiftySmallCap250,SBI AMC,2026-07
INE251B01027,Zen Technologies Ltd.,168.0,2.73,0.35,Aerospace & Defense,NiftySmallCap250,SBI AMC,2026-07
INE235A01022,Finolex Cables Ltd.,275.0,2.72,0.35,Industrial Products,NiftySmallCap250,SBI AMC,2026-07
INE524A01029,Gabriel India Ltd.,187.0,2.7,0.34,Auto Components,NiftySmallCap250,SBI AMC,2026-07
INE055A01016,Aditya Birla Real Estate Ltd.,190.0,2.69,0.34,Realty,NiftySmallCap250,SBI AMC,2026-07
INE404A01024,Aditya Birla Sun Life Amc Ltd.,265.0,2.68,0.34,Capital Markets,NiftySmallCap250,SBI AMC,2026-07
INE398R01022,Syngene International Ltd.,691.0,2.67,0.34,Healthcare Services,NiftySmallCap250,SBI AMC,2026-07
INE406M01024,Eris Lifesciences Ltd.,197.0,2.67,0.34,Pharmaceuticals & Biotechnology,NiftySmallCap250,SBI AMC,2026-07
INE622W01025,Acme Solar Holdings Ltd.,733.0,2.66,0.34,Power,NiftySmallCap250,SBI AMC,2026-07
INE182A01018,Pfizer Ltd.,55.0,2.65,0.34,Pharmaceuticals & Biotechnology,NiftySmallCap250,SBI AMC,2026-07
INE810G01011,Shyam Metalics and Energy Ltd.,256.0,2.64,0.34,Industrial Products,NiftySmallCap250,SBI AMC,2026-07
INE136B01020,Cyient Ltd.,308.0,2.61,0.33,IT - Services,NiftySmallCap250,SBI AMC,2026-07
INE482A01020,CEAT Ltd.,76.0,2.61,0.33,Auto Components,NiftySmallCap250,SBI AMC,2026-07
INE152M01016,Triveni Turbine Ltd.,426.0,2.56,0.33,Electrical Equipment,NiftySmallCap250,SBI AMC,2026-07
INE102B01014,Choice International Ltd.,310.0,2.55,0.33,Finance,NiftySmallCap250,SBI AMC,2026-07
INE168A01041,The Jammu & Kashmir Bank Ltd.,1623.0,2.53,0.32,Banks,NiftySmallCap250,SBI AMC,2026-07
INE477A01020,Can Fin Homes Ltd.,307.0,2.52,0.32,Finance,NiftySmallCap250,SBI AMC,2026-07
INE03QK01018,Cohance Lifesciences Ltd.,592.0,2.52,0.32,Pharmaceuticals & Biotechnology,NiftySmallCap250,SBI AMC,2026-07
INE980O01024,Jyoti CNC Automation Ltd.,310.0,2.51,0.32,Industrial Manufacturing,NiftySmallCap250,SBI AMC,2026-07
INE614G01033,Reliance Power Ltd.,10556.0,2.47,0.31,Power,NiftySmallCap250,SBI AMC,2026-07
INE0LP301011,Physicswallah Ltd.,1969.0,2.46,0.31,Other Consumer Services,NiftySmallCap250,SBI AMC,2026-07
INE168P01015,Emcure Pharmaceuticals Ltd.,125.0,2.45,0.31,Pharmaceuticals & Biotechnology,NiftySmallCap250,SBI AMC,2026-07
INE399G01023,Ramkrishna Forgings Ltd.,375.0,2.44,0.31,Auto Components,NiftySmallCap250,SBI AMC,2026-07
INE258A01024,BEML Ltd.,139.0,2.43,0.31,"Agricultural, Commercial & Construction Vehicles",NiftySmallCap250,SBI AMC,2026-07
INE615H01020,Titagarh Rail Systems Ltd.,291.0,2.4,0.31,Industrial Manufacturing,NiftySmallCap250,SBI AMC,2026-07
INE043W01024,Vijaya Diagnostic Centre Ltd.,178.0,2.39,0.31,Healthcare Services,NiftySmallCap250,SBI AMC,2026-07
INE085A01013,Chambal Fertilisers and Chemicals Ltd.,541.0,2.37,0.3,Fertilizers & Agrochemicals,NiftySmallCap250,SBI AMC,2026-07
INE205C01021,Polymedicure Ltd.,139.0,2.37,0.3,Healthcare Equipment & Supplies,NiftySmallCap250,SBI AMC,2026-07
INE306R01017,Intellect Design Arena Ltd.,328.0,2.36,0.3,IT - Software,NiftySmallCap250,SBI AMC,2026-07
INE230A01023,EIH Ltd.,721.0,2.36,0.3,Leisure Services,NiftySmallCap250,SBI AMC,2026-07
INE119A01028,Balrampur Chini Mills Ltd.,396.0,2.32,0.3,Agricultural Food & other Products,NiftySmallCap250,SBI AMC,2026-07
INE002S01010,Mahanagar Gas Ltd.,207.0,2.32,0.3,Gas,NiftySmallCap250,SBI AMC,2026-07
INE088F01024,Paradeep Phosphates Ltd.,1573.0,2.32,0.3,Fertilizers & Agrochemicals,NiftySmallCap250,SBI AMC,2026-07
INE322A01010,Gillette India Ltd.,30.0,2.29,0.29,Personal Products,NiftySmallCap250,SBI AMC,2026-07
INE269A01021,Sonata Software Ltd.,706.0,2.28,0.29,IT - Software,NiftySmallCap250,SBI AMC,2026-07
INE258G01013,Sumitomo Chemical India Ltd.,446.0,2.28,0.29,Fertilizers & Agrochemicals,NiftySmallCap250,SBI AMC,2026-07
INE0BY001018,Jubilant Ingrevia Ltd.,305.0,2.24,0.29,Chemicals & Petrochemicals,NiftySmallCap250,SBI AMC,2026-07
INE0J5401028,Honasa Consumer Ltd.,495.0,2.23,0.28,Personal Products,NiftySmallCap250,SBI AMC,2026-07
INE03JT01014,GO Digit General Insurance Ltd.,876.0,2.23,0.28,Insurance,NiftySmallCap250,SBI AMC,2026-07
INE671H01015,Sobha Ltd.,162.0,2.22,0.28,Realty,NiftySmallCap250,SBI AMC,2026-07
INE716A01013,Whirlpool of India Ltd.,277.0,2.22,0.28,Consumer Durables,NiftySmallCap250,SBI AMC,2026-07
INE389H01022,KEC International Ltd.,472.0,2.21,0.28,Construction,NiftySmallCap250,SBI AMC,2026-07
INE510A01028,Engineers India Ltd.,996.0,2.21,0.28,Construction,NiftySmallCap250,SBI AMC,2026-07
INE178A01016,Chennai Petroleum Corporation Ltd.,175.0,2.21,0.28,Petroleum Products,NiftySmallCap250,SBI AMC,2026-07
INE324A01032,Jindal Saw Ltd.,847.0,2.18,0.28,Industrial Products,NiftySmallCap250,SBI AMC,2026-07
INE177H01039,Godawari Power & Ispat Ltd.,893.0,2.16,0.28,Industrial Products,NiftySmallCap250,SBI AMC,2026-07
INE825A01020,Vardhman Textiles Ltd.,363.0,2.13,0.27,Textiles & Apparels,NiftySmallCap250,SBI AMC,2026-07
INE427F01016,Chalet Hotels Ltd.,260.0,2.11,0.27,Leisure Services,NiftySmallCap250,SBI AMC,2026-07
INE520A01027,Zensar Technologies Ltd.,414.0,2.1,0.27,IT - Software,NiftySmallCap250,SBI AMC,2026-07
INE868B01028,NCC Ltd.,1473.0,2.08,0.26,Construction,NiftySmallCap250,SBI AMC,2026-07
INE818H01020,LT Foods Ltd.,500.0,2.05,0.26,Agricultural Food & other Products,NiftySmallCap250,SBI AMC,2026-07
INE842C01021,Minda Corporation Ltd.,292.0,2.05,0.26,Auto Components,NiftySmallCap250,SBI AMC,2026-07
INE602A01031,PCBL Chemical Ltd.,638.0,2.03,0.26,Chemicals & Petrochemicals,NiftySmallCap250,SBI AMC,2026-07
INE768C01028,Zydus Wellness Ltd.,350.0,2.02,0.26,Food Products,NiftySmallCap250,SBI AMC,2026-07
INE933S01016,Indiamart Intermesh Ltd.,111.0,2.0,0.25,Retailing,NiftySmallCap250,SBI AMC,2026-07
INE14LE01019,Aditya Birla Lifestyle Brands Ltd.,2113.0,2.0,0.25,Retailing,NiftySmallCap250,SBI AMC,2026-07
INE545A01024,HEG Ltd.,302.0,1.98,0.25,Industrial Products,NiftySmallCap250,SBI AMC,2026-07
INE970X01018,Lemon Tree Hotels Ltd.,1808.0,1.98,0.25,Leisure Services,NiftySmallCap250,SBI AMC,2026-07
INE216P01012,Aavas Financiers Ltd.,145.0,1.97,0.25,Finance,NiftySmallCap250,SBI AMC,2026-07
INE260D01016,Olectra Greentech Ltd.,149.0,1.97,0.25,Automobiles,NiftySmallCap250,SBI AMC,2026-07
INE995S01015,Niva Bupa Health Insurance Company Ltd.,2252.0,1.96,0.25,Insurance,NiftySmallCap250,SBI AMC,2026-07
INE462A01022,Bayer Cropscience Ltd.,46.0,1.95,0.25,Fertilizers & Agrochemicals,NiftySmallCap250,SBI AMC,2026-07
INE065X01017,Indegene Ltd.,376.0,1.94,0.25,Healthcare Services,NiftySmallCap250,SBI AMC,2026-07
INE883F01010,Aadhar Housing Finance Ltd.,391.0,1.94,0.25,Finance,NiftySmallCap250,SBI AMC,2026-07
INE483A01010,Central Bank of India,6213.0,1.92,0.25,Banks,NiftySmallCap250,SBI AMC,2026-07
INE673O01025,TBO Tek Ltd.,125.0,1.91,0.24,Leisure Services,NiftySmallCap250,SBI AMC,2026-07
INE536H01010,CIE Automotive India Ltd.,464.0,1.9,0.24,Auto Components,NiftySmallCap250,SBI AMC,2026-07
INE188A01015,Fertilisers And Chemicals Travancore Ltd.,227.0,1.88,0.24,Fertilizers & Agrochemicals,NiftySmallCap250,SBI AMC,2026-07
INE024L01027,Gravita India Ltd.,115.0,1.86,0.24,Minerals & Mining,NiftySmallCap250,SBI AMC,2026-07
INE133A01011,JSW Dulux Ltd.,63.0,1.85,0.24,Consumer Durables,NiftySmallCap250,SBI AMC,2026-07
INE039A01010,IFCI Ltd.,2423.0,1.85,0.24,Finance,NiftySmallCap250,SBI AMC,2026-07
INE475E01026,Caplin Point Laboratories Ltd.,73.0,1.84,0.23,Pharmaceuticals & Biotechnology,NiftySmallCap250,SBI AMC,2026-07
INE424H01027,Sun TV Network Ltd.,359.0,1.83,0.23,Entertainment,NiftySmallCap250,SBI AMC,2026-07
INE573A01042,JK Tyre & Industries Ltd.,455.0,1.82,0.23,Auto Components,NiftySmallCap250,SBI AMC,2026-07
INE836A01035,Birlasoft Ltd.,603.0,1.82,0.23,IT - Software,NiftySmallCap250,SBI AMC,2026-07
INE192B01031,Welspun Living Ltd.,1157.0,1.8,0.23,Textiles & Apparels,NiftySmallCap250,SBI AMC,2026-07
INE565A01014,Indian Overseas Bank,5313.0,1.8,0.23,Banks,NiftySmallCap250,SBI AMC,2026-07
INE0NNS01018,NMDC Steel Ltd.,4193.0,1.8,0.23,Ferrous Metals,NiftySmallCap250,SBI AMC,2026-07
INE109A01011,Shipping Corporation of India Ltd.,615.0,1.79,0.23,Transport Services,NiftySmallCap250,SBI AMC,2026-07
INE285K01026,Techno Electric & Engineering Company Ltd.,182.0,1.78,0.23,Construction,NiftySmallCap250,SBI AMC,2026-07
INE19RI01016,Tenneco Clean Air India Ltd.,331.0,1.78,0.23,Auto Components,NiftySmallCap250,SBI AMC,2026-07
INE872J01023,Devyani International Ltd.,1550.0,1.77,0.23,Leisure Services,NiftySmallCap250,SBI AMC,2026-07
INE02RE01045,Brainbees Solutions Ltd.,821.0,1.74,0.22,Retailing,NiftySmallCap250,SBI AMC,2026-07
INE385C01021,Sarda Energy & Minerals Ltd.,334.0,1.73,0.22,Ferrous Metals,NiftySmallCap250,SBI AMC,2026-07
INE338H01029,Concord Biotech Ltd.,121.0,1.72,0.22,Pharmaceuticals & Biotechnology,NiftySmallCap250,SBI AMC,2026-07
INE008A01015,IDBI Bank Ltd.,2040.0,1.71,0.22,Banks,NiftySmallCap250,SBI AMC,2026-07
INE780C01023,JM Financial Ltd.,1401.0,1.71,0.22,Finance,NiftySmallCap250,SBI AMC,2026-07
INE131A01031,Gujarat Mineral Development Corporation Ltd.,301.0,1.7,0.22,Minerals & Mining,NiftySmallCap250,SBI AMC,2026-07
INE663A01033,Supreme Petrochem Ltd.,229.0,1.63,0.21,Chemicals & Petrochemicals,NiftySmallCap250,SBI AMC,2026-07
INE176A01028,Bata India Ltd.,232.0,1.62,0.21,Consumer Durables,NiftySmallCap250,SBI AMC,2026-07
INE731H01025,Action Construction Equipment Ltd.,150.0,1.61,0.2,"Agricultural, Commercial & Construction Vehicles",NiftySmallCap250,SBI AMC,2026-07
INE371A01025,Graphite India Ltd.,243.0,1.6,0.2,Industrial Products,NiftySmallCap250,SBI AMC,2026-07
INE806T01020,Sapphire Foods India Ltd.,861.0,1.59,0.2,Leisure Services,NiftySmallCap250,SBI AMC,2026-07
INE0CAZ01013,Urban Company Ltd.,1228.0,1.59,0.2,Retailing,NiftySmallCap250,SBI AMC,2026-07
INE665A01038,Swan Corp Ltd.,507.0,1.56,0.2,Chemicals & Petrochemicals,NiftySmallCap250,SBI AMC,2026-07
INE1C6T01020,Emmvee Photovoltaic Power Ltd.,487.0,1.55,0.2,Electrical Equipment,NiftySmallCap250,SBI AMC,2026-07
INE010J01012,Tejas Networks Ltd.,300.0,1.54,0.2,Telecom - Equipment & Accessories,NiftySmallCap250,SBI AMC,2026-07
INE101I01011,Afcons Infrastructure Ltd.,569.0,1.54,0.2,Construction,NiftySmallCap250,SBI AMC,2026-07
INE00E101023,Bikaji Foods International Ltd.,239.0,1.53,0.2,Food Products,NiftySmallCap250,SBI AMC,2026-07
INE0INX01018,Aegis Vopak Terminals Ltd.,525.0,1.52,0.19,Oil,NiftySmallCap250,SBI AMC,2026-07
INE499A01024,DCM Shriram Ltd.,144.0,1.49,0.19,Diversified,NiftySmallCap250,SBI AMC,2026-07
INE962Y01021,Ircon International Ltd.,1186.0,1.49,0.19,Construction,NiftySmallCap250,SBI AMC,2026-07
INE321T01012,Doms Industries Ltd.,66.0,1.49,0.19,Household Products,NiftySmallCap250,SBI AMC,2026-07
INE0AQ201015,Leela Palaces Hotels & Resorts Ltd.,293.0,1.45,0.18,Leisure Services,NiftySmallCap250,SBI AMC,2026-07
INE094J01016,UTI Asset Management Co. Ltd.,153.0,1.38,0.18,Capital Markets,NiftySmallCap250,SBI AMC,2026-07
INE979A01025,SAREGAMA India Ltd.,263.0,1.38,0.18,Entertainment,NiftySmallCap250,SBI AMC,2026-07
INE423Y01016,SBFC Finance Ltd.,1500.0,1.36,0.17,Finance,NiftySmallCap250,SBI AMC,2026-07
INE205B01031,Elecon Engineering Company Ltd.,320.0,1.34,0.17,Electrical Equipment,NiftySmallCap250,SBI AMC,2026-07
INE930P01018,Anupam Rasayan India Ltd.,110.0,1.33,0.17,Chemicals & Petrochemicals,NiftySmallCap250,SBI AMC,2026-07
INE0Q9301021,International Gemological Institute Ltd.,370.0,1.31,0.17,Commercial Services & Supplies,NiftySmallCap250,SBI AMC,2026-07
INE647O01011,Aditya Birla Fashion and Retail Ltd.,2142.0,1.29,0.16,Retailing,NiftySmallCap250,SBI AMC,2026-07
INE619B01017,Newgen Software Technologies Ltd.,232.0,1.29,0.16,IT - Software,NiftySmallCap250,SBI AMC,2026-07
INE718I01012,JSW Cement Ltd.,970.0,1.29,0.16,Cement & Cement Products,NiftySmallCap250,SBI AMC,2026-07
INE227W01023,Clean Science & Technology Ltd.,174.0,1.28,0.16,Chemicals & Petrochemicals,NiftySmallCap250,SBI AMC,2026-07
INE209L01016,Jupiter Wagons Ltd.,494.0,1.28,0.16,Industrial Manufacturing,NiftySmallCap250,SBI AMC,2026-07
INE118D01016,Nuvoco Vistas Corporation Ltd.,365.0,1.26,0.16,Cement & Cement Products,NiftySmallCap250,SBI AMC,2026-07
INE01TY01017,Canara HSBC Life Insurance Co.Ltd.,857.0,1.26,0.16,Insurance,NiftySmallCap250,SBI AMC,2026-07
INE552Z01027,Allied Blenders And Distillers Ltd.,195.0,1.21,0.15,Beverages,NiftySmallCap250,SBI AMC,2026-07
INE903U01023,Signatureglobal (India) Ltd.,143.0,1.17,0.15,Realty,NiftySmallCap250,SBI AMC,2026-07
INE763I01026,Transformers & Rectifiers (India) Ltd.,390.0,1.16,0.15,Electrical Equipment,NiftySmallCap250,SBI AMC,2026-07
INE0KBH01020,Blue Jet Healthcare Ltd.,185.0,1.16,0.15,Pharmaceuticals & Biotechnology,NiftySmallCap250,SBI AMC,2026-07
INE233B01017,Blue Dart Express Ltd.,22.0,1.14,0.14,Transport Services,NiftySmallCap250,SBI AMC,2026-07
INE064C01022,Trident Ltd.,4547.0,1.12,0.14,Textiles & Apparels,NiftySmallCap250,SBI AMC,2026-07
INE103A01014,Mangalore Refinery and Petrochemicals Ltd.,641.0,1.09,0.14,Petroleum Products,NiftySmallCap250,SBI AMC,2026-07
INE15B701018,Pine Labs Ltd.,787.0,1.09,0.14,Financial Technology (Fintech),NiftySmallCap250,SBI AMC,2026-07
INE691A01018,UCO Bank,4137.0,1.08,0.14,Banks,NiftySmallCap250,SBI AMC,2026-07
INE153T01027,BLS International Services Ltd.,441.0,1.06,0.13,Leisure Services,NiftySmallCap250,SBI AMC,2026-07
INE320J01015,Rites Ltd.,487.0,1.04,0.13,Construction,NiftySmallCap250,SBI AMC,2026-07
INE383A01012,The India Cements Ltd.,250.0,1.0,0.13,Cement & Cement Products,NiftySmallCap250,SBI AMC,2026-07
INE927D01051,JBM Auto Ltd.,147.0,0.97,0.12,Auto Components,NiftySmallCap250,SBI AMC,2026-07
INE248A01017,ITI Ltd.,350.0,0.97,0.12,Telecom - Equipment & Accessories,NiftySmallCap250,SBI AMC,2026-07
INE050A01025,The Bombay Burmah Trading Corporation Ltd.,63.0,0.94,0.12,Food Products,NiftySmallCap250,SBI AMC,2026-07
INE0DD101019,Railtel Corporation of India Ltd.,318.0,0.9,0.12,Telecom - Services,NiftySmallCap250,SBI AMC,2026-07
INE011K01018,Tega Industries Ltd.,60.0,0.89,0.11,Industrial Manufacturing,NiftySmallCap250,SBI AMC,2026-07
INE0YD401026,Jain Resource Recycling Ltd.,257.0,0.89,0.11,Diversified Metals,NiftySmallCap250,SBI AMC,2026-07
INE103V01028,Travel Food Services Ltd.,66.0,0.86,0.11,Leisure Services,NiftySmallCap250,SBI AMC,2026-07
INE743M01012,RHI Magnesita India Ltd.,220.0,0.85,0.11,Industrial Products,NiftySmallCap250,SBI AMC,2026-07
INE0I7C01011,Latent View Analytics Ltd.,263.0,0.83,0.11,IT - Software,NiftySmallCap250,SBI AMC,2026-07
INE0BV301023,C.E.Info Systems Ltd.,63.0,0.74,0.09,IT - Software,NiftySmallCap250,SBI AMC,2026-07
INE517B01013,Tata Teleservices (Maharastra) Ltd.,1829.0,0.73,0.09,Telecom - Services,NiftySmallCap250,SBI AMC,2026-07
INE367G01038,Prime Focus Ltd.,242.0,0.69,0.09,Entertainment,NiftySmallCap250,SBI AMC,2026-07
INE297H01019,Gallantt Ispat Ltd.,109.0,0.67,0.09,Industrial Products,NiftySmallCap250,SBI AMC,2026-07
INE123F01029,MMTC LTD,550.0,0.34,0.04,Commercial Services & Supplies,NiftySmallCap250,SBI AMC,2026-07
IN0020160118,6.79% CGL 2029,450000.0,455.32,15.13,Sovereign,CRIIBX10-90GiltSDL29,SBI AMC,2026-07
IN3120250482,6.77% State Government of Tamil Nadu 2029,1000000.0,997.05,33.13,Sovereign,CRIIBX10-90GiltSDL29,SBI AMC,2026-07
IN3320190157,7.29% State Government of Uttar Pradesh 2029,500000.0,505.12,16.79,Sovereign,CRIIBX10-90GiltSDL29,SBI AMC,2026-07
IN1920190114,7.14% State Government of Karnataka 2029,500000.0,503.91,16.75,Sovereign,CRIIBX10-90GiltSDL29,SBI AMC,2026-07
IN1720250118,6.75% State Government of Himachal Pradesh 2029,500000.0,497.05,16.52,Sovereign,CRIIBX10-90GiltSDL29,SBI AMC,2026-07
IN3120250391,6.55% State Government of Tamil Nadu 2029,500000.0,495.26,16.46,Sovereign,CRIIBX10-90GiltSDL29,SBI AMC,2026-07
IN1520190142,7.24% State Government of Gujarat 2029,150000.0,151.56,5.04,Sovereign,CRIIBX10-90GiltSDL29,SBI AMC,2026-07
IN1520190159,7.26% State Government of Gujarat 2029,100000.0,101.12,3.36,Sovereign,CRIIBX10-90GiltSDL29,SBI AMC,2026-07
IN3120190217,7.17% State Government of Tamil Nadu 2029,100000.0,100.85,3.35,Sovereign,CRIIBX10-90GiltSDL29,SBI AMC,2026-07
IN0020210095,6.10% CGL 2031,1350000.0,1331.69,90.59,Sovereign,G-Sec Jul2031,SBI AMC,2026-07
IN0020240076,7.02% CGL 2031,70000.0,71.72,4.88,Sovereign,G-Sec Jul2031,SBI AMC,2026-07
IN1920230316,7.36% State Government of Karnataka 2034,2500000.0,2500.56,82.0,Sovereign,CRIIBXSDLIndexJune34,SBI AMC,2026-07
IN2220260045,7.55% State Government of Maharashtra 2034,347200.0,351.1,11.51,Sovereign,CRIIBXSDLIndexJune34,SBI AMC,2026-07
INE062A01020,State Bank of India,340000.0,3493.16,4.92,Banks,SBIRIOS,SBI AMC,2026-07
INE423A01024,Adani Enterprises Ltd.,110000.0,3310.45,4.66,Metals & Minerals Trading,SBIRIOS,SBI AMC,2026-07
INE473B01035,Hatsun Agro Product Ltd.,370241.0,3278.11,4.61,Food Products,SBIRIOS,SBI AMC,2026-07
INE918I01026,Bajaj Finserv Ltd.,150000.0,3043.65,4.28,Finance,SBIRIOS,SBI AMC,2026-07
INE121R01077,Amagi Media Labs Ltd.,440381.0,2865.56,4.03,IT - Services,SBIRIOS,SBI AMC,2026-07
INE237A01036,Kotak Mahindra Bank Ltd.,700000.0,2732.1,3.84,Banks,SBIRIOS,SBI AMC,2026-07
INE331A01037,The Ramco Cements Ltd.,290000.0,2662.93,3.75,Cement & Cement Products,SBIRIOS,SBI AMC,2026-07
INE073K01018,Sona Blw Precision Forgings Ltd.,330000.0,2539.02,3.57,Auto Components,SBIRIOS,SBI AMC,2026-07
INE921L01032,Powerica Ltd.,470000.0,2489.12,3.5,Electrical Equipment,SBIRIOS,SBI AMC,2026-07
INE271C01023,DLF Ltd.,350000.0,2307.55,3.25,Realty,SBIRIOS,SBI AMC,2026-07
INE126A01031,E.I.D-Parry (India) Ltd.,300000.0,2280.15,3.21,Food Products,SBIRIOS,SBI AMC,2026-07
INE0VDM01015,Meesho Ltd.,1250000.0,2277.38,3.2,Retailing,SBIRIOS,SBI AMC,2026-07
INE120A01034,Carborundum Universal Ltd.,210000.0,2233.98,3.14,Industrial Products,SBIRIOS,SBI AMC,2026-07
INE880J01026,JSW Infrastructure Ltd.,700000.0,2186.8,3.08,Transport Infrastructure,SBIRIOS,SBI AMC,2026-07
INE019A01038,JSW Steel Ltd.,170000.0,2159.0,3.04,Ferrous Metals,SBIRIOS,SBI AMC,2026-07
INE090A01021,ICICI Bank Ltd.,150000.0,2153.1,3.03,Banks,SBIRIOS,SBI AMC,2026-07
INE894V01022,Belrise Industries Ltd.,900000.0,2130.57,3.0,Auto Components,SBIRIOS,SBI AMC,2026-07
INE121A01024,Cholamandalam Investment & Finance Co. Ltd.,115000.0,2127.39,2.99,Finance,SBIRIOS,SBI AMC,2026-07
INE439A01020,Asahi India Glass Ltd.,236745.0,2075.19,2.92,Auto Components,SBIRIOS,SBI AMC,2026-07
INE321T01012,Doms Industries Ltd.,91000.0,2056.6,2.89,Household Products,SBIRIOS,SBI AMC,2026-07
INE498Q01014,Vintage Coffee And Beverages Ltd.,1300000.0,1943.24,2.73,Agricultural Food & other Products,SBIRIOS,SBI AMC,2026-07
INE227J01012,Kalpataru Ltd.,647301.0,1927.99,2.71,Realty,SBIRIOS,SBI AMC,2026-07
INE463A01038,Berger Paints India Ltd.,370000.0,1925.67,2.71,Consumer Durables,SBIRIOS,SBI AMC,2026-07
INE501A01019,Deepak Fertilizers and Petrochemicals Corporation Ltd.,123031.0,1910.43,2.69,Chemicals & Petrochemicals,SBIRIOS,SBI AMC,2026-07
INE414G01012,Muthoot Finance Ltd.,59000.0,1840.56,2.59,Finance,SBIRIOS,SBI AMC,2026-07
INE0ILV01024,Capillary Technologies India Ltd.,370000.0,1840.2,2.59,IT - Software,SBIRIOS,SBI AMC,2026-07
INE979B01015,Hawkins Cookers Ltd.,20000.0,1709.9,2.41,Consumer Durables,SBIRIOS,SBI AMC,2026-07
INE048G01026,Navin Fluorine International Ltd.,22169.0,1677.64,2.36,Chemicals & Petrochemicals,SBIRIOS,SBI AMC,2026-07
INE0JPD01013,Sanathan Textiles Ltd.,340000.0,1614.83,2.27,Textiles & Apparels,SBIRIOS,SBI AMC,2026-07
INE947N01017,Aequs Ltd.,700000.0,1604.12,2.26,Aerospace & Defense,SBIRIOS,SBI AMC,2026-07
